{"name":"IV","number":"126.03","parent":"126","fields":[{"number":".01","flags":"RDX","name":"IV START DATE/TIME","location":"0;1","index":"B","type":"1","inputTransform":"S %DT=\"ETXRS\",%DT(0)=\"-NOW\" D ^%DT S X=Y K:Y<1 X K %DT(0)","description":{"fmId":"-1","fmType":"5","type":"typed-literal","datatype":"http://www.w3.org/1999/02/22-rdf-syntax-ns#XMLLiteral","value":"This field contains the DATE and TIME this IV solution was added or hung."}},{"number":"1","flags":"RFX","name":"INFUSION SITE","location":"0;2","type":"4","inputTransform":"K:X[\"\"\"\"!($A(X)=45) X I $D(X) D EN2^GMRYUT5 K:$L(X)>50!($L(X)<3) X","description":{"fmId":"-1","fmType":"5","type":"typed-literal","datatype":"http://www.w3.org/1999/02/22-rdf-syntax-ns#XMLLiteral","value":"This field contains the IV's location such as LEFT HAND, RIGHT HAND and LEFT\rARM, etc.  The user is allowed to select from the IV SITE file (#126.7) by\rentering a number or a combination of numbers.  The software then transforms\rthe number(s) into text."}},{"number":"2","flags":"RF","name":"SOLUTION","location":"0;3","type":"4","inputTransform":"K:$L(X)>75!($L(X)<1) X","description":{"fmId":"-1","fmType":"5","type":"typed-literal","datatype":"http://www.w3.org/1999/02/22-rdf-syntax-ns#XMLLiteral","value":"This field contains the name of the IV solution or heparin/saline lock.  \rThe user can select the active IV orders for this patient from the PHARMACY\rPATIENT file (#55) or from the NUR IV SOLUTION file (#126.9).  If the user\rselects a heparin/saline lock, the software inserts the data into the IV\rrecord."}},{"number":"3","flags":"RS","name":"TYPE OF IV","location":"0;4","type":"3","details":"A:ADMIXTURE;P:PIGGYBACK;H:HYPERAL;B:BLOOD/BLOOD PRODUCTS;I:INTRALIPIDS;L:HEPARIN/SALINE LOCK;","description":{"fmId":"-1","fmType":"5","type":"typed-literal","datatype":"http://www.w3.org/1999/02/22-rdf-syntax-ns#XMLLiteral","value":"This field describes the type of IV: 'H' for hyperal, 'P' for piggyback, \r'A' for admixture, 'B' for blood/blood product, 'I' for intralipid, and\r'L' for heparin/saline lock."}},{"number":"4","flags":"RF","name":"VOLUME","location":"0;5","type":"4","inputTransform":"K:$L(X)>4!($L(X)<1) X","description":{"fmId":"-1","fmType":"5","type":"typed-literal","datatype":"http://www.w3.org/1999/02/22-rdf-syntax-ns#XMLLiteral","value":"This field identifies the total amount of solution in milliliters (ml) \rin the IV container."}},{"number":"5","flags":"F","name":"IV CATHETER TYPE/SIZE","location":"0;6","type":"4","inputTransform":"K:$L(X)>30!($L(X)<1) X","description":{"fmId":"-1","fmType":"5","type":"typed-literal","datatype":"http://www.w3.org/1999/02/22-rdf-syntax-ns#XMLLiteral","value":"This field stores the name and size of the IV catheter(s)."}},{"number":"6","flags":"RP200'","name":"IV STARTED BY","location":"0;7","type":"7","details":"200","description":{"fmId":"-1","fmType":"5","type":"typed-literal","datatype":"http://www.w3.org/1999/02/22-rdf-syntax-ns#XMLLiteral","value":"This field holds the name of the user who entered the data.  Pointer to the\rNEW PERSON file (#200)."}},{"number":"7","flags":"R*P44'","name":"HOSPITAL LOCATION","location":"0;8","type":"7","details":"44","inputTransform":"S DIC(\"S\")=\"I $P(^(0),U,3)'=\"\"Z\"\"\" D ^DIC K DIC S DIC=DIE,X=+Y K:Y<0 X","description":{"fmId":"-1","fmType":"5","type":"typed-literal","datatype":"http://www.w3.org/1999/02/22-rdf-syntax-ns#XMLLiteral","value":"This field identifies the hospital location of the patient.  Pointer to the\rHospital Location file (#44)."}},{"number":"8","flags":"DX","name":"DATE/TIME DC'ED","location":"0;9","type":"1","inputTransform":"S %DT=\"ESTXR\",%DT(0)=\"-NOW\" D ^%DT S X=Y K:Y<1!(+$P(^GMR(126,DA(1),\"IV\",DA,0),U)>Y) X S:Y>0 $P(^GMR(126,DA(1),\"IV\",DA,0),U,10)=DUZ K %DT(0)","description":{"fmId":"-1","fmType":"5","type":"typed-literal","datatype":"http://www.w3.org/1999/02/22-rdf-syntax-ns#XMLLiteral","value":"This field holds the DATE/TIME when the IV was discontinued."}},{"number":"9","flags":"P200'","name":"DC'ED BY","location":"0;10","type":"7","details":"200","description":{"fmId":"-1","fmType":"5","type":"typed-literal","datatype":"http://www.w3.org/1999/02/22-rdf-syntax-ns#XMLLiteral","value":"This field stores the name of the person who removes the IV from the\rpatient.  Pointer to NEW PERSON file (#200)."}},{"number":"10","flags":"F","name":"REASON FOR DC","location":"0;11","type":"4","inputTransform":"K:$L(X)>30!($L(X)<1) X","description":{"fmId":"-1","fmType":"5","type":"typed-literal","datatype":"http://www.w3.org/1999/02/22-rdf-syntax-ns#XMLLiteral","value":"This field identifies the reason for discontinuing the IV infusion.\rText from IV DC'ED REASON file (#126.76)."}},{"number":"11","flags":"NJ3,0","name":"INFUSION RATE","location":"0;12","type":"2","inputTransform":"K:+X'=X!(X>999)!(X<0)!(X?.E1\".\"1N.N) X","description":{"fmId":"-1","fmType":"5","type":"typed-literal","datatype":"http://www.w3.org/1999/02/22-rdf-syntax-ns#XMLLiteral","value":"This field contains the rate at which the infusion is to take place.\rExample: 125 = 125 ml/hr."}},{"number":"12","flags":"D","name":"RESTART DATE/TIME","location":"1;1","type":"1","inputTransform":"S %DT=\"ESTX\" D ^%DT S X=Y K:Y<1 X","description":{"fmId":"-1","fmType":"5","type":"typed-literal","datatype":"http://www.w3.org/1999/02/22-rdf-syntax-ns#XMLLiteral","value":"This field stores the date/time when a discontinued IV is restarted."}},{"number":"13","flags":"126.313DA","name":"IV INTAKE","location":"IN;0","type":"9","details":"126.313","description":{"fmId":"-1","fmType":"5","type":"typed-literal","datatype":"http://www.w3.org/1999/02/22-rdf-syntax-ns#XMLLiteral","value":"This multiple contains the parenteral IV fluid intake records for this\rpatient.  NO FUTURE DATE/TIME ALLOWED !!!"}},{"number":"14","flags":"NJ6,0","name":"RESTARTED IV","location":"1;2","type":"2","inputTransform":"K:+X'=X!(X>999999)!(X<1)!(X?.E1\".\"1N.N) X","description":{"fmId":"-1","fmType":"5","type":"typed-literal","datatype":"http://www.w3.org/1999/02/22-rdf-syntax-ns#XMLLiteral","value":"This field stores the new IEN for this IV fluid if it is discontinued\rbefore infused."}},{"number":"15","flags":"CJ8,0","name":"IV LINE #","type":"6","computation":"S X=D1","description":{"fmId":"-1","fmType":"5","type":"typed-literal","datatype":"http://www.w3.org/1999/02/22-rdf-syntax-ns#XMLLiteral","value":"This computed field sets the IV LINE # to the D1 value."}},{"number":"16","flags":"126.316DA","name":"D/T TITER ADJUSTED","location":"TITR;0","type":"9","details":"126.316","description":{"fmId":"-1","fmType":"5","type":"typed-literal","datatype":"http://www.w3.org/1999/02/22-rdf-syntax-ns#XMLLiteral","value":"This field documents the date/time when the rate of intravenous infusion\ris adjusted."}},{"number":"17","flags":"F","name":"PORT","location":"3;1","type":"4","inputTransform":"K:$L(X)>30!($L(X)<3) X","description":{"fmId":"-1","fmType":"5","type":"typed-literal","datatype":"http://www.w3.org/1999/02/22-rdf-syntax-ns#XMLLiteral","value":"This field contains the name of the lumen associated with the IV catheter\rfor this IV line."}}],"fmql":{"OP":"DESCRIBE TYPE","TYPE":"126_03","TYPELABEL":"IV"}}