{"name":"EQUIPMENT","number":"114.05","parent":"114","fields":[{"number":".01","flags":"MP114.4","name":"EQUIPMENT","location":"0;1","index":"B","type":"7","details":"114.4","description":{"fmId":"-1","fmType":"5","type":"typed-literal","datatype":"http://www.w3.org/1999/02/22-rdf-syntax-ns#XMLLiteral","value":"This field contains a pointer to the Equipment file (114.4) and\rindicates an item of equipment used in the production of this\rrecipe."}}],"fmql":{"OP":"DESCRIBE TYPE","TYPE":"114_05","TYPELABEL":"EQUIPMENT"}}