{"name":"ORDER CHECK INSTANCES","number":"100.05","location":"^ORD(100.05,","description":{"fmId":"-1","fmType":"5","type":"typed-literal","datatype":"http://www.w3.org/1999/02/22-rdf-syntax-ns#XMLLiteral","value":"The purpose of this file is to create a repository for instances of order \rchecks that are presented to the users of VISTA across all applications.  "},"version":"3.0","vpackage":"OR","fields":[{"number":".01","flags":"RP100'","name":"ORDER","location":"0;1","index":"B","type":"7","details":"100","description":{"fmId":"-1","fmType":"5","type":"typed-literal","datatype":"http://www.w3.org/1999/02/22-rdf-syntax-ns#XMLLiteral","value":"This gives the order that the Order Check is related to."}},{"number":"1","flags":"P100.01'","name":"STATUS","location":"0;2","type":"7","details":"100.01","description":{"fmId":"-1","fmType":"5","type":"typed-literal","datatype":"http://www.w3.org/1999/02/22-rdf-syntax-ns#XMLLiteral","value":"This is the status of the order when the Order Check occurred."}},{"number":"2","flags":"F","name":"OCCURRENCE","location":"0;3","type":"4","inputTransform":"K:$L(X)>15!($L(X)<1) X","description":{"fmId":"-1","fmType":"5","type":"typed-literal","datatype":"http://www.w3.org/1999/02/22-rdf-syntax-ns#XMLLiteral","value":"This is a description field that the application where the order check \roccurred can use to describe where/when the order check took place.  For \rinstance, CPRS will use ACCEPTANCE_CPRS when the order check happened at \rorder acceptance inside of the CPRS application. CPRS will use \rSIGNATURE_CPRS when the order check happened at order signature inside of \rthe CPRS application."}},{"number":"3","flags":"P200'","name":"USER","location":"0;4","type":"7","details":"200","description":{"fmId":"-1","fmType":"5","type":"typed-literal","datatype":"http://www.w3.org/1999/02/22-rdf-syntax-ns#XMLLiteral","value":"This is the user that saw the order checks."}},{"number":"4","flags":"D","name":"OCCURRENCE D/T","location":"0;5","type":"1","inputTransform":"S %DT=\"E\" D ^%DT S X=Y K:X<1 X","description":{"fmId":"-1","fmType":"5","type":"typed-literal","datatype":"http://www.w3.org/1999/02/22-rdf-syntax-ns#XMLLiteral","value":"This is the date/time that the order checks happened."}},{"number":"5","flags":"P100.8'","name":"ORDER CHECK","location":"1;1","type":"7","details":"100.8","description":{"fmId":"-1","fmType":"5","type":"typed-literal","datatype":"http://www.w3.org/1999/02/22-rdf-syntax-ns#XMLLiteral","value":"This field represents what type of order check took place"}},{"number":"6","flags":"S","name":"CLINICAL DANGER LEVEL","location":"1;2","type":"3","details":"1:HIGH;2:MODERATE;3:LOW;","description":{"fmId":"-1","fmType":"5","type":"typed-literal","datatype":"http://www.w3.org/1999/02/22-rdf-syntax-ns#XMLLiteral","value":"This is the clinical danger of the Order Check type (file 100.8) at the \rtime this order check was seen."}},{"number":"7","flags":"100.57","name":"OVERRIDE REASON","location":"3;0","type":"5","description":{"fmId":"-1","fmType":"5","type":"typed-literal","datatype":"http://www.w3.org/1999/02/22-rdf-syntax-ns#XMLLiteral","value":"This field represents the reason that the provider is overriding the \rorder check and continuing with placing the order."}},{"number":"8","flags":"100.58","name":"ORDER CHECK MESSAGE","location":"2;0","type":"5","description":{"fmId":"-1","fmType":"5","type":"typed-literal","datatype":"http://www.w3.org/1999/02/22-rdf-syntax-ns#XMLLiteral","value":"This field stores the text of the order check that was presented to the \ruser."}},{"number":"9","flags":"F","name":"SEVERITY LEVEL","location":"10;1","type":"4","inputTransform":"K:$L(X)>30!($L(X)<1) X"},{"number":"10","flags":"P9009032.4'","name":"INTERVENTION IEN","location":"10;2","type":"7","details":"9009032.4"},{"number":"11","flags":"F","name":"DOSAGE ORDERED","location":"10;3","type":"4","inputTransform":"K:$L(X)>80!($L(X)<1) X"},{"number":"12","flags":"S","name":"ORDER CHECK DATABASE","location":"10;4","type":"3","details":"V:VISTA;F:FDB;"},{"number":"13","flags":"F","name":"PHARMACIST OVERRIDE COMMENTS","location":"11;1","type":"4","inputTransform":"K:$L(X)>80!($L(X)<1) X","description":{"fmId":"-1","fmType":"5","type":"typed-literal","datatype":"http://www.w3.org/1999/02/22-rdf-syntax-ns#XMLLiteral","value":"This field represents the reason that the Pharmacist is overriding the \rOrder Check and continuing with placing the order."}},{"number":"14","flags":"P200'","name":"PHARMACIST","location":"11;2","type":"7","details":"200","description":{"fmId":"-1","fmType":"5","type":"typed-literal","datatype":"http://www.w3.org/1999/02/22-rdf-syntax-ns#XMLLiteral","value":"This is the Pharmacist who entered the Pharmacist Override Comments"}},{"number":"14.1","flags":"D","name":"PHARMACIST COMMENTS D/T","location":"15;1","type":"1","inputTransform":"S %DT=\"EST\" D ^%DT S X=Y K:Y<1 X","description":{"fmId":"-1","fmType":"5","type":"typed-literal","datatype":"http://www.w3.org/1999/02/22-rdf-syntax-ns#XMLLiteral","value":"This field represents the Date and Time that the Pharmacist Override \rComments were entered."}},{"number":"15","flags":"100.515","name":"MONOGRAPH","location":"16;0","type":"5","description":{"fmId":"-1","fmType":"5","type":"typed-literal","datatype":"http://www.w3.org/1999/02/22-rdf-syntax-ns#XMLLiteral","value":"This field stores the monograph for Drug-Drug Interactions."}},{"number":"16","flags":"F","name":"MONOGRAPH TERM","location":"17;1","type":"4","inputTransform":"K:$L(X)>50!($L(X)<1) X","description":{"fmId":"-1","fmType":"5","type":"typed-literal","datatype":"http://www.w3.org/1999/02/22-rdf-syntax-ns#XMLLiteral","value":"This is the term that will be displayed to the user when selecting from a \rlist of monographs to view."}},{"number":"17","flags":"S","name":"DISPENSE FREQUENCY","location":"13;2","type":"3","details":"W:WEEKLY;B:BI-WEEKLY;M:MONTHLY;"},{"number":"18","flags":"100.518D","name":"LAB RESULTS","location":"14;0","type":"9","details":"100.518"}],"fmql":{"OP":"DESCRIBE TYPE","TYPE":"100_05","TYPELABEL":"ORDER CHECK INSTANCES"}}