{"name":"RELEVANT TEST/LAB DATA","number":"120.8504","parent":"120.85","fields":[{"number":".01","flags":"MFX","name":"TEST","location":"0;1","index":"B","type":"4","inputTransform":"X ^DD(120.8504,.01,9.2) K:X?1P.E!(X'?.ANP)!($L(X)>30)!($L(X)<3) X","description":{"fmId":"-1","fmType":"5","type":"typed-literal","datatype":"http://www.w3.org/1999/02/22-rdf-syntax-ns#XMLLiteral","value":"This field contains a particular test/lab data for this observed reaction."}},{"number":"1","flags":"F","name":"RESULTS","location":"0;2","type":"4","inputTransform":"K:$L(X)>30!($L(X)<3) X","description":{"fmId":"-1","fmType":"5","type":"typed-literal","datatype":"http://www.w3.org/1999/02/22-rdf-syntax-ns#XMLLiteral","value":"This field will contain the results for the particular test."}},{"number":"2","flags":"D","name":"COLLECTION D/T","location":"0;3","type":"1","inputTransform":"S %DT=\"EST\" D ^%DT S X=Y K:Y<1 X","description":{"fmId":"-1","fmType":"5","type":"typed-literal","datatype":"http://www.w3.org/1999/02/22-rdf-syntax-ns#XMLLiteral","value":"This field is the date the sample was collected from the patient."}}],"fmql":{"OP":"DESCRIBE TYPE","TYPE":"120_8504","TYPELABEL":"RELEVANT TEST/LAB DATA"}}