{"name":"GMRV VITAL TYPE","number":"120.51","location":"^GMRD(120.51,","count":"19","lastIEN":"22","description":{"fmId":"-1","fmType":"5","type":"typed-literal","datatype":"http://www.w3.org/1999/02/22-rdf-syntax-ns#XMLLiteral","value":"Per VHA Directive {pending directive #}, this file has been \"locked down\" \rby Data Standardization (DS). The file definition (i.e. data dictionary) \rshall not be modified. All additions, changes and deletions to entries in\rthe file shall be done by Enterprise Reference Terminology (ERT) using the\rMaster File Server (MFS), provided by Common Services (CS). Creating\rand/or editing locally defined fields in the file are not permitted. Use\rof locally defined fields that were created prior to VHA Directive\r{pending directive #} shall not be supported.\r \rThis file contains a list of vital sign types, and various parameters\rwhich mold the data entry."},"applicationGroups":"GMTS;PXRM","version":"5.0","vpackage":"GMRV","fields":[{"number":".01","flags":"RF","name":"NAME","location":"0;1","index":"B","type":"4","inputTransform":"K:$L(X)>50!($L(X)<2)!'(X'?1P.E) X","description":{"fmId":"-1","fmType":"5","type":"typed-literal","datatype":"http://www.w3.org/1999/02/22-rdf-syntax-ns#XMLLiteral","value":"This field reflects a list of vital signs/physical measurement types."}},{"number":"1","flags":"RF","name":"ABBREVIATION","location":"0;2","index":"C","type":"4","inputTransform":"K:X[\"\"\"\"!($A(X)=45) X I $D(X) K:$L(X)>5!($L(X)<1)!'(X'?1P.E&(X'[\";\")) X","description":{"fmId":"-1","fmType":"5","type":"typed-literal","datatype":"http://www.w3.org/1999/02/22-rdf-syntax-ns#XMLLiteral","value":"This field contains an abbreviation for this vital type."}},{"number":"3","flags":"S","name":"RATE","location":"0;4","type":"3","details":"0:NO;1:YES;","description":{"fmId":"-1","fmType":"5","type":"typed-literal","datatype":"http://www.w3.org/1999/02/22-rdf-syntax-ns#XMLLiteral","value":"This field specifies whether or not the vital measurement record with\rthis vital type has a rate associated with it."}},{"number":"4","flags":"K","name":"RATE INPUT TRANSFORM","location":"1;E1,245","type":"10","inputTransform":"K:$L(X)>245 X D:$D(X) ^DIM","description":{"fmId":"-1","fmType":"5","type":"typed-literal","datatype":"http://www.w3.org/1999/02/22-rdf-syntax-ns#XMLLiteral","value":"If a rate is specified for a vital measurement record, this field checks\rthe data validity.  The code stored in this field should only be updated\rby someone with programmer's access to the FileMan."}},{"number":"5","flags":"F","name":"RATE HELP","location":"0;6","type":"4","inputTransform":"K:$L(X)>30!($L(X)<3)!'(X'?1P.E&(X?.ANP)) X","description":{"fmId":"-1","fmType":"5","type":"typed-literal","datatype":"http://www.w3.org/1999/02/22-rdf-syntax-ns#XMLLiteral","value":"This field contains the name of the Help Frame associated with this\rVital Type."}},{"number":"7","flags":"F","name":"PCE ABBREVIATION","location":"0;7","index":"APCE","type":"4","inputTransform":"K:$L(X)>10!($L(X)<1) X","description":{"fmId":"-1","fmType":"5","type":"typed-literal","datatype":"http://www.w3.org/1999/02/22-rdf-syntax-ns#XMLLiteral","value":"This field contains the PCE Abbreviation for this Vital Type."}},{"number":"99.98","flags":"RSI","name":"MASTER ENTRY FOR VUID","location":"VUID;2","type":"3","details":"0:NO;1:YES;","description":{"fmId":"-1","fmType":"5","type":"typed-literal","datatype":"http://www.w3.org/1999/02/22-rdf-syntax-ns#XMLLiteral","value":"This field identifies the Master entry for a VUID associated with a \rTerm/Concept."}},{"number":"99.99","flags":"RFXI","name":"VUID","location":"VUID;1","index":"AVUID","type":"4","inputTransform":"S X=+X K:$L(X)>20!($L(X)<1)!'(X?1.20N) X","description":{"fmId":"-1","fmType":"5","type":"typed-literal","datatype":"http://www.w3.org/1999/02/22-rdf-syntax-ns#XMLLiteral","value":"VHA Unique ID (VUID). A unique meaningless integer assigned to reference\rterms VHA wide."}},{"number":"99.991","flags":"120.5199DA","name":"EFFECTIVE DATE/TIME","location":"TERMSTATUS;0","type":"9","details":"120.5199","description":{"fmId":"-1","fmType":"5","type":"typed-literal","datatype":"http://www.w3.org/1999/02/22-rdf-syntax-ns#XMLLiteral","value":"Describes the pair Status and Effective Date/Time for each reference term."}}],"fmql":{"OP":"DESCRIBE TYPE","TYPE":"120_51","TYPELABEL":"GMRV VITAL TYPE"}}