{"name":"PATIENT TASK","number":"102.3","location":"^ORRT(102.3,","description":{"fmId":"-1","fmType":"5","type":"typed-literal","datatype":"http://www.w3.org/1999/02/22-rdf-syntax-ns#XMLLiteral","value":"This file contains patient tasks for the Care Management dashboards;\rall supporting attributes are stored here, as well as tracking of each\rone's cancellation or fulfillment."},"version":"1.0","vpackage":"ORRC","fields":[{"number":".01","flags":"RD","name":"CREATED","location":"0;1","index":"B","type":"1","inputTransform":"S %DT=\"ESTXR\" D ^%DT S X=Y K:Y<1 X","description":{"fmId":"-1","fmType":"5","type":"typed-literal","datatype":"http://www.w3.org/1999/02/22-rdf-syntax-ns#XMLLiteral","value":"This is the date and time the task was created."}},{"number":"1","flags":"RF","name":"SUBJECT","location":"1;1","type":"4","inputTransform":"K:$L(X)>100!($L(X)<1) X","description":{"fmId":"-1","fmType":"5","type":"typed-literal","datatype":"http://www.w3.org/1999/02/22-rdf-syntax-ns#XMLLiteral","value":"This is a description of the task."}},{"number":"2","flags":"P200'","name":"USER","location":"0;2","type":"7","details":"200","description":{"fmId":"-1","fmType":"5","type":"typed-literal","datatype":"http://www.w3.org/1999/02/22-rdf-syntax-ns#XMLLiteral","value":"This is the user who created the task for this patient."}},{"number":"3","flags":"RP2'","name":"PATIENT","location":"0;3","index":"C","type":"7","details":"2","description":{"fmId":"-1","fmType":"5","type":"typed-literal","datatype":"http://www.w3.org/1999/02/22-rdf-syntax-ns#XMLLiteral","value":"This is the patient that this task applies to."}},{"number":"4","flags":"S","name":"PRIORITY","location":"0;4","type":"3","details":"L:LOW;M:MEDIUM;H:HIGH;","description":{"fmId":"-1","fmType":"5","type":"typed-literal","datatype":"http://www.w3.org/1999/02/22-rdf-syntax-ns#XMLLiteral","value":"This is the priority for accomplishing this task."}},{"number":"5","flags":"D","name":"DUE DATE","location":"0;5","type":"1","inputTransform":"S %DT=\"ETX\" D ^%DT S X=Y K:Y<1 X","description":{"fmId":"-1","fmType":"5","type":"typed-literal","datatype":"http://www.w3.org/1999/02/22-rdf-syntax-ns#XMLLiteral","value":"This is the date [and time] by which this task should be completed."}},{"number":"6","flags":"D","name":"COMPLETED","location":"0;6","type":"1","inputTransform":"S %DT=\"ETXR\" D ^%DT S X=Y K:Y<1 X","description":{"fmId":"-1","fmType":"5","type":"typed-literal","datatype":"http://www.w3.org/1999/02/22-rdf-syntax-ns#XMLLiteral","value":"This field indicates when this task was completed."}},{"number":"7","flags":"P200'","name":"COMPLETED BY","location":"0;7","type":"7","details":"200","description":{"fmId":"-1","fmType":"5","type":"typed-literal","datatype":"http://www.w3.org/1999/02/22-rdf-syntax-ns#XMLLiteral","value":"This is the user who marked this task as complete."}},{"number":"8","flags":"D","name":"CANCELED","location":"0;8","type":"1","inputTransform":"S %DT=\"ETXR\" D ^%DT S X=Y K:Y<1 X","description":{"fmId":"-1","fmType":"5","type":"typed-literal","datatype":"http://www.w3.org/1999/02/22-rdf-syntax-ns#XMLLiteral","value":"This field indicates when this task was canceled."}},{"number":"9","flags":"P200'","name":"CANCELED BY","location":"0;9","type":"7","details":"200","description":{"fmId":"-1","fmType":"5","type":"typed-literal","datatype":"http://www.w3.org/1999/02/22-rdf-syntax-ns#XMLLiteral","value":"This is the user who marked this task as canceled."}},{"number":"10","flags":"102.31A","name":"LINKED ITEMS","location":"2;0","type":"9","details":"102.31","description":{"fmId":"-1","fmType":"5","type":"typed-literal","datatype":"http://www.w3.org/1999/02/22-rdf-syntax-ns#XMLLiteral","value":"This multiple contains identifiers for items that have been linked to\rthis task."}}],"fmql":{"OP":"DESCRIBE TYPE","TYPE":"102_3","TYPELABEL":"PATIENT TASK"}}