{"name":"RELEASED ORDERS","number":"100.26","parent":"100.2","fields":[{"number":".01","flags":"MP100'X","name":"RELEASED ORDER","location":"0;1","type":"7","details":"100","inputTransform":"S:$D(X) DINUM=X","description":{"fmId":"-1","fmType":"5","type":"typed-literal","datatype":"http://www.w3.org/1999/02/22-rdf-syntax-ns#XMLLiteral","value":"This field is a pointer to the Orders file #100 of an order that was \rreleased as a result of the event occurring."}},{"number":"2","flags":"S","name":"BY ACTION","location":"0;2","type":"3","details":"MN:MANUAL RELEASE;ES:SIGNATURE;","description":{"fmId":"-1","fmType":"5","type":"typed-literal","datatype":"http://www.w3.org/1999/02/22-rdf-syntax-ns#XMLLiteral","value":"This is the CPRS action that released this order to the service, instead\rof the specified OE/RR RELEASE EVENT.  These orders are tracked here so\rthat they can all be displayed in the \"Auto-DC/Release Events\" view,\rincluding the complete movement data in the Detailed Display."}}],"fmql":{"OP":"DESCRIBE TYPE","TYPE":"100_26","TYPELABEL":"RELEASED ORDERS"}}