{"name":"RESTRAINTS AND POSITIONAL AIDS","number":"132.05","location":"^SRO(132.05,","count":"18","lastIEN":"18","description":{"fmId":"-1","fmType":"5","type":"typed-literal","datatype":"http://www.w3.org/1999/02/22-rdf-syntax-ns#XMLLiteral","value":"This file contains all restraints and positioning aids to be used in\rthe operating room.  The file is pointed to by the field RESTR &\rPOSITION AIDS in the Surgery file.  The file is pre-supplied with entries,\rhowever each site may want to make additions to it."},"version":"3","fields":[{"number":".01","flags":"R","name":"NAME","location":"0;1","index":"B","type":"4","inputTransform":"K:$L(X)>30!(X?.N)!($L(X)<3)!'(X'?1P.E)!(X'?.ANP) X","description":{"fmId":"-1","fmType":"5","type":"typed-literal","datatype":"http://www.w3.org/1999/02/22-rdf-syntax-ns#XMLLiteral","value":"This is the name of the restraint or positioning aid.\r "}},{"number":"10","flags":"S","name":"INACTIVE?","location":"0;2","type":"3","details":"1:YES;","description":{"fmId":"-1","fmType":"5","type":"typed-literal","datatype":"http://www.w3.org/1999/02/22-rdf-syntax-ns#XMLLiteral","value":"Enter 'YES\" to inactivate this file entry and to prevent it selection by\rSurgery users."}}],"fmql":{"OP":"DESCRIBE TYPE","TYPE":"132_05","TYPELABEL":"RESTRAINTS AND POSITIONAL AIDS"}}