{"name":"SURGERY POSITION","number":"130.065","parent":"130","fields":[{"number":".01","flags":"*P132'","name":"SURGERY POSITION","location":"0;1","type":"7","details":"132","inputTransform":"S DIC(\"S\")=\"I '$P(^(0),U,4)\" D ^DIC K DIC S DIC=DIE,X=+Y K:Y<0 X","description":{"fmId":"-1","fmType":"5","type":"typed-literal","datatype":"http://www.w3.org/1999/02/22-rdf-syntax-ns#XMLLiteral","value":"This is the position in which the patient is placed for this operative\rprocedure.  More than one position may be entered for each case.\r "}},{"number":"1","flags":"DX","name":"TIME PLACED","location":"0;2","type":"1","inputTransform":"S Z=$E($P(^SRF(DA(1),0),\"^\",9),1,7) D TIME^SROVAR K:Y<1!(X'[\".\") X","description":{"fmId":"-1","fmType":"5","type":"typed-literal","datatype":"http://www.w3.org/1999/02/22-rdf-syntax-ns#XMLLiteral","value":"This is the date/time that the patient was placed in this position.\rTimes without a date can be entered.\r "}}],"fmql":{"OP":"DESCRIBE TYPE","TYPE":"130_065","TYPELABEL":"SURGERY POSITION"}}