{"name":"SURGERY PROCEDURE/DIAGNOSIS CODES","number":"136","location":"^SRO(136,","description":{"fmId":"-1","fmType":"5","type":"typed-literal","datatype":"http://www.w3.org/1999/02/22-rdf-syntax-ns#XMLLiteral","value":"This file contains the final procedure (CPT) codes and diagnosis (ICD9)\rcodes for each completed case in the SURGERY file (#130)."},"version":"3.0","vpackage":"SR","fields":[{"number":".01","flags":"RP130'X","name":"SURGERY CASE","location":"0;1","index":"B","type":"7","details":"130","inputTransform":"S DINUM=X","description":{"fmId":"-1","fmType":"5","type":"typed-literal","datatype":"http://www.w3.org/1999/02/22-rdf-syntax-ns#XMLLiteral","value":"This is the case in the SURGERY file associated with this file entry."}},{"number":".02","flags":"*P81'OX","name":"PRINCIPAL PROCEDURE CODE","location":"0;2","type":"7","details":"81","inputTransform":"D IN^SROCPT S DIC(\"S\")=\"I $$ACTIV^SROCPT($S($D(SRTN):SRTN,$D(DA):DA,1:\"\"\"\"),+Y)\" D ^DIC K DIC S DIC=DIE,X=+Y K:Y<0 X D:$D(X) PHYPH^SROMOD0","description":{"fmId":"-1","fmType":"5","type":"typed-literal","datatype":"http://www.w3.org/1999/02/22-rdf-syntax-ns#XMLLiteral","value":"This is the Current Procedural Terminology (CPT) code corresponding\rwith the principal procedure. "}},{"number":".03","flags":"*P80'X","name":"PRIN POSTOP DIAGNOSIS CODE","location":"0;3","type":"7","details":"80","inputTransform":"S DIC(\"S\")=\"I $$ACTIV^SROICD($S($D(SRTN):SRTN,$D(DA):DA,1:\"\"\"\"),+Y)\" D ^DIC K DIC S DIC=DIE,X=+Y K:Y<0 X","description":{"fmId":"-1","fmType":"5","type":"typed-literal","datatype":"http://www.w3.org/1999/02/22-rdf-syntax-ns#XMLLiteral","value":"This is the principal postoperative ICD9 diagnosis code."}},{"number":".04","flags":"S","name":"SERVICE CONNECTED (PRIN)","location":"0;4","type":"3","details":"1:YES;0:NO;","description":{"fmId":"-1","fmType":"5","type":"typed-literal","datatype":"http://www.w3.org/1999/02/22-rdf-syntax-ns#XMLLiteral","value":"This field indicates if the principal diagnosis is a service connected \rproblem. This information may be passed to the VISIT file (#9000010) \rfor use by PCE."}},{"number":".05","flags":"S","name":"AGENT ORANGE EXPOSURE (PRIN)","location":"0;5","type":"3","details":"1:YES;0:NO;","description":{"fmId":"-1","fmType":"5","type":"typed-literal","datatype":"http://www.w3.org/1999/02/22-rdf-syntax-ns#XMLLiteral","value":"This field indicates if the principal diagnosis is an agent orange \rexposure problem. This information may be passed to the VISIT file\r(#9000010) for use by PCE."}},{"number":".06","flags":"S","name":"IONIZING RAD EXPOSURE (PRIN)","location":"0;6","type":"3","details":"1:YES;0:NO;","description":{"fmId":"-1","fmType":"5","type":"typed-literal","datatype":"http://www.w3.org/1999/02/22-rdf-syntax-ns#XMLLiteral","value":"This field indicates if the principal diagnosis is an ionizing \rradiation exposure problem. This information may be passed to the VISIT\rfile (#9000010) for use by PCE."}},{"number":".07","flags":"S","name":"SOUTHWEST ASIA CONDITIONS (PR)","location":"0;7","type":"3","details":"1:YES;0:NO;","description":{"fmId":"-1","fmType":"5","type":"typed-literal","datatype":"http://www.w3.org/1999/02/22-rdf-syntax-ns#XMLLiteral","value":"This field indicates if the principal diagnosis is related to service in \rSW Asia. This information may be passed to the VISIT file (#9000010) for \ruse by PCE."}},{"number":".08","flags":"S","name":"MILITARY SEXUAL TRAUMA (PRIN)","location":"0;8","type":"3","details":"1:YES;0:NO;","description":{"fmId":"-1","fmType":"5","type":"typed-literal","datatype":"http://www.w3.org/1999/02/22-rdf-syntax-ns#XMLLiteral","value":"This field indicates if the principal diagnosis is a military sexual \rtrauma problem. This information may be passed to the VISIT file\r(#9000010) for use by PCE."}},{"number":".09","flags":"S","name":"HEAD AND/OR NECK CANCER (PRIN)","location":"0;9","type":"3","details":"1:YES;0:NO;","description":{"fmId":"-1","fmType":"5","type":"typed-literal","datatype":"http://www.w3.org/1999/02/22-rdf-syntax-ns#XMLLiteral","value":"This field indicates if the principal diagnosis is a head and/or neck \rcancer problem. This information may be passed to the VISIT file\r(#9000010) for use by PCE."}},{"number":".1","flags":"S","name":"COMBAT VET (PRIN)","location":"0;10","type":"3","details":"1:YES;0:NO;","description":{"fmId":"-1","fmType":"5","type":"typed-literal","datatype":"http://www.w3.org/1999/02/22-rdf-syntax-ns#XMLLiteral","value":"This field indicates if the principal diagnosis is a combat related\rproblem. This information may be passed to the VISIT file (#9000010)\rfor use by PCE."}},{"number":".11","flags":"S","name":"PROJ 112/SHAD (PRIN)","location":"0;11","type":"3","details":"1:YES;0:NO;","description":{"fmId":"-1","fmType":"5","type":"typed-literal","datatype":"http://www.w3.org/1999/02/22-rdf-syntax-ns#XMLLiteral","value":"This field indicates if the principal diagnosis is a PROJ 112/SHAD \rrelated problem. This information may be passed to the VISIT file \r(#9000010) for use by PCE."}},{"number":"1","flags":"136.01P","name":"PRIN PROCEDURE CPT MODIFIERS","location":"1;0","type":"9","details":"136.01"},{"number":"2","flags":"136.02P","name":"PRIN ASSOCIATED DIAGNOSES","location":"2;0","type":"9","details":"136.02"},{"number":"3","flags":"136.03PA","name":"OTHER PROCEDURE CODES","location":"3;0","type":"9","details":"136.03"},{"number":"4","flags":"136.04P","name":"OTHER POSTOP DIAGNOSIS CODES","location":"4;0","type":"9","details":"136.04"},{"number":"10","flags":"S","name":"CODING COMPLETE","location":"10;1","type":"3","details":"1:YES;0:NO;","description":{"fmId":"-1","fmType":"5","type":"typed-literal","datatype":"http://www.w3.org/1999/02/22-rdf-syntax-ns#XMLLiteral","value":"This field indicates if the coding record is complete for this case and \ris ready to send to PCE."}},{"number":"11","flags":"136.011PA","name":"CODING COMPLETED BY","location":"11;0","type":"9","details":"136.011"}],"fmql":{"OP":"DESCRIBE TYPE","TYPE":"136","TYPELABEL":"SURGERY PROCEDURE/DIAGNOSIS CODES"}}