{"name":"MAS MOVEMENT TYPES","number":"100.63","parent":"100.6","fields":[{"number":".01","flags":"M*P405.2'","name":"MAS MOVEMENT TYPE","location":"0;1","index":"B","type":"7","details":"405.2","inputTransform":"D SCR^OREV1 D ^DIC K DIC S DIC=DIE,X=+Y K:Y<0 X","description":{"fmId":"-1","fmType":"5","type":"typed-literal","datatype":"http://www.w3.org/1999/02/22-rdf-syntax-ns#XMLLiteral","value":"Movement Type(s) more completely define the trigger event for this rule,\rto allow for different rules on various types of MAS events.  For\rexample, to define a rule for cancelling orders when a patient dies\renter the movement types DEATH and DEATH WITH AUTOPSY; a movement type\rmay only be used in one active rule, so omit these types when creating\rother Discharge rules."}}],"fmql":{"OP":"DESCRIBE TYPE","TYPE":"100_63","TYPELABEL":"MAS MOVEMENT TYPES"}}