{"name":"OE/RR PRINT FORMATS","number":"100.23","location":"^ORD(100.23,","count":"36","lastIEN":"1038","description":{"fmId":"-1","fmType":"5","type":"typed-literal","datatype":"http://www.w3.org/1999/02/22-rdf-syntax-ns#XMLLiteral","value":"Entries in this file with an internal number >1000 have been exported\rwith the OE/RR package.  Everytime a new version of OE/RR is installed\rthe entries above 1000 are removed and overwritten.\r \rIf you want to use one of these exported entries, transfer the entry to\ra number less than 1000 and give it a new name so that it can be\rdifferentiated from the exported entry."},"version":"3.0","vpackage":"OR","fields":[{"number":".001","flags":"NJ5,0X","name":"NUMBER","type":"6","computation":"K:+X'=X!(X>99999)!(X>$S(DUZ(0)[\"@\":99999,1:1000))!(X?.E1\".\"1N.N) X","description":{"fmId":"-1","fmType":"5","type":"typed-literal","datatype":"http://www.w3.org/1999/02/22-rdf-syntax-ns#XMLLiteral","value":"Internal number of the format."}},{"number":".01","flags":"F","name":"NAME","location":"0;1","index":"B","type":"4","inputTransform":"K:$L(X)>50!($L(X)<3)!'(X'?1P.E) X","description":{"fmId":"-1","fmType":"5","type":"typed-literal","datatype":"http://www.w3.org/1999/02/22-rdf-syntax-ns#XMLLiteral","value":"This is the name of the format."}},{"number":".02","flags":"NJ2,0","name":"ROWS","location":"0;2","type":"2","inputTransform":"K:+X'=X!(X>90)!(X<1)!(X?.E1\".\"1N.N) X","description":{"fmId":"-1","fmType":"5","type":"typed-literal","datatype":"http://www.w3.org/1999/02/22-rdf-syntax-ns#XMLLiteral","value":"This is the number of rows on the screen/form that this format\rwill occupy."}},{"number":".03","flags":"NJ3,0","name":"COLUMNS","location":"0;3","type":"2","inputTransform":"K:+X'=X!(X>132)!(X<1)!(X?.E1\".\"1N.N) X","description":{"fmId":"-1","fmType":"5","type":"typed-literal","datatype":"http://www.w3.org/1999/02/22-rdf-syntax-ns#XMLLiteral","value":"This is the total number of columns that this format will occupy."}},{"number":".04","flags":"NJ3,0","name":"ORDER TEXT LENGTH","location":"0;4","type":"2","inputTransform":"K:+X'=X!(X>132)!(X<3)!(X?.E1\".\"1N.N) X","description":{"fmId":"-1","fmType":"5","type":"typed-literal","datatype":"http://www.w3.org/1999/02/22-rdf-syntax-ns#XMLLiteral","value":"This field is specifically used in formats that use the Order Text field\rfor displaying the order text within a format.  The value in this field\ris the length that the order text will use, and is the same value that is\rput in the FORMAT field for the Order Text field definition.  The\rexported value is 36.  This value is necessary to correctly calculate\rthe number of lines available for printing an order.  If you create a\rcustomized version of this format, and you change the value of the\rFORMAT field for Order Text, make sure this field is also changed\rto match."}},{"number":".05","flags":"S","name":"SINGLE","location":"0;5","type":"3","details":"0:NO;1:YES;","description":{"fmId":"-1","fmType":"5","type":"typed-literal","datatype":"http://www.w3.org/1999/02/22-rdf-syntax-ns#XMLLiteral","value":"This field is used to identify formats that are not used with a Header or\rFooter format.  Labels are a good example.  This field is used by the\rOE/RR print utility to keep special formats properly aligned."}},{"number":"1","flags":"100.231PI","name":"FIELDS","location":"1;0","type":"9","details":"100.231","description":{"fmId":"-1","fmType":"5","type":"typed-literal","datatype":"http://www.w3.org/1999/02/22-rdf-syntax-ns#XMLLiteral","value":"Each format includes one or more fields that are compiled here."}},{"number":"2","flags":"100.232","name":"COMPILED CODE","location":"2;0","type":"5","description":{"fmId":"-1","fmType":"5","type":"typed-literal","datatype":"http://www.w3.org/1999/02/22-rdf-syntax-ns#XMLLiteral","value":"This is the MUMPS code that is compiled when using the PRINT FORMATS\rutility in OE/RR to build print formats.  This field should not be\redited."}},{"number":"3","flags":"K","name":"SCREEN","location":"3;E1,245","type":"10","inputTransform":"K:$L(X)>245 X D:$D(X) ^DIM","description":{"fmId":"-1","fmType":"5","type":"typed-literal","datatype":"http://www.w3.org/1999/02/22-rdf-syntax-ns#XMLLiteral","value":"This is MUMPS code that is used to screen out the printing of a format\rfor special circumstances."}},{"number":"4","flags":"100.234","name":"SILENT CODE","location":"4;0","type":"5","description":{"fmId":"-1","fmType":"5","type":"typed-literal","datatype":"http://www.w3.org/1999/02/22-rdf-syntax-ns#XMLLiteral","value":"This field contains M code that gets executed by 'Silent API's' to\rproduce formatted text arrays for use in GUI or other applications."}}],"fmql":{"OP":"DESCRIBE TYPE","TYPE":"100_23","TYPELABEL":"OE/RR PRINT FORMATS"}}