{"name":"UNSUCCESSFUL DIALOGS","number":"100.99141","parent":"100.99","fields":[{"number":".01","flags":"MP101'X","name":"PROTOCOL","location":"0;1","index":"B","type":"7","details":"101","inputTransform":"S DINUM=X","description":{"fmId":"-1","fmType":"5","type":"typed-literal","datatype":"http://www.w3.org/1999/02/22-rdf-syntax-ns#XMLLiteral","value":"This is a protocol for which an entry in the Order Dialog file has not\rbeen successfully created."}},{"number":"1","flags":"F","name":"ERROR MESSAGE","location":"0;2","type":"4","inputTransform":"K:$L(X)>100!($L(X)<1) X","description":{"fmId":"-1","fmType":"5","type":"typed-literal","datatype":"http://www.w3.org/1999/02/22-rdf-syntax-ns#XMLLiteral","value":"This is the reason why this protocol could not be converted to an\rOrder Dialog entry."}}],"fmql":{"OP":"DESCRIBE TYPE","TYPE":"100_99141","TYPELABEL":"UNSUCCESSFUL DIALOGS"}}