{"name":"SUPPLEMENTAL FEEDING","number":"115.07","parent":"115.01","fields":[{"number":".01","flags":"NJ4,0","name":"SUPPLEMENTAL FEEDING","location":"0;1","type":"2","inputTransform":"K:+X'=X!(X>9999)!(X<0)!(X?.E1\".\"1N.N) X","description":{"fmId":"-1","fmType":"5","type":"typed-literal","datatype":"http://www.w3.org/1999/02/22-rdf-syntax-ns#XMLLiteral","value":"This field is merely the sequence in which the various orders\rwere entered and has no meaning beyond that."}},{"number":"1","flags":"RD","name":"DATE/TIME ORDERED","location":"0;2","type":"1","inputTransform":"S %DT=\"ETXR\" D ^%DT S X=Y K:Y<1 X","description":{"fmId":"-1","fmType":"5","type":"typed-literal","datatype":"http://www.w3.org/1999/02/22-rdf-syntax-ns#XMLLiteral","value":"This is the date/time at which the order was entered and is\rcaptured automatically."}},{"number":"2","flags":"RP200'","name":"ENTERING CLERK","location":"0;3","type":"7","details":"200","description":{"fmId":"-1","fmType":"5","type":"typed-literal","datatype":"http://www.w3.org/1999/02/22-rdf-syntax-ns#XMLLiteral","value":"This is the person actually entering the order and is captured\rautomatically at time of entry."}},{"number":"3","flags":"RP118.1'","name":"SF MENU","location":"0;4","type":"7","details":"118.1","description":{"fmId":"-1","fmType":"5","type":"typed-literal","datatype":"http://www.w3.org/1999/02/22-rdf-syntax-ns#XMLLiteral","value":"This is the supplemental feeding menu of the\rSupplemental Feeding Menu file (118.1) that was selected. If\rother than 'Individualized', the items from the selected\rmenu were moved into this order."}},{"number":"10","flags":"*P118'","name":"10AM FEEDING #1","location":"0;5","type":"7","details":"118","inputTransform":"S DIC(\"S\")=\"I $P(^(0),U,3)'=\"\"Y\"\"\" D ^DIC K DIC S DIC=DIE,X=+Y K:Y<0 X","description":{"fmId":"-1","fmType":"5","type":"typed-literal","datatype":"http://www.w3.org/1999/02/22-rdf-syntax-ns#XMLLiteral","value":"This is the first supplemental feeding ordered for the 10am\rfeeding."}},{"number":"11","flags":"NJ2,0","name":"10AM #1 QTY","location":"0;6","type":"2","inputTransform":"K:+X'=X!(X>20)!(X<1)!(X?.E1\".\"1N.N) X","description":{"fmId":"-1","fmType":"5","type":"typed-literal","datatype":"http://www.w3.org/1999/02/22-rdf-syntax-ns#XMLLiteral","value":"This is the ordered quantity of the first 10am feeding."}},{"number":"12","flags":"*P118'","name":"10AM FEEDING #2","location":"0;7","type":"7","details":"118","inputTransform":"S DIC(\"S\")=\"I $P(^(0),U,3)'=\"\"Y\"\"\" D ^DIC K DIC S DIC=DIE,X=+Y K:Y<0 X","description":{"fmId":"-1","fmType":"5","type":"typed-literal","datatype":"http://www.w3.org/1999/02/22-rdf-syntax-ns#XMLLiteral","value":"This is the second supplemental feeding ordered for the 10am\rfeeding."}},{"number":"13","flags":"NJ2,0","name":"10AM #2 QTY","location":"0;8","type":"2","inputTransform":"K:+X'=X!(X>20)!(X<1)!(X?.E1\".\"1N.N) X","description":{"fmId":"-1","fmType":"5","type":"typed-literal","datatype":"http://www.w3.org/1999/02/22-rdf-syntax-ns#XMLLiteral","value":"This is the ordered quantity for the second 10am feeding."}},{"number":"14","flags":"*P118'","name":"10AM FEEDING #3","location":"0;9","type":"7","details":"118","inputTransform":"S DIC(\"S\")=\"I $P(^(0),U,3)'=\"\"Y\"\"\" D ^DIC K DIC S DIC=DIE,X=+Y K:Y<0 X","description":{"fmId":"-1","fmType":"5","type":"typed-literal","datatype":"http://www.w3.org/1999/02/22-rdf-syntax-ns#XMLLiteral","value":"This is the third supplemental feeding ordered for the 10am\rfeeding."}},{"number":"15","flags":"NJ2,0","name":"10AM #3 QTY","location":"0;10","type":"2","inputTransform":"K:+X'=X!(X>20)!(X<1)!(X?.E1\".\"1N.N) X","description":{"fmId":"-1","fmType":"5","type":"typed-literal","datatype":"http://www.w3.org/1999/02/22-rdf-syntax-ns#XMLLiteral","value":"This is the ordered quantity for the third 10am feeding."}},{"number":"16","flags":"*P118'","name":"10AM FEEDING #4","location":"0;11","type":"7","details":"118","inputTransform":"S DIC(\"S\")=\"I $P(^(0),U,3)'=\"\"Y\"\"\" D ^DIC K DIC S DIC=DIE,X=+Y K:Y<0 X","description":{"fmId":"-1","fmType":"5","type":"typed-literal","datatype":"http://www.w3.org/1999/02/22-rdf-syntax-ns#XMLLiteral","value":"This is the fourth supplemental feeding ordered for the 10am\rfeeding."}},{"number":"17","flags":"NJ2,0","name":"10AM #4 QTY","location":"0;12","type":"2","inputTransform":"K:+X'=X!(X>20)!(X<1)!(X?.E1\".\"1N.N) X","description":{"fmId":"-1","fmType":"5","type":"typed-literal","datatype":"http://www.w3.org/1999/02/22-rdf-syntax-ns#XMLLiteral","value":"This is the ordered quantity of the fourth 10am feeding."}},{"number":"18","flags":"*P118'","name":"2PM FEEDING #1","location":"0;13","type":"7","details":"118","inputTransform":"S DIC(\"S\")=\"I $P(^(0),U,3)'=\"\"Y\"\"\" D ^DIC K DIC S DIC=DIE,X=+Y K:Y<0 X","description":{"fmId":"-1","fmType":"5","type":"typed-literal","datatype":"http://www.w3.org/1999/02/22-rdf-syntax-ns#XMLLiteral","value":"This is the first supplemental feeding ordered for the 2pm\rfeeding."}},{"number":"19","flags":"NJ2,0","name":"2PM #1 QTY","location":"0;14","type":"2","inputTransform":"K:+X'=X!(X>20)!(X<1)!(X?.E1\".\"1N.N) X","description":{"fmId":"-1","fmType":"5","type":"typed-literal","datatype":"http://www.w3.org/1999/02/22-rdf-syntax-ns#XMLLiteral","value":"This is the ordered quantity of the first 2pm feeding."}},{"number":"20","flags":"*P118'","name":"2PM FEEDING #2","location":"0;15","type":"7","details":"118","inputTransform":"S DIC(\"S\")=\"I $P(^(0),U,3)'=\"\"Y\"\"\" D ^DIC K DIC S DIC=DIE,X=+Y K:Y<0 X","description":{"fmId":"-1","fmType":"5","type":"typed-literal","datatype":"http://www.w3.org/1999/02/22-rdf-syntax-ns#XMLLiteral","value":"This is the second supplemental feeding ordered for the 2pm\rfeeding."}},{"number":"21","flags":"NJ2,0","name":"2PM #2 QTY","location":"0;16","type":"2","inputTransform":"K:+X'=X!(X>20)!(X<1)!(X?.E1\".\"1N.N) X","description":{"fmId":"-1","fmType":"5","type":"typed-literal","datatype":"http://www.w3.org/1999/02/22-rdf-syntax-ns#XMLLiteral","value":"This is the ordered quantity of the second 2pm feeding."}},{"number":"22","flags":"*P118'","name":"2PM FEEDING #3","location":"0;17","type":"7","details":"118","inputTransform":"S DIC(\"S\")=\"I $P(^(0),U,3)'=\"\"Y\"\"\" D ^DIC K DIC S DIC=DIE,X=+Y K:Y<0 X","description":{"fmId":"-1","fmType":"5","type":"typed-literal","datatype":"http://www.w3.org/1999/02/22-rdf-syntax-ns#XMLLiteral","value":"This is the third supplemental feeding ordered for the 2pm\rfeeding."}},{"number":"23","flags":"NJ2,0","name":"2PM #3 QTY","location":"0;18","type":"2","inputTransform":"K:+X'=X!(X>20)!(X<1)!(X?.E1\".\"1N.N) X","description":{"fmId":"-1","fmType":"5","type":"typed-literal","datatype":"http://www.w3.org/1999/02/22-rdf-syntax-ns#XMLLiteral","value":"This is the ordered quantity of the third 2pm feeding."}},{"number":"24","flags":"*P118'","name":"2PM FEEDING #4","location":"0;19","type":"7","details":"118","inputTransform":"S DIC(\"S\")=\"I $P(^(0),U,3)'=\"\"Y\"\"\" D ^DIC K DIC S DIC=DIE,X=+Y K:Y<0 X","description":{"fmId":"-1","fmType":"5","type":"typed-literal","datatype":"http://www.w3.org/1999/02/22-rdf-syntax-ns#XMLLiteral","value":"This is the fourth supplemental feeding ordered for the 2pm\rfeeding."}},{"number":"25","flags":"NJ2,0","name":"2PM #4 QTY","location":"0;20","type":"2","inputTransform":"K:+X'=X!(X>20)!(X<1)!(X?.E1\".\"1N.N) X","description":{"fmId":"-1","fmType":"5","type":"typed-literal","datatype":"http://www.w3.org/1999/02/22-rdf-syntax-ns#XMLLiteral","value":"This is the ordered quantity of the fourth 2pm feeding."}},{"number":"26","flags":"*P118'","name":"8PM FEEDING #1","location":"0;21","type":"7","details":"118","inputTransform":"S DIC(\"S\")=\"I $P(^(0),U,3)'=\"\"Y\"\"\" D ^DIC K DIC S DIC=DIE,X=+Y K:Y<0 X","description":{"fmId":"-1","fmType":"5","type":"typed-literal","datatype":"http://www.w3.org/1999/02/22-rdf-syntax-ns#XMLLiteral","value":"This is the first supplemental feeding ordered for the 8pm\rfeeding."}},{"number":"27","flags":"NJ2,0","name":"8PM #1 QTY","location":"0;22","type":"2","inputTransform":"K:+X'=X!(X>20)!(X<1)!(X?.E1\".\"1N.N) X","description":{"fmId":"-1","fmType":"5","type":"typed-literal","datatype":"http://www.w3.org/1999/02/22-rdf-syntax-ns#XMLLiteral","value":"This is the ordered quantity of the first 8pm feeding."}},{"number":"28","flags":"*P118'","name":"8PM FEEDING #2","location":"0;23","type":"7","details":"118","inputTransform":"S DIC(\"S\")=\"I $P(^(0),U,3)'=\"\"Y\"\"\" D ^DIC K DIC S DIC=DIE,X=+Y K:Y<0 X","description":{"fmId":"-1","fmType":"5","type":"typed-literal","datatype":"http://www.w3.org/1999/02/22-rdf-syntax-ns#XMLLiteral","value":"This is the second supplemental feeding ordered for the 8pm\rfeeding."}},{"number":"29","flags":"NJ2,0","name":"8PM #2 QTY","location":"0;24","type":"2","inputTransform":"K:+X'=X!(X>20)!(X<1)!(X?.E1\".\"1N.N) X","description":{"fmId":"-1","fmType":"5","type":"typed-literal","datatype":"http://www.w3.org/1999/02/22-rdf-syntax-ns#XMLLiteral","value":"This is the ordered quantity of the second 8pm feeding."}},{"number":"30","flags":"*P118'","name":"8PM FEEDING #3","location":"0;25","type":"7","details":"118","inputTransform":"S DIC(\"S\")=\"I $P(^(0),U,3)'=\"\"Y\"\"\" D ^DIC K DIC S DIC=DIE,X=+Y K:Y<0 X","description":{"fmId":"-1","fmType":"5","type":"typed-literal","datatype":"http://www.w3.org/1999/02/22-rdf-syntax-ns#XMLLiteral","value":"This is the third supplemental feeding ordered for the 8pm\rfeeding."}},{"number":"31","flags":"NJ2,0","name":"8PM #3 QTY","location":"0;26","type":"2","inputTransform":"K:+X'=X!(X>20)!(X<1)!(X?.E1\".\"1N.N) X","description":{"fmId":"-1","fmType":"5","type":"typed-literal","datatype":"http://www.w3.org/1999/02/22-rdf-syntax-ns#XMLLiteral","value":"This is the ordered quantity of the third 8pm feeding."}},{"number":"32","flags":"*P118'","name":"8PM FEEDING #4","location":"0;27","type":"7","details":"118","inputTransform":"S DIC(\"S\")=\"I $P(^(0),U,3)'=\"\"Y\"\"\" D ^DIC K DIC S DIC=DIE,X=+Y K:Y<0 X","description":{"fmId":"-1","fmType":"5","type":"typed-literal","datatype":"http://www.w3.org/1999/02/22-rdf-syntax-ns#XMLLiteral","value":"This is the fourth supplemental feeding ordered for the 8pm\rfeeding."}},{"number":"33","flags":"NJ2,0","name":"8PM #4 QTY","location":"0;28","type":"2","inputTransform":"K:+X'=X!(X>20)!(X<1)!(X?.E1\".\"1N.N) X","description":{"fmId":"-1","fmType":"5","type":"typed-literal","datatype":"http://www.w3.org/1999/02/22-rdf-syntax-ns#XMLLiteral","value":"This is the ordered quantity of the fourth 8pm feeding."}},{"number":"34","flags":"RS","name":"DIETARY OR THERAPEUTIC","location":"0;29","type":"3","details":"D:DIETARY;T:THERAPEUTIC;","description":{"fmId":"-1","fmType":"5","type":"typed-literal","datatype":"http://www.w3.org/1999/02/22-rdf-syntax-ns#XMLLiteral","value":"This field indicates whether the supplemental feeding was\rordered for dietary or therapeutic reasons."}},{"number":"40","flags":"D","name":"DATE/TIME LAST REVIEW","location":"0;30","type":"1","inputTransform":"S %DT=\"ETXR\" D ^%DT S X=Y K:Y<1 X","description":{"fmId":"-1","fmType":"5","type":"typed-literal","datatype":"http://www.w3.org/1999/02/22-rdf-syntax-ns#XMLLiteral","value":"This is the date/time this supplemental feeding order was\rlast reviewed for appropriateness."}},{"number":"41","flags":"P200'","name":"REVIEW CLERK","location":"0;31","type":"7","details":"200","description":{"fmId":"-1","fmType":"5","type":"typed-literal","datatype":"http://www.w3.org/1999/02/22-rdf-syntax-ns#XMLLiteral","value":"This is the person conducting the last review and is captured\rautomatically at time of review."}},{"number":"42","flags":"D","name":"DATE/TIME CANCELLED","location":"0;32","type":"1","inputTransform":"S %DT=\"ETXR\" D ^%DT S X=Y K:Y<1 X","description":{"fmId":"-1","fmType":"5","type":"typed-literal","datatype":"http://www.w3.org/1999/02/22-rdf-syntax-ns#XMLLiteral","value":"This is the date/time this order was cancelled."}},{"number":"43","flags":"P200'","name":"CANCELLING CLERK","location":"0;33","type":"7","details":"200","description":{"fmId":"-1","fmType":"5","type":"typed-literal","datatype":"http://www.w3.org/1999/02/22-rdf-syntax-ns#XMLLiteral","value":"This is the person cancelling the order and is captured\rautomatically at time of cancellation."}},{"number":"44","flags":"S","name":"DIET ASSOCIATED?","location":"0;34","type":"3","details":"Y:YES;N:NO;","description":{"fmId":"-1","fmType":"5","type":"typed-literal","datatype":"http://www.w3.org/1999/02/22-rdf-syntax-ns#XMLLiteral","value":"This field, if answered Yes, means this Supplemental Feeding Menu\ris associated with a diet order else if answered No, means it is not."}}],"fmql":{"OP":"DESCRIBE TYPE","TYPE":"115_07","TYPELABEL":"SUPPLEMENTAL FEEDING"}}