{"name":"INGREDIENT","number":"114.01","parent":"114","fields":[{"number":".01","flags":"MP113'X","name":"INGREDIENT","location":"0;1","type":"7","details":"113","inputTransform":"K:$D(^FHING(X,\"I\")) X Q","description":{"fmId":"-1","fmType":"5","type":"typed-literal","datatype":"http://www.w3.org/1999/02/22-rdf-syntax-ns#XMLLiteral","value":"This field contains the name of an ingredient used in the\rrecipe."}},{"number":"1","flags":"RNJ7,2XO","name":"QUANTITY","location":"0;2","type":"2","inputTransform":"S I9=+^FH(114,D0,\"I\",D1,0),UNT=$P(^FHING(I9,0),U,16) D EN1^FHREC1 I $D(X) K:X<.00001!(X>5000) X","description":{"fmId":"-1","fmType":"5","type":"typed-literal","datatype":"http://www.w3.org/1999/02/22-rdf-syntax-ns#XMLLiteral","value":"This field contains the quantity of the ingredient required. The\runits are the 'Recipe Unit' as contained in the Ingredient file\rfor this ingredient."}},{"number":"2","flags":"P112'","name":"ASSOCIATED NUTRIENT","location":"0;3","type":"7","details":"112","description":{"fmId":"-1","fmType":"5","type":"typed-literal","datatype":"http://www.w3.org/1999/02/22-rdf-syntax-ns#XMLLiteral","value":"This field is a pointer to the Nutrient file (112) and indicates\rthe nutrient most closely associated with this ingredient after\rpreparation."}},{"number":"3","flags":"NJ10,5","name":"NUTRIENT AMOUNT IN LBS.","location":"0;4","type":"2","inputTransform":"K:+X'=X!(X>9999)!(X<0)!(X?.E1\".\"6N.N) X","description":{"fmId":"-1","fmType":"5","type":"typed-literal","datatype":"http://www.w3.org/1999/02/22-rdf-syntax-ns#XMLLiteral","value":"This value is the amount of the ingredient, in pounds, for\rNutrient Analysis purposes after taking into account removal\rof non-edible amounts of the ingredient and any expansion or\rshrinkage due to preparation."}}],"fmql":{"OP":"DESCRIBE TYPE","TYPE":"114_01","TYPELABEL":"INGREDIENT"}}