{"name":"ORDER","number":"100","location":"^OR(100,","description":{"fmId":"-1","fmType":"5","type":"typed-literal","datatype":"http://www.w3.org/1999/02/22-rdf-syntax-ns#XMLLiteral","value":"This is the file of orders/requisitions made for any package through the\rOrder Entry Option (OR)."},"version":"3.0","vpackage":"OR","fields":[{"number":".01","flags":"RNJ9,0X","name":"ORDER #","location":"0;1","type":"2","inputTransform":"K:+X'=X!(X>999999999)!(X<0) X I $D(X) S DINUM=X","description":{"fmId":"-1","fmType":"5","type":"typed-literal","datatype":"http://www.w3.org/1999/02/22-rdf-syntax-ns#XMLLiteral","value":"This is the internal order number of the file."}},{"number":".02","flags":"RV","name":"OBJECT OF ORDER","location":"0;2","type":"8","details":"2;67","description":{"fmId":"-1","fmType":"5","type":"typed-literal","datatype":"http://www.w3.org/1999/02/22-rdf-syntax-ns#XMLLiteral","value":"This is the individual object of the order.  Depending on the parent \rfile entry, this would be the Patient, Control Point, etc."}},{"number":".1","flags":"100.001PA","name":"ORDERABLE ITEMS","location":".1;0","type":"9","details":"100.001","description":{"fmId":"-1","fmType":"5","type":"typed-literal","datatype":"http://www.w3.org/1999/02/22-rdf-syntax-ns#XMLLiteral","value":"This multiple contains the items being ordered."}},{"number":".8","flags":"100.008DA","name":"ORDER ACTIONS","location":"8;0","type":"9","details":"100.008","description":{"fmId":"-1","fmType":"5","type":"typed-literal","datatype":"http://www.w3.org/1999/02/22-rdf-syntax-ns#XMLLiteral","value":"These are the actions taken on this order, including the signature and\rverification required to release to the service."}},{"number":".9","flags":"100.09P","name":"ORDER CHECKS","location":"9;0","type":"9","details":"100.09","description":{"fmId":"-1","fmType":"5","type":"typed-literal","datatype":"http://www.w3.org/1999/02/22-rdf-syntax-ns#XMLLiteral","value":"This is the list of order checks found for this order."}},{"number":"1","flags":"P200'","name":"CURRENT AGENT/PROVIDER","location":"0;4","type":"7","details":"200","description":{"fmId":"-1","fmType":"5","type":"typed-literal","datatype":"http://www.w3.org/1999/02/22-rdf-syntax-ns#XMLLiteral","value":"This is the person who is responsible for the order."}},{"number":"2","flags":"RV","name":"DIALOG","location":"0;5","type":"8","details":"19;101;101.41","description":{"fmId":"-1","fmType":"5","type":"typed-literal","datatype":"http://www.w3.org/1999/02/22-rdf-syntax-ns#XMLLiteral","value":"This is the dialog that created this order."}},{"number":"3","flags":"P200'","name":"WHO ENTERED","location":"0;6","type":"7","details":"200","description":{"fmId":"-1","fmType":"5","type":"typed-literal","datatype":"http://www.w3.org/1999/02/22-rdf-syntax-ns#XMLLiteral","value":"This is the USER who entered the information about the order."}},{"number":"4","flags":"D","name":"WHEN ENTERED","location":"0;7","type":"1","inputTransform":"S %DT=\"ETXR\" D ^%DT S X=Y K:Y<1 X","description":{"fmId":"-1","fmType":"5","type":"typed-literal","datatype":"http://www.w3.org/1999/02/22-rdf-syntax-ns#XMLLiteral","value":"This is the date/time of completion of the initiation of the order."}},{"number":"4.5","flags":"100.045A","name":"RESPONSES","location":"4.5;0","type":"9","details":"100.045","description":{"fmId":"-1","fmType":"5","type":"typed-literal","datatype":"http://www.w3.org/1999/02/22-rdf-syntax-ns#XMLLiteral","value":"This contains the responses to an order dialog."}},{"number":"5","flags":"*P100.01'","name":"STATUS","location":"3;3","type":"7","details":"100.01","inputTransform":"S DIC(\"S\")=\"I '$$SCREEN^XTID(100.01,,Y_\"\",\"\")\" D ^DIC K DIC S DIC=DIE,X=+Y K:Y<0 X","description":{"fmId":"-1","fmType":"5","type":"typed-literal","datatype":"http://www.w3.org/1999/02/22-rdf-syntax-ns#XMLLiteral","value":"This is the status of the order."}},{"number":"5.1","flags":"100.051PA","name":"ORDER DIAGNOSES","location":"5.1;0","type":"9","details":"100.051","description":{"fmId":"-1","fmType":"5","type":"typed-literal","datatype":"http://www.w3.org/1999/02/22-rdf-syntax-ns#XMLLiteral","value":"These are the the diagnoses associated with this order."}},{"number":"6","flags":"V","name":"PATIENT LOCATION","location":"0;10","type":"8","details":"44","description":{"fmId":"-1","fmType":"5","type":"typed-literal","datatype":"http://www.w3.org/1999/02/22-rdf-syntax-ns#XMLLiteral","value":"This is the hospital location from which the order originated."}},{"number":"7","flags":"V","name":"ITEM ORDERED","location":"3;4","type":"8","details":"19;60;101.41","description":{"fmId":"-1","fmType":"5","type":"typed-literal","datatype":"http://www.w3.org/1999/02/22-rdf-syntax-ns#XMLLiteral","value":"This is the variable pointer to the file and item ordered. "}},{"number":"8","flags":"S","name":"VEILED","location":"3;8","type":"3","details":"1:VEILED;0:UNVEILED;","description":{"fmId":"-1","fmType":"5","type":"typed-literal","datatype":"http://www.w3.org/1999/02/22-rdf-syntax-ns#XMLLiteral","value":"This field is set when creating an order to prevent the order from\rbeing displayed on the review screen until the order is complete and\raccepted."}},{"number":"8.1","flags":"S","name":"TYPE","location":"3;11","type":"3","details":"0:STANDARD;1:EDIT;2:RENEW;4:HOLD;6:DISCONTINUE;B:BCMA;C:COPY;X:TRANSFER;P:PACKAGE;","description":{"fmId":"-1","fmType":"5","type":"typed-literal","datatype":"http://www.w3.org/1999/02/22-rdf-syntax-ns#XMLLiteral","value":"This field is used to determine the type of order that is being processed.\rDifferent things happen depending on the order type."}},{"number":"9","flags":"P100'","name":"REPLACED ORDER","location":"3;5","type":"7","details":"100","description":{"fmId":"-1","fmType":"5","type":"typed-literal","datatype":"http://www.w3.org/1999/02/22-rdf-syntax-ns#XMLLiteral","value":"This is the order number of the order which was replaced by this order,\reither by editing or renewal."}},{"number":"9.1","flags":"P100'","name":"REPLACEMENT ORDER","location":"3;6","type":"7","details":"100","description":{"fmId":"-1","fmType":"5","type":"typed-literal","datatype":"http://www.w3.org/1999/02/22-rdf-syntax-ns#XMLLiteral","value":"This is the order number of the order that replaces this one, either\rby edit or renewal."}},{"number":"10","flags":"S","name":"PATIENT CLASS","location":"0;12","type":"3","details":"I:INPATIENT;O:OUTPATIENT;","description":{"fmId":"-1","fmType":"5","type":"typed-literal","datatype":"http://www.w3.org/1999/02/22-rdf-syntax-ns#XMLLiteral","value":"This is the patient's inpatient classification for this order; an inpatient\rmay have some orders performed on an outpatient basis."}},{"number":"11","flags":"P45.7'","name":"TREATING SPECIALTY","location":"0;13","type":"7","details":"45.7","description":{"fmId":"-1","fmType":"5","type":"typed-literal","datatype":"http://www.w3.org/1999/02/22-rdf-syntax-ns#XMLLiteral","value":"This is the TREATING SPECIALTY associated with this order."}},{"number":"12","flags":"RP9.4'","name":"PACKAGE","location":"0;14","type":"7","details":"9.4","description":{"fmId":"-1","fmType":"5","type":"typed-literal","datatype":"http://www.w3.org/1999/02/22-rdf-syntax-ns#XMLLiteral","value":"This is the package creating the order."}},{"number":"13","flags":"NJ11,2","name":"COST","location":"0;15","type":"2","inputTransform":"S:X[\"$\" X=$P(X,\"$\",2) K:X'?.N.1\".\".2N!(X>99999999)!(X<0) X","description":{"fmId":"-1","fmType":"5","type":"typed-literal","datatype":"http://www.w3.org/1999/02/22-rdf-syntax-ns#XMLLiteral","value":"This is the cost of filling this order."}},{"number":"14","flags":"S","name":"SIGNATURE REQUIRED","location":"0;16","type":"3","details":"0:NONE;1:ORELSE;2:ORES;","description":{"fmId":"-1","fmType":"5","type":"typed-literal","datatype":"http://www.w3.org/1999/02/22-rdf-syntax-ns#XMLLiteral","value":"This is the OR key required to sign this order.  If set to 2, only users\rwith the ORES key will be allowed to sign this order; if set to 1, users\rwith either the ORELSE or ORES keys will be allowed to sign.  A 0 or \"\"\rindicates that no signature is required."}},{"number":"15","flags":"P100.2'","name":"EVENT","location":"0;17","type":"7","details":"100.2","description":{"fmId":"-1","fmType":"5","type":"typed-literal","datatype":"http://www.w3.org/1999/02/22-rdf-syntax-ns#XMLLiteral","value":"This is the event that this order's release is/was delayed till."}},{"number":"16","flags":"D","name":"PATIENT APPOINTMENT","location":"0;18","type":"1","inputTransform":"S %DT=\"ETX\" D ^%DT S X=Y K:Y<1 X","description":{"fmId":"-1","fmType":"5","type":"typed-literal","datatype":"http://www.w3.org/1999/02/22-rdf-syntax-ns#XMLLiteral","value":"This is the appointment date/time for outpatients and is only entered \rwhen inpatient medications are ordered for them."}},{"number":"20","flags":"100.002PA","name":"CHILDREN","location":"2;0","type":"9","details":"100.002","description":{"fmId":"-1","fmType":"5","type":"typed-literal","datatype":"http://www.w3.org/1999/02/22-rdf-syntax-ns#XMLLiteral","value":"This field allows a single order or set of orders to be linked \rto a parent order."}},{"number":"21","flags":"D","name":"START DATE","location":"0;8","type":"1","inputTransform":"S %DT=\"ET\" D ^%DT S X=Y K:Y<1 X","description":{"fmId":"-1","fmType":"5","type":"typed-literal","datatype":"http://www.w3.org/1999/02/22-rdf-syntax-ns#XMLLiteral","value":"This is the start date/time of the order."}},{"number":"22","flags":"DX","name":"STOP DATE","location":"0;9","type":"1","inputTransform":"S %DT=\"ETX\" D ^%DT S X=Y K:Y<1 X I $D(X),X<$P(^OR(100,DA,0),\"^\",8) K X","description":{"fmId":"-1","fmType":"5","type":"typed-literal","datatype":"http://www.w3.org/1999/02/22-rdf-syntax-ns#XMLLiteral","value":"This is the stop date/time of the order."}},{"number":"23","flags":"RP100.98'","name":"TO","location":"0;11","type":"7","details":"100.98","description":{"fmId":"-1","fmType":"5","type":"typed-literal","datatype":"http://www.w3.org/1999/02/22-rdf-syntax-ns#XMLLiteral","value":"This is the service to which the order is referred.\rThis is used to determine the display group in which the order appears."}},{"number":"30","flags":"NJ3,0","name":"CURRENT ACTION","location":"3;7","type":"2","inputTransform":"K:+X'=X!(X>999)!(X<1)!(X?.E1\".\"1N.N) X","description":{"fmId":"-1","fmType":"5","type":"typed-literal","datatype":"http://www.w3.org/1999/02/22-rdf-syntax-ns#XMLLiteral","value":"This is the item number of the action in the Order Actions multiple that\ris currently being carried out on this order; it will be used to build\rthe text for the Current Orders list."}},{"number":"31","flags":"D","name":"DATE OF LAST ACTIVITY","location":"3;1","type":"1","inputTransform":"S %DT=\"ET\" D ^%DT S X=Y K:Y<1 X","description":{"fmId":"-1","fmType":"5","type":"typed-literal","datatype":"http://www.w3.org/1999/02/22-rdf-syntax-ns#XMLLiteral","value":"This is the date/time the order was last updated."}},{"number":"32","flags":"NJ3,0","name":"GRACE DAYS BEFORE PURGE","location":"3;2","type":"2","inputTransform":"K:+X'=X!(X>999)!(X<1)!(X?.E1\".\"1N.N) X","description":{"fmId":"-1","fmType":"5","type":"typed-literal","datatype":"http://www.w3.org/1999/02/22-rdf-syntax-ns#XMLLiteral","value":"This is the number of days to hold an order from the\rdate of last activity. The order in OE/RR may be \rpurged after this date.\rThe default is 30 days.  If a package needs the order\rretained for a period longer than 30 days, this can\rbe specified when the order is created by setting the\rvariable ORPURG to the appropriate number of days before\rcalling FILE^ORX."}},{"number":"33","flags":"F","name":"PACKAGE REFERENCE","location":"4;E1,200","type":"4","inputTransform":"K:$L(X)>200!($L(X)<1) X","description":{"fmId":"-1","fmType":"5","type":"typed-literal","datatype":"http://www.w3.org/1999/02/22-rdf-syntax-ns#XMLLiteral","value":"This information allows the package to link the order in OR\rwith its more detailed order information in the individual package.\rIt is the package's responsibility to define and determine the\rstructure of this information."}},{"number":"35","flags":"P200'","name":"ALERT ON RESULTS","location":"3;10","type":"7","details":"200","description":{"fmId":"-1","fmType":"5","type":"typed-literal","datatype":"http://www.w3.org/1999/02/22-rdf-syntax-ns#XMLLiteral","value":"This field contains the user who requested to be alerted when results\rfor this order become available.  Only lab, radiology, and consult orders\rwill generate results."}},{"number":"36","flags":"P100'","name":"PARENT","location":"3;9","type":"7","details":"100","description":{"fmId":"-1","fmType":"5","type":"typed-literal","datatype":"http://www.w3.org/1999/02/22-rdf-syntax-ns#XMLLiteral","value":"This is the parent of an order that may have a parent/child relationship."}},{"number":"39","flags":"D","name":"LAPSED DATE/TIME","location":"10;1","type":"1","inputTransform":"S %DT=\"EST\" D ^%DT S X=Y K:X<1 X","description":{"fmId":"-1","fmType":"5","type":"typed-literal","datatype":"http://www.w3.org/1999/02/22-rdf-syntax-ns#XMLLiteral","value":"This field will specify when the order was Lapsed.  Lapsing takes place \rin routine ORTSKLPS and is part of the ORMTIME scheduled option."}},{"number":"51","flags":"S","name":"SERVICE CONNECTED CONDITION","location":"5;1","type":"3","details":"1:YES;0:NO;","description":{"fmId":"-1","fmType":"5","type":"typed-literal","datatype":"http://www.w3.org/1999/02/22-rdf-syntax-ns#XMLLiteral","value":"When signing orders, the provider may be asked if this order is for\rtreatment of  a service-connected condition; his/her response to this\rquestion will be stored in this field.  Currently this question is only\rasked for Outpatient Medications, and the response is passed to that\rpackage with the new order."}},{"number":"52","flags":"S","name":"MST","location":"5;2","type":"3","details":"1:YES;0:NO;","description":{"fmId":"-1","fmType":"5","type":"typed-literal","datatype":"http://www.w3.org/1999/02/22-rdf-syntax-ns#XMLLiteral","value":"If a patient has been identified as having been treated for Military\rSexual Trauma (MST), then the provider may be asked when signing the\rorder if it is for treatment of a condition related to MST and his/her\rresponse to this question will be stored in this field.  Currently this\rquestion is only asked for Outpatient Medications, and the response is\rpassed to that package with the new order."}},{"number":"53","flags":"S","name":"AGENT ORANGE EXPOSURE","location":"5;3","type":"3","details":"1:YES;0:NO;","description":{"fmId":"-1","fmType":"5","type":"typed-literal","datatype":"http://www.w3.org/1999/02/22-rdf-syntax-ns#XMLLiteral","value":"If a patient has been identified as having been exposed to Agent Orange\r(AO) during service in Vietnam, then the provider may be asked when\rsigning the order if it is for treatment of a condition related to AO\rand his/her response to this question will be stored in this field.\rCurrently this question is only asked for Outpatient Medications, and\rthe response is passed to that package with the new order."}},{"number":"54","flags":"S","name":"IONIZING RADIATION EXPOSURE","location":"5;4","type":"3","details":"1:YES;0:NO;","description":{"fmId":"-1","fmType":"5","type":"typed-literal","datatype":"http://www.w3.org/1999/02/22-rdf-syntax-ns#XMLLiteral","value":"If a patient has been identified as having been treated for exposure to\rionizing radiation (IR) during military service, then the provider may\rbe asked when signing the order if it is for treatment of a condition\rrelated to IR and his/her response to this question will be stored in\rthis field.  Currently this question is only asked for Outpatient\rMedications, and the response is passed to that package with the new\rorder."}},{"number":"55","flags":"S","name":"SOUTHWEST ASIA CONDITIONS","location":"5;5","type":"3","details":"1:YES;0:NO;","description":{"fmId":"-1","fmType":"5","type":"typed-literal","datatype":"http://www.w3.org/1999/02/22-rdf-syntax-ns#XMLLiteral","value":"If a patient has been identified as having been treated for exposure to\renvironmental contaminants (EC) during the Persian Gulf War, then the\rprovider may be asked when signing the order if it is for treatment of a\rcondition related to EC and his/her response to this question will be\rstored in this field.  Currently this question is only asked for\rOutpatient Medications, and the response is passed to that package with\rthe new order."}},{"number":"56","flags":"S","name":"HEAD AND/OR NECK CANCER","location":"5;6","type":"3","details":"1:YES;0:NO;","description":{"fmId":"-1","fmType":"5","type":"typed-literal","datatype":"http://www.w3.org/1999/02/22-rdf-syntax-ns#XMLLiteral","value":"If a patient has been identified as having been treated for head or neck\rcancer due to nose or throat radium treatments while in the military,\rthen the provider may be asked when signing the order if it is for\rtreatment of head or neck cancer and his/her response to this question\rwill be stored in this field.  Currently this question is only asked for\rOutpatient Medications, and the response is passed to that package with\rthe new order."}},{"number":"57","flags":"S","name":"COMBAT VETERAN","location":"5;7","type":"3","details":"1:YES;0:NO;","description":{"fmId":"-1","fmType":"5","type":"typed-literal","datatype":"http://www.w3.org/1999/02/22-rdf-syntax-ns#XMLLiteral","value":"When signing orders, the provider may be asked if this order is for\rtreatment of a combat-related condition; his/her response to this\rquestion will be stored in this field.  Currently this question is only\rasked for Outpatient Medications, and the response is passed to that\rpackage with the new order."}},{"number":"58","flags":"S","name":"SHIPBOARD HAZARD","location":"5;8","type":"3","details":"1:YES;0:NO;"},{"number":"61","flags":"*P100.02'","name":"NATURE OF DC","location":"6;1","type":"7","details":"100.02","inputTransform":"S DIC(\"S\")=\"I '$$SCREEN^XTID(100.02,,Y_\"\",\"\")\" D ^DIC K DIC S DIC=DIE,X=+Y K:Y<0 X","description":{"fmId":"-1","fmType":"5","type":"typed-literal","datatype":"http://www.w3.org/1999/02/22-rdf-syntax-ns#XMLLiteral","value":"Orders that are DC'ed because they have been duplicated do not create a\rDC order, nor is a chart copy or electronic signature notification\rgenerated.  If this is a CHANGE IN THERAPY, then a DC order is generated\rthat must be signed, and a chart copy of the new DC request is printed."}},{"number":"62","flags":"P200'","name":"DC'ed BY","location":"6;2","type":"7","details":"200","description":{"fmId":"-1","fmType":"5","type":"typed-literal","datatype":"http://www.w3.org/1999/02/22-rdf-syntax-ns#XMLLiteral","value":"This is the person who DC'ed this order."}},{"number":"63","flags":"D","name":"DC DATE/TIME","location":"6;3","type":"1","inputTransform":"S %DT=\"ESTXR\" D ^%DT S X=Y K:Y<1 X","description":{"fmId":"-1","fmType":"5","type":"typed-literal","datatype":"http://www.w3.org/1999/02/22-rdf-syntax-ns#XMLLiteral","value":"This is the date/time the order was DC'ed."}},{"number":"64","flags":"P100.03'","name":"DC REASON","location":"6;4","type":"7","details":"100.03","description":{"fmId":"-1","fmType":"5","type":"typed-literal","datatype":"http://www.w3.org/1999/02/22-rdf-syntax-ns#XMLLiteral","value":"This is the reason this order was DC'ed, i.e. \"Patient discharged.\""}},{"number":"65","flags":"F","name":"DC REASON TEXT","location":"6;5","type":"4","inputTransform":"K:$L(X)>80!($L(X)<1) X","description":{"fmId":"-1","fmType":"5","type":"typed-literal","datatype":"http://www.w3.org/1999/02/22-rdf-syntax-ns#XMLLiteral","value":"This is the text of the DC reason."}},{"number":"66","flags":"D","name":"COMPLETED","location":"6;6","type":"1","inputTransform":"S %DT=\"ETXR\" D ^%DT S X=Y K:Y<1 X","description":{"fmId":"-1","fmType":"5","type":"typed-literal","datatype":"http://www.w3.org/1999/02/22-rdf-syntax-ns#XMLLiteral","value":"This is the date/time the order was marked as complete."}},{"number":"67","flags":"P200'","name":"COMPLETED BY","location":"6;7","type":"7","details":"200","description":{"fmId":"-1","fmType":"5","type":"typed-literal","datatype":"http://www.w3.org/1999/02/22-rdf-syntax-ns#XMLLiteral","value":"This is the person who marked this order as complete."}},{"number":"68","flags":"P100.2'","name":"DC EVENT","location":"6;8","type":"7","details":"100.2","description":{"fmId":"-1","fmType":"5","type":"typed-literal","datatype":"http://www.w3.org/1999/02/22-rdf-syntax-ns#XMLLiteral","value":"This is the event that automatically discontinued this order."}},{"number":"69","flags":"S","name":"DC ORIGINAL ORDER","location":"6;9","type":"3","details":"1:TRUE;0:FALSE;","description":{"fmId":"-1","fmType":"5","type":"typed-literal","datatype":"http://www.w3.org/1999/02/22-rdf-syntax-ns#XMLLiteral","value":"This field is only accessed by CPRS. This field is set to True if both \rthe original order and the pending renewal order are discontinued. This \rfield is set to False if only the pending renewal order is discontinued. \rIf only the pending renewal order is discontinued, CPRS assigns the \roriginal order's status to the status it received from the pharmacy \rpackage."}},{"number":"71","flags":"D","name":"RESULTS DATE/TIME","location":"7;1","type":"1","inputTransform":"S %DT=\"ETX\" D ^%DT S X=Y K:Y<1 X","description":{"fmId":"-1","fmType":"5","type":"typed-literal","datatype":"http://www.w3.org/1999/02/22-rdf-syntax-ns#XMLLiteral","value":"This field contains the date/time that results became available for this\rorder; only Lab, Radiology, and Consult orders have results."}},{"number":"72","flags":"S","name":"ABNORMAL RESULTS","location":"7;2","type":"3","details":"1:YES;","description":{"fmId":"-1","fmType":"5","type":"typed-literal","datatype":"http://www.w3.org/1999/02/22-rdf-syntax-ns#XMLLiteral","value":"This field indicates whether the results for this order were abnormal, or outside of normal ranges."}},{"number":"73","flags":"F","name":"FINDINGS","location":"7;3","type":"4","inputTransform":"K:$L(X)>80!($L(X)<1) X","description":{"fmId":"-1","fmType":"5","type":"typed-literal","datatype":"http://www.w3.org/1999/02/22-rdf-syntax-ns#XMLLiteral","value":"This field contains the text of any significant findings for the results\rof this order."}},{"number":"90","flags":"S","name":"BA SERVICE CONNECTED CONDITION","location":"5.2;1","type":"3","details":"1:YES;0:NO;","description":{"fmId":"-1","fmType":"5","type":"typed-literal","datatype":"http://www.w3.org/1999/02/22-rdf-syntax-ns#XMLLiteral","value":"When signing orders, the provider may be asked if this order is for treatment of a service-connected condition; his/her response to this question will be stored in this field."}},{"number":"91","flags":"S","name":"BA MILITARY SEXUAL TRAUMA","location":"5.2;2","type":"3","details":"1:YES;0:NO;"},{"number":"92","flags":"S","name":"BA AGENT ORANGE EXPOSURE","location":"5.2;3","type":"3","details":"1:YES;0:NO;"},{"number":"93","flags":"S","name":"BA IONIZING RADIATION EXPOSURE","location":"5.2;4","type":"3","details":"1:YES;0:NO;"},{"number":"94","flags":"S","name":"BA SOUTHWEST ASIA CONDITIONS","location":"5.2;5","type":"3","details":"1:YES;0:NO;"},{"number":"95","flags":"S","name":"BA HEAD AND/OR NECK CANCER","location":"5.2;6","type":"3","details":"1:YES;0:NO;"},{"number":"96","flags":"S","name":"BA COMBAT VETERAN","location":"5.2;7","type":"3","details":"1:YES;0:NO;"},{"number":"97","flags":"P375'","name":"PFSS ACCOUNT REFERENCE","location":"5.5;1","type":"7","details":"375","description":{"fmId":"-1","fmType":"5","type":"typed-literal","datatype":"http://www.w3.org/1999/02/22-rdf-syntax-ns#XMLLiteral","value":"The PFSS Account Reference field stores the PFSS Account Reference\rassociated with the order. The field is a pointer to the PFSS Account\rReference file (#375)."}},{"number":"98","flags":"S","name":"BA SHIPBOARD HAZARD","location":"5.2;8","type":"3","details":"1:YES;0:NO;"}],"fmql":{"OP":"DESCRIBE TYPE","TYPE":"100","TYPELABEL":"ORDER"}}