{"name":"DIETETIC CONSULTS","number":"119.5","location":"^FH(119.5,","count":"8","lastIEN":"8","description":{"fmId":"-1","fmType":"5","type":"typed-literal","datatype":"http://www.w3.org/1999/02/22-rdf-syntax-ns#XMLLiteral","value":"This file contains the list of types of dietetic consultations\rperformed as well as 'time-units' necessary to complete such\rconsultations for workload purposes."},"version":"5.5","vpackage":"DIETETICS","fields":[{"number":".01","flags":"RF","name":"NAME","location":"0;1","index":"B","type":"4","inputTransform":"K:$L(X)>50!($L(X)<3)!'(X'?1P.E)!(X'?.ANP) X","description":{"fmId":"-1","fmType":"5","type":"typed-literal","datatype":"http://www.w3.org/1999/02/22-rdf-syntax-ns#XMLLiteral","value":"This is the name of the consultation as it would normally be\rknown by ward/medical personnel."}},{"number":"1","flags":"RF","name":"BRIEF NAME","location":"0;2","type":"4","inputTransform":"K:$L(X)>10!($L(X)<1) X","description":{"fmId":"-1","fmType":"5","type":"typed-literal","datatype":"http://www.w3.org/1999/02/22-rdf-syntax-ns#XMLLiteral","value":"This is a short abbreviation of the dietetic consult type."}},{"number":"2","flags":"S","name":"ASK INITIAL/FOLLOW-UP?","location":"0;3","type":"3","details":"Y:YES;N:NO;","description":{"fmId":"-1","fmType":"5","type":"typed-literal","datatype":"http://www.w3.org/1999/02/22-rdf-syntax-ns#XMLLiteral","value":"This field, if answered YES, will prompt the clinician completing\rthe consult to indicate whether it was an initial consultation\ror a follow-up to prior consultations."}},{"number":"3","flags":"RNJ6,2","name":"TU FOR INITIAL CONSULT","location":"0;4","type":"2","inputTransform":"K:+X'=X!(X>100)!(X<0)!(X?.E1\".\"3N.N) X","description":{"fmId":"-1","fmType":"5","type":"typed-literal","datatype":"http://www.w3.org/1999/02/22-rdf-syntax-ns#XMLLiteral","value":"This field contains the number of 'time-units' associated\rwith an initial consultation. The values of these 'time-units'\rare left to local discretion."}},{"number":"4","flags":"NJ6,2","name":"TU FOR FOLLOW-UP","location":"0;5","type":"2","inputTransform":"K:+X'=X!(X>100)!(X<0)!(X?.E1\".\"3N.N) X","description":{"fmId":"-1","fmType":"5","type":"typed-literal","datatype":"http://www.w3.org/1999/02/22-rdf-syntax-ns#XMLLiteral","value":"This field contains the number of 'time-units' associated\rwith a follow-up consultation and need be present only when\rthe follow-up prompt has been selected. The values of these\r'time-units' is left to local discretion."}},{"number":"5","flags":"P200'","name":"USER TO BULLETIN","location":"0;6","type":"7","details":"200","description":{"fmId":"-1","fmType":"5","type":"typed-literal","datatype":"http://www.w3.org/1999/02/22-rdf-syntax-ns#XMLLiteral","value":"If a bulletin to a designated clinician is desired whenever\rthis consult is ordered, the clinician should be selected.\rAn example might be a renal dialysis consult or a nutrition\rsupport consult."}},{"number":"99","flags":"SX","name":"INACTIVE?","location":"I;1","type":"3","details":"Y:YES;N:NO;","description":{"fmId":"-1","fmType":"5","type":"typed-literal","datatype":"http://www.w3.org/1999/02/22-rdf-syntax-ns#XMLLiteral","value":"This field, when answered YES, will prohibit further selection\rof this consult type by ward or dietetic personnel."}}],"fmql":{"OP":"DESCRIBE TYPE","TYPE":"119_5","TYPELABEL":"DIETETIC CONSULTS"}}