{"name":"ORDER CHECKS","number":"100.8","location":"^ORD(100.8,","count":"27","lastIEN":"33","description":{"fmId":"-1","fmType":"5","type":"typed-literal","datatype":"http://www.w3.org/1999/02/22-rdf-syntax-ns#XMLLiteral","value":"This file contains the order checks which are used within OE/RR-CPRS to\rperform real-time order checking within the OE/RR-CPRS ordering dialogs."},"version":"3.0","vpackage":"OR","fields":[{"number":".01","flags":"RF","name":"NAME","location":"0;1","index":"B","type":"4","inputTransform":"K:$L(X)>45!($L(X)<3)!'(X'?1P.E) X","description":{"fmId":"-1","fmType":"5","type":"typed-literal","datatype":"http://www.w3.org/1999/02/22-rdf-syntax-ns#XMLLiteral","value":"This is the name of the order check."}},{"number":"2","flags":"100.82","name":"DESCRIPTION","location":"1;0","type":"5","description":{"fmId":"-1","fmType":"5","type":"typed-literal","datatype":"http://www.w3.org/1999/02/22-rdf-syntax-ns#XMLLiteral","value":"This field describes the order check."}}],"fmql":{"OP":"DESCRIBE TYPE","TYPE":"100_8","TYPELABEL":"ORDER CHECKS"}}