{"name":"VITAL TYPE","number":"120.531","parent":"120.53","fields":[{"number":".01","flags":"MRP120.51'","name":"VITAL TYPE","location":"0;1","index":"B","type":"7","details":"120.51","description":{"fmId":"-1","fmType":"5","type":"typed-literal","datatype":"http://www.w3.org/1999/02/22-rdf-syntax-ns#XMLLiteral","value":"This field screens the vital measurement quality field in the GMRV VITAL \rMEASUREMENT file (#120.5)."}},{"number":".03","flags":"NJ2,0","name":"MAXIMUM ENTRIES","location":"0;3","type":"2","inputTransform":"K:+X'=X!(X>99)!(X<1)!(X?.E1\".\"1N.N) X","description":{"fmId":"-1","fmType":"5","type":"typed-literal","datatype":"http://www.w3.org/1999/02/22-rdf-syntax-ns#XMLLiteral","value":"This field indicates the minimum number of characteristics that can\rbe selected for a patient for this category for this vital type."}},{"number":".05","flags":"NJ2,0","name":"PRINT ORDER","location":"0;5","type":"2","inputTransform":"K:+X'=X!(X>99)!(X<1)!(X?.E1\".\"1N.N) X","description":{"fmId":"-1","fmType":"5","type":"typed-literal","datatype":"http://www.w3.org/1999/02/22-rdf-syntax-ns#XMLLiteral","value":"This field contains the order in which this category of characteristics\rwill display on reports for this category for this vital type."}},{"number":".06","flags":"NJ2,0","name":"EDIT ORDER","location":"0;6","type":"2","inputTransform":"K:+X'=X!(X>99)!(X<1)!(X?.E1\".\"1N.N) X","description":{"fmId":"-1","fmType":"5","type":"typed-literal","datatype":"http://www.w3.org/1999/02/22-rdf-syntax-ns#XMLLiteral","value":"This field contains the order in which this category for this vital type\rwill be entered/edited in the Vitals/Measurements edit options."}},{"number":".07","flags":"*P120.52'X","name":"DEFAULT QUALIFIER","location":"0;7","type":"7","details":"120.52","inputTransform":"S DIC(\"S\")=\"I $$SCR07^GMVFUT3(.DA,Y)\" D ^DIC K DIC S DIC=DIE,X=+Y K:Y<0 X","description":{"fmId":"-1","fmType":"5","type":"typed-literal","datatype":"http://www.w3.org/1999/02/22-rdf-syntax-ns#XMLLiteral","value":"This field will denote the default qualifier to be used if the user\rdoes not specify one during data entry."}}],"fmql":{"OP":"DESCRIBE TYPE","TYPE":"120_531","TYPELABEL":"VITAL TYPE"}}