{"name":"DIETETIC ENCOUNTERS","number":"115.7","location":"^FHEN(","description":{"fmId":"-1","fmType":"5","type":"typed-literal","datatype":"http://www.w3.org/1999/02/22-rdf-syntax-ns#XMLLiteral","value":"This file contains the various dietetic encounters entered\rby dietetics personnel. It includes patient-related events,\rsuch as diet instructions, as well as non-patient-related\revents such as talks to the community."},"version":"5.5","vpackage":"DIETETICS","fields":[{"number":".01","flags":"RNJ9,0X","name":"NUMBER","location":"0;1","index":"B","type":"2","inputTransform":"K:+X'=X!(X>999999999)!(X<1)!(X?.E1\".\"1N.N) X I $D(X) S DINUM=X","description":{"fmId":"-1","fmType":"5","type":"typed-literal","datatype":"http://www.w3.org/1999/02/22-rdf-syntax-ns#XMLLiteral","value":"This field contains a sequential number assigned to the encounter\rand has no meaning."}},{"number":"1","flags":"RD","name":"DATE/TIME OF ENCOUNTER","location":"0;2","index":"AT","type":"1","inputTransform":"S %DT=\"ETX\" D ^%DT S X=Y K:Y<1 X","description":{"fmId":"-1","fmType":"5","type":"typed-literal","datatype":"http://www.w3.org/1999/02/22-rdf-syntax-ns#XMLLiteral","value":"This field contains the date and time at which the dietetic encounter\rtook place."}},{"number":"2","flags":"RP200'","name":"CLINICIAN","location":"0;3","type":"7","details":"200","description":{"fmId":"-1","fmType":"5","type":"typed-literal","datatype":"http://www.w3.org/1999/02/22-rdf-syntax-ns#XMLLiteral","value":"This field contains a pointer to the clinician who provided the\rservice during the encounter."}},{"number":"3","flags":"RP115.6'","name":"ENCOUNTER TYPE","location":"0;4","type":"7","details":"115.6","description":{"fmId":"-1","fmType":"5","type":"typed-literal","datatype":"http://www.w3.org/1999/02/22-rdf-syntax-ns#XMLLiteral","value":"This field contains a pointer to the Encounter Type file (115.6)\rindicating the type of encounter."}},{"number":"4","flags":"P44'","name":"EVENT LOCATION","location":"0;5","type":"7","details":"44","description":{"fmId":"-1","fmType":"5","type":"typed-literal","datatype":"http://www.w3.org/1999/02/22-rdf-syntax-ns#XMLLiteral","value":"This optional field contains a pointer to the Hospital Location\rfile (44) indicating where the encounter took place."}},{"number":"5","flags":"S","name":"INITIAL/FOLLOWUP","location":"0;7","type":"3","details":"I:INITIAL;F:FOLLOWUP;","description":{"fmId":"-1","fmType":"5","type":"typed-literal","datatype":"http://www.w3.org/1999/02/22-rdf-syntax-ns#XMLLiteral","value":"This field indicates whether the encounter was an initial one\rof this type or a follow-up."}},{"number":"6","flags":"NJ3,0","name":"TIME UNITS","location":"0;8","type":"2","inputTransform":"K:+X'=X!(X>999)!(X<1)!(X?.E1\".\"1N.N) X","description":{"fmId":"-1","fmType":"5","type":"typed-literal","datatype":"http://www.w3.org/1999/02/22-rdf-syntax-ns#XMLLiteral","value":"This field contains the number of time units earned by this\rencounter."}},{"number":"7","flags":"S","name":"GROUP/INDIVIDUAL","location":"0;9","type":"3","details":"G:GROUP;I:INDIVIDUAL;","description":{"fmId":"-1","fmType":"5","type":"typed-literal","datatype":"http://www.w3.org/1999/02/22-rdf-syntax-ns#XMLLiteral","value":"This field indicates whether the encounter was a group one or\ran encounter with a single individual."}},{"number":"8","flags":"NJ4,0","name":"GROUP SIZE","location":"0;10","type":"2","inputTransform":"K:+X'=X!(X>9999)!(X<1)!(X?.E1\".\"1N.N) X","description":{"fmId":"-1","fmType":"5","type":"typed-literal","datatype":"http://www.w3.org/1999/02/22-rdf-syntax-ns#XMLLiteral","value":"This field contains the total number of persons involved,\rincluding any collaterals."}},{"number":"10","flags":"F","name":"EVENT COMMENT","location":"0;11","type":"4","inputTransform":"K:$L(X)>60!($L(X)<3) X","description":{"fmId":"-1","fmType":"5","type":"typed-literal","datatype":"http://www.w3.org/1999/02/22-rdf-syntax-ns#XMLLiteral","value":"This field may contain a short comment concerning the event."}},{"number":"11","flags":"RP119.73'","name":"COMMUNICATIONS OFFICE","location":"0;6","index":"CO","type":"7","details":"119.73"},{"number":"20","flags":"115.701PA","name":"PATIENT","location":"P;0","type":"9","details":"115.701","description":{"fmId":"-1","fmType":"5","type":"typed-literal","datatype":"http://www.w3.org/1999/02/22-rdf-syntax-ns#XMLLiteral","value":"This field is a multiple containing data relating to patients\rinvolved in the encounter."}},{"number":"101","flags":"RP200'","name":"ENTERING CLERK","location":"0;13","type":"7","details":"200","description":{"fmId":"-1","fmType":"5","type":"typed-literal","datatype":"http://www.w3.org/1999/02/22-rdf-syntax-ns#XMLLiteral","value":"This field is a pointer indicating the person making the\rencounter entry."}},{"number":"102","flags":"RD","name":"DATE/TIME ENTERED","location":"0;14","type":"1","inputTransform":"S %DT=\"ESTXR\" D ^%DT S X=Y K:Y<1 X","description":{"fmId":"-1","fmType":"5","type":"typed-literal","datatype":"http://www.w3.org/1999/02/22-rdf-syntax-ns#XMLLiteral","value":"This field contains the date/time the encounter was actually\rentered."}},{"number":"103","flags":"D","name":"LAST REVIEW DATE/TIME","location":"0;15","type":"1","inputTransform":"S %DT=\"ESTX\" D ^%DT S X=Y K:Y<1 X","description":{"fmId":"-1","fmType":"5","type":"typed-literal","datatype":"http://www.w3.org/1999/02/22-rdf-syntax-ns#XMLLiteral","value":"This is the date/time that the encounter was last reviewed."}},{"number":"104","flags":"P200'","name":"REVIEW CLERK","location":"0;16","type":"7","details":"200","description":{"fmId":"-1","fmType":"5","type":"typed-literal","datatype":"http://www.w3.org/1999/02/22-rdf-syntax-ns#XMLLiteral","value":"This is a pointer to File 200 of the person entering the review."}}],"fmql":{"OP":"DESCRIBE TYPE","TYPE":"115_7","TYPELABEL":"DIETETIC ENCOUNTERS"}}