{"name":"DIETS","number":"111","location":"^FH(111,","count":"1","lastIEN":"1","description":{"fmId":"-1","fmType":"5","type":"typed-literal","datatype":"http://www.w3.org/1999/02/22-rdf-syntax-ns#XMLLiteral","value":"This file contains a list of all of the diet modifications allowed\rby the using facility. Associated with each diet are characteristics\rsuch as alternate names, an abbreviated name, whether a clinician\ris to be bulletined when ordered, and a diet precedence which\ris used to prevent diet conflicts and as a printing sequence order."},"version":"5.5","vpackage":"DIETETICS","fields":[{"number":".01","flags":"RFa","name":"NAME","location":"0;1","index":"B","type":"4","inputTransform":"K:$L(X)>30!($L(X)<3)!'(X'?1P.E)!(X'?.ANP) X","description":{"fmId":"-1","fmType":"5","type":"typed-literal","datatype":"http://www.w3.org/1999/02/22-rdf-syntax-ns#XMLLiteral","value":"This field contains the name of a diet or diet modification as\rit would normally be known to ward/medical personnel."}},{"number":"1","flags":"F","name":"SYNONYM","location":"0;2","index":"C","type":"4","inputTransform":"K:$L(X)>12!($L(X)<1) X","description":{"fmId":"-1","fmType":"5","type":"typed-literal","datatype":"http://www.w3.org/1999/02/22-rdf-syntax-ns#XMLLiteral","value":"This field may contain a synonym for the diet name; the synonym\ris generally terminology known and used by ward/medical personnel."}},{"number":"2","flags":"S","name":"ASK EXPIRATION DATE?","location":"0;3","type":"3","details":"Y:YES;N:NO;","description":{"fmId":"-1","fmType":"5","type":"typed-literal","datatype":"http://www.w3.org/1999/02/22-rdf-syntax-ns#XMLLiteral","value":"This field, when answered YES, will result in the user\rbeing prompted for a diet expiration date (as well as the\rstart date) whenever this diet is contained in a total\rdiet order."}},{"number":"3","flags":"RNJ2,0","name":"DIET PRECEDENCE","location":"0;4","type":"2","inputTransform":"K:+X'=X!(X>99)!(X<1)!(X?.E1\".\"1N.N) X","description":{"fmId":"-1","fmType":"5","type":"typed-literal","datatype":"http://www.w3.org/1999/02/22-rdf-syntax-ns#XMLLiteral","value":"This is a numerical value which performs two functions:\rno two diet modifications with the same precedence may be\rselected. The same number can therefore be assigned to\rmutually-exclusive diet modifications. Secondly, the diet\rmodifications will be listed in precedence order, from\rlow to high."}},{"number":"4","flags":"R*P116.2'","name":"PRODUCTION DIET","location":"0;5","type":"7","details":"116.2","inputTransform":"S DIC(\"S\")=\"I $P(^(0),\"\"^\"\",4)'=\"\"Y\"\"\" D ^DIC K DIC S DIC=DIE,X=+Y K:Y<0 X","description":{"fmId":"-1","fmType":"5","type":"typed-literal","datatype":"http://www.w3.org/1999/02/22-rdf-syntax-ns#XMLLiteral","value":"This field contains the Production Diet entry (file 116.2) which\rwould be prepared for this diet modification were it to stand\ralone from other diet modifications."}},{"number":"5","flags":"S","name":"BULLETIN CLINICIAN?","location":"0;6","type":"3","details":"Y:YES;N:NO;","description":{"fmId":"-1","fmType":"5","type":"typed-literal","datatype":"http://www.w3.org/1999/02/22-rdf-syntax-ns#XMLLiteral","value":"This field, if answered YES, will result in a bulletin being\rsent to the clinician(s) responsible for the ward on which the\rpatient resides any time this diet modification is ordered."}},{"number":"6","flags":"RF","name":"ABBREVIATED LABEL","location":"0;7","type":"4","inputTransform":"K:$L(X)>12!($L(X)<1) X","description":{"fmId":"-1","fmType":"5","type":"typed-literal","datatype":"http://www.w3.org/1999/02/22-rdf-syntax-ns#XMLLiteral","value":"This is an abbreviated label title used on diet cards; the\rterminology and abbreviations will normally be those used\rby dietetic personnel."}},{"number":"10","flags":"111.01","name":"ALTERNATE NAME","location":"AN;0","type":"9","details":"111.01","description":{"fmId":"-1","fmType":"5","type":"typed-literal","datatype":"http://www.w3.org/1999/02/22-rdf-syntax-ns#XMLLiteral","value":"This field may be used for any number of alternate names for\rthe diet modification. These alternative names will normally\rbe those used by ward/medical personnel."}},{"number":"99","flags":"S","name":"INACTIVE?","location":"I;1","type":"3","details":"Y:YES;N:NO;","description":{"fmId":"-1","fmType":"5","type":"typed-literal","datatype":"http://www.w3.org/1999/02/22-rdf-syntax-ns#XMLLiteral","value":"This field, if answered YES, will prohibit further selection\rof this diet modification by ward personnel."}}],"fmql":{"OP":"DESCRIBE TYPE","TYPE":"111","TYPELABEL":"DIETS"}}