{"name":"FS DATE","number":"103.011","parent":"103","fields":[{"number":".01","flags":"D","name":"FS DATE","location":"0;1","index":"B","type":"1","inputTransform":"S %DT=\"EST\" D ^%DT S X=Y K:Y<1 X","description":{"fmId":"-1","fmType":"5","type":"typed-literal","datatype":"http://www.w3.org/1999/02/22-rdf-syntax-ns#XMLLiteral","value":"Fileman date of the flow sheet entry."}},{"number":"20","flags":"F","name":"INR","location":"0;3","type":"4","inputTransform":"K:$L(X)>6!($L(X)<1) X","description":{"fmId":"-1","fmType":"5","type":"typed-literal","datatype":"http://www.w3.org/1999/02/22-rdf-syntax-ns#XMLLiteral","value":"INR value from outside lab; entered throught the Anticoagulator."}},{"number":"30","flags":"F","name":"LAB DRAW LOC","location":"0;4","type":"4","inputTransform":"K:$L(X)>10!($L(X)<1) X","description":{"fmId":"-1","fmType":"5","type":"typed-literal","datatype":"http://www.w3.org/1999/02/22-rdf-syntax-ns#XMLLiteral","value":"Location of lab used for last outside lab draw (HCT or INR)"}},{"number":"40","flags":"NJ5,2","name":"PILL STRENGTH","location":"0;5","type":"2","inputTransform":"K:+X'=X!(X>10)!(X<1)!(X?.E1\".\"3N.N) X","description":{"fmId":"-1","fmType":"5","type":"typed-literal","datatype":"http://www.w3.org/1999/02/22-rdf-syntax-ns#XMLLiteral","value":"Strength of coumadin pill prescribed to patient; in mgs.  Currently \rAnticoagulator only supports using one pill strength for each patient."}},{"number":"50","flags":"NJ5,2","name":"TOTAL WEEKLY DOSE","location":"0;6","type":"2","inputTransform":"K:+X'=X!(X>99)!(X<1)!(X?.E1\".\"3N.N) X","description":{"fmId":"-1","fmType":"5","type":"typed-literal","datatype":"http://www.w3.org/1999/02/22-rdf-syntax-ns#XMLLiteral","value":"Total weekly coumadin dose as established at this flow sheet entry.\rIf \"Record Total Weekly dose\" is not checked in the ANTICOAGULATER; then \rthis field will contain '---' and nothing will display in that field on \rthe flow sheet (on the REPORTS TAB in CPRS)."}},{"number":"60","flags":"F","name":"DAILY DOSING","location":"0;7","type":"4","inputTransform":"K:$L(X)>50!($L(X)<1) X","description":{"fmId":"-1","fmType":"5","type":"typed-literal","datatype":"http://www.w3.org/1999/02/22-rdf-syntax-ns#XMLLiteral","value":"mg of coumadin per day Sun - Sat separated by '|'.\rexample: 5|5|10|5|5|2.5|5"}},{"number":"70","flags":"F","name":"PATIENT NOTICE","location":"0;8","type":"4","inputTransform":"K:$L(X)>10!($L(X)<1) X","description":{"fmId":"-1","fmType":"5","type":"typed-literal","datatype":"http://www.w3.org/1999/02/22-rdf-syntax-ns#XMLLiteral","value":"How patient was contacted at this entry.  Free text and displays in flow \rsheet (CPRS REPORTS TAB)."}},{"number":"80","flags":"D","name":"D/T STAMP","location":"0;9","type":"1","inputTransform":"S %DT=\"EST\" D ^%DT S X=Y K:Y<1 X","description":{"fmId":"-1","fmType":"5","type":"typed-literal","datatype":"http://www.w3.org/1999/02/22-rdf-syntax-ns#XMLLiteral","value":"Entry date/time of item into the file."}},{"number":"90","flags":"F","name":"PROVIDER","location":"0;10","type":"4","inputTransform":"K:$L(X)>40!($L(X)<1) X","description":{"fmId":"-1","fmType":"5","type":"typed-literal","datatype":"http://www.w3.org/1999/02/22-rdf-syntax-ns#XMLLiteral","value":"Provider (from file 200) that made the entry."}},{"number":"92","flags":"F","name":"CURRENT INDICATION","location":"0;11","type":"4","inputTransform":"K:$L(X)>20!($L(X)<1) X","description":{"fmId":"-1","fmType":"5","type":"typed-literal","datatype":"http://www.w3.org/1999/02/22-rdf-syntax-ns#XMLLiteral","value":"Indication from the Anticoagulator drop down box, or free text. This is \rin case the indication changes over the course of treatment.\rexample: A Fib"}},{"number":"95","flags":"F","name":"CURRENT GOAL","location":"0;12","type":"4","inputTransform":"K:$L(X)>12!($L(X)<1) X","description":{"fmId":"-1","fmType":"5","type":"typed-literal","datatype":"http://www.w3.org/1999/02/22-rdf-syntax-ns#XMLLiteral","value":"Current goal range, in case it changed over the course of treatment.  The \rcurrent ranges are used to determine the percent in goal, since the \rpatient may have been in goal until the goal changed.  Only considered out\rof goal if they are out of range for this reading; not how this visit \rcompares to the most recent goal range."}},{"number":"99","flags":"103.1199","name":"COMMENTS","location":"1;0","type":"5","description":{"fmId":"-1","fmType":"5","type":"typed-literal","datatype":"http://www.w3.org/1999/02/22-rdf-syntax-ns#XMLLiteral","value":"Free text information for this flow sheet entry."}},{"number":"100","flags":"S","name":"SHOW VALUE","location":"0;13","type":"3","details":"0:KEPT APPT;1:W/I 1 DAY;2:NO SHOW;","description":{"fmId":"-1","fmType":"5","type":"typed-literal","datatype":"http://www.w3.org/1999/02/22-rdf-syntax-ns#XMLLiteral","value":"RECORDS VALUES FOR A SHOW RATE.  WILL LOOK AT TOTAL VISITS WITH THIS \rFIELD COMPLETED CALCULATING PERCENT WITH ON TIME (0) OR WITHIN ONE DAY \r(1); SUGGESTS COMPLIANCE.  2= NOSHOW"}},{"number":"104","flags":"S","name":"COMPLICATION","location":"0;2","type":"3","details":"1:MAJOR BLEED;2:CLOT;3:MINOR BLEED;","description":{"fmId":"-1","fmType":"5","type":"typed-literal","datatype":"http://www.w3.org/1999/02/22-rdf-syntax-ns#XMLLiteral","value":"If present, indicates that a complication was noted.  Often noted \rhistorically, the date will either be the date of the entry OR the \rdate will be in the COMPLICATIONS word processing fields."}},{"number":"105","flags":"103.11105","name":"COMPLICATION NOTE","location":"2;0","type":"5","description":{"fmId":"-1","fmType":"5","type":"typed-literal","datatype":"http://www.w3.org/1999/02/22-rdf-syntax-ns#XMLLiteral","value":"Free text or selected information on complication."}},{"number":"110","flags":"103.021","name":"PATIENT INSTRUCTIONS","location":"3;0","type":"5"}],"fmql":{"OP":"DESCRIBE TYPE","TYPE":"103_011","TYPELABEL":"FS DATE"}}