{"name":"PACKAGE PARAMETERS","number":"124.11","parent":"124.1","fields":[{"number":".01","flags":"MF","name":"PACKAGE PARAMETERS","location":"0;1","index":"B","type":"4","inputTransform":"K:$L(X)>5!($L(X)<2)!'(X'?1P.E) X","description":{"fmId":"-1","fmType":"5","type":"typed-literal","datatype":"http://www.w3.org/1999/02/22-rdf-syntax-ns#XMLLiteral","value":"The name of the package that is using the GMRG package.  This should\rcoincide with the package of one of the Prime Documents in the Aggregate\rTerm (#124.2) file."}},{"number":"1","flags":"FX","name":"PRINT ROUTINE","location":"P;E1,245","type":"4","inputTransform":"K:$L(X)>25!(X'?.1ANP.7AN.1\"^\"1ANP.7AN) X","description":{"fmId":"-1","fmType":"5","type":"typed-literal","datatype":"http://www.w3.org/1999/02/22-rdf-syntax-ns#XMLLiteral","value":"If this field is filled in, the routine named is executed when ^P is\rtyped in during a Patient Data Enter/Edit.\r \rVARIABLES PASSED TO ROUTINE:\r     DFN = Patient working on\r     GMRGRT = IEN of Prime Document^Text of Prime Document\r     GMRGPDA = IEN of GMR TEXT (#124.3) file entry working on"}},{"number":"2","flags":"S","name":"HIGHLIGHTING OFF","location":"0;2","type":"3","details":"1:OFF;0:ON;","description":{"fmId":"-1","fmType":"5","type":"typed-literal","datatype":"http://www.w3.org/1999/02/22-rdf-syntax-ns#XMLLiteral","value":"This allows an application to turn off the highlighting menu feature in\rthe patient edit module."}}],"fmql":{"OP":"DESCRIBE TYPE","TYPE":"124_11","TYPELABEL":"PACKAGE PARAMETERS"}}