{"name":"ASSOCIATED STANDING ORDERS (B)","number":"111.11","parent":"111.1","fields":[{"number":".01","flags":"MP118.3'","name":"ASSOCIATED STANDING ORDERS (B)","location":"0;1","index":"B","type":"7","details":"118.3","description":{"fmId":"-1","fmType":"5","type":"typed-literal","datatype":"http://www.w3.org/1999/02/22-rdf-syntax-ns#XMLLiteral","value":"The Standing Orders on this multiple will all be added to the patient's\rStanding Order entries for the meal breakfast when this diet or diet\rmodification is ordered for the patient."}},{"number":"1","flags":"NJ1,0","name":"QUANTITY","location":"0;2","type":"2","inputTransform":"K:+X'=X!(X>9)!(X<1)!(X?.E1\".\"1N.N) X","description":{"fmId":"-1","fmType":"5","type":"typed-literal","datatype":"http://www.w3.org/1999/02/22-rdf-syntax-ns#XMLLiteral","value":"This is the quantity of the Standing Order."}}],"fmql":{"OP":"DESCRIBE TYPE","TYPE":"111_11","TYPELABEL":"ASSOCIATED STANDING ORDERS (B)"}}