{"name":"MRSA WARD MAPPINGS","number":"104.3","location":"^MMRS(104.3,","description":{"fmId":"-1","fmType":"5","type":"typed-literal","datatype":"http://www.w3.org/1999/02/22-rdf-syntax-ns#XMLLiteral","value":"This file contains the Ward Mappings for the MRSA Program Tools software. \rHere you will create 'Geographical Units' which consist of one or more \rWard Locations (from file 42). For purposes of the MRSA Program Tools \rsoftware all Ward Locations belonging to the same Geographical unit are \rone - and any interward transfers between wards belonging to the same \rgeographical unit will be ignored."},"version":"1.0","vpackage":"MMRS","fields":[{"number":".01","flags":"RF","name":"NAME","location":"0;1","index":"B","type":"4","inputTransform":"K:$L(X)>30!($L(X)<2)!'(X'?1P.E) X","description":{"fmId":"-1","fmType":"5","type":"typed-literal","datatype":"http://www.w3.org/1999/02/22-rdf-syntax-ns#XMLLiteral","value":"This is the name of the Geographical Unit. This name will be displayed on \rall reports that are run."}},{"number":"1","flags":"P104'","name":"DIVISION","location":"0;2","type":"7","details":"104","description":{"fmId":"-1","fmType":"5","type":"typed-literal","datatype":"http://www.w3.org/1999/02/22-rdf-syntax-ns#XMLLiteral","value":"This is the site that this mapping is defined for."}},{"number":"2","flags":"104.302PA","name":"WARD LOCATIONS","location":"1;0","type":"9","details":"104.302"},{"number":"3","flags":"RS","name":"TYPE","location":"0;3","type":"3","details":"AC:ACUTE CARE;CLC:CLC;OBS:OBS;OT:OTHER;","description":{"fmId":"-1","fmType":"5","type":"typed-literal","datatype":"http://www.w3.org/1999/02/22-rdf-syntax-ns#XMLLiteral","value":"This is the type of care provided to patients on this unit."}},{"number":"4","flags":"NJ7,0","name":"IPEC UNIT ID","location":"0;4","type":"2","inputTransform":"K:+X'=X!(X>1000000)!(X<1)!(X?.E1\".\"1.N) X","description":{"fmId":"-1","fmType":"5","type":"typed-literal","datatype":"http://www.w3.org/1999/02/22-rdf-syntax-ns#XMLLiteral","value":"This is the ID number that identifies this unit in IPEC.  This is only for\rAcute Care and CLC units reported to IPEC. Do NOT assign a Unit ID to any\runit that is considered OBS or Other."}}],"fmql":{"OP":"DESCRIBE TYPE","TYPE":"104_3","TYPELABEL":"MRSA WARD MAPPINGS"}}