{"name":"LASER UNIT","number":"130.0129","parent":"130","fields":[{"number":".01","flags":"MF","name":"LASER UNIT/ID","location":"0;1","index":"B","type":"4","inputTransform":"K:$L(X)>30!($L(X)<1) X","description":{"fmId":"-1","fmType":"5","type":"typed-literal","datatype":"http://www.w3.org/1999/02/22-rdf-syntax-ns#XMLLiteral","value":"This is the name or ID of the laser unit used during this procedure,"}},{"number":"1","flags":"NJ6,2","name":"LASER DURATION","location":"0;2","type":"2","inputTransform":"K:+X'=X!(X>100)!(X<0)!(X?.E1\".\"3N.N) X","description":{"fmId":"-1","fmType":"5","type":"typed-literal","datatype":"http://www.w3.org/1999/02/22-rdf-syntax-ns#XMLLiteral","value":"This is the duration in minutes that the laser unit was applied."}},{"number":"2","flags":"NJ8,2","name":"WATTAGE","location":"0;3","type":"2","inputTransform":"K:+X'=X!(X>10000)!(X<0)!(X?.E1\".\"3N.N) X","description":{"fmId":"-1","fmType":"5","type":"typed-literal","datatype":"http://www.w3.org/1999/02/22-rdf-syntax-ns#XMLLiteral","value":"This is the number of watts (joules/sec) used by the laser during the\rprocedure."}},{"number":"3","flags":"P200'","name":"LASER OPERATOR","location":"0;4","type":"7","details":"200","description":{"fmId":"-1","fmType":"5","type":"typed-literal","datatype":"http://www.w3.org/1999/02/22-rdf-syntax-ns#XMLLiteral","value":"This is the authorized laser operator who operated this laser unit during\rthis procedure. If the person cannot be entered in this field, enter the\rname in the LASER COMMENTS field (#5) for this laser unit."}},{"number":"4","flags":"S","name":"PLUME EVACUATOR","location":"0;5","type":"3","details":"Y:YES;N:NO;","description":{"fmId":"-1","fmType":"5","type":"typed-literal","datatype":"http://www.w3.org/1999/02/22-rdf-syntax-ns#XMLLiteral","value":"This field determines if a plume evacuator was used with this laser unit."}},{"number":"5","flags":"130.1295","name":"LASER COMMENTS","location":"1;0","type":"5","description":{"fmId":"-1","fmType":"5","type":"typed-literal","datatype":"http://www.w3.org/1999/02/22-rdf-syntax-ns#XMLLiteral","value":"This word-processing field contains comments about the use of this laser\runit during this procedure."}}],"fmql":{"OP":"DESCRIBE TYPE","TYPE":"130_0129","TYPELABEL":"LASER UNIT"}}