{"name":"TERM CLASSIFICATION","number":"124.25","location":"^GMRD(124.25,","count":"12","lastIEN":"12","description":{"fmId":"-1","fmType":"5","type":"typed-literal","datatype":"http://www.w3.org/1999/02/22-rdf-syntax-ns#XMLLiteral","value":"File that contains the term classifications which allow a package to\rcharacterize aggregate terms."},"version":"3.0","fields":[{"number":".01","flags":"RF","name":"NAME","location":"0;1","index":"B","type":"4","inputTransform":"K:X[\"\"\"\"!($A(X)=45) X I $D(X) K:$L(X)>30!($L(X)<3)!'(X'?1P.E) X","description":{"fmId":"-1","fmType":"5","type":"typed-literal","datatype":"http://www.w3.org/1999/02/22-rdf-syntax-ns#XMLLiteral","value":"Special classification name that further identifies or categorizes\ran Aggregate Term (#124.2)."}},{"number":"1","flags":"RF","name":"PACKAGE","location":"0;2","type":"4","inputTransform":"K:X[\"\"\"\"!($A(X)=45) X I $D(X) K:$L(X)>5!($L(X)<2) X","description":{"fmId":"-1","fmType":"5","type":"typed-literal","datatype":"http://www.w3.org/1999/02/22-rdf-syntax-ns#XMLLiteral","value":"The package that is using this term classification."}},{"number":"2","flags":"S","name":"BEGIN TEXT","location":"0;3","type":"3","details":"0:NO;1:YES;","description":{"fmId":"-1","fmType":"5","type":"typed-literal","datatype":"http://www.w3.org/1999/02/22-rdf-syntax-ns#XMLLiteral","value":"This is a flag to the GMRG Reporting mechanism to show where the\rorganizational level ends, and the generation of text for the prime\rdocument begins."}},{"number":"7","flags":"FX","name":"ACTION ON ENTERING DEFAULT","location":"7;E1,245","type":"4","inputTransform":"K:$L(X)>245!($L(X)<1) X I $D(X)#2 D ^DIM","description":{"fmId":"-1","fmType":"5","type":"typed-literal","datatype":"http://www.w3.org/1999/02/22-rdf-syntax-ns#XMLLiteral","value":"The value in this field is automatically stuffed into the ACTION ON\rENTERING SELECTION field of File #124.2 if this classification was selected\rfor an Aggregate Term."}},{"number":"8","flags":"FX","name":"ACTION ON FILING DEFAULT","location":"8;E1,245","type":"4","inputTransform":"K:$L(X)>245!($L(X)<1) X I $D(X)#2 D ^DIM","description":{"fmId":"-1","fmType":"5","type":"typed-literal","datatype":"http://www.w3.org/1999/02/22-rdf-syntax-ns#XMLLiteral","value":"The data here is stuffed into the ACTION ON FILING field of File #124.2\rfor an Aggregate Term that has this classification selected."}},{"number":"9","flags":"FX","name":"ACTION ON LEAVING DEFAULT","location":"9;E1,245","type":"4","inputTransform":"K:$L(X)>245!($L(X)<1) X I $D(X)#2 D ^DIM","description":{"fmId":"-1","fmType":"5","type":"typed-literal","datatype":"http://www.w3.org/1999/02/22-rdf-syntax-ns#XMLLiteral","value":"This data is stuffed into the ACTION ON LEAVING SELECTION field of the\rAggregate Term (#124.2) file for an aggregate term associated with this\rclassification."}},{"number":"10","flags":"FX","name":"ACTION ON PRINTING DEFAULT","location":"10;E1,245","type":"4","inputTransform":"K:$L(X)>245!($L(X)<1) X I $D(X)#2 D ^DIM","description":{"fmId":"-1","fmType":"5","type":"typed-literal","datatype":"http://www.w3.org/1999/02/22-rdf-syntax-ns#XMLLiteral","value":"The data in this field is stuffed into the ACTION ON PRINTING SELECTION\rfield of the Aggregate Term (#124.2) file for terms associated with this \rclassification."}}],"fmql":{"OP":"DESCRIBE TYPE","TYPE":"124_25","TYPELABEL":"TERM CLASSIFICATION"}}