{"name":"RECIPE CATEGORY","number":"114.1","location":"^FH(114.1,","count":"45","lastIEN":"45","description":{"fmId":"-1","fmType":"5","type":"typed-literal","datatype":"http://www.w3.org/1999/02/22-rdf-syntax-ns#XMLLiteral","value":"This file contains a basic list of categorizations which may\rbe applied to recipes. It is primarily used to sort and/or\rdetermine the order in which lists of recipes will print."},"version":"5.5","vpackage":"DIETETICS","fields":[{"number":".01","flags":"RF","name":"NAME","location":"0;1","index":"B","type":"4","inputTransform":"K:$L(X)>15!($L(X)<3)!'(X'?1P.E) X","description":{"fmId":"-1","fmType":"5","type":"typed-literal","datatype":"http://www.w3.org/1999/02/22-rdf-syntax-ns#XMLLiteral","value":"This is the name of a category of recipes (e.g., beverages,\rcondiments, entree meats, etc.) which are used to sort the\rrecipe items on the various meal lists."}},{"number":"1","flags":"RFX","name":"CODE","location":"0;2","index":"C","type":"4","inputTransform":"K:X[\"\"\"\"!$A(X)=45 X I $D(X) D TR^FH K:X'?1U.1U1N.1\"X\" X I $D(X) S Y=$O(^FH(114.1,\"C\",X,0)) I Y>0,Y-DA W *7,\"  Code used by \",$P(^FH(114.1,Y,0),\"^\",1) K X","description":{"fmId":"-1","fmType":"5","type":"typed-literal","datatype":"http://www.w3.org/1999/02/22-rdf-syntax-ns#XMLLiteral","value":"This field represents a short code for the recipe category. It\rconsists of one to two characters and a number or one to two characters,\ra number, and an 'X' used when printing tray assembly tickets."}},{"number":"2","flags":"RNJ2,0","name":"MEAL PRINT ORDER","location":"0;3","type":"2","inputTransform":"K:+X'=X!(X>99)!(X<1)!(X?.E1\".\"1N.N) X","description":{"fmId":"-1","fmType":"5","type":"typed-literal","datatype":"http://www.w3.org/1999/02/22-rdf-syntax-ns#XMLLiteral","value":"This value is used to sort recipes for printing as meals. The\rvalue indicates the relative print order, from low to high, of\rrecipes in this recipe category."}},{"number":"99","flags":"S","name":"INACTIVE?","location":"I;1","type":"3","details":"Y:YES;N:NO;","description":{"fmId":"-1","fmType":"5","type":"typed-literal","datatype":"http://www.w3.org/1999/02/22-rdf-syntax-ns#XMLLiteral","value":"This field, when answered YES, will prohibit further selection\rof this Recipe Category."}}],"fmql":{"OP":"DESCRIBE TYPE","TYPE":"114_1","TYPELABEL":"RECIPE CATEGORY"}}