{"name":"TEST DOSE","number":"130.48","parent":"130.06","fields":[{"number":".01","flags":"*P50'X","name":"TEST DOSE","location":"0;1","index":"B","type":"7","details":"50","inputTransform":"S DIC(\"S\")=\"I $$SCR^SROMED(\"\"\"\",\"\"S\"\")\",D=\"B^C\" D MIX^DIC1 K DIC S DIC=$G(DIE),X=+Y K:Y<0 X","description":{"fmId":"-1","fmType":"5","type":"typed-literal","datatype":"http://www.w3.org/1999/02/22-rdf-syntax-ns#XMLLiteral","value":"This is the name of the drug used for the epidural test dose."}},{"number":"1","flags":"FX","name":"DOSE (mg)","location":"0;2","type":"4","inputTransform":"K:$L(X)>15!($L(X)<1) X D ZERO^SROUTL1","description":{"fmId":"-1","fmType":"5","type":"typed-literal","datatype":"http://www.w3.org/1999/02/22-rdf-syntax-ns#XMLLiteral","value":"This is the number of milligrams used of the test drug."}}],"fmql":{"OP":"DESCRIBE TYPE","TYPE":"130_48","TYPELABEL":"TEST DOSE"}}