{"name":"SKIN PREP AGENTS","number":"135.1","location":"^SRO(135.1,","count":"6","lastIEN":"6","description":{"fmId":"-1","fmType":"5","type":"typed-literal","datatype":"http://www.w3.org/1999/02/22-rdf-syntax-ns#XMLLiteral","value":"This file contains solutions used as skin prep agents for a surgical\rprocedure.  It is pointed to by the field SKIN PREP AGENT in the \rSurgery file.  The file is distributed with pre-supplied entries,\rhowever sites may wish to make additions to it."},"version":"3","fields":[{"number":".01","flags":"RF","name":"NAME","location":"0;1","index":"B","type":"4","inputTransform":"K:$L(X)>30!(X?.N)!($L(X)<3)!'(X'?1P.E) X","description":{"fmId":"-1","fmType":"5","type":"typed-literal","datatype":"http://www.w3.org/1999/02/22-rdf-syntax-ns#XMLLiteral","value":"This is the name of the agent used to prepare the skin prior to\rthe operative procedure.\r "}},{"number":"1","flags":"RF","name":"CODE","location":"0;2","index":"C","type":"4","inputTransform":"K:X[\"\"\"\"!($A(X)=45) X I $D(X) K:$L(X)>3!($L(X)<1) X","description":{"fmId":"-1","fmType":"5","type":"typed-literal","datatype":"http://www.w3.org/1999/02/22-rdf-syntax-ns#XMLLiteral","value":"This is the code corresponding to the skin preparation agent name.\r "}},{"number":"10","flags":"S","name":"INACTIVE?","location":"0;3","type":"3","details":"1:YES;","description":{"fmId":"-1","fmType":"5","type":"typed-literal","datatype":"http://www.w3.org/1999/02/22-rdf-syntax-ns#XMLLiteral","value":"Enter 'YES' to make this entry inactive and to prevent its selection and\ruse by users of the Surgery Package."}}],"fmql":{"OP":"DESCRIBE TYPE","TYPE":"135_1","TYPELABEL":"SKIN PREP AGENTS"}}