{"name":"SURGICAL DELAY","number":"132.4","location":"^SRO(132.4,","count":"21","lastIEN":"21","description":{"fmId":"-1","fmType":"5","type":"typed-literal","datatype":"http://www.w3.org/1999/02/22-rdf-syntax-ns#XMLLiteral","value":"This file will contain causes for delays of surgical procedures.  Sites\rmay make additional entries to this file, but should not alter the entries\rprovided.  It is pointed to by the field DELAY CAUSE in the Surgery file."},"version":"3","fields":[{"number":".01","flags":"R","name":"CAUSE","location":"0;1","index":"B","type":"4","inputTransform":"K:$L(X)>30!(X?.N)!($L(X)<3)!'(X'?1P.E)!(X'?.ANP) X","description":{"fmId":"-1","fmType":"5","type":"typed-literal","datatype":"http://www.w3.org/1999/02/22-rdf-syntax-ns#XMLLiteral","value":"This is the Cause of the Surgical Delay.\r "}},{"number":"10","flags":"S","name":"INACTIVE?","location":"0;2","type":"3","details":"1:YES;","description":{"fmId":"-1","fmType":"5","type":"typed-literal","datatype":"http://www.w3.org/1999/02/22-rdf-syntax-ns#XMLLiteral","value":"Enter 'YES' to make this entry inactive and to prevent its selection and\ruse by users of the Surgery Package."}}],"fmql":{"OP":"DESCRIBE TYPE","TYPE":"132_4","TYPELABEL":"SURGICAL DELAY"}}