{"name":"DRI VALUES","number":"112.2","location":"^FH(112.2,","count":"22","lastIEN":"22","description":{"fmId":"-1","fmType":"5","type":"typed-literal","datatype":"http://www.w3.org/1999/02/22-rdf-syntax-ns#XMLLiteral","value":"This file contains the values of the Dietary Reference Intakes (DRI). In\r1997, the Food and Nutrition Board began releasing updated recommendations\rfor nutrient intake levels that apply to healthy individuals under a new\rframework called Dietary Reference Intakes.  For nutrients that have not\ryet been revised as DRI (protein for example) the 1989 RDA values are the\rmost current recommendations and are used here."},"version":"5.5","vpackage":"DIETETICS","fields":[{"number":".01","flags":"RF","name":"NAME","location":"0;1","index":"B","type":"4","inputTransform":"K:$L(X)>30!(X?.N)!($L(X)<3)!'(X'?1P.E)!(X'?.ANP) X","description":{"fmId":"-1","fmType":"5","type":"typed-literal","datatype":"http://www.w3.org/1999/02/22-rdf-syntax-ns#XMLLiteral","value":"This field contains the name of a category of people for whom\rRecommended Dietary Allowance values have been published."}},{"number":".5","flags":"F","name":"MNEMONIC","location":"0;2","index":"C","type":"4","inputTransform":"K:X[\"\"\"\"!($A(X)=45) X I $D(X) K:$L(X)>8!($L(X)<1) X","description":{"fmId":"-1","fmType":"5","type":"typed-literal","datatype":"http://www.w3.org/1999/02/22-rdf-syntax-ns#XMLLiteral","value":"This is a short name, or mnemonic, for the RDA category of\rpersons."}},{"number":"1","flags":"NJ5,1","name":"PROTEIN GM.","location":"1;1","type":"2","inputTransform":"K:+X'=X!(X>100)!(X<0)!(X?.E1\".\"2N.N) X","description":{"fmId":"-1","fmType":"5","type":"typed-literal","datatype":"http://www.w3.org/1999/02/22-rdf-syntax-ns#XMLLiteral","value":"This field represents the recommended amount of Protein per\rday for this RDA group."}},{"number":"2","flags":"NJ4,0","name":"VITAMIN A RE","location":"1;2","type":"2","inputTransform":"K:+X'=X!(X>3000)!(X<0)!(X?.E1\".\"1N.N) X","description":{"fmId":"-1","fmType":"5","type":"typed-literal","datatype":"http://www.w3.org/1999/02/22-rdf-syntax-ns#XMLLiteral","value":"This field represents the recommended amount of Vitamin A in\rRetinol Equivalents per day for this RDA group."}},{"number":"3","flags":"NJ3,0","name":"VITAMIN E MG","location":"1;3","type":"2","inputTransform":"K:+X'=X!(X>100)!(X<0)!(X?.E1\".\"1N.N) X","description":{"fmId":"-1","fmType":"5","type":"typed-literal","datatype":"http://www.w3.org/1999/02/22-rdf-syntax-ns#XMLLiteral","value":"This field represents the recommended amount of Vitamin E per\rday for this RDA group."}},{"number":"4","flags":"NJ3,0","name":"VITAMIN C MG","location":"1;4","type":"2","inputTransform":"K:+X'=X!(X>200)!(X<0)!(X?.E1\".\"1N.N) X","description":{"fmId":"-1","fmType":"5","type":"typed-literal","datatype":"http://www.w3.org/1999/02/22-rdf-syntax-ns#XMLLiteral","value":"This field represents the recommended amount of Vitamin C per\rday for this RDA group."}},{"number":"5","flags":"NJ3,1","name":"THIAMIN MG","location":"1;5","type":"2","inputTransform":"K:+X'=X!(X>3)!(X<0)!(X?.E1\".\"2N.N) X","description":{"fmId":"-1","fmType":"5","type":"typed-literal","datatype":"http://www.w3.org/1999/02/22-rdf-syntax-ns#XMLLiteral","value":"This field represents the recommended amount of Thiamin per\rday for this RDA group."}},{"number":"6","flags":"NJ3,1","name":"RIBOFLAVIN MG","location":"1;6","type":"2","inputTransform":"K:+X'=X!(X>3)!(X<0)!(X?.E1\".\"2N.N) X","description":{"fmId":"-1","fmType":"5","type":"typed-literal","datatype":"http://www.w3.org/1999/02/22-rdf-syntax-ns#XMLLiteral","value":"This field represents the recommended amount of Riboflavin per\rday for this RDA group."}},{"number":"7","flags":"NJ2,0","name":"NIACIN MG","location":"1;7","type":"2","inputTransform":"K:+X'=X!(X>50)!(X<0)!(X?.E1\".\"1N.N) X","description":{"fmId":"-1","fmType":"5","type":"typed-literal","datatype":"http://www.w3.org/1999/02/22-rdf-syntax-ns#XMLLiteral","value":"This field represents the recommended amount of Niacin per\rday for this RDA group."}},{"number":"8","flags":"NJ3,1","name":"VITAMIN B6 MG","location":"1;8","type":"2","inputTransform":"K:+X'=X!(X>5)!(X<0)!(X?.E1\".\"2N.N) X","description":{"fmId":"-1","fmType":"5","type":"typed-literal","datatype":"http://www.w3.org/1999/02/22-rdf-syntax-ns#XMLLiteral","value":"This field represents the recommended amount of Vitamin B6 per\rday for this RDA group."}},{"number":"9","flags":"NJ4,0","name":"FOLATE MCG","location":"1;9","type":"2","inputTransform":"K:+X'=X!(X>1000)!(X<0)!(X?.E1\".\"1N.N) X","description":{"fmId":"-1","fmType":"5","type":"typed-literal","datatype":"http://www.w3.org/1999/02/22-rdf-syntax-ns#XMLLiteral","value":"This field represents the recommended amount of Folate per\rday for this RDA group."}},{"number":"10","flags":"NJ3,1","name":"VITAMIN B12 MCG","location":"1;10","type":"2","inputTransform":"K:+X'=X!(X>5)!(X<0)!(X?.E1\".\"2N.N) X","description":{"fmId":"-1","fmType":"5","type":"typed-literal","datatype":"http://www.w3.org/1999/02/22-rdf-syntax-ns#XMLLiteral","value":"This field represents the recommended amount of Vitamin B12 per\rday for this RDA group."}},{"number":"11","flags":"NJ4,0","name":"CALCIUM MG","location":"1;11","type":"2","inputTransform":"K:+X'=X!(X>2000)!(X<0)!(X?.E1\".\"1N.N) X","description":{"fmId":"-1","fmType":"5","type":"typed-literal","datatype":"http://www.w3.org/1999/02/22-rdf-syntax-ns#XMLLiteral","value":"This field represents the recommended amount of Calcium per\rday for this RDA group."}},{"number":"12","flags":"NJ4,0","name":"PHOSPHORUS MG","location":"1;12","type":"2","inputTransform":"K:+X'=X!(X>2000)!(X<0)!(X?.E1\".\"1N.N) X","description":{"fmId":"-1","fmType":"5","type":"typed-literal","datatype":"http://www.w3.org/1999/02/22-rdf-syntax-ns#XMLLiteral","value":"This field represents the recommended amount of Phosphorus per\rday for this RDA group."}},{"number":"13","flags":"NJ4,0","name":"MAGNESIUM MG","location":"1;13","type":"2","inputTransform":"K:+X'=X!(X>1000)!(X<0)!(X?.E1\".\"1N.N) X","description":{"fmId":"-1","fmType":"5","type":"typed-literal","datatype":"http://www.w3.org/1999/02/22-rdf-syntax-ns#XMLLiteral","value":"This field represents the recommended amount of Magnesium per\rday for this RDA group."}},{"number":"14","flags":"NJ3,0","name":"IRON MG","location":"1;14","type":"2","inputTransform":"K:+X'=X!(X>100)!(X<0)!(X?.E1\".\"1N.N) X","description":{"fmId":"-1","fmType":"5","type":"typed-literal","datatype":"http://www.w3.org/1999/02/22-rdf-syntax-ns#XMLLiteral","value":"This field represents the recommended amount of Iron per\rday for this RDA group."}},{"number":"15","flags":"NJ2,0","name":"ZINC MG","location":"1;15","type":"2","inputTransform":"K:+X'=X!(X>50)!(X<0)!(X?.E1\".\"1N.N) X","description":{"fmId":"-1","fmType":"5","type":"typed-literal","datatype":"http://www.w3.org/1999/02/22-rdf-syntax-ns#XMLLiteral","value":"This field represents the recommended amount of Zinc per\rday for this RDA group."}},{"number":"16","flags":"NJ4,1","name":"PANTOTHENIC ACID MG","location":"1;16","type":"2","inputTransform":"K:+X'=X!(X>20)!(X<0)!(X?.E1\".\"2N.N) X","description":{"fmId":"-1","fmType":"5","type":"typed-literal","datatype":"http://www.w3.org/1999/02/22-rdf-syntax-ns#XMLLiteral","value":"This field represents the recommended amount of Pantothenic Acid per\rday for this RDA group."}},{"number":"17","flags":"NJ4,2","name":"COPPER MG","location":"1;17","type":"2","inputTransform":"K:+X'=X!(X>9)!(X<0)!(X?.E1\".\"3N.N) X","description":{"fmId":"-1","fmType":"5","type":"typed-literal","datatype":"http://www.w3.org/1999/02/22-rdf-syntax-ns#XMLLiteral","value":"This field represents the recommended amount of Copper per\rday for this RDA group."}},{"number":"18","flags":"NJ5,2","name":"MANGANESE MG","location":"1;18","type":"2","inputTransform":"K:+X'=X!(X>20)!(X<0)!(X?.E1\".\"3N.N) X","description":{"fmId":"-1","fmType":"5","type":"typed-literal","datatype":"http://www.w3.org/1999/02/22-rdf-syntax-ns#XMLLiteral","value":"This field represents the recommended amount of Manganese per\rday for this RDA group."}},{"number":"19","flags":"NJ4,0","name":"SODIUM MG","location":"1;19","type":"2","inputTransform":"K:+X'=X!(X>5000)!(X<0)!(X?.E1\".\"1N.N) X","description":{"fmId":"-1","fmType":"5","type":"typed-literal","datatype":"http://www.w3.org/1999/02/22-rdf-syntax-ns#XMLLiteral","value":"This field represents the recommended amount of Sodium per\rday for this RDA group."}},{"number":"20","flags":"NJ5,0","name":"POTASSIUM MG","location":"1;20","type":"2","inputTransform":"K:+X'=X!(X>20000)!(X<0)!(X?.E1\".\"1N.N) X","description":{"fmId":"-1","fmType":"5","type":"typed-literal","datatype":"http://www.w3.org/1999/02/22-rdf-syntax-ns#XMLLiteral","value":"This field represents the recommended amount of Potassium per\rday for this RDA group."}},{"number":"21","flags":"NJ2,0","name":"BIOTIN MCG","location":"1;21","type":"2","inputTransform":"K:+X'=X!(X>99)!(X<0)!(X?.E1\".\"1N.N) X","description":{"fmId":"-1","fmType":"5","type":"typed-literal","datatype":"http://www.w3.org/1999/02/22-rdf-syntax-ns#XMLLiteral","value":"This field represents the recommended amount of Biotin\rper day for this DRI group."}},{"number":"22","flags":"NJ6,2","name":"SELENIUM MCG","location":"1;22","type":"2","inputTransform":"K:+X'=X!(X>999)!(X<0)!(X?.E1\".\"3N.N) X","description":{"fmId":"-1","fmType":"5","type":"typed-literal","datatype":"http://www.w3.org/1999/02/22-rdf-syntax-ns#XMLLiteral","value":"This field represents the recommended amount of Selenium\rper day for this RDA group."}},{"number":"23","flags":"NJ3,0","name":"CHOLINE MG","location":"1;23","type":"2","inputTransform":"K:+X'=X!(X>999)!(X<0)!(X?.E1\".\"1N.N) X","description":{"fmId":"-1","fmType":"5","type":"typed-literal","datatype":"http://www.w3.org/1999/02/22-rdf-syntax-ns#XMLLiteral","value":"This field represents the recommended amount of Choline per\rday for this RDA group."}},{"number":"24","flags":"NJ2,0","name":"VITAMIN D MCG","location":"1;24","type":"2","inputTransform":"K:+X'=X!(X>99)!(X<0)!(X?.E1\".\"1N.N) X","description":{"fmId":"-1","fmType":"5","type":"typed-literal","datatype":"http://www.w3.org/1999/02/22-rdf-syntax-ns#XMLLiteral","value":"This field represents the recommended amount of Vitamin D per\rday for this RDA group."}},{"number":"25","flags":"NJ5,2","name":"FLUORIDE MG","location":"1;25","type":"2","inputTransform":"K:+X'=X!(X>99)!(X<0)!(X?.E1\".\"3N.N) X","description":{"fmId":"-1","fmType":"5","type":"typed-literal","datatype":"http://www.w3.org/1999/02/22-rdf-syntax-ns#XMLLiteral","value":"This field represents the recommended amount of Fluoride per\rday for this RDA group."}},{"number":"26","flags":"NJ6,2","name":"VITAMIN K MCG","location":"1;26","type":"2","inputTransform":"K:+X'=X!(X>999)!(X<0)!(X?.E1\".\"3N.N) X","description":{"fmId":"-1","fmType":"5","type":"typed-literal","datatype":"http://www.w3.org/1999/02/22-rdf-syntax-ns#XMLLiteral","value":"This field represents the recommended amount of Vitamin K\rper day for this DRI group."}}],"fmql":{"OP":"DESCRIBE TYPE","TYPE":"112_2","TYPELABEL":"DRI VALUES"}}