{"name":"DIABETIC EXCHANGE","number":"114.0103","parent":"114","fields":[{"number":".01","flags":"MP114.1'","name":"DIABETIC EXCHANGE","location":"0;1","index":"B","type":"7","details":"114.1","description":{"fmId":"-1","fmType":"5","type":"typed-literal","datatype":"http://www.w3.org/1999/02/22-rdf-syntax-ns#XMLLiteral","value":"This multiple contains the Diabetic exchanges associated with\rthis recipe."}},{"number":"1","flags":"RNJ1,0","name":"QUANTITY","location":"0;2","type":"2","inputTransform":"K:+X'=X!(X>5)!(X<1)!(X?.E1\".\"1N.N) X","description":{"fmId":"-1","fmType":"5","type":"typed-literal","datatype":"http://www.w3.org/1999/02/22-rdf-syntax-ns#XMLLiteral","value":"This is the quantity of the Diabetic exchange that needs to be\romitted when the recipe is used in a meal for the Diabetic\rcalculated diets."}}],"fmql":{"OP":"DESCRIBE TYPE","TYPE":"114_0103","TYPELABEL":"DIABETIC EXCHANGE"}}