{"name":"PRODUCTION DIET","number":"116.2","location":"^FH(116.2,","count":"1","lastIEN":"1","description":{"fmId":"-1","fmType":"5","type":"typed-literal","datatype":"http://www.w3.org/1999/02/22-rdf-syntax-ns#XMLLiteral","value":"This file contains a list of the production diets which are the\rbasic diets actually prepared and from which the wide variety\rof clinical diet modifications are derived."},"version":"5.5","vpackage":"DIETETICS","fields":[{"number":".01","flags":"RF","name":"NAME","location":"0;1","index":"B","type":"4","inputTransform":"K:$L(X)>30!($L(X)<3)!'(X'?1P.E)!(X'?.ANP) X","description":{"fmId":"-1","fmType":"5","type":"typed-literal","datatype":"http://www.w3.org/1999/02/22-rdf-syntax-ns#XMLLiteral","value":"This field contains the name of a production diet. This is a\rdiet that is prepared in the kitchen (as compared to a clinical\rdiet modification which is ordered)."}},{"number":"1","flags":"RF","name":"CODE","location":"0;2","index":"C","type":"4","inputTransform":"K:X[\"\"\"\"!($A(X)=45) X I $D(X) K:$L(X)>2!($L(X)<2)!'(X?1U1UN) X I $D(X) S Y=$O(^FH(116.2,\"C\",X,0)) I Y>0,Y-DA W *7,\"  Code used by \",$P(^FH(116.2,Y,0),\"^\",1) K X","description":{"fmId":"-1","fmType":"5","type":"typed-literal","datatype":"http://www.w3.org/1999/02/22-rdf-syntax-ns#XMLLiteral","value":"This is a simple two-character code for the diet and is used\rextensively in the production summary listings."}},{"number":"3","flags":"NJ3,0","name":"# DAYS TO REVIEW","location":"0;8","type":"2","inputTransform":"K:+X'=X!(X>120)!(X<1)!(X?.E1\".\"1N.N) X","description":{"fmId":"-1","fmType":"5","type":"typed-literal","datatype":"http://www.w3.org/1999/02/22-rdf-syntax-ns#XMLLiteral","value":"This field represents the number of days after which a patient on\rthis Production Diet should be reviewed."}},{"number":"7","flags":"RNJ2,0X","name":"PRINT ORDER","location":"0;6","index":"AP","type":"2","inputTransform":"K:+X'=X!(X>99)!(X<1)!(X?.E1\".\"1N.N) X I $D(X) S Y=$O(^FH(116.2,\"AP\",X,0)) I Y>0,Y-DA W *7,\"  Order used by \",$P(^FH(116.2,Y,0),\"^\",1) K X","description":{"fmId":"-1","fmType":"5","type":"typed-literal","datatype":"http://www.w3.org/1999/02/22-rdf-syntax-ns#XMLLiteral","value":"This is the order in which this production diet will appear in lists,\rfrom low print orders to high."}},{"number":"7.5","flags":"RS","name":"PRINT ON DAILY MENU?","location":"0;7","type":"3","details":"Y:YES;N:NO;","description":{"fmId":"-1","fmType":"5","type":"typed-literal","datatype":"http://www.w3.org/1999/02/22-rdf-syntax-ns#XMLLiteral","value":"This field, when answered YES, will result in the Production Diet\rbeing listed on the Daily Menu sheets."}},{"number":"8","flags":"RNJ2,0X","name":"TALLY ORDER","location":"0;5","index":"AO","type":"2","inputTransform":"K:+X'=X!(X>99)!(X<1)!(X?.E1\".\"1N.N) X I $D(X) S Y=$O(^FH(116.2,\"AO\",X,0)) I Y>0,Y-DA W *7,\"  Order used by \",$P(^FH(116.2,Y,0),\"^\",1) K X","description":{"fmId":"-1","fmType":"5","type":"typed-literal","datatype":"http://www.w3.org/1999/02/22-rdf-syntax-ns#XMLLiteral","value":"In recoding diets, this is the order in which the clinical\r'default production diets' will be matched against this\rproduction diet. Recoding will occur as soon as a match\roccurs. Therefore, this field can be conceptualized as\rrepresenting the relative importance of the production diet."}},{"number":"10","flags":"RS","name":"IS THIS A COMBO DIET?","location":"0;4","type":"3","details":"Y:YES;N:NO;","description":{"fmId":"-1","fmType":"5","type":"typed-literal","datatype":"http://www.w3.org/1999/02/22-rdf-syntax-ns#XMLLiteral","value":"This field, when answered YES, indicates that this production\rdiet is a combination of other production diets (e.g., both\rlow sodium and calorie restricted). Since ALL production diets\rin a combo must match the 'default production diets' of a \rclinical order, such combo production diets should have a tally\rorder less than any of the individual production diets\rcontained in the combo."}},{"number":"11","flags":"116.211P","name":"SINGULAR PRODUCTION DIETS","location":"R;0","type":"9","details":"116.211","description":{"fmId":"-1","fmType":"5","type":"typed-literal","datatype":"http://www.w3.org/1999/02/22-rdf-syntax-ns#XMLLiteral","value":"This multiple contains a list of the production diets which\rconstitute the combo production diet."}},{"number":"99","flags":"S","name":"INACTIVE?","location":"I;1","type":"3","details":"Y:YES;N:NO;","description":{"fmId":"-1","fmType":"5","type":"typed-literal","datatype":"http://www.w3.org/1999/02/22-rdf-syntax-ns#XMLLiteral","value":"This field, when answered YES, will prohibit further selection\rof this Production Diet."}}],"fmql":{"OP":"DESCRIBE TYPE","TYPE":"116_2","TYPELABEL":"PRODUCTION DIET"}}