{"name":"OTHER PROCEDURES","number":"130.16","parent":"130","fields":[{"number":".01","flags":"MFX","name":"OTHER PROCEDURE","location":"0;1","type":"4","inputTransform":"K:$L(X)>50!($L(X)<1) X D:$D(X) PROC^SROPROC,OCPTASO^SROADX2(0) K:$G(X)=\"\" X","description":{"fmId":"-1","fmType":"5","type":"typed-literal","datatype":"http://www.w3.org/1999/02/22-rdf-syntax-ns#XMLLiteral","value":"VASQIP Definition (2010):\rAn additional operative procedure performed by the same surgical team\r(i.e., the same specialty/service) under the same anesthetic which has \ra CPT code different from that of the Principal Operative Procedure\r(e.g., a splenectomy performed in the course of a cholecystectomy).\rThis field should be verified. If need be, report discrepancies to the\rofficial CPT coder for surgery."}},{"number":"1.5","flags":"130.26","name":"PROCEDURE CODE COMMENTS","location":"1;0","type":"5","description":{"fmId":"-1","fmType":"5","type":"typed-literal","datatype":"http://www.w3.org/1999/02/22-rdf-syntax-ns#XMLLiteral","value":"These are comments related to this procedure.\r "}},{"number":"2","flags":"S","name":"COMPLETED","location":"0;3","type":"3","details":"Y:YES;N:NO;","description":{"fmId":"-1","fmType":"5","type":"typed-literal","datatype":"http://www.w3.org/1999/02/22-rdf-syntax-ns#XMLLiteral","value":"This indicates whether this procedure was completed.\r "}},{"number":"3","flags":"*P81'OX","name":"PLANNED OTHER PROC CPT CODE","location":"2;1","type":"7","details":"81","inputTransform":"D OCPTASO^SROADX2(1) K:X=\"\" X D IN^SROCPT S DIC(\"S\")=\"I $$ACTIV^SROCPT($S($D(SRTN):SRTN,$D(DA(1)):DA(1),1:\"\"\"\"),+Y)\" D ^DIC K DIC S DIC=DIE,X=+Y K:Y<0 X","description":{"fmId":"-1","fmType":"5","type":"typed-literal","datatype":"http://www.w3.org/1999/02/22-rdf-syntax-ns#XMLLiteral","value":"This is the Current Procedural Terminology (CPT) code corresponding to\rthis planned operative procedure. A CPT modifier on the CPT code may be\rincluded by appending the modifier to the CPT code separated by a\rhyphen in the format \"XXXXX-YY\" where \"XXXXX\" is the five character CPT\rcode and \"YY\" is the two character CPT modifier."}},{"number":"4","flags":"130.164P","name":"OTHER PROCEDURE CPT MODIFIER","location":"MOD;0","type":"9","details":"130.164"},{"number":"5","flags":"130.165A","name":"OTHER ASSOC DIAGNOSIS","location":"OADX;0","type":"9","details":"130.165","description":{"fmId":"-1","fmType":"5","type":"typed-literal","datatype":"http://www.w3.org/1999/02/22-rdf-syntax-ns#XMLLiteral","value":"The OTHER ASSOC DIAGNOSIS is used to associate diagnoses to OTHER \rPROCEDURES.  This information is needed to generate a clean claim."}}],"fmql":{"OP":"DESCRIBE TYPE","TYPE":"130_16","TYPELABEL":"OTHER PROCEDURES"}}