{"name":"ADMISSION","number":"115.01","parent":"115","fields":[{"number":".01","flags":"D","name":"ADMISSION","location":"0;1","type":"1","inputTransform":"S %DT=\"ETS\" D ^%DT S X=Y K:Y<1 X","description":{"fmId":"-1","fmType":"5","type":"typed-literal","datatype":"http://www.w3.org/1999/02/22-rdf-syntax-ns#XMLLiteral","value":"This is the date/time of admission. The admission has the same\rdate/time and internal number as the corresponding MAS\radmission stored in ^DPT."}},{"number":"1.1","flags":"NJ5,0I","name":"CURRENT DIET ORDER","location":"0;2","type":"2","inputTransform":"K:+X'=X!(X>99999)!(X<1)!(X?.E1\".\"1N.N) X","description":{"fmId":"-1","fmType":"5","type":"typed-literal","datatype":"http://www.w3.org/1999/02/22-rdf-syntax-ns#XMLLiteral","value":"This field is actually a pointer to the current diet order\rstored in Field 3."}},{"number":"1.2","flags":"DI","name":"DIET ORDER EXPIRATION","location":"0;3","type":"1","inputTransform":"S %DT=\"ETXR\" D ^%DT S X=Y K:Y<1 X","description":{"fmId":"-1","fmType":"5","type":"typed-literal","datatype":"http://www.w3.org/1999/02/22-rdf-syntax-ns#XMLLiteral","value":"This field contains the date/time of expiration of the current\rdiet pointed to by Field 1.1. If null, the current diet has\rno expiration date/time."}},{"number":"1.3","flags":"NJ5,0I","name":"CURRENT TF ORDER","location":"0;4","type":"2","inputTransform":"K:+X'=X!(X>99999)!(X<1)!(X?.E1\".\"1N.N) X","description":{"fmId":"-1","fmType":"5","type":"typed-literal","datatype":"http://www.w3.org/1999/02/22-rdf-syntax-ns#XMLLiteral","value":"This field is actually a pointer to the current Tubefeeding Order\rstored in Field 40. If null, no current tubefeeding order\rexists."}},{"number":"2.1","flags":"SI","name":"CURRENT SERVICE","location":"0;5","type":"3","details":"C:CAFETERIA;T:TRAY;D:DINING ROOM;","description":{"fmId":"-1","fmType":"5","type":"typed-literal","datatype":"http://www.w3.org/1999/02/22-rdf-syntax-ns#XMLLiteral","value":"This field contains the most recent type of service (tray,\rcafeteria or dining room) selected for the patient. It is\rused as a default for future orders."}},{"number":"3","flags":"115.02A","name":"DIET","location":"DI;0","type":"9","details":"115.02","description":{"fmId":"-1","fmType":"5","type":"typed-literal","datatype":"http://www.w3.org/1999/02/22-rdf-syntax-ns#XMLLiteral","value":"This multiple contains the individual diet orders which have\rbeen entered during this admission."}},{"number":"4","flags":"115.14DA","name":"DIET SEQUENCE","location":"AC;0","type":"9","details":"115.14","description":{"fmId":"-1","fmType":"5","type":"typed-literal","datatype":"http://www.w3.org/1999/02/22-rdf-syntax-ns#XMLLiteral","value":"This multiple indicates the sequence in which the diet orders\ractually become effective. Since orders entered later supercede\rearlier orders, the sequence times may not be the same as those\rof the original order. This multiple is the outcome of a\rrecursive templating schemata."}},{"number":"6","flags":"NJ4,0I","name":"CURRENT SF ORDER","location":"0;7","type":"2","inputTransform":"K:+X'=X!(X>9999)!(X<0)!(X?.E1\".\"1N.N) X","description":{"fmId":"-1","fmType":"5","type":"typed-literal","datatype":"http://www.w3.org/1999/02/22-rdf-syntax-ns#XMLLiteral","value":"This field is actually a pointer to the Supplemental Feeding\rmultiple (Field 20) and, if present, indicates which order\ris presently in effect. It is updated any time any diet\ractivity involving supplemental feedings takes place."}},{"number":"9","flags":"P119.4'","name":"ISOLATION/PRECAUTION","location":"0;10","type":"7","details":"119.4","description":{"fmId":"-1","fmType":"5","type":"typed-literal","datatype":"http://www.w3.org/1999/02/22-rdf-syntax-ns#XMLLiteral","value":"This field, if present, indicates that the patient is presently\ron isolation or special precautions."}},{"number":"10","flags":"P100","name":"OE/RR ISOLATION ORDER","location":"0;13","type":"7","details":"100","description":{"fmId":"-1","fmType":"5","type":"typed-literal","datatype":"http://www.w3.org/1999/02/22-rdf-syntax-ns#XMLLiteral","value":"This field contains the OE/RR file order pointer corresponding\rto the current Isolation/Precautions."}},{"number":"11","flags":"P119.6'I","name":"LAST LABEL WARD","location":"0;11","type":"7","details":"119.6","description":{"fmId":"-1","fmType":"5","type":"typed-literal","datatype":"http://www.w3.org/1999/02/22-rdf-syntax-ns#XMLLiteral","value":"This field contains the internal number of the ward (from File 42)\rfor which the last diet card label was prepared. Whenever a\rlabel run is made, this field is compared with the current ward\rand, if different, a new label is prepared."}},{"number":"12","flags":"FI","name":"LAST LABEL ROOM","location":"0;12","type":"4","inputTransform":"K:$L(X)>10!($L(X)<1) X","description":{"fmId":"-1","fmType":"5","type":"typed-literal","datatype":"http://www.w3.org/1999/02/22-rdf-syntax-ns#XMLLiteral","value":"This field contains the room-bed for which the last diet card\rlabel was prepared. Whenever a label run is made, this field\ris compared with the current room-bed and, if different, a new\rlabel is prepared."}},{"number":"13","flags":"P119.6'","name":"DIETETIC WARD","location":"0;8","type":"7","details":"119.6","description":{"fmId":"-1","fmType":"5","type":"typed-literal","datatype":"http://www.w3.org/1999/02/22-rdf-syntax-ns#XMLLiteral","value":"This field indicates the Dietetic Ward on which the patient is currently\rresiding."}},{"number":"14","flags":"P405.4'","name":"ROOM-BED","location":"0;9","type":"7","details":"405.4","description":{"fmId":"-1","fmType":"5","type":"typed-literal","datatype":"http://www.w3.org/1999/02/22-rdf-syntax-ns#XMLLiteral","value":"This field contains the free-text room-bed in which the patient is\rcurrently residing."}},{"number":"18","flags":"D","name":"DISCHARGE DATE/TIME","location":"0;14","type":"1","inputTransform":"S %DT=\"ESTX\" D ^%DT S X=Y K:Y<1 X","description":{"fmId":"-1","fmType":"5","type":"typed-literal","datatype":"http://www.w3.org/1999/02/22-rdf-syntax-ns#XMLLiteral","value":"This is the date/time a discharge was processed. It may differ from the\rdate/time selected by the MAS clerk. It is used if the discharge is\rdeleted."}},{"number":"20","flags":"115.07","name":"SUPPLEMENTAL FEEDING","location":"SF;0","type":"9","details":"115.07","description":{"fmId":"-1","fmType":"5","type":"typed-literal","datatype":"http://www.w3.org/1999/02/22-rdf-syntax-ns#XMLLiteral","value":"This multiple contains the various supplemental feeding orders\rwhich have been entered for the patient."}},{"number":"30","flags":"115.08","name":"STANDING ORDERS","location":"SP;0","type":"9","details":"115.08","description":{"fmId":"-1","fmType":"5","type":"typed-literal","datatype":"http://www.w3.org/1999/02/22-rdf-syntax-ns#XMLLiteral","value":"This field contains standing orders entered for the patient\rduring this admission."}},{"number":"40","flags":"115.04D","name":"TUBEFEEDING","location":"TF;0","type":"9","details":"115.04","description":{"fmId":"-1","fmType":"5","type":"typed-literal","datatype":"http://www.w3.org/1999/02/22-rdf-syntax-ns#XMLLiteral","value":"This multiple contains all tubefeeding orders entered during\rthis admission."}},{"number":"50","flags":"115.05D","name":"EARLY/LATE TRAY","location":"EL;0","type":"9","details":"115.05","description":{"fmId":"-1","fmType":"5","type":"typed-literal","datatype":"http://www.w3.org/1999/02/22-rdf-syntax-ns#XMLLiteral","value":"This multiple contains all early/late tray requests ordered\rfor this patient."}},{"number":"80","flags":"115.03IDA","name":"CONSULTATION","location":"DR;0","type":"9","details":"115.03","description":{"fmId":"-1","fmType":"5","type":"typed-literal","datatype":"http://www.w3.org/1999/02/22-rdf-syntax-ns#XMLLiteral","value":"This multiple contains all of the dietetic consults ordered\rduring this admission."}},{"number":"85","flags":"115.06A","name":"ADDITIONAL ORDERS","location":"OO;0","type":"9","details":"115.06","description":{"fmId":"-1","fmType":"5","type":"typed-literal","datatype":"http://www.w3.org/1999/02/22-rdf-syntax-ns#XMLLiteral","value":"This multiple contains all Additional Orders entered during this admission.\radmission."}},{"number":"90","flags":"115.11","name":"Monitors","location":"MO;0","type":"9","details":"115.11"},{"number":"99","flags":"D","name":"DATE/TIME TICKET LAST PRINTED","location":"0;15","type":"1","inputTransform":"S %DT=\"ESTXR\" D ^%DT S X=Y K:Y<1 X","description":{"fmId":"-1","fmType":"5","type":"typed-literal","datatype":"http://www.w3.org/1999/02/22-rdf-syntax-ns#XMLLiteral","value":"This is the date/time of the last Tray Ticket generated for this\rpatient.  It is used, when the user only want to print the ticket\rfor the patient when there is a diet order, supplemental feeding,\rfood preference, isolation, standing order, or location change after\rthis date/time."}},{"number":"100","flags":"D","name":"DATE/TIME CARD LAST PRINTED","location":"0;16","type":"1","inputTransform":"S %DT=\"ESTXR\" D ^%DT S X=Y K:Y<1 X","description":{"fmId":"-1","fmType":"5","type":"typed-literal","datatype":"http://www.w3.org/1999/02/22-rdf-syntax-ns#XMLLiteral","value":"This is the date/time of the last diet card generated for this\rpatient.  It is used, when the user only want to print the card\rfor the patient when there is a diet order, supplemental feeding,\rfood preference, isolation, standing order, or location change after\rthis date/time."}}],"fmql":{"OP":"DESCRIBE TYPE","TYPE":"115_01","TYPELABEL":"ADMISSION"}}