{"name":"ADVERSE REACTION REPORTING","number":"120.85","location":"^GMR(120.85,","description":{"fmId":"-1","fmType":"5","type":"typed-literal","datatype":"http://www.w3.org/1999/02/22-rdf-syntax-ns#XMLLiteral","value":"This file contains all the data for an Observed Drug reaction."},"version":"4.0","vpackage":"ADVERSE REACTION TRACKING","fields":[{"number":".01","flags":"RDX","name":"DATE/TIME OF EVENT","location":"0;1","index":"B","type":"1","inputTransform":"S %DT=\"ETX\" D ^%DT S X=Y K:Y<1 X I $D(X) S GMRA=.01 D EN4^GMRAFUT0","description":{"fmId":"-1","fmType":"5","type":"typed-literal","datatype":"http://www.w3.org/1999/02/22-rdf-syntax-ns#XMLLiteral","value":"The date/time that this observed reaction occurred."}},{"number":".02","flags":"R*P2'","name":"PATIENT","location":"0;2","index":"D","type":"7","details":"2","inputTransform":"S DIC(\"S\")=\"D SCR02^GMRAU85\" D ^DIC K DIC S DIC=DIE,X=+Y K:Y<0 X","description":{"fmId":"-1","fmType":"5","type":"typed-literal","datatype":"http://www.w3.org/1999/02/22-rdf-syntax-ns#XMLLiteral","value":"This field is the patient to whom this observed reaction occurred.\rThis field is a pointer to the Patient file."}},{"number":".03","flags":"R*P120.8'O","name":"RELATED REACTION","location":"0;15","index":"C","type":"7","details":"120.8","inputTransform":"S DIC(\"S\")=\"D SCR03^GMRAU85\" D ^DIC K DIC S DIC=DIE,X=+Y K:Y<0 X","description":{"fmId":"-1","fmType":"5","type":"typed-literal","datatype":"http://www.w3.org/1999/02/22-rdf-syntax-ns#XMLLiteral","value":"This is the related reaction in the Patient Allergies (120.8) file for\rthis event."}},{"number":".5","flags":"P200'","name":"OBSERVER","location":"0;13","type":"7","details":"200","description":{"fmId":"-1","fmType":"5","type":"typed-literal","datatype":"http://www.w3.org/1999/02/22-rdf-syntax-ns#XMLLiteral","value":"This field is the person who witnessed this reaction."}},{"number":"1.1","flags":"D","name":"DATE REPORTED","location":"0;18","index":"ARDT","type":"1","inputTransform":"S %DT=\"ESTXR\" D ^%DT S X=Y K:Y<1 X","description":{"fmId":"-1","fmType":"5","type":"typed-literal","datatype":"http://www.w3.org/1999/02/22-rdf-syntax-ns#XMLLiteral","value":"This field is to track when a report is entered into this file."}},{"number":"1.2","flags":"P200'","name":"REPORTING USER","location":"0;19","type":"7","details":"200","description":{"fmId":"-1","fmType":"5","type":"typed-literal","datatype":"http://www.w3.org/1999/02/22-rdf-syntax-ns#XMLLiteral","value":"This field is used to track the user who entered the reaction.  It is a\rpointer to File 200."}},{"number":"2","flags":"120.8502P","name":"REACTIONS","location":"2;0","type":"9","details":"120.8502","description":{"fmId":"-1","fmType":"5","type":"typed-literal","datatype":"http://www.w3.org/1999/02/22-rdf-syntax-ns#XMLLiteral","value":"A list of signs/symptoms observed for this reaction."}},{"number":"3","flags":"120.8503","name":"SUSPECTED AGENT","location":"3;0","type":"9","details":"120.8503","description":{"fmId":"-1","fmType":"5","type":"typed-literal","datatype":"http://www.w3.org/1999/02/22-rdf-syntax-ns#XMLLiteral","value":"A list of suspected agents for this observed reaction."}},{"number":"4","flags":"120.8504","name":"RELEVANT TEST/LAB DATA","location":"4;0","type":"9","details":"120.8504","description":{"fmId":"-1","fmType":"5","type":"typed-literal","datatype":"http://www.w3.org/1999/02/22-rdf-syntax-ns#XMLLiteral","value":"A list of all the relevant test/lab data for this observed reaction."}},{"number":"5","flags":"S","name":"QUESTION #1","location":"0;3","type":"3","details":"y:YES;n:NO;","description":{"fmId":"-1","fmType":"5","type":"typed-literal","datatype":"http://www.w3.org/1999/02/22-rdf-syntax-ns#XMLLiteral","value":"This field indicates whether or not a patient has died from this reaction."}},{"number":"6","flags":"S","name":"QUESTION #2","location":"0;4","type":"3","details":"y:YES;n:NO;","description":{"fmId":"-1","fmType":"5","type":"typed-literal","datatype":"http://www.w3.org/1999/02/22-rdf-syntax-ns#XMLLiteral","value":"This field indicates whether or not a patient was treated with a RX drug\rfor this reaction."}},{"number":"7","flags":"S","name":"QUESTION #3","location":"0;5","type":"3","details":"y:YES;n:NO;","description":{"fmId":"-1","fmType":"5","type":"typed-literal","datatype":"http://www.w3.org/1999/02/22-rdf-syntax-ns#XMLLiteral","value":"This field indicates whether or not the reaction caused a life threatening\rillness."}},{"number":"8","flags":"S","name":"QUESTION #4","location":"0;6","type":"3","details":"y:YES;n:NO;","description":{"fmId":"-1","fmType":"5","type":"typed-literal","datatype":"http://www.w3.org/1999/02/22-rdf-syntax-ns#XMLLiteral","value":"This field indicates whether or not the patient had to visit a doctor or\ran ER because of this reaction."}},{"number":"9","flags":"S","name":"QUESTION #5","location":"0;7","type":"3","details":"y:YES;n:NO;","description":{"fmId":"-1","fmType":"5","type":"typed-literal","datatype":"http://www.w3.org/1999/02/22-rdf-syntax-ns#XMLLiteral","value":"This field indicates whether this reaction required hospitalization."}},{"number":"9.1","flags":"NJ6,0","name":"NO. DAY HOSPITALIZED","location":"0;8","type":"2","inputTransform":"K:+X'=X!(X>100000)!(X<0)!(X?.E1\".\"1N.N) X","description":{"fmId":"-1","fmType":"5","type":"typed-literal","datatype":"http://www.w3.org/1999/02/22-rdf-syntax-ns#XMLLiteral","value":"This field shows the number of days the patient was hospitalized because\rof the reaction."}},{"number":"10","flags":"S","name":"QUESTION #6","location":"0;9","type":"3","details":"y:YES;n:NO;","description":{"fmId":"-1","fmType":"5","type":"typed-literal","datatype":"http://www.w3.org/1999/02/22-rdf-syntax-ns#XMLLiteral","value":"This field indicates if the patient had a prolonged hospitalization\rbecause of the reaction."}},{"number":"11","flags":"S","name":"QUESTION #7","location":"0;10","type":"3","details":"y:YES;n:NO;","description":{"fmId":"-1","fmType":"5","type":"typed-literal","datatype":"http://www.w3.org/1999/02/22-rdf-syntax-ns#XMLLiteral","value":"This field indicates whether or not the patient had some sort of\rpermanent disability as a result of this reaction."}},{"number":"12","flags":"S","name":"QUESTION #8","location":"0;11","type":"3","details":"y:YES;n:NO;","description":{"fmId":"-1","fmType":"5","type":"typed-literal","datatype":"http://www.w3.org/1999/02/22-rdf-syntax-ns#XMLLiteral","value":"This field indicates whether the patient recovered from any illness that\rmay have resulted from the reaction."}},{"number":"12.1","flags":"S","name":"QUESTION #9","location":"0;16","type":"3","details":"y:YES;n:NO;","description":{"fmId":"-1","fmType":"5","type":"typed-literal","datatype":"http://www.w3.org/1999/02/22-rdf-syntax-ns#XMLLiteral","value":"This field is to find out if the observed reaction was a Congenital Anomaly."}},{"number":"12.2","flags":"S","name":"QUESTION #10","location":"0;17","type":"3","details":"y:YES;n:NO;","description":{"fmId":"-1","fmType":"5","type":"typed-literal","datatype":"http://www.w3.org/1999/02/22-rdf-syntax-ns#XMLLiteral","value":"This field is to find out if this event required any intervention."}},{"number":"13","flags":"120.8513","name":"CONCOMITANT DRUGS","location":"13;0","type":"9","details":"120.8513","description":{"fmId":"-1","fmType":"5","type":"typed-literal","datatype":"http://www.w3.org/1999/02/22-rdf-syntax-ns#XMLLiteral","value":"A list of all drugs that may have been taken at the time of the reaction."}},{"number":"14","flags":"120.8514","name":"OTHER RELATED HISTORY","location":"14;0","type":"5","description":{"fmId":"-1","fmType":"5","type":"typed-literal","datatype":"http://www.w3.org/1999/02/22-rdf-syntax-ns#XMLLiteral","value":"This field contains any other related event history for this reaction."}},{"number":"14.5","flags":"S","name":"SEVERITY","location":"0;14","type":"3","details":"1:MILD;2:MODERATE;3:SEVERE;","description":{"fmId":"-1","fmType":"5","type":"typed-literal","datatype":"http://www.w3.org/1999/02/22-rdf-syntax-ns#XMLLiteral","value":"This field indicates the severity of this reaction."}},{"number":"22","flags":"DX","name":"DATE MD NOTIFIED","location":"0;12","type":"1","inputTransform":"S GMRA=22 D EN4^GMRAFUT0","description":{"fmId":"-1","fmType":"5","type":"typed-literal","datatype":"http://www.w3.org/1999/02/22-rdf-syntax-ns#XMLLiteral","value":"This field contains the date the doctor was notified of this reaction."}},{"number":"23","flags":"S","name":"FDA QUESTION #1","location":"PTC1;1","type":"3","details":"y:YES;n:NO;","description":{"fmId":"-1","fmType":"5","type":"typed-literal","datatype":"http://www.w3.org/1999/02/22-rdf-syntax-ns#XMLLiteral","value":"This field determines if the reaction is considered serious."}},{"number":"24","flags":"S","name":"FDA QUESTION #2","location":"PTC1;2","type":"3","details":"y:YES;n:NO;","description":{"fmId":"-1","fmType":"5","type":"typed-literal","datatype":"http://www.w3.org/1999/02/22-rdf-syntax-ns#XMLLiteral","value":"This question determines whether this reaction is related to a new drug."}},{"number":"25","flags":"S","name":"FDA QUESTION #3","location":"PTC1;3","type":"3","details":"y:YES;n:NO;","description":{"fmId":"-1","fmType":"5","type":"typed-literal","datatype":"http://www.w3.org/1999/02/22-rdf-syntax-ns#XMLLiteral","value":"This question determines whether this reaction was an unexpected reaction\rfor this drug."}},{"number":"26","flags":"S","name":"FDA QUESTION #4","location":"PTC1;4","type":"3","details":"y:YES;n:NO;","description":{"fmId":"-1","fmType":"5","type":"typed-literal","datatype":"http://www.w3.org/1999/02/22-rdf-syntax-ns#XMLLiteral","value":"This question determines whether this reaction is related to a\rtherapeutic failure of the drug."}},{"number":"26.1","flags":"S","name":"FDA QUESTION #5","location":"PTC1;13","type":"3","details":"y:YES;n:NO;","description":{"fmId":"-1","fmType":"5","type":"typed-literal","datatype":"http://www.w3.org/1999/02/22-rdf-syntax-ns#XMLLiteral","value":"This field is to track if the reaction was a dose related reaction."}},{"number":"27","flags":"DX","name":"DATE REPORTED TO FDA","location":"PTC1;5","type":"1","inputTransform":"S %DT=\"EPSTX\",%DT(0)=\"-NOW\" D ^%DT K %DT(0) S X=Y K:Y<1 X","description":{"fmId":"-1","fmType":"5","type":"typed-literal","datatype":"http://www.w3.org/1999/02/22-rdf-syntax-ns#XMLLiteral","value":"This field contains the date on which the FDA was sent the ADR report."}},{"number":"28","flags":"DX","name":"DATE OF PATIENT CONSENT TO MFR","location":"PTC1;6","type":"1","inputTransform":"S %DT=\"EPSTX\",%DT(0)=\"-NOW\" D ^%DT K %DT(0) S X=Y K:Y<1 X","description":{"fmId":"-1","fmType":"5","type":"typed-literal","datatype":"http://www.w3.org/1999/02/22-rdf-syntax-ns#XMLLiteral","value":"This field is the date the patient had given his consent to have the\rreaction reported to the manufacturer."}},{"number":"29","flags":"DX","name":"DATE SENT TO MFR","location":"PTC1;7","type":"1","inputTransform":"S %DT=\"EPSTX\",%DT(0)=\"-NOW\" D ^%DT K %DT(0) S X=Y K:Y<1 X","description":{"fmId":"-1","fmType":"5","type":"typed-literal","datatype":"http://www.w3.org/1999/02/22-rdf-syntax-ns#XMLLiteral","value":" This is the date when the report was sent to the manufacturer."}},{"number":"30","flags":"DX","name":"*DATE SENT TO RCPM","location":"PTC1;8","type":"1","inputTransform":"S %DT=\"EPSTX\",%DT(0)=\"-NOW\" D ^%DT K %DT(0) S X=Y K:Y<1 X","description":{"fmId":"-1","fmType":"5","type":"typed-literal","datatype":"http://www.w3.org/1999/02/22-rdf-syntax-ns#XMLLiteral","value":"This is the date when the report was sent to the regional offices."}},{"number":"31","flags":"DX","name":"DATE SENT TO VAERS","location":"PTC1;9","type":"1","inputTransform":"S %DT=\"EPSTX\",%DT(0)=\"-NOW\" D ^%DT K %DT(0) S X=Y K:X<1 X","description":{"fmId":"-1","fmType":"5","type":"typed-literal","datatype":"http://www.w3.org/1999/02/22-rdf-syntax-ns#XMLLiteral","value":"This field is the date when the report was sent to the VAERS."}},{"number":"31.1","flags":"S","name":"P&T ACTION FDA REPORT","location":"PTC1;10","type":"3","details":"y:YES;n:NO;","description":{"fmId":"-1","fmType":"5","type":"typed-literal","datatype":"http://www.w3.org/1999/02/22-rdf-syntax-ns#XMLLiteral","value":"This field indicates if the P&T committee determined whether to send\rthe report to FDA."}},{"number":"31.2","flags":"S","name":"P&T ACTION MFR REPORT","location":"PTC1;11","type":"3","details":"y:YES;n:NO;","description":{"fmId":"-1","fmType":"5","type":"typed-literal","datatype":"http://www.w3.org/1999/02/22-rdf-syntax-ns#XMLLiteral","value":"This field tells if the P&T committee determined whether to send the report to\rthe manufacturer."}},{"number":"31.3","flags":"S","name":"*P&T ACTION RCPM REPORT","location":"PTC1;12","type":"3","details":"y:YES;n:NO;","description":{"fmId":"-1","fmType":"5","type":"typed-literal","datatype":"http://www.w3.org/1999/02/22-rdf-syntax-ns#XMLLiteral","value":"This field determines whether or not the P&T committee will send the\rreport to the regional offices."}},{"number":"31.5","flags":"120.85315D","name":"P&T ADDENDUM","location":"PTC2;0","type":"9","details":"120.85315","description":{"fmId":"-1","fmType":"5","type":"typed-literal","datatype":"http://www.w3.org/1999/02/22-rdf-syntax-ns#XMLLiteral","value":"List of comments made by the P&T committee."}},{"number":"43","flags":"FX","name":"REPORTER NAME","location":"RPT;1","type":"4","inputTransform":"X ^DD(120.85,43,9.2) K:X?1P.E!(X'?.ANP)!($L(X)>30)!($L(X)<3) X","description":{"fmId":"-1","fmType":"5","type":"typed-literal","datatype":"http://www.w3.org/1999/02/22-rdf-syntax-ns#XMLLiteral","value":"This field contains the name of the person filling out the reports."}},{"number":"44","flags":"F","name":"REPORTER ADDRESS1","location":"RPT;2","type":"4","inputTransform":"K:$L(X)>30!($L(X)<3) X","description":{"fmId":"-1","fmType":"5","type":"typed-literal","datatype":"http://www.w3.org/1999/02/22-rdf-syntax-ns#XMLLiteral","value":"Line one of the address of the person filling out the report."}},{"number":"45","flags":"F","name":"REPORTER ADDRESS2","location":"RPT;3","type":"4","inputTransform":"K:$L(X)>30!($L(X)<3) X","description":{"fmId":"-1","fmType":"5","type":"typed-literal","datatype":"http://www.w3.org/1999/02/22-rdf-syntax-ns#XMLLiteral","value":"Line two of the address of the person filling out the report."}},{"number":"46","flags":"F","name":"REPORTER ADDRESS3","location":"RPT;4","type":"4","inputTransform":"K:$L(X)>30!($L(X)<3) X","description":{"fmId":"-1","fmType":"5","type":"typed-literal","datatype":"http://www.w3.org/1999/02/22-rdf-syntax-ns#XMLLiteral","value":"Line three of the address of the person filling out the report."}},{"number":"47","flags":"F","name":"REPORTER CITY","location":"RPT;5","type":"4","inputTransform":"K:$L(X)>30!($L(X)<3) X","description":{"fmId":"-1","fmType":"5","type":"typed-literal","datatype":"http://www.w3.org/1999/02/22-rdf-syntax-ns#XMLLiteral","value":"The city where the person lives who is filling out the report."}},{"number":"48","flags":"P5'","name":"REPORTER STATE","location":"RPT;6","type":"7","details":"5","description":{"fmId":"-1","fmType":"5","type":"typed-literal","datatype":"http://www.w3.org/1999/02/22-rdf-syntax-ns#XMLLiteral","value":"The state where the reporter resides."}},{"number":"49","flags":"F","name":"REPORTER ZIP","location":"RPT;7","type":"4","inputTransform":"K:$L(X)>10!($L(X)<5) X","description":{"fmId":"-1","fmType":"5","type":"typed-literal","datatype":"http://www.w3.org/1999/02/22-rdf-syntax-ns#XMLLiteral","value":"This is the zip code of the person filling out the report."}},{"number":"50","flags":"F","name":"REPORTER PHONE","location":"RPT;8","type":"4","inputTransform":"K:$L(X)>20!($L(X)<7) X","description":{"fmId":"-1","fmType":"5","type":"typed-literal","datatype":"http://www.w3.org/1999/02/22-rdf-syntax-ns#XMLLiteral","value":"This is the phone number of the person who is filling out the report."}},{"number":"51","flags":"S","name":"RPT QUESTION #1","location":"RPT;9","type":"3","details":"y:YES;n:NO;","description":{"fmId":"-1","fmType":"5","type":"typed-literal","datatype":"http://www.w3.org/1999/02/22-rdf-syntax-ns#XMLLiteral","value":"This field determines if the reporter is a health care provider."}},{"number":"52","flags":"S","name":"RPT QUESTION #2","location":"RPT;10","type":"3","details":"y:YES;n:NO;","description":{"fmId":"-1","fmType":"5","type":"typed-literal","datatype":"http://www.w3.org/1999/02/22-rdf-syntax-ns#XMLLiteral","value":"This field determines if the reporter wants to permit the FDA to inform the manufacturer of his identity."}},{"number":"52.1","flags":"F","name":"OCCUPATION","location":"RPT;11","type":"4","inputTransform":"K:$L(X)>30!($L(X)<3) X","description":{"fmId":"-1","fmType":"5","type":"typed-literal","datatype":"http://www.w3.org/1999/02/22-rdf-syntax-ns#XMLLiteral","value":"This field contains the reporter's current occupation."}},{"number":"53","flags":"FX","name":"MANUFACTURER NAME","location":"MFR1;1","type":"4","inputTransform":"X ^DD(120.85,53,9.2) K:X?1P.E!(X'?.ANP)!($L(X)>25)!($L(X)<2) X","description":{"fmId":"-1","fmType":"5","type":"typed-literal","datatype":"http://www.w3.org/1999/02/22-rdf-syntax-ns#XMLLiteral","value":"This field is the name of the manufacturer of the reactant."}},{"number":"54","flags":"F","name":"MFR ADDRESS #1","location":"MFR1;2","type":"4","inputTransform":"K:$L(X)>40!($L(X)<3) X","description":{"fmId":"-1","fmType":"5","type":"typed-literal","datatype":"http://www.w3.org/1999/02/22-rdf-syntax-ns#XMLLiteral","value":"This is address line one for the manufacturer."}},{"number":"55","flags":"F","name":"MFR ADDRESS #2","location":"MFR1;3","type":"4","inputTransform":"K:$L(X)>40!($L(X)<3) X","description":{"fmId":"-1","fmType":"5","type":"typed-literal","datatype":"http://www.w3.org/1999/02/22-rdf-syntax-ns#XMLLiteral","value":"This is address line two for the manufacturer."}},{"number":"56","flags":"F","name":"MFR ADDRESS #3","location":"MFR1;4","type":"4","inputTransform":"K:$L(X)>40!($L(X)<3) X","description":{"fmId":"-1","fmType":"5","type":"typed-literal","datatype":"http://www.w3.org/1999/02/22-rdf-syntax-ns#XMLLiteral","value":"This is address line three for the manufacturer."}},{"number":"57","flags":"F","name":"MFR CITY","location":"MFR1;5","type":"4","inputTransform":"K:$L(X)>40!($L(X)<3) X","description":{"fmId":"-1","fmType":"5","type":"typed-literal","datatype":"http://www.w3.org/1999/02/22-rdf-syntax-ns#XMLLiteral","value":"This is the city of the manufacturer."}},{"number":"58","flags":"P5'","name":"MFR STATE","location":"MFR1;6","type":"7","details":"5","description":{"fmId":"-1","fmType":"5","type":"typed-literal","datatype":"http://www.w3.org/1999/02/22-rdf-syntax-ns#XMLLiteral","value":"This is the state where the manufacturer is located."}},{"number":"59","flags":"F","name":"MFR ZIP","location":"MFR1;7","type":"4","inputTransform":"K:$L(X)>11!($L(X)<5) X","description":{"fmId":"-1","fmType":"5","type":"typed-literal","datatype":"http://www.w3.org/1999/02/22-rdf-syntax-ns#XMLLiteral","value":"This is the Zip Code of the manufacturer."}},{"number":"60","flags":"F","name":"IND/NDA # FOR SUPPORT DRUG","location":"MFR2;1","type":"4","inputTransform":"K:$L(X)>30!($L(X)<1) X","description":{"fmId":"-1","fmType":"5","type":"typed-literal","datatype":"http://www.w3.org/1999/02/22-rdf-syntax-ns#XMLLiteral","value":"This is the IND/NDA # for support drug for the manufacturer."}},{"number":"61","flags":"F","name":"MFR CONTROL #","location":"MFR2;2","type":"4","inputTransform":"K:$L(X)>30!($L(X)<1) X","description":{"fmId":"-1","fmType":"5","type":"typed-literal","datatype":"http://www.w3.org/1999/02/22-rdf-syntax-ns#XMLLiteral","value":"This is the control number used by the manufacturer."}},{"number":"62","flags":"DX","name":"DATE RECEIVED BY MFR","location":"MFR2;3","type":"1","inputTransform":"S %DT=\"EPSTX\",%DT(0)=\"-NOW\" D ^%DT K %DT(0) S X=Y K:Y<1 X","description":{"fmId":"-1","fmType":"5","type":"typed-literal","datatype":"http://www.w3.org/1999/02/22-rdf-syntax-ns#XMLLiteral","value":"This is the date the report was received by the manufacturer."}},{"number":"63","flags":"120.8563S","name":"REPORT SOURCE","location":"63;0","type":"9","details":"120.8563","description":{"fmId":"-1","fmType":"5","type":"typed-literal","datatype":"http://www.w3.org/1999/02/22-rdf-syntax-ns#XMLLiteral","value":"This is the source of the report."}},{"number":"64","flags":"S","name":"15 DAY REPORT","location":"MFR2;4","type":"3","details":"y:YES;n:NO;","description":{"fmId":"-1","fmType":"5","type":"typed-literal","datatype":"http://www.w3.org/1999/02/22-rdf-syntax-ns#XMLLiteral","value":"This field is to determine if the 15 Day Report has been completed."}},{"number":"65","flags":"S","name":"REPORT TYPE","location":"MFR2;5","type":"3","details":"i:INITIAL;f:FOLLOWUP;","description":{"fmId":"-1","fmType":"5","type":"typed-literal","datatype":"http://www.w3.org/1999/02/22-rdf-syntax-ns#XMLLiteral","value":"This is the type of report issued."}}],"fmql":{"OP":"DESCRIBE TYPE","TYPE":"120_85","TYPELABEL":"ADVERSE REACTION REPORTING"}}