{"name":"USER MENU","number":"112.6","location":"^FHUM(","description":{"fmId":"-1","fmType":"5","type":"typed-literal","datatype":"http://www.w3.org/1999/02/22-rdf-syntax-ns#XMLLiteral","value":"This file contains menus of food items, classified by day and meal,\rwhich are saved for nutrient analysis."},"version":"5.5","vpackage":"DIETETICS","fields":[{"number":".01","flags":"RF","name":"NAME","location":"0;1","index":"B","type":"4","inputTransform":"K:$L(X)>30!(X?.N)!($L(X)<3)!'(X'?1P.E)!(X'?.ANP) X","description":{"fmId":"-1","fmType":"5","type":"typed-literal","datatype":"http://www.w3.org/1999/02/22-rdf-syntax-ns#XMLLiteral","value":"This field contains the name of a user menu. This is a list of\rfood items, and amounts, that a user wishes to have analyzed\rfor nutrient content."}},{"number":".6","flags":"RS","name":"UNITS","location":"0;2","type":"3","details":"C:COMMON;G:GRAMS;","description":{"fmId":"-1","fmType":"5","type":"typed-literal","datatype":"http://www.w3.org/1999/02/22-rdf-syntax-ns#XMLLiteral","value":"This field indicates whether common units are used in specifying\rquantities or whether grams are used throughout."}},{"number":".7","flags":"D","name":"DATE ENTERED","location":"0;3","type":"1","inputTransform":"S %DT=\"EX\" D ^%DT S X=Y K:Y<1 X","description":{"fmId":"-1","fmType":"5","type":"typed-literal","datatype":"http://www.w3.org/1999/02/22-rdf-syntax-ns#XMLLiteral","value":"This field indicates the date on which this user menu was first\rcreated."}},{"number":".8","flags":"P200'","name":"USER","location":"0;4","type":"7","details":"200","description":{"fmId":"-1","fmType":"5","type":"typed-literal","datatype":"http://www.w3.org/1999/02/22-rdf-syntax-ns#XMLLiteral","value":"This field indicates the person who first created the user menu."}},{"number":"1","flags":"112.61","name":"DAY NUMBER","location":"1;0","type":"9","details":"112.61","description":{"fmId":"-1","fmType":"5","type":"typed-literal","datatype":"http://www.w3.org/1999/02/22-rdf-syntax-ns#XMLLiteral","value":"This field contains the sequence number, or day number, of the\rdays represented by this menu. It is normally 1 to the maximum\rnumber of used entered."}},{"number":"2","flags":"S","name":"RECIPE MENU?","location":"0;5","type":"3","details":"1:YES;0:NO;","description":{"fmId":"-1","fmType":"5","type":"typed-literal","datatype":"http://www.w3.org/1999/02/22-rdf-syntax-ns#XMLLiteral","value":"This field, if answered yes, means this user menu is a recipe\rmenu else, if answered no, means it is not."}}],"fmql":{"OP":"DESCRIBE TYPE","TYPE":"112_6","TYPELABEL":"USER MENU"}}