{"name":"TASKMAN MONITOR","number":"14.71","location":"^%ZIS(14.71,","description":{"fmId":"-1","fmType":"5","type":"typed-literal","datatype":"http://www.w3.org/1999/02/22-rdf-syntax-ns#XMLLiteral","value":"This Taskman file hold counts that taskman has collected during the day.\rEach of the fields 3 to 26 holds the count for 1 hour starting from\rmidnight."},"version":"8.0","vpackage":"XU","fields":[{"number":".01","flags":"RD","name":"DATE","location":"0;1","index":"B","type":"1","inputTransform":"S %DT=\"EX\" D ^%DT S X=Y K:Y<1 X","description":{"fmId":"-1","fmType":"5","type":"typed-literal","datatype":"http://www.w3.org/1999/02/22-rdf-syntax-ns#XMLLiteral","value":"This field holds the FM date that this set of monitor data is for."}},{"number":"2","flags":"F","name":"BOX-VOLUME PAIR","location":"0;2","type":"4","inputTransform":"K:$L(X)>30!($L(X)<3) X","description":{"fmId":"-1","fmType":"5","type":"typed-literal","datatype":"http://www.w3.org/1999/02/22-rdf-syntax-ns#XMLLiteral","value":"This field holds the Taskman ZTPAIR data. It should match a current\rTaskman Box-Volume pair."}},{"number":"3","flags":"NJ7,0","name":"Task Count 0","location":"0;3","type":"2","inputTransform":"K:+X'=X!(X>9999999)!(X<0)!(X?.E1\".\"1.N) X","description":{"fmId":"-1","fmType":"5","type":"typed-literal","datatype":"http://www.w3.org/1999/02/22-rdf-syntax-ns#XMLLiteral","value":"This field holds the count of the number of tasks that the manager moved\rfrom the schedule queue for time 00:00-00:59."}},{"number":"4","flags":"NJ7,0","name":"Task Count 1","location":"0;4","type":"2","inputTransform":"K:+X'=X!(X>9999999)!(X<0)!(X?.E1\".\"1.N) X","description":{"fmId":"-1","fmType":"5","type":"typed-literal","datatype":"http://www.w3.org/1999/02/22-rdf-syntax-ns#XMLLiteral","value":"This field holds the count of the number of tasks that the manager moved\rfrom the schedule queue for time 1:00-1:59."}},{"number":"5","flags":"NJ7,0","name":"Task Count 2","location":"0;5","type":"2","inputTransform":"K:+X'=X!(X>9999999)!(X<0)!(X?.E1\".\"1.N) X","description":{"fmId":"-1","fmType":"5","type":"typed-literal","datatype":"http://www.w3.org/1999/02/22-rdf-syntax-ns#XMLLiteral","value":"This field holds the count of the number of tasks that the manager moved\rfrom the schedule queue for time 2:00-2:59."}},{"number":"6","flags":"NJ7,0","name":"Task Count 3","location":"0;6","type":"2","inputTransform":"K:+X'=X!(X>9999999)!(X<0)!(X?.E1\".\"1.N) X","description":{"fmId":"-1","fmType":"5","type":"typed-literal","datatype":"http://www.w3.org/1999/02/22-rdf-syntax-ns#XMLLiteral","value":"This field holds the count of the number of tasks that the manager moved\rfrom the schedule queue for time 3:00-3:59."}},{"number":"7","flags":"NJ7,0","name":"Task Count 4","location":"0;7","type":"2","inputTransform":"K:+X'=X!(X>9999999)!(X<0)!(X?.E1\".\"1.N) X","description":{"fmId":"-1","fmType":"5","type":"typed-literal","datatype":"http://www.w3.org/1999/02/22-rdf-syntax-ns#XMLLiteral","value":"This field holds the count of the number of tasks that the manager moved\rfrom the schedule queue for time 4:00-4:59."}},{"number":"8","flags":"NJ7,0","name":"Task Count 5","location":"0;8","type":"2","inputTransform":"K:+X'=X!(X>9999999)!(X<0)!(X?.E1\".\"1.N) X","description":{"fmId":"-1","fmType":"5","type":"typed-literal","datatype":"http://www.w3.org/1999/02/22-rdf-syntax-ns#XMLLiteral","value":"This field holds the count of the number of tasks that the manager moved\rfrom the schedule queue for time 5:00-5:59."}},{"number":"9","flags":"NJ7,0","name":"Task Count 6","location":"0;9","type":"2","inputTransform":"K:+X'=X!(X>9999999)!(X<0)!(X?.E1\".\"1.N) X","description":{"fmId":"-1","fmType":"5","type":"typed-literal","datatype":"http://www.w3.org/1999/02/22-rdf-syntax-ns#XMLLiteral","value":"This field holds the count of the number of tasks that the manager moved\rfrom the schedule queue for time 6:00-6:59."}},{"number":"10","flags":"NJ7,0","name":"Task Count 7","location":"0;10","type":"2","inputTransform":"K:+X'=X!(X>9999999)!(X<0)!(X?.E1\".\"1.N) X","description":{"fmId":"-1","fmType":"5","type":"typed-literal","datatype":"http://www.w3.org/1999/02/22-rdf-syntax-ns#XMLLiteral","value":"This field holds the count of the number of tasks that the manager moved\rfrom the schedule queue for time 7:00-7:59."}},{"number":"11","flags":"NJ7,0","name":"Task Count 8","location":"0;11","type":"2","inputTransform":"K:+X'=X!(X>9999999)!(X<0)!(X?.E1\".\"1.N) X","description":{"fmId":"-1","fmType":"5","type":"typed-literal","datatype":"http://www.w3.org/1999/02/22-rdf-syntax-ns#XMLLiteral","value":"This field holds the count of the number of tasks that the manager moved\rfrom the schedule queue for time 8:00-8:59."}},{"number":"12","flags":"NJ7,0","name":"Task Count 9","location":"0;12","type":"2","inputTransform":"K:+X'=X!(X>9999999)!(X<0)!(X?.E1\".\"1.N) X","description":{"fmId":"-1","fmType":"5","type":"typed-literal","datatype":"http://www.w3.org/1999/02/22-rdf-syntax-ns#XMLLiteral","value":"This field holds the count of the number of tasks that the manager moved\rfrom the schedule queue for time 9:00-9:59."}},{"number":"13","flags":"NJ7,0","name":"Task Count 10","location":"0;13","type":"2","inputTransform":"K:+X'=X!(X>9999999)!(X<0)!(X?.E1\".\"1.N) X","description":{"fmId":"-1","fmType":"5","type":"typed-literal","datatype":"http://www.w3.org/1999/02/22-rdf-syntax-ns#XMLLiteral","value":"This field holds the count of the number of tasks that the manager moved\rfrom the schedule queue for time 10:00-10:59."}},{"number":"14","flags":"NJ7,0","name":"Task Count 11","location":"0;14","type":"2","inputTransform":"K:+X'=X!(X>9999999)!(X<0)!(X?.E1\".\"1.N) X","description":{"fmId":"-1","fmType":"5","type":"typed-literal","datatype":"http://www.w3.org/1999/02/22-rdf-syntax-ns#XMLLiteral","value":"This field holds the count of the number of tasks that the manager moved\rfrom the schedule queue for time 11:00-11:59."}},{"number":"15","flags":"NJ7,0","name":"Task Count 12","location":"0;15","type":"2","inputTransform":"K:+X'=X!(X>9999999)!(X<0)!(X?.E1\".\"1.N) X","description":{"fmId":"-1","fmType":"5","type":"typed-literal","datatype":"http://www.w3.org/1999/02/22-rdf-syntax-ns#XMLLiteral","value":"This field holds the count of the number of tasks that the manager moved\rfrom the schedule queue for time 12:00-12:59."}},{"number":"16","flags":"NJ7,0","name":"Task Count 13","location":"0;16","type":"2","inputTransform":"K:+X'=X!(X>9999999)!(X<0)!(X?.E1\".\"1.N) X","description":{"fmId":"-1","fmType":"5","type":"typed-literal","datatype":"http://www.w3.org/1999/02/22-rdf-syntax-ns#XMLLiteral","value":"This field holds the count of the number of tasks that the manager moved\rfrom the schedule queue for time 13:00-13:59."}},{"number":"17","flags":"NJ7,0","name":"Task Count 14","location":"0;17","type":"2","inputTransform":"K:+X'=X!(X>9999999)!(X<0)!(X?.E1\".\"1.N) X","description":{"fmId":"-1","fmType":"5","type":"typed-literal","datatype":"http://www.w3.org/1999/02/22-rdf-syntax-ns#XMLLiteral","value":"This field holds the count of the number of tasks that the manager moved\rfrom the schedule queue for time 14:00-14:59."}},{"number":"18","flags":"NJ7,0","name":"Task Count 15","location":"0;18","type":"2","inputTransform":"K:+X'=X!(X>9999999)!(X<0)!(X?.E1\".\"1.N) X","description":{"fmId":"-1","fmType":"5","type":"typed-literal","datatype":"http://www.w3.org/1999/02/22-rdf-syntax-ns#XMLLiteral","value":"This field holds the count of the number of tasks that the manager moved\rfrom the schedule queue for time 15:00-15:59."}},{"number":"19","flags":"NJ7,0","name":"Task Count 16","location":"0;19","type":"2","inputTransform":"K:+X'=X!(X>9999999)!(X<0)!(X?.E1\".\"1.N) X","description":{"fmId":"-1","fmType":"5","type":"typed-literal","datatype":"http://www.w3.org/1999/02/22-rdf-syntax-ns#XMLLiteral","value":"This field holds the count of the number of tasks that the manager moved\rfrom the schedule queue for time 16:00-16:59."}},{"number":"20","flags":"NJ7,0","name":"Task Count 17","location":"0;20","type":"2","inputTransform":"K:+X'=X!(X>9999999)!(X<0)!(X?.E1\".\"1.N) X","description":{"fmId":"-1","fmType":"5","type":"typed-literal","datatype":"http://www.w3.org/1999/02/22-rdf-syntax-ns#XMLLiteral","value":"This field holds the count of the number of tasks that the manager moved\rfrom the schedule queue for time 17:00-17:59."}},{"number":"21","flags":"NJ7,0","name":"Task Count 18","location":"0;21","type":"2","inputTransform":"K:+X'=X!(X>9999999)!(X<0)!(X?.E1\".\"1.N) X","description":{"fmId":"-1","fmType":"5","type":"typed-literal","datatype":"http://www.w3.org/1999/02/22-rdf-syntax-ns#XMLLiteral","value":"This field holds the count of the number of tasks that the manager moved\rfrom the schedule queue for time 18:00-18:59."}},{"number":"22","flags":"NJ7,0","name":"Task Count 19","location":"0;22","type":"2","inputTransform":"K:+X'=X!(X>9999999)!(X<0)!(X?.E1\".\"1.N) X","description":{"fmId":"-1","fmType":"5","type":"typed-literal","datatype":"http://www.w3.org/1999/02/22-rdf-syntax-ns#XMLLiteral","value":"This field holds the count of the number of tasks that the manager moved\rfrom the schedule queue for time 19:00-19:59."}},{"number":"23","flags":"NJ7,0","name":"Task Count 20","location":"0;23","type":"2","inputTransform":"K:+X'=X!(X>9999999)!(X<0)!(X?.E1\".\"1.N) X","description":{"fmId":"-1","fmType":"5","type":"typed-literal","datatype":"http://www.w3.org/1999/02/22-rdf-syntax-ns#XMLLiteral","value":"This field holds the count of the number of tasks that the manager moved\rfrom the schedule queue for time 20:00-20:59."}},{"number":"24","flags":"NJ7,0","name":"Task Count 21","location":"0;24","type":"2","inputTransform":"K:+X'=X!(X>9999999)!(X<0)!(X?.E1\".\"1.N) X","description":{"fmId":"-1","fmType":"5","type":"typed-literal","datatype":"http://www.w3.org/1999/02/22-rdf-syntax-ns#XMLLiteral","value":"This field holds the count of the number of tasks that the manager moved\rfrom the schedule queue for time 21:00-21:59."}},{"number":"25","flags":"NJ7,0","name":"Task Count 22","location":"0;25","type":"2","inputTransform":"K:+X'=X!(X>9999999)!(X<0)!(X?.E1\".\"1.N) X","description":{"fmId":"-1","fmType":"5","type":"typed-literal","datatype":"http://www.w3.org/1999/02/22-rdf-syntax-ns#XMLLiteral","value":"This field holds the count of the number of tasks that the manager moved\rfrom the schedule queue for time 22:00-22:59."}},{"number":"26","flags":"NJ7,0","name":"Task Count 23","location":"0;26","type":"2","inputTransform":"K:+X'=X!(X>9999999)!(X<0)!(X?.E1\".\"1.N) X","description":{"fmId":"-1","fmType":"5","type":"typed-literal","datatype":"http://www.w3.org/1999/02/22-rdf-syntax-ns#XMLLiteral","value":"This field holds the count of the number of tasks that the manager moved\rfrom the schedule queue for time 23:00-23:59."}},{"number":"101","flags":"CJ6","name":"Daily Total","type":"6","computation":"X ^DD(14.71,101,9.5) S X=X+$P(Y(14.71,101,1),U,26)"}],"fmql":{"OP":"DESCRIBE TYPE","TYPE":"14_71","TYPELABEL":"TASKMAN MONITOR"}}