{"name":"CONCOMITANT DRUGS","number":"120.8513","parent":"120.85","fields":[{"number":".01","flags":"MFX","name":"CONCOMITANT DRUGS","location":"0;1","index":"B","type":"4","inputTransform":"X ^DD(120.8513,.01,9.2) D DO^DIC1 K:X?1P.E!(X'?.ANP)!($L(X)>64)!($L(X)<1) X","description":{"fmId":"-1","fmType":"5","type":"typed-literal","datatype":"http://www.w3.org/1999/02/22-rdf-syntax-ns#XMLLiteral","value":"This field contains the drug(s) this patient was taking at the time\rof the reaction."}},{"number":"1","flags":"DX","name":"START DATE OF ADMINISTRATION","location":"0;2","type":"1","inputTransform":"S %DT=\"EPSTX\",%DT(0)=\"-NOW\" D ^%DT K %DT(0) S X=Y K:Y<1 X","description":{"fmId":"-1","fmType":"5","type":"typed-literal","datatype":"http://www.w3.org/1999/02/22-rdf-syntax-ns#XMLLiteral","value":"This field is the date this drug was first given to the patient."}},{"number":"2","flags":"D","name":"STOP DATE OF ADMINISTRATION","location":"0;3","type":"1","inputTransform":"S %DT=\"E\" D ^%DT S X=Y K:Y<1 X","description":{"fmId":"-1","fmType":"5","type":"typed-literal","datatype":"http://www.w3.org/1999/02/22-rdf-syntax-ns#XMLLiteral","value":"This field is the last day the patient was given this drug."}},{"number":"3","flags":"DX","name":"LAST FILL DT","location":"0;4","type":"1","inputTransform":"S %DT=\"EPSTX\",%DT(0)=\"-NOW\" D ^%DT K %DT(0) S X=Y K:Y<1 X","description":{"fmId":"-1","fmType":"5","type":"typed-literal","datatype":"http://www.w3.org/1999/02/22-rdf-syntax-ns#XMLLiteral","value":"This field is the last date that this drug was filled."}},{"number":"4","flags":"F","name":"SIG","location":"0;5","type":"4","inputTransform":"K:$L(X)>30!($L(X)<3) X","description":{"fmId":"-1","fmType":"5","type":"typed-literal","datatype":"http://www.w3.org/1999/02/22-rdf-syntax-ns#XMLLiteral","value":"This file contains the SIG code that indicates how this drug is to be given."}}],"fmql":{"OP":"DESCRIBE TYPE","TYPE":"120_8513","TYPELABEL":"CONCOMITANT DRUGS"}}