{"name":"BLOCK SITE","number":"130.49","parent":"130.06","fields":[{"number":".01","flags":"P61'","name":"BLOCK SITE","location":"0;1","index":"B","type":"7","details":"61","description":{"fmId":"-1","fmType":"5","type":"typed-literal","datatype":"http://www.w3.org/1999/02/22-rdf-syntax-ns#XMLLiteral","value":"This is the name or SNOMED code of the site of the anesthetic regional\rblock.  This information is not required, but may be useful for \rdocumentation and review.\r "}},{"number":"1","flags":"NJ6,3","name":"NEEDLE LENGTH, CM.","location":"0;2","type":"2","inputTransform":"K:+X'=X!(X>50)!(X<1)!(X?.E1\".\"4N.N) X","description":{"fmId":"-1","fmType":"5","type":"typed-literal","datatype":"http://www.w3.org/1999/02/22-rdf-syntax-ns#XMLLiteral","value":"This is the length of the needle (in cms.) used for the administration\rof the agent for regional block.\r "}},{"number":"2","flags":"NJ2,0","name":"NEEDLE GAUGE","location":"0;3","type":"2","inputTransform":"K:+X'=X!(X>50)!(X<1)!(X?.E1\".\"1N.N) X","description":{"fmId":"-1","fmType":"5","type":"typed-literal","datatype":"http://www.w3.org/1999/02/22-rdf-syntax-ns#XMLLiteral","value":"This is the gauge size of the needle used for administration of the\ragent for regional block.\r "}}],"fmql":{"OP":"DESCRIBE TYPE","TYPE":"130_49","TYPELABEL":"BLOCK SITE"}}