{"name":"PRE-V3 ACTION IENS FROM 123.1","number":"123.9999","parent":"123.9","fields":[{"number":".01","flags":"MNJ3,0X","name":"PRE-V3 ACTION IENS FROM 123.1","location":"0;1","index":"B","type":"2","inputTransform":"K:+X'=X!(X>999)!(X<0)!(X?.E1\".\"1N.N) X S:$D(X) DINUM=X","description":{"fmId":"-1","fmType":"5","type":"typed-literal","datatype":"http://www.w3.org/1999/02/22-rdf-syntax-ns#XMLLiteral","value":"This is a temporary holding place for actions so we can debug problems if\rneeded."}},{"number":"1","flags":"F","name":"OLD ACTION NAME","location":"0;2","type":"4","inputTransform":"K:$L(X)>60!($L(X)<1) X"},{"number":"2","flags":"F","name":"OLD RELATED STATUS","location":"0;3","type":"4","inputTransform":"K:$L(X)>2!($L(X)<1) X"}],"fmql":{"OP":"DESCRIBE TYPE","TYPE":"123_9999","TYPELABEL":"PRE-V3 ACTION IENS FROM 123.1"}}