{"name":"TASK SYNC FLAG","number":"14.8","location":"^%ZISL(14.8,","description":{"fmId":"-1","fmType":"5","type":"typed-literal","datatype":"http://www.w3.org/1999/02/22-rdf-syntax-ns#XMLLiteral","value":"This file holds the task syncronation flags that control if a task\rcan run or must wait."},"version":"8.0","vpackage":"KERNEL PUBLIC DOMAIN","fields":[{"number":".01","flags":"RF","name":"NAME","location":"0;1","index":"B","type":"4","inputTransform":"K:$L(X)>60!($L(X)<3)!'(X'?1P.E) X"},{"number":"1","flags":"F","name":"STATUS","location":"1;1","type":"4","inputTransform":"K:$L(X)>245!($L(X)<1) X"}],"fmql":{"OP":"DESCRIBE TYPE","TYPE":"14_8","TYPELABEL":"TASK SYNC FLAG"}}