{"name":"CONVERTED PROTOCOLS","number":"100.99101","parent":"100.99","fields":[{"number":".01","flags":"MP101'X","name":"PROTOCOL","location":"0;1","index":"B","type":"7","details":"101","inputTransform":"S DINUM=X","description":{"fmId":"-1","fmType":"5","type":"typed-literal","datatype":"http://www.w3.org/1999/02/22-rdf-syntax-ns#XMLLiteral","value":"This is a protocol for which an entry in the Order Dialog file has been\rsuccessfully created."}},{"number":"1","flags":"NJ6,2","name":"LAST ITEM CONVERTED","location":"0;2","type":"2","inputTransform":"K:+X'=X!(X>999.99)!(X<-1)!(X?.E1\".\"3N.N) X","description":{"fmId":"-1","fmType":"5","type":"typed-literal","datatype":"http://www.w3.org/1999/02/22-rdf-syntax-ns#XMLLiteral","value":"This field contains the sequence number of the last item converted for\rprotocols of type menu, protocol menu, and extended action; when all\rthe items under this protocol have been converted, this value will be\rset to -1."}}],"fmql":{"OP":"DESCRIBE TYPE","TYPE":"100_99101","TYPELABEL":"CONVERTED PROTOCOLS"}}