{"name":"ISOLATION ORDERS","number":"104.05","parent":"104","fields":[{"number":".01","flags":"MRP101.43'","name":"ISOLATION ORDER","location":"0;1","index":"B","type":"7","details":"101.43","description":{"fmId":"-1","fmType":"5","type":"typed-literal","datatype":"http://www.w3.org/1999/02/22-rdf-syntax-ns#XMLLiteral","value":"The orderable item that is used at your facility for isolation purposes."}},{"number":"1","flags":"S","name":"EXPANDED PRECAUTION TYPE","location":"0;2","type":"3","details":"1:CONTACT PRECAUTIONS;2:CONTACT PRECAUTIONS SPECIAL;3:AIRBORNE INFECTION;4:DROPLET;5:PROTECTIVE ENVIRONMENT;6:ISOLATION ORDER;","description":{"fmId":"-1","fmType":"5","type":"typed-literal","datatype":"http://www.w3.org/1999/02/22-rdf-syntax-ns#XMLLiteral","value":"The expanded precaution type this order is used for."}}],"fmql":{"OP":"DESCRIBE TYPE","TYPE":"104_05","TYPELABEL":"ISOLATION ORDERS"}}