{"name":"MANAGERS","number":"14.72101","parent":"14.72","fields":[{"number":".01","flags":"NJ9,0","name":"MANAGER","location":"0;1","index":"B","type":"2","inputTransform":"K:+X'=X!(X>999999999)!(X<1)!(X?.E1\".\"1N.N) X","description":{"fmId":"-1","fmType":"5","type":"typed-literal","datatype":"http://www.w3.org/1999/02/22-rdf-syntax-ns#XMLLiteral","value":"To store info about each Task Manager running."}},{"number":"2","flags":"FO","name":"DATETIME","location":"0;2","type":"4","inputTransform":"K:$L(X)>11!($L(X)<5) X","description":{"fmId":"-1","fmType":"5","type":"typed-literal","datatype":"http://www.w3.org/1999/02/22-rdf-syntax-ns#XMLLiteral","value":"This is the short Status."}},{"number":"3","flags":"F","name":"STATUS","location":"0;3","type":"4","inputTransform":"K:$L(X)>7!($L(X)<3) X","description":{"fmId":"-1","fmType":"5","type":"typed-literal","datatype":"http://www.w3.org/1999/02/22-rdf-syntax-ns#XMLLiteral","value":"The short Status word."}},{"number":"4","flags":"F","name":"PAIR","location":"0;4","type":"4","inputTransform":"K:$L(X)>20!($L(X)<3) X","description":{"fmId":"-1","fmType":"5","type":"typed-literal","datatype":"http://www.w3.org/1999/02/22-rdf-syntax-ns#XMLLiteral","value":"The Box:Volume pair name."}},{"number":"5","flags":"F","name":"LONG STATUS","location":"0;5","type":"4","inputTransform":"K:$L(X)>30!($L(X)<2) X","description":{"fmId":"-1","fmType":"5","type":"typed-literal","datatype":"http://www.w3.org/1999/02/22-rdf-syntax-ns#XMLLiteral","value":"This is the Long Status message."}}],"fmql":{"OP":"DESCRIBE TYPE","TYPE":"14_72101","TYPELABEL":"MANAGERS"}}