{"name":"STANDING ORDERS","number":"118.3","location":"^FH(118.3,","description":{"fmId":"-1","fmType":"5","type":"typed-literal","datatype":"http://www.w3.org/1999/02/22-rdf-syntax-ns#XMLLiteral","value":"This is a list of the common standing orders (often called add-ons\ror specials) which may be ordered for a patient. It may include\rsuch things as 'double portions' or preferences such as 'no fish.'"},"version":"5.5","vpackage":"DIETETICS","fields":[{"number":".01","flags":"RF","name":"NAME","location":"0;1","index":"B","type":"4","inputTransform":"K:$L(X)>30!($L(X)<3)!'(X'?1P.E) X","description":{"fmId":"-1","fmType":"5","type":"typed-literal","datatype":"http://www.w3.org/1999/02/22-rdf-syntax-ns#XMLLiteral","value":"This field contains the name of a standing order. It may be\rsuch things as 'double portions', 'extra coffee', or even\rpreferences such as 'no fish.'"}},{"number":"1","flags":"S","name":"LABEL?","location":"0;2","type":"3","details":"Y:YES;N:NO;","description":{"fmId":"-1","fmType":"5","type":"typed-literal","datatype":"http://www.w3.org/1999/02/22-rdf-syntax-ns#XMLLiteral","value":"This field specifies whether the label should be printed or not for this\rorder."}},{"number":"99","flags":"SX","name":"INACTIVE?","location":"I;1","type":"3","details":"Y:YES;N:NO;","description":{"fmId":"-1","fmType":"5","type":"typed-literal","datatype":"http://www.w3.org/1999/02/22-rdf-syntax-ns#XMLLiteral","value":"This field, if answered YES, will prohibit further selection of\rthis standing order by ward or dietetic personnel."}}],"fmql":{"OP":"DESCRIBE TYPE","TYPE":"118_3","TYPELABEL":"STANDING ORDERS"}}