{"name":"RECIPE","number":"114","location":"^FH(114,","count":"501","lastIEN":"513","description":{"fmId":"-1","fmType":"5","type":"typed-literal","datatype":"http://www.w3.org/1999/02/22-rdf-syntax-ns#XMLLiteral","value":"This file contains all recipes necessary to build meals. Each\rrecipe consists of basic data concerning the recipe, various\ringredients, and may also contain 'embedded' recipes."},"version":"5.5","vpackage":"FH","fields":[{"number":".01","flags":"RF","name":"NAME","location":"0;1","index":"B","type":"4","inputTransform":"K:$L(X)>30!($L(X)<3)!'(X'?1P.E)!(X'?.ANP) X","description":{"fmId":"-1","fmType":"5","type":"typed-literal","datatype":"http://www.w3.org/1999/02/22-rdf-syntax-ns#XMLLiteral","value":"This is the name of the recipe. A recipe is anything served and\rmay consist of a single ingredient which requires no\rpreparation."}},{"number":"1","flags":"114.01PA","name":"INGREDIENT","location":"I;0","type":"9","details":"114.01","description":{"fmId":"-1","fmType":"5","type":"typed-literal","datatype":"http://www.w3.org/1999/02/22-rdf-syntax-ns#XMLLiteral","value":"This multiple contains the ingredients used in the recipe."}},{"number":"1.5","flags":"114.03PA","name":"EMBEDDED RECIPE","location":"R;0","type":"9","details":"114.03","description":{"fmId":"-1","fmType":"5","type":"typed-literal","datatype":"http://www.w3.org/1999/02/22-rdf-syntax-ns#XMLLiteral","value":"This field contains recipes which are 'embedded' in this recipe.\rFor example, a hot roast beef sandwich might contain bread\ras an ingredient but roast beef as an embedded recipe and\rperhaps even brown gravy as another embedded recipe."}},{"number":"2","flags":"RNJ4,0","name":"NUMBER OF PORTIONS","location":"0;2","type":"2","inputTransform":"K:+X'=X!(X>1000)!(X<1)!(X?.E1\".\"1N.N) X","description":{"fmId":"-1","fmType":"5","type":"typed-literal","datatype":"http://www.w3.org/1999/02/22-rdf-syntax-ns#XMLLiteral","value":"This is the yield, in terms of number of portions, of the\rrecipe. It should be within a factor of 10 of the normal quantity\rneeded and need not be 100."}},{"number":"3","flags":"RFX","name":"PORTION SIZE","location":"0;3","type":"4","inputTransform":"K:$L(X)>8!($L(X)<1) X I $D(X) D EN3^FHREC1","description":{"fmId":"-1","fmType":"5","type":"typed-literal","datatype":"http://www.w3.org/1999/02/22-rdf-syntax-ns#XMLLiteral","value":"This is a short description of the portion size, e.g., 3-oz. or\r1 each. Size must be a number followed by OZ, EACH or FLOZ."}},{"number":"4","flags":"F","name":"PREPARATION TIME","location":"0;4","type":"4","inputTransform":"K:$L(X)>10!($L(X)<1) X","description":{"fmId":"-1","fmType":"5","type":"typed-literal","datatype":"http://www.w3.org/1999/02/22-rdf-syntax-ns#XMLLiteral","value":"This field indicates the amount of preparation time this\rrecipe will require."}},{"number":"5","flags":"114.05P","name":"EQUIPMENT","location":"E;0","type":"9","details":"114.05","description":{"fmId":"-1","fmType":"5","type":"typed-literal","datatype":"http://www.w3.org/1999/02/22-rdf-syntax-ns#XMLLiteral","value":"This multiple is used to indicate the various types of equipment\rnecessary to produce this recipe."}},{"number":"6","flags":"P114.3'","name":"SERVING UTENSIL","location":"0;6","type":"7","details":"114.3","description":{"fmId":"-1","fmType":"5","type":"typed-literal","datatype":"http://www.w3.org/1999/02/22-rdf-syntax-ns#XMLLiteral","value":"This field indicates the primary serving utensil which will be\rrequired by tray line personnel or cafeteria line personnel."}},{"number":"7","flags":"RP114.1'","name":"DEFAULT CATEGORY","location":"0;7","type":"7","details":"114.1","description":{"fmId":"-1","fmType":"5","type":"typed-literal","datatype":"http://www.w3.org/1999/02/22-rdf-syntax-ns#XMLLiteral","value":"This is the primary category of the recipe. Selection does not\rprohibit the use of the recipe in other ways (e.g., a 'salad'\rbeing used for dessert) but does influence the printing order\rof the recipe in various lists."}},{"number":"8","flags":"F","name":"SYNONYM","location":"0;9","index":"C","type":"4","inputTransform":"K:X[\"\"\"\"!($A(X)=45) X I $D(X) K:$L(X)>25!($L(X)<3) X","description":{"fmId":"-1","fmType":"5","type":"typed-literal","datatype":"http://www.w3.org/1999/02/22-rdf-syntax-ns#XMLLiteral","value":"This field may contain a synonym, or alternate name, for the\rrecipe."}},{"number":"9","flags":"NJ1,0","name":"# DAYS PRE-PREP","location":"0;10","type":"2","inputTransform":"K:+X'=X!(X>3)!(X<0)!(X?.E1\".\"1N.N) X","description":{"fmId":"-1","fmType":"5","type":"typed-literal","datatype":"http://www.w3.org/1999/02/22-rdf-syntax-ns#XMLLiteral","value":"This field contains the number of days in advance that the recipe\rmust be prepared. It need be answered only when non-zero, that is,\rwhen the recipe is prepared in advance of the serving day."}},{"number":"10","flags":"SO","name":"PRINT RECIPE","location":"0;8","type":"3","details":"Y:YES;N:NO;","description":{"fmId":"-1","fmType":"5","type":"typed-literal","datatype":"http://www.w3.org/1999/02/22-rdf-syntax-ns#XMLLiteral","value":"This field, when answered NO, will inhibit the printing of the\rrecipe even when such printing is requested as part of the\rproduction summary. It is generally used to inhibit printing\rof one-ingredient recipes or those which require no\rpreparation."}},{"number":"11","flags":"S","name":"PRE-PREP STATE","location":"0;11","type":"3","details":"M:MIX;D:DEHYDRATED;F:FROZEN;C:CANNED;X:CONCENTRATED;S:SCRATCH;I:IND/R-T-S;P:PARTIALLY PREP;R:R-T-S;","description":{"fmId":"-1","fmType":"5","type":"typed-literal","datatype":"http://www.w3.org/1999/02/22-rdf-syntax-ns#XMLLiteral","value":"This field indicates the state of the recipe, i.e., whether\ra canned item, dehydrated, partially prepared, ready-to-serve,\retc."}},{"number":"12","flags":"P114.2'","name":"PREPARATION AREA","location":"0;12","type":"7","details":"114.2","description":{"fmId":"-1","fmType":"5","type":"typed-literal","datatype":"http://www.w3.org/1999/02/22-rdf-syntax-ns#XMLLiteral","value":"This field indicates the preparation area of the kitchen where\rthe recipe would normally be prepared."}},{"number":"20","flags":"114.02","name":"DIRECTIONS","location":"X;0","type":"5","description":{"fmId":"-1","fmType":"5","type":"typed-literal","datatype":"http://www.w3.org/1999/02/22-rdf-syntax-ns#XMLLiteral","value":"This field contains the directions for the preparation of\rthe recipe. References to absolute quantities of an\ringredient should not be made since the recipe will normally\rbe printed in an 'adjusted' form -- that is, the number of\rportions will be adjusted and hence the individual ingredient\ramounts will vary from those entered for the yield of the\rrecipe."}},{"number":"99","flags":"S","name":"INACTIVE?","location":"Z;1","type":"3","details":"Y:YES;N:NO;","description":{"fmId":"-1","fmType":"5","type":"typed-literal","datatype":"http://www.w3.org/1999/02/22-rdf-syntax-ns#XMLLiteral","value":"This field, if answered YES, will prohibit\rfurther selection of this entry."}},{"number":"101","flags":"NJ6,3","name":"COST/PORTION","location":"0;13","type":"2","inputTransform":"K:+X'=X!(X>30)!(X<.001)!(X?.E1\".\"4N.N) X","description":{"fmId":"-1","fmType":"5","type":"typed-literal","datatype":"http://www.w3.org/1999/02/22-rdf-syntax-ns#XMLLiteral","value":"This field contains the cost per portion of the recipe based upon\rthe current prices shown in the Ingredient file (113)."}},{"number":"102","flags":"P112'","name":"ASSOCIATED NUTRIENT ANALYSIS","location":"0;14","type":"7","details":"112","description":{"fmId":"-1","fmType":"5","type":"typed-literal","datatype":"http://www.w3.org/1999/02/22-rdf-syntax-ns#XMLLiteral","value":"This is a pointer to the Nutrient file (112) and contains the\rnutrient analysis of this recipe."}},{"number":"103","flags":"114.0103P","name":"DIABETIC EXCHANGE","location":"DBX;0","type":"9","details":"114.0103","description":{"fmId":"-1","fmType":"5","type":"typed-literal","datatype":"http://www.w3.org/1999/02/22-rdf-syntax-ns#XMLLiteral","value":"This multiple contains the Diabetic exchanges associated with this\rrecipe.  It is use to handle the Diabetic calculated diets."}}],"fmql":{"OP":"DESCRIBE TYPE","TYPE":"114","TYPELABEL":"RECIPE"}}