{"name":"OR SCRUB SUPPORT","number":"130.36","parent":"130","fields":[{"number":".01","flags":"*P200'X","name":"OR SCRUB SUPPORT","location":"0;1","type":"7","details":"200","inputTransform":"S DIC(\"S\")=\"S RESTRICT=\"\"130.36,.01\"\" D KEY^SROXPR I $D(SROK)\" D ^DIC K DIC S DIC=DIE,X=+Y K:Y<0 X","description":{"fmId":"-1","fmType":"5","type":"typed-literal","datatype":"http://www.w3.org/1999/02/22-rdf-syntax-ns#XMLLiteral","value":"This is the name of the person assuming scrub role responsibilities.\rAlthough optional, this information will appear on the Nurse\rIntraoperative Report if entered.\r "}},{"number":"1","flags":"130.37DA","name":"TIME ON","location":"1;0","type":"9","details":"130.37","description":{"fmId":"-1","fmType":"5","type":"typed-literal","datatype":"http://www.w3.org/1999/02/22-rdf-syntax-ns#XMLLiteral","value":"This is the date/time that this person's responsibilities for scrub\rsupport began.  Both date and time must be entered."}},{"number":"3","flags":"S","name":"STATUS","location":"0;3","type":"3","details":"O:ORIENTEE;F:FULLY TRAINED;","description":{"fmId":"-1","fmType":"5","type":"typed-literal","datatype":"http://www.w3.org/1999/02/22-rdf-syntax-ns#XMLLiteral","value":"This is the code corresponding to the educational preparation of\rthe person assuming scrub role responsibilities."}}],"fmql":{"OP":"DESCRIBE TYPE","TYPE":"130_36","TYPELABEL":"OR SCRUB SUPPORT"}}