{"name":"GMRY OUTPUT SUBTYPE","number":"126.6","location":"^GMRD(126.6,","count":"3","lastIEN":"3","description":{"fmId":"-1","fmType":"5","type":"typed-literal","datatype":"http://www.w3.org/1999/02/22-rdf-syntax-ns#XMLLiteral","value":"This file contains subtypes associated with the output types.  For example,\rvoid, foley and suprapubic are subtypes of the output type urine.  The ADP\rcoordinator is allowed to configure the file."},"version":"4.0","vpackage":"GEN. MED. REC. - I/O","fields":[{"number":".01","flags":"RF","name":"OUTPUT SUBTYPE","location":"0;1","index":"B","type":"4","inputTransform":"K:$L(X)>30!($L(X)<1)!'(X'?1P.E) X","description":{"fmId":"-1","fmType":"5","type":"typed-literal","datatype":"http://www.w3.org/1999/02/22-rdf-syntax-ns#XMLLiteral","value":"This field contains the names of subtypes under each major output category. \rVOID, FOLEY, STRAIGHT CATHETER, SUPRAPUBIC, and NEPHROSTOMY are subtypes of \rURINE. "}},{"number":"1","flags":"RP126.58'","name":"OUTPUT TYPE","location":"0;2","index":"C","type":"7","details":"126.58","description":{"fmId":"-1","fmType":"5","type":"typed-literal","datatype":"http://www.w3.org/1999/02/22-rdf-syntax-ns#XMLLiteral","value":"This field associates the major categories of patient output with an output\rsubtype in the .01 field in the file.  Pointer to the OUTPUT TYPE file\r(#126.58)."}}],"fmql":{"OP":"DESCRIBE TYPE","TYPE":"126_6","TYPELABEL":"GMRY OUTPUT SUBTYPE"}}