{"name":"FIELDS","number":"100.231","parent":"100.23","fields":[{"number":".01","flags":"MP100.22'X","name":"FIELDS","location":"0;1","index":"B","type":"7","details":"100.22","description":{"fmId":"-1","fmType":"5","type":"typed-literal","datatype":"http://www.w3.org/1999/02/22-rdf-syntax-ns#XMLLiteral","value":"The allowable choices come from the OE/RR PRINT FIELDS FILE and\rare grouped here to make up a format."}},{"number":".02","flags":"NJ2,0","name":"ROW","location":"0;2","type":"2","inputTransform":"K:+X'=X!(X>90)!(X<1)!(X?.E1\".\"1N.N) X","description":{"fmId":"-1","fmType":"5","type":"typed-literal","datatype":"http://www.w3.org/1999/02/22-rdf-syntax-ns#XMLLiteral","value":"This is the row that selected field will print on."}},{"number":".03","flags":"NJ3,0","name":"COLUMN","location":"0;3","type":"2","inputTransform":"K:+X'=X!(X>132)!(X<1)!(X?.E1\".\"1N.N) X","description":{"fmId":"-1","fmType":"5","type":"typed-literal","datatype":"http://www.w3.org/1999/02/22-rdf-syntax-ns#XMLLiteral","value":"This is the column that the selected field will print on."}},{"number":".04","flags":"F","name":"CAPTION (Optional)","location":"0;4","type":"4","inputTransform":"K:$L(X)>20!($L(X)<1) X","description":{"fmId":"-1","fmType":"5","type":"typed-literal","datatype":"http://www.w3.org/1999/02/22-rdf-syntax-ns#XMLLiteral","value":"This is the caption to be used when printing this field.  Caption is \roptional.  If this entry is blank, the default caption from the OE/RR\rPRINT FIELDS file for this field is used.  If no caption is desired\rfor this field, enter the word NONE."}},{"number":".05","flags":"F","name":"LITERAL TEXT","location":"0;5","type":"4","inputTransform":"K:$L(X)>80!($L(X)<1) X","description":{"fmId":"-1","fmType":"5","type":"typed-literal","datatype":"http://www.w3.org/1999/02/22-rdf-syntax-ns#XMLLiteral","value":"This is used for FREE TEXT fields.  If the field selected is FREE TEXT,\renter here the text that is to be printed."}},{"number":".06","flags":"F","name":"FORMAT","location":"0;6","type":"4","inputTransform":"K:$L(X)>20!($L(X)<1) X","description":{"fmId":"-1","fmType":"5","type":"typed-literal","datatype":"http://www.w3.org/1999/02/22-rdf-syntax-ns#XMLLiteral","value":"Enter the format in which you want the selected print field to appear.\re.g., MM/DD/YY HR:MIN for date/time fields, or LAST, FIRST MI for names."}},{"number":".07","flags":"S","name":"SUPPRESS CAPTION","location":"0;7","type":"3","details":"0:NO;1:YES;","description":{"fmId":"-1","fmType":"5","type":"typed-literal","datatype":"http://www.w3.org/1999/02/22-rdf-syntax-ns#XMLLiteral","value":"This field, if set to YES, will suppress the printing of a caption\rwhen data for this field is not present."}}],"fmql":{"OP":"DESCRIBE TYPE","TYPE":"100_231","TYPELABEL":"FIELDS"}}