{"name":"EARLY/LATE TRAY","number":"115.05","parent":"115.01","fields":[{"number":".01","flags":"DX","name":"EARLY/LATE TRAY","location":"0;1","index":"ADLT","type":"1","inputTransform":"S %DT=\"ETXR\" D ^%DT S X=Y K:Y<1 X I $D(X) S DINUM=X","description":{"fmId":"-1","fmType":"5","type":"typed-literal","datatype":"http://www.w3.org/1999/02/22-rdf-syntax-ns#XMLLiteral","value":"This field contains the date/time at which the early/late\rtray is to be delivered."}},{"number":"1","flags":"RS","name":"MEAL","location":"0;2","type":"3","details":"B:BREAKFAST;N:NOON;E:EVENING;","description":{"fmId":"-1","fmType":"5","type":"typed-literal","datatype":"http://www.w3.org/1999/02/22-rdf-syntax-ns#XMLLiteral","value":"This field indicates for which meal the early or late tray is ordered."}},{"number":"2","flags":"F","name":"TIME","location":"0;3","type":"4","inputTransform":"K:$L(X)>10!($L(X)<1) X","description":{"fmId":"-1","fmType":"5","type":"typed-literal","datatype":"http://www.w3.org/1999/02/22-rdf-syntax-ns#XMLLiteral","value":"This field contains a printable time for which the meal is to\rdelivered."}},{"number":"3","flags":"S","name":"BAGGED MEAL?","location":"0;4","type":"3","details":"Y:YES;N:NO;","description":{"fmId":"-1","fmType":"5","type":"typed-literal","datatype":"http://www.w3.org/1999/02/22-rdf-syntax-ns#XMLLiteral","value":"If answered YES, this field indicates that a bagged meal is desired."}},{"number":"4","flags":"RP200'","name":"CLERK","location":"0;5","type":"7","details":"200","description":{"fmId":"-1","fmType":"5","type":"typed-literal","datatype":"http://www.w3.org/1999/02/22-rdf-syntax-ns#XMLLiteral","value":"This field is automatically updated with the user entering\rthe order."}},{"number":"5","flags":"RD","name":"ENTRY DATE/TIME","location":"0;6","type":"1","inputTransform":"S %DT=\"ETXR\" D ^%DT S X=Y K:Y<1 X","description":{"fmId":"-1","fmType":"5","type":"typed-literal","datatype":"http://www.w3.org/1999/02/22-rdf-syntax-ns#XMLLiteral","value":"This field contains the date/time the order was actually\rentered."}},{"number":"6","flags":"P100","name":"OE/RR ORDER","location":"0;7","type":"7","details":"100","description":{"fmId":"-1","fmType":"5","type":"typed-literal","datatype":"http://www.w3.org/1999/02/22-rdf-syntax-ns#XMLLiteral","value":"This field contains a pointer to the OE/RR file order corresponding\rto this order."}}],"fmql":{"OP":"DESCRIBE TYPE","TYPE":"115_05","TYPELABEL":"EARLY/LATE TRAY"}}