{"name":"ANTIMICROBIAL SUSCEPTIBILITY","number":"104.191","parent":"104.109","fields":[{"number":".01","flags":"MP62.06'","name":"ANTIMICROBIAL SUSCEPTIBILITY","location":"0;1","index":"B","type":"7","details":"62.06","description":{"fmId":"-1","fmType":"5","type":"typed-literal","datatype":"http://www.w3.org/1999/02/22-rdf-syntax-ns#XMLLiteral","value":"This defines which antimicrobials will be searched for to see if the\retiology is resistant to them. If no antimicrobials are specified, then\rthe program will just search for the presence of the etiology, without  \rsearching to see if the etiology is resistant to any of the \rantimicrobials."}},{"number":"1","flags":"S","name":"INDICATOR","location":"0;2","type":"3","details":"1:Contains;2:Greater Than;3:Less Than;4:Equal To;","description":{"fmId":"-1","fmType":"5","type":"typed-literal","datatype":"http://www.w3.org/1999/02/22-rdf-syntax-ns#XMLLiteral","value":"This will determine how to match lab results."}},{"number":"2","flags":"F","name":"INDICATED VALUE","location":"0;3","type":"4","inputTransform":"K:$L(X)>30!($L(X)<1) X","description":{"fmId":"-1","fmType":"5","type":"typed-literal","datatype":"http://www.w3.org/1999/02/22-rdf-syntax-ns#XMLLiteral","value":"If the search is conditional this defines the criteria."}}],"fmql":{"OP":"DESCRIBE TYPE","TYPE":"104_191","TYPELABEL":"ANTIMICROBIAL SUSCEPTIBILITY"}}