{"name":"GMRG PARAMETERS","number":"124.1","location":"^GMRD(124.1,","count":"1","lastIEN":"1","description":{"fmId":"-1","fmType":"5","type":"typed-literal","datatype":"http://www.w3.org/1999/02/22-rdf-syntax-ns#XMLLiteral","value":"Various site configurable parameters for the Text Generator package."},"version":"3.0","fields":[{"number":".01","flags":"RFX","name":"NAME","location":"0;1","index":"B","type":"4","inputTransform":"K:$L(X)>8!($L(X)<8)!'(X=\"HOSPITAL\") X","description":{"fmId":"-1","fmType":"5","type":"typed-literal","datatype":"http://www.w3.org/1999/02/22-rdf-syntax-ns#XMLLiteral","value":"The entry in this field can only be 'HOSPITAL', and there can only be one\rentry in this file."}},{"number":"1","flags":"124.11","name":"PACKAGE PARAMETERS","location":"1;0","type":"9","details":"124.11","description":{"fmId":"-1","fmType":"5","type":"typed-literal","datatype":"http://www.w3.org/1999/02/22-rdf-syntax-ns#XMLLiteral","value":"Package configurable parts of the GMRG package."}},{"number":"2","flags":"NJ7,0","name":"GMR TEXT FILE PURGE TASK","location":"PURGE;1","type":"2","inputTransform":"K:+X'=X!(X>9999999)!(X<1)!(X?.E1\".\"1N.N) X","description":{"fmId":"-1","fmType":"5","type":"typed-literal","datatype":"http://www.w3.org/1999/02/22-rdf-syntax-ns#XMLLiteral","value":"If there is data in this field, it contains the task number of the job\rcurrently running the GMR Text file purge."}}],"fmql":{"OP":"DESCRIBE TYPE","TYPE":"124_1","TYPELABEL":"GMRG PARAMETERS"}}