{"name":"SURGERY WAITING LIST","number":"133.8","location":"^SRO(133.8,","description":{"fmId":"-1","fmType":"5","type":"typed-literal","datatype":"http://www.w3.org/1999/02/22-rdf-syntax-ns#XMLLiteral","value":"This file contains information regarding the surgery waiting list for\reach surgical specialty.  Patients entered into this file will later\rbe moved into the Surgery file at the point that a request for surgery\ris made."},"version":"3","fields":[{"number":".01","flags":"R*P137.45'","name":"SURGICAL SPECIALTY","location":"0;1","index":"B","type":"7","details":"137.45","inputTransform":"S DIC(\"S\")=\"I '$P(^(0),U,3)\" D ^DIC K DIC S DIC=DIE,X=+Y K:Y<0 X","description":{"fmId":"-1","fmType":"5","type":"typed-literal","datatype":"http://www.w3.org/1999/02/22-rdf-syntax-ns#XMLLiteral","value":"This is the name of the Surgical Specialty.  All entries in the Waiting\rList file have an associated Surgical Specialty.\r "}},{"number":"1","flags":"133.801IP","name":"PATIENT","location":"1;0","type":"9","details":"133.801","description":{"fmId":"-1","fmType":"5","type":"typed-literal","datatype":"http://www.w3.org/1999/02/22-rdf-syntax-ns#XMLLiteral","value":"This is the name of the patient.\r "}}],"fmql":{"OP":"DESCRIBE TYPE","TYPE":"133_8","TYPELABEL":"SURGERY WAITING LIST"}}