{"name":"MRSA SITE PARAMETERS","number":"104","location":"^MMRS(104,","description":{"fmId":"-1","fmType":"5","type":"typed-literal","datatype":"http://www.w3.org/1999/02/22-rdf-syntax-ns#XMLLiteral","value":"This file holds the set of parameters which modify the operation of the \rMRSA Program Tools to suit the needs of your site. For multi-divisional \rfacilities, each division should have a separate entry in this file."},"version":"1.0","vpackage":"MMRS","fields":[{"number":".01","flags":"RP40.8'","name":"DIVISION","location":"0;1","index":"B","type":"7","details":"40.8","description":{"fmId":"-1","fmType":"5","type":"typed-literal","datatype":"http://www.w3.org/1999/02/22-rdf-syntax-ns#XMLLiteral","value":"This field contains the division the parameters are defined for."}},{"number":"1","flags":"S","name":"RECEIVING UNIT SCREEN","location":"0;2","type":"3","details":"0:NO;1:YES;","description":{"fmId":"-1","fmType":"5","type":"typed-literal","datatype":"http://www.w3.org/1999/02/22-rdf-syntax-ns#XMLLiteral","value":"This field should be set to 'Yes' if at your site the admitting (or \rreceiving) unit screens patients on unit-to-unit transfers."}},{"number":"2","flags":"S","name":"DISCHARGING UNIT SCREEN","location":"0;3","type":"3","details":"0:NO;1:YES;","description":{"fmId":"-1","fmType":"5","type":"typed-literal","datatype":"http://www.w3.org/1999/02/22-rdf-syntax-ns#XMLLiteral","value":"This field should be set to 'Yes' if at your site the discharging unit \rscreens patients on unit-to-unit transfers."}},{"number":"3","flags":"S","name":"SCREEN POS ON TRANSFER IN","location":"0;4","type":"3","details":"0:NO;1:YES;","description":{"fmId":"-1","fmType":"5","type":"typed-literal","datatype":"http://www.w3.org/1999/02/22-rdf-syntax-ns#XMLLiteral","value":"This field should be set to 'Yes' if at your site you are screening all \rpatients on transfers into the unit, regardless of MRSA status. This field\rshould be set to 'No' if you only screen patients not known to be infected\rand/or colonized with MRSA on transfers into the unit."}},{"number":"4","flags":"S","name":"SCREEN POS ON DISCHARGE","location":"0;5","type":"3","details":"0:NO;1:YES;","description":{"fmId":"-1","fmType":"5","type":"typed-literal","datatype":"http://www.w3.org/1999/02/22-rdf-syntax-ns#XMLLiteral","value":"This field should be set to 'Yes' if at your site you are screening \rpatients on discharge, death, or transfer out from the unit, regardless of\rMRSA status.\r \rThis field should be set to 'No' if you only screen patients not known to\rbe infected and/or colonized with MRSA on discharge, death, or transfer\rout from the unit."}},{"number":"5","flags":"104.05PA","name":"ISOLATION ORDERS","location":"1;0","type":"9","details":"104.05"}],"fmql":{"OP":"DESCRIBE TYPE","TYPE":"104","TYPELABEL":"MRSA SITE PARAMETERS"}}