{"name":"NUTRITION PERSON","number":"115","location":"^FHPT(","description":{"fmId":"-1","fmType":"5","type":"typed-literal","datatype":"http://www.w3.org/1999/02/22-rdf-syntax-ns#XMLLiteral","value":"This file contains all dietetic orders for each admission of a\rpatient. It includes diet orders, consult requests, supplemental\rfeedings, early/late tray requests, and tubefeedings. It also\rcontains any food allergies entered for the patient.\r\rThis file will also be used to store outpatient data for individuals\rserved in the outpatient meals functionality."},"version":"5.5","vpackage":"FH","fields":[{"number":".01","flags":"RF","name":"NAME","location":"0;1","index":"B","type":"4","inputTransform":"K:$L(X)>15!($L(X)<2)!'(X?1\"P\"1.11N!(X?1\"N\"1.11N)) X","description":{"fmId":"-1","fmType":"5","type":"typed-literal","datatype":"http://www.w3.org/1999/02/22-rdf-syntax-ns#XMLLiteral","value":"Beginning with the Outpatient Meals release this field will simply be a\rfree text field.  This file will need to point to either File #2 or File #200\rand those pointer values will be stored in fields #14 & #15 respectively.\rThose 2 fields will be mutually exclusive, ie, each entry in this file must\rhave a pointer value in EITHER field #14 OR field #15, BUT NOT BOTH.\r\rPreviously, this field was a pointer to the main ^DPT file and had the same\rinternal number as that file. Thus, the patient's name was the ^DPT name.\rThis was no longer feasible since it was necessary to point to file #200 also.\r\rThis field will now store either \"P\" followed by a pointer value to file #2\ror an \"N\" followed by a pointer value to #200.  For example, this field\rmight store P27 for IEN #27 in file #2.  Or this field might store N1866 for\rIEN #1866 in file #200."}},{"number":"1","flags":"115.01D","name":"ADMISSION","location":"A;0","type":"9","details":"115.01","description":{"fmId":"-1","fmType":"5","type":"typed-literal","datatype":"http://www.w3.org/1999/02/22-rdf-syntax-ns#XMLLiteral","value":"This multiple contains all dietetic information pertaining\rto this particular admission."}},{"number":"10","flags":"115.09PA","name":"FOOD PREFERENCES","location":"P;0","type":"9","details":"115.09","description":{"fmId":"-1","fmType":"5","type":"typed-literal","datatype":"http://www.w3.org/1999/02/22-rdf-syntax-ns#XMLLiteral","value":"This multiple contains the food preferences selected by the patient."}},{"number":"11","flags":"115.011DI","name":"NUTRITION ASSESSMENT","location":"N;0","type":"9","details":"115.011","description":{"fmId":"-1","fmType":"5","type":"typed-literal","datatype":"http://www.w3.org/1999/02/22-rdf-syntax-ns#XMLLiteral","value":"This field contains Nutrition Assessments performed\rfor this patient."}},{"number":"12","flags":"115.012D","name":"NUTRITION STATUS","location":"S;0","type":"9","details":"115.012","description":{"fmId":"-1","fmType":"5","type":"typed-literal","datatype":"http://www.w3.org/1999/02/22-rdf-syntax-ns#XMLLiteral","value":"This multiple contains the nutrition assessment\rstatuses that have been entered for this patient."}},{"number":"14","flags":"P2'","name":"PATIENT","location":"0;3","type":"7","details":"2","description":{"fmId":"-1","fmType":"5","type":"typed-literal","datatype":"http://www.w3.org/1999/02/22-rdf-syntax-ns#XMLLiteral","value":"This field, if populated, will contain a pointer to the Patient (#2) file,\rif the Nutrition Person is a patient.  This field and field #15 are mutually\rexclusive, in other words each entry in this file should have a value in\reither this field or field #15."}},{"number":"15","flags":"P200'","name":"NEW PERSON","location":"0;4","type":"7","details":"200","description":{"fmId":"-1","fmType":"5","type":"typed-literal","datatype":"http://www.w3.org/1999/02/22-rdf-syntax-ns#XMLLiteral","value":"This field, if populated, will contain a pointer to the New Person (#200)\rfile, if the Nutrition Person is a NOT a patient.  This field and field #14\rare mutually exclusive, in other words each entry in this file should have\ra value in either this field or field #14."}},{"number":"16","flags":"115.016D","name":"RECURRING MEALS","location":"OP;0","type":"9","details":"115.016","description":{"fmId":"-1","fmType":"5","type":"typed-literal","datatype":"http://www.w3.org/1999/02/22-rdf-syntax-ns#XMLLiteral","value":"This multiple stores the recurring meals data."}},{"number":"17","flags":"115.017D","name":"SPECIAL MEALS","location":"SM;0","type":"9","details":"115.017","description":{"fmId":"-1","fmType":"5","type":"typed-literal","datatype":"http://www.w3.org/1999/02/22-rdf-syntax-ns#XMLLiteral","value":"This multiple stores special meals data."}},{"number":"18","flags":"115.018D","name":"GUEST MEALS","location":"GM;0","type":"9","details":"115.018","description":{"fmId":"-1","fmType":"5","type":"typed-literal","datatype":"http://www.w3.org/1999/02/22-rdf-syntax-ns#XMLLiteral","value":"This multiple stores the guest meals data."}},{"number":"19","flags":"P119.4'","name":"ISOLATION/PRECAUTION (OUTPT)","location":"0;5","type":"7","details":"119.4","description":{"fmId":"-1","fmType":"5","type":"typed-literal","datatype":"http://www.w3.org/1999/02/22-rdf-syntax-ns#XMLLiteral","value":"This field, if present, indicates that the outpatient is presently\ron isolation or special precautions.  Note: this field is for outpatients\rand is different from the isolation/precautions field for inpatients which\ris associated with a specific admission."}},{"number":"20","flags":"P100'","name":"IP OE/RR ORDER (OUTPT)","location":"0;6","type":"7","details":"100","description":{"fmId":"-1","fmType":"5","type":"typed-literal","datatype":"http://www.w3.org/1999/02/22-rdf-syntax-ns#XMLLiteral","value":"Pointer to File #100 for I/P's entered thru OE/RR."}},{"number":"21","flags":"115.12D","name":"ALERT","location":"D;0","type":"9","details":"115.12","description":{"fmId":"-1","fmType":"5","type":"typed-literal","datatype":"http://www.w3.org/1999/02/22-rdf-syntax-ns#XMLLiteral","value":"This is a multiple for food/drug alert for a patient."}}],"fmql":{"OP":"DESCRIBE TYPE","TYPE":"115","TYPELABEL":"NUTRITION PERSON"}}