{"name":"SERVICE TEAM(S) TO NOTIFY","number":"123.53","parent":"123.5","fields":[{"number":".01","flags":"MP100.21'","name":"SERVICE TEAM TO NOTIFY","location":"0;1","index":"B","type":"7","details":"100.21","description":{"fmId":"-1","fmType":"5","type":"typed-literal","datatype":"http://www.w3.org/1999/02/22-rdf-syntax-ns#XMLLiteral","value":"A team of users may be identified (from the OE/RR LIST file, #100.21) that\rwill receive a \"NEW SERVICE CONSULT\" notification when a new order is\rreleased to the service through OE/RR.  The notification will appear in\rthe following format:\r   NIVEK,ALP (N8796): New Psychology Consult ordered\rThe individuals on the teams must have the \"NEW SERVICE CONSULT/REQUEST\"\rnotification type turned \"ON\".\r  \rTeam members will be able to perform update tracking capabilities."}}],"fmql":{"OP":"DESCRIBE TYPE","TYPE":"123_53","TYPELABEL":"SERVICE TEAM(S) TO NOTIFY"}}