{"name":"GMRY IV DC'ED REASON","number":"126.76","location":"^GMRD(126.76,","count":"10","lastIEN":"10","description":{"fmId":"-1","fmType":"5","type":"typed-literal","datatype":"http://www.w3.org/1999/02/22-rdf-syntax-ns#XMLLiteral","value":"This file contains reasons why the IV infusion site was discontinued.  The \rADP coordinator is allowed to enter/edit the file."},"version":"4.0","vpackage":"GEN. MED. REC. - I/O","fields":[{"number":".01","flags":"RF","name":"NAME","location":"0;1","index":"B","type":"4","inputTransform":"K:$L(X)>30!($L(X)<1)!'(X'?1P.E) X","description":{"fmId":"-1","fmType":"5","type":"typed-literal","datatype":"http://www.w3.org/1999/02/22-rdf-syntax-ns#XMLLiteral","value":"This field contains the reasons why the IV infusion site was discontinued."}}],"fmql":{"OP":"DESCRIBE TYPE","TYPE":"126_76","TYPELABEL":"GMRY IV DC'ED REASON"}}