{"name":"SURGERY POSITION","number":"132","location":"^SRO(132,","count":"22","lastIEN":"22","description":{"fmId":"-1","fmType":"5","type":"typed-literal","datatype":"http://www.w3.org/1999/02/22-rdf-syntax-ns#XMLLiteral","value":"This file contains the various positions that a patient may be in\rduring an operation.  It is pointed to by the SURGERY POSITION field \rin the Surgery file.  The file is distributed with pre-supplied entries,\rhowever sites may wish to make additions to it."},"version":"3","fields":[{"number":".01","flags":"RF","name":"NAME","location":"0;1","index":"B","type":"4","inputTransform":"K:$L(X)>45!($L(X)<3)!'(X'?1P.E)!(X'?.ANP) X","description":{"fmId":"-1","fmType":"5","type":"typed-literal","datatype":"http://www.w3.org/1999/02/22-rdf-syntax-ns#XMLLiteral","value":"This is the name of the Surgery Position.\r "}},{"number":"4","flags":"F","name":"*MAJOR POSITION","location":"0;2","type":"4","inputTransform":"K:$L(X)>35!($L(X)<3) X","description":{"fmId":"-1","fmType":"5","type":"typed-literal","datatype":"http://www.w3.org/1999/02/22-rdf-syntax-ns#XMLLiteral","value":"This field has been marked for deletion in the next release of the\rSurgery software.\r "}},{"number":"5","flags":"F","name":"CODE","location":"0;3","type":"4","inputTransform":"K:$L(X)>3!($L(X)<1) X","description":{"fmId":"-1","fmType":"5","type":"typed-literal","datatype":"http://www.w3.org/1999/02/22-rdf-syntax-ns#XMLLiteral","value":"This is the code corresponding to the name of the Surgery Position.\r "}},{"number":"10","flags":"S","name":"INACTIVE?","location":"0;4","type":"3","details":"1:YES;","description":{"fmId":"-1","fmType":"5","type":"typed-literal","datatype":"http://www.w3.org/1999/02/22-rdf-syntax-ns#XMLLiteral","value":"Enter 'YES' to inactivate this file entry and to prevent its selection\rby Surgery users."}}],"fmql":{"OP":"DESCRIBE TYPE","TYPE":"132","TYPELABEL":"SURGERY POSITION"}}