{"name":"OTHER PREOP DIAGNOSIS","number":"130.17","parent":"130","fields":[{"number":".01","flags":"MFX","name":"OTHER PREOP DIAGNOSIS","location":"0;1","type":"4","inputTransform":"K:$L(X)>40!($L(X)<1) X D:$D(X) DIAG^SROUTL","description":{"fmId":"-1","fmType":"5","type":"typed-literal","datatype":"http://www.w3.org/1999/02/22-rdf-syntax-ns#XMLLiteral","value":"This is the name of an additional preoperative diagnosis, not provided\rin the principal preoperative diagnosis.\r "}},{"number":"1","flags":"S","name":"*PAIRED ORGAN","location":"0;2","type":"3","details":"L:LEFT;R:RIGHT;B:BILATERAL;N:NOT APPLICABLE;U:UNKNOWN;","description":{"fmId":"-1","fmType":"5","type":"typed-literal","datatype":"http://www.w3.org/1999/02/22-rdf-syntax-ns#XMLLiteral","value":"This is the code corresponding to the side of the body related to this\rpreoperative diagnosis, if applicable.\r "}},{"number":"2","flags":"130.2","name":"DIAGNOSIS COMMENTS","location":"1;0","type":"5","description":{"fmId":"-1","fmType":"5","type":"typed-literal","datatype":"http://www.w3.org/1999/02/22-rdf-syntax-ns#XMLLiteral","value":"These are comments related to the additional preoperative diagnosis.\r "}},{"number":"3","flags":"*P80'X","name":"ICD DIAGNOSIS CODE","location":"0;3","type":"7","details":"80","inputTransform":"S DIC(\"S\")=\"I $$ACTIV^SROICD($S($D(SRTN):SRTN,$D(DA(1)):DA(1),1:\"\"\"\"),+Y)\" D ^DIC K DIC S DIC=DIE,X=+Y K:Y<0 X","description":{"fmId":"-1","fmType":"5","type":"typed-literal","datatype":"http://www.w3.org/1999/02/22-rdf-syntax-ns#XMLLiteral","value":"This is the ICD Diagnosis Code which corresponds with this diagnosis.\rEntering this field is optional, but may be valuable in documentation\rof this case.\r "}}],"fmql":{"OP":"DESCRIBE TYPE","TYPE":"130_17","TYPELABEL":"OTHER PREOP DIAGNOSIS"}}