{"name":"PATIENT ALLERGIES","number":"120.8","location":"^GMR(120.8,","description":{"fmId":"-1","fmType":"5","type":"typed-literal","datatype":"http://www.w3.org/1999/02/22-rdf-syntax-ns#XMLLiteral","value":"Contains patient allergy/adverse reaction information."},"version":"4.0","vpackage":"ADVERSE REACTION TRACKING","fields":[{"number":".01","flags":"RP2'","name":"PATIENT","location":"0;1","index":"B","type":"7","details":"2","description":{"fmId":"-1","fmType":"5","type":"typed-literal","datatype":"http://www.w3.org/1999/02/22-rdf-syntax-ns#XMLLiteral","value":"This is the patient to whom this allergy/adverse reaction pertains."}},{"number":".02","flags":"RFX","name":"REACTANT","location":"0;2","index":"C","type":"4","inputTransform":"D EN^DDIOL(\"Editing not allowed!\",\"\",\"$C(7),!?4\") K X","description":{"fmId":"-1","fmType":"5","type":"typed-literal","datatype":"http://www.w3.org/1999/02/22-rdf-syntax-ns#XMLLiteral","value":"This is the agent to which the patient had this reaction.  This is the \rname of the reactant and will be the result of a look up on either the GMR\rAllergies (120.82), National Drug (50.6), Drug Ingredients (50.416), \rLocal Drug (50) or VA Drug Class (50.605) files."}},{"number":"1","flags":"V","name":"GMR ALLERGY","location":"0;3","type":"8","details":"120.82;50.6;50;50.416;50.605","description":{"fmId":"-1","fmType":"5","type":"typed-literal","datatype":"http://www.w3.org/1999/02/22-rdf-syntax-ns#XMLLiteral","value":"This field is a variable pointer to help relate this allergy to some\rrecord in one of the files to which this field points.  The files that are\rpointed to are the GMR Allergies (120.82) file, National Drug (50.6) file,\rDrug (50) file, Drug Ingredients (50.416) file and VA Drug Class\r(50.605) file."}},{"number":"2","flags":"120.802PA","name":"DRUG INGREDIENTS","location":"2;0","type":"9","details":"120.802","description":{"fmId":"-1","fmType":"5","type":"typed-literal","datatype":"http://www.w3.org/1999/02/22-rdf-syntax-ns#XMLLiteral","value":"List of drug ingredients to which patient had reaction for this\rallergy/adverse reaction."}},{"number":"3","flags":"120.803PA","name":"DRUG CLASSES","location":"3;0","type":"9","details":"120.803","description":{"fmId":"-1","fmType":"5","type":"typed-literal","datatype":"http://www.w3.org/1999/02/22-rdf-syntax-ns#XMLLiteral","value":"List of VA drug classes to which patient had reaction for this\rallergy/adverse reaction."}},{"number":"3.1","flags":"RFXO","name":"ALLERGY TYPE","location":"0;20","type":"4","inputTransform":"D INTTYPE^GMRAUTL(.X)","description":{"fmId":"-1","fmType":"5","type":"typed-literal","datatype":"http://www.w3.org/1999/02/22-rdf-syntax-ns#XMLLiteral","value":"This field contains the type(s) for this causative agent.  The user can\renter the type(s) separated by commas, or the following codes:  D=Drug,\rF=Food, O=Other.  If codes are used, do not use commas to separate multiple\rcodes.  Examples of valid entries are:  DRUG or DRUG, FOOD or D or DF or\rOTHER."}},{"number":"4","flags":"RDX","name":"ORIGINATION DATE/TIME","location":"0;4","index":"AODT","type":"1","inputTransform":"S %DT=\"EPSTXR\",%DT(0)=\"-NOW\" D ^%DT K %DT(0) S X=Y K:Y<1 X","description":{"fmId":"-1","fmType":"5","type":"typed-literal","datatype":"http://www.w3.org/1999/02/22-rdf-syntax-ns#XMLLiteral","value":"Date/time this allergy/adverse reaction was entered into the system."}},{"number":"5","flags":"RP200'","name":"ORIGINATOR","location":"0;5","type":"7","details":"200","description":{"fmId":"-1","fmType":"5","type":"typed-literal","datatype":"http://www.w3.org/1999/02/22-rdf-syntax-ns#XMLLiteral","value":"Person who entered this allergy/adverse reaction into the system."}},{"number":"6","flags":"RS","name":"OBSERVED/HISTORICAL","location":"0;6","type":"3","details":"o:OBSERVED;h:HISTORICAL;","description":{"fmId":"-1","fmType":"5","type":"typed-literal","datatype":"http://www.w3.org/1999/02/22-rdf-syntax-ns#XMLLiteral","value":"Indicates whether this allergy/adverse reaction has been observed by some\rpersonnel, or if it is historical data gathered about the patient."}},{"number":"7","flags":"S","name":"*REPORTABLE","location":"0;21","type":"3","details":"y:YES;n:NO;","description":{"fmId":"-1","fmType":"5","type":"typed-literal","datatype":"http://www.w3.org/1999/02/22-rdf-syntax-ns#XMLLiteral","value":"This field will allow the data in this file to be unreportable to other\rpackages.  Examples of this include drug-drug interactions which do not\rhave to be shown as allergies/adverse reactions.\r   \rNote: This field is no longer supported."}},{"number":"10","flags":"120.81P","name":"REACTIONS","location":"10;0","type":"9","details":"120.81","description":{"fmId":"-1","fmType":"5","type":"typed-literal","datatype":"http://www.w3.org/1999/02/22-rdf-syntax-ns#XMLLiteral","value":"These are the reactions observed for this allergy/adverse reaction."}},{"number":"13","flags":"120.813DA","name":"CHART MARKED","location":"13;0","type":"9","details":"120.813","description":{"fmId":"-1","fmType":"5","type":"typed-literal","datatype":"http://www.w3.org/1999/02/22-rdf-syntax-ns#XMLLiteral","value":"A list of those people who indicate that the patient's chart has been\rmarked for this reactant."}},{"number":"14","flags":"120.814DA","name":"ID BAND MARKED","location":"14;0","type":"9","details":"120.814","description":{"fmId":"-1","fmType":"5","type":"typed-literal","datatype":"http://www.w3.org/1999/02/22-rdf-syntax-ns#XMLLiteral","value":"A list of those people who indicated that the patient's ID band has been\rmarked for this reactant."}},{"number":"15","flags":"S","name":"ORIGINATOR SIGN OFF","location":"0;12","type":"3","details":"1:YES;0:NO;","description":{"fmId":"-1","fmType":"5","type":"typed-literal","datatype":"http://www.w3.org/1999/02/22-rdf-syntax-ns#XMLLiteral","value":"Indicates whether the originator of this allergy/adverse reaction signed off on it, so\rthat it may be verified.  An allergy/adverse reaction that is not signed\roff is not part of the patient's reportable reactions."}},{"number":"17","flags":"S","name":"MECHANISM","location":"0;14","type":"3","details":"A:ALLERGY;P:PHARMACOLOGIC;U:UNKNOWN;","description":{"fmId":"-1","fmType":"5","type":"typed-literal","datatype":"http://www.w3.org/1999/02/22-rdf-syntax-ns#XMLLiteral","value":"This field indicates the mechanism of the reaction.\r  "}},{"number":"19","flags":"S","name":"VERIFIED","location":"0;16","type":"3","details":"1:YES;0:NO;","description":{"fmId":"-1","fmType":"5","type":"typed-literal","datatype":"http://www.w3.org/1999/02/22-rdf-syntax-ns#XMLLiteral","value":"Indicates whether this allergy has been verified by a verifier.  The data in this field\rwill only get put in place if the verifier has signed off using the\relectronic signature."}},{"number":"20","flags":"DX","name":"VERIFICATION DATE/TIME","location":"0;17","index":"V","type":"1","inputTransform":"S %DT=\"EPSTXR\",%DT(0)=\"-NOW\" D ^%DT K %DT(0) S X=Y K:Y<1 X","description":{"fmId":"-1","fmType":"5","type":"typed-literal","datatype":"http://www.w3.org/1999/02/22-rdf-syntax-ns#XMLLiteral","value":"The date/time this allergy/adverse reaction has been verified."}},{"number":"21","flags":"P200'","name":"VERIFIER","location":"0;18","type":"7","details":"200","description":{"fmId":"-1","fmType":"5","type":"typed-literal","datatype":"http://www.w3.org/1999/02/22-rdf-syntax-ns#XMLLiteral","value":"The verifier of the allergy/adverse reaction."}},{"number":"22","flags":"S","name":"ENTERED IN ERROR","location":"ER;1","type":"3","details":"1:YES;","description":{"fmId":"-1","fmType":"5","type":"typed-literal","datatype":"http://www.w3.org/1999/02/22-rdf-syntax-ns#XMLLiteral","value":"Indicates if this allergy was entered in error."}},{"number":"23","flags":"DX","name":"DATE/TIME ENTERED IN ERROR","location":"ER;2","type":"1","inputTransform":"S %DT=\"EPSTXR\",%DT(0)=\"-NOW\" D ^%DT K %DT(0) S X=Y K:Y<1 X","description":{"fmId":"-1","fmType":"5","type":"typed-literal","datatype":"http://www.w3.org/1999/02/22-rdf-syntax-ns#XMLLiteral","value":"The date/time the allergy/adverse reaction was entered in error."}},{"number":"24","flags":"P200'","name":"USER ENTERING IN ERROR","location":"ER;3","type":"7","details":"200","description":{"fmId":"-1","fmType":"5","type":"typed-literal","datatype":"http://www.w3.org/1999/02/22-rdf-syntax-ns#XMLLiteral","value":"The person who entered this allergy/adverse reaction in error."}},{"number":"26","flags":"120.826D","name":"COMMENTS","location":"26;0","type":"9","details":"120.826","description":{"fmId":"-1","fmType":"5","type":"typed-literal","datatype":"http://www.w3.org/1999/02/22-rdf-syntax-ns#XMLLiteral","value":"List of comments entered about this reaction."}}],"fmql":{"OP":"DESCRIBE TYPE","TYPE":"120_8","TYPELABEL":"PATIENT ALLERGIES"}}