{"name":"REQUEST ACTION TYPES","number":"123.1","location":"^GMR(123.1,","count":"24","lastIEN":"26","description":{"fmId":"-1","fmType":"5","type":"typed-literal","datatype":"http://www.w3.org/1999/02/22-rdf-syntax-ns#XMLLiteral","value":"This file identifies the action types which may be used by a service to \rtrack activity related to a consult or request.\r  \rCertain action types may have a \"GMRCACT \" protocol entry in the Protocol\rFile (101) which corresponds to the action type.  Two actions should not \rpoint to the same protocol."},"version":"3.0","vpackage":"GMRC","fields":[{"number":".001","flags":"NJ6,0","name":"NUMBER","type":"6","computation":"K:+X'=X!(X>999999)!(X<1)!(X?.E1\".\"1N.N) X","description":{"fmId":"-1","fmType":"5","type":"typed-literal","datatype":"http://www.w3.org/1999/02/22-rdf-syntax-ns#XMLLiteral","value":"The internal entry number of the Request Action Type."}},{"number":".01","flags":"RFX","name":"ACTION TYPE","location":"0;1","index":"B","type":"4","inputTransform":"K:X[\"\"\"\"!($A(X)=45) X I $D(X) K:$L(X)>80!($L(X)<3)!'(X'?1P.E)!(X'?.ANP) X","description":{"fmId":"-1","fmType":"5","type":"typed-literal","datatype":"http://www.w3.org/1999/02/22-rdf-syntax-ns#XMLLiteral","value":"This file contains the tracking actions which may be taken to track\ra Consult or Request order from its entry in CPRS through its\rresolution.\r \rThis file also contains relationships of CPRS statuses which are the\rresult of the action taken."}},{"number":"1","flags":"*P100.01'","name":"RELATED OE/RR STATUS","location":"0;2","index":"AC","type":"7","details":"100.01","inputTransform":"S DIC(\"S\")=\"I '$$SCREEN^XTID(100.01,,Y_\"\",\"\")\" D ^DIC K DIC S DIC=DIE,X=+Y K:Y<0 X","description":{"fmId":"-1","fmType":"5","type":"typed-literal","datatype":"http://www.w3.org/1999/02/22-rdf-syntax-ns#XMLLiteral","value":"This is the CPRS status which will be used to update the order in OE/RR\rwhen this action is taken."}},{"number":"3","flags":"F","name":"DISABLED MESSAGE","location":"0;4","type":"4","inputTransform":"K:$L(X)>40!($L(X)<1) X","description":{"fmId":"-1","fmType":"5","type":"typed-literal","datatype":"http://www.w3.org/1999/02/22-rdf-syntax-ns#XMLLiteral","value":"This field displays a 'DISABLED' message when this CPRS status has been\rdisabled."}},{"number":"4","flags":"F","name":"HL7 CONTROL CODE FROM CONSULTS","location":"0;5","type":"4","inputTransform":"K:$L(X)>2!($L(X)<1) X","description":{"fmId":"-1","fmType":"5","type":"typed-literal","datatype":"http://www.w3.org/1999/02/22-rdf-syntax-ns#XMLLiteral","value":"This field indicates what HL7 control code is passed to CPRS from\rConsults.\r    Example: \r             \"SN\"=Service entered, backdoor consult, automatically\rreleased from CPRS, though signatures may still be required depending on\rnature of order\r             \"OD\"=Discontinued\r             \"OC\"=Denied by service (Cancelled)\r             \"SC\"=Service status update (generic status change) for active\rand partial results\r             \"XX\"=Forwarded\r             \"RE\"=Completed"}},{"number":"5","flags":"F","name":"HL7 CONTROL CODE FROM CPRS","location":"0;6","index":"D","type":"4","inputTransform":"K:$L(X)>2!($L(X)<1) X","description":{"fmId":"-1","fmType":"5","type":"typed-literal","datatype":"http://www.w3.org/1999/02/22-rdf-syntax-ns#XMLLiteral","value":"This field indicates what HL7 control code is passed from CPRS to\rConsults.\r    Example: \"NW\"=New consult entered and released through CPRS\r             \"CA\"=Cancelled via the orders tab\r             \"DC\"=Discontinued"}},{"number":"6","flags":"F","name":"HL7 TABLE 38 ORDER STATUS","location":"0;7","type":"4","inputTransform":"K:$L(X)>2!($L(X)<1) X","description":{"fmId":"-1","fmType":"5","type":"typed-literal","datatype":"http://www.w3.org/1999/02/22-rdf-syntax-ns#XMLLiteral","value":"This field is for documenting purposes and contains the related Table 38\rorder status from HL7 for each activity."}},{"number":"7","flags":"F","name":"ACTION PRINT NAME","location":"0;8","type":"4","inputTransform":"K:$L(X)>30!($L(X)<1) X","description":{"fmId":"-1","fmType":"5","type":"typed-literal","datatype":"http://www.w3.org/1999/02/22-rdf-syntax-ns#XMLLiteral","value":"This field is used on the 513 Form as a header for comments."}}],"fmql":{"OP":"DESCRIBE TYPE","TYPE":"123_1","TYPELABEL":"REQUEST ACTION TYPES"}}