{"name":"GMR ALLERGIES","number":"120.82","location":"^GMRD(120.82,","count":"773","lastIEN":"1532","description":{"fmId":"-1","fmType":"5","type":"typed-literal","datatype":"http://www.w3.org/1999/02/22-rdf-syntax-ns#XMLLiteral","value":"Contains a listing of allergies from which user can select.\r \rPer VHA directive XXX, this file has been \"locked down\" by Data\rStandardization (DS).  The file definition (i.e. data dictionary) shall\rnot be modified.  All additions, changes and deletions to entries in the\rfile shall be done by Enterprise Reference Terminology (ERT) using the\rMaster File Server (MFS), provided by Common Services (CS).  Creating\rand/or editing locally defined fields in the file are not permitted.  Use\rof locally defined fields that were created prior to VHA Directive XXX\rshall not be supported."},"version":"4.0","vpackage":"ADVERSE REACTION TRACKING","fields":[{"number":".01","flags":"RFX","name":"NAME","location":"0;1","index":"B","type":"4","inputTransform":"K:X[\"\"\"\"!($A(X)=45) X I $D(X) K:$L(X)>30!($L(X)<3)!'(X'?1P.E) X S:$D(X) X=$$UP^XLFSTR(X)","description":{"fmId":"-1","fmType":"5","type":"typed-literal","datatype":"http://www.w3.org/1999/02/22-rdf-syntax-ns#XMLLiteral","value":"The name of the allergy/adverse reaction."}},{"number":"1","flags":"RFXO","name":"ALLERGY TYPE","location":"0;2","index":"C","type":"4","inputTransform":"D INTTYPE^GMRAUTL(.X)","description":{"fmId":"-1","fmType":"5","type":"typed-literal","datatype":"http://www.w3.org/1999/02/22-rdf-syntax-ns#XMLLiteral","value":"This field contains the type(s) for this allergy/adverse reaction .  The\ruser can enter the type(s) separated by commas, or the following codes:\rD=Drug, F=Food, O=Other.  If codes are used, do not use commas to separate\rmultiple codes.  Examples of valid entries are:  DRUG or DRUG, FOOD or D\ror DF or OTHER."}},{"number":"2","flags":"SX","name":"NATIONAL ALLERGY","location":"0;3","type":"3","details":"1:NATIONAL ALLERGY;","description":{"fmId":"-1","fmType":"5","type":"typed-literal","datatype":"http://www.w3.org/1999/02/22-rdf-syntax-ns#XMLLiteral","value":"Indicates whether this allergy was distributed with the national release\ror is a locally added allergy."}},{"number":"3","flags":"120.823","name":"SYNONYM","location":"3;0","type":"9","details":"120.823","description":{"fmId":"-1","fmType":"5","type":"typed-literal","datatype":"http://www.w3.org/1999/02/22-rdf-syntax-ns#XMLLiteral","value":"A list of synonyms that can also be used to look up this allergy."}},{"number":"4","flags":"120.824P","name":"DRUG INGREDIENTS","location":"ING;0","type":"9","details":"120.824","description":{"fmId":"-1","fmType":"5","type":"typed-literal","datatype":"http://www.w3.org/1999/02/22-rdf-syntax-ns#XMLLiteral","value":"List of drug ingredients that comprise this particular allergy."}},{"number":"5","flags":"120.8205P","name":"VA DRUG CLASSES","location":"CLASS;0","type":"9","details":"120.8205","description":{"fmId":"-1","fmType":"5","type":"typed-literal","datatype":"http://www.w3.org/1999/02/22-rdf-syntax-ns#XMLLiteral","value":"List of VA Drug classes that comprise this reactant."}},{"number":"99.98","flags":"RSI","name":"MASTER ENTRY FOR VUID","location":"VUID;2","type":"3","details":"1:YES;0:NO;","description":{"fmId":"-1","fmType":"5","type":"typed-literal","datatype":"http://www.w3.org/1999/02/22-rdf-syntax-ns#XMLLiteral","value":"This field identifies the Master entry for a VUID associated\rwith a Term/Concept."}},{"number":"99.99","flags":"RFXI","name":"VUID","location":"VUID;1","index":"AVUID","type":"4","inputTransform":"S X=+X K:$L(X)>20!($L(X)<1)!'(X?1.20N) X","description":{"fmId":"-1","fmType":"5","type":"typed-literal","datatype":"http://www.w3.org/1999/02/22-rdf-syntax-ns#XMLLiteral","value":"VHA Unique ID (VUID).  A unique meaningless integer\rassigned to reference terms VHA wide."}},{"number":"99.991","flags":"120.8299D","name":"EFFECTIVE DATE/TIME","location":"TERMSTATUS;0","type":"9","details":"120.8299","description":{"fmId":"-1","fmType":"5","type":"typed-literal","datatype":"http://www.w3.org/1999/02/22-rdf-syntax-ns#XMLLiteral","value":"Describes the pair Status and Effective Date/Time for each reference\rterm."}}],"fmql":{"OP":"DESCRIBE TYPE","TYPE":"120_82","TYPELABEL":"GMR ALLERGIES"}}