{"name":"LABORATORY DATA NAME","number":"139.21","parent":"139.2","fields":[{"number":".01","flags":"M*P63'X","name":"LABORATORY DATA NAME","location":"0;1","index":"B","type":"7","details":"63","inputTransform":"S DIC(\"S\")=\"I Y>1\" D ^DIC K DIC S DIC=DIE,X=+Y K:Y<0 X","description":{"fmId":"-1","fmType":"5","type":"typed-literal","datatype":"http://www.w3.org/1999/02/22-rdf-syntax-ns#XMLLiteral","value":"This is the local Data Name in file 63 pointed to by this lab test."}}],"fmql":{"OP":"DESCRIBE TYPE","TYPE":"139_21","TYPELABEL":"LABORATORY DATA NAME"}}