{"name":"SCHEDULE DATE","number":"131.701","parent":"131.7","fields":[{"number":".01","flags":"DI","name":"SCHEDULE DATE","location":"0;1","type":"1","inputTransform":"S %DT=\"E\" D ^%DT S X=Y K:Y<1 X","description":{"fmId":"-1","fmType":"5","type":"typed-literal","datatype":"http://www.w3.org/1999/02/22-rdf-syntax-ns#XMLLiteral","value":"This is the date used to display the scheduling pattern.\r "}},{"number":"1","flags":"FI","name":"PATTERN","location":"1;1","type":"4","inputTransform":"K:$L(X)>150!($L(X)<1) X","description":{"fmId":"-1","fmType":"5","type":"typed-literal","datatype":"http://www.w3.org/1999/02/22-rdf-syntax-ns#XMLLiteral","value":"This is the pattern displaying scheduled cases for this operating\rroom.\r "}}],"fmql":{"OP":"DESCRIBE TYPE","TYPE":"131_701","TYPELABEL":"SCHEDULE DATE"}}