{"name":"TASKS","number":"14.4","location":"^%ZTSK(","lastIEN":"1032","description":{"fmId":"-1","fmType":"5","type":"typed-literal","datatype":"http://www.w3.org/1999/02/22-rdf-syntax-ns#XMLLiteral","value":"This file describes the TASKMAN's main file of jobs to start.\rBecause TM works on this file from many UCI's it doesn't use FM to\rmanipulate it.  At this point there are no X-refs on this file\rand there are no fields that can be edited, Use TM options for that.\rThe file can be searched, sorted and printed.\rThe third piece of the zero node is only updated when the XUTM QCLEAN\roption runs.  There are some applications that still do there own\rsetting into this global and wipeout the zero node.\rThe storage of the symbol table is not in a FM compatable format."},"version":"8.0","vpackage":"XU","fields":[{"number":".001","flags":"NJ10,0","name":"NUMBER","type":"6","computation":"K:+X'=X!(X>9899999999)!(X<1)!(X?.E1\".\"1N.N) X","description":{"fmId":"-1","fmType":"5","type":"typed-literal","datatype":"http://www.w3.org/1999/02/22-rdf-syntax-ns#XMLLiteral","value":"This is the TASK number."}},{"number":".01","flags":"RF","name":"Entry Point","location":"0;1","type":"4","inputTransform":"K:$L(X)>8!($L(X)<1)!'((X?1A.7AN)) X","description":{"fmId":"-1","fmType":"5","type":"typed-literal","datatype":"http://www.w3.org/1999/02/22-rdf-syntax-ns#XMLLiteral","value":"This is the entry point in the routine to use."}},{"number":"2","flags":"RF","name":"Routine Name","location":"0;2","type":"4","inputTransform":"K:$L(X)>20!($L(X)<1)!'((X?1A.7AN.1\"(\".E)!(X?1\"%\".7AN.1\"(\".E)) X","description":{"fmId":"-1","fmType":"5","type":"typed-literal","datatype":"http://www.w3.org/1999/02/22-rdf-syntax-ns#XMLLiteral","value":"This is the ROUTINE that should be run when the scheduled time \rcomes."}},{"number":"3","flags":"RP200'","name":"User","location":"0;3","type":"7","details":"200","description":{"fmId":"-1","fmType":"5","type":"typed-literal","datatype":"http://www.w3.org/1999/02/22-rdf-syntax-ns#XMLLiteral","value":"This is a pointer to the NEW PERSON file of the person the created\rthe task.\rIt is only valid if the task was created in this UCI."}},{"number":"4","flags":"F","name":"Requested UCI","location":"0;4","type":"4","inputTransform":"K:$L(X)>8!($L(X)<1) X","description":{"fmId":"-1","fmType":"5","type":"typed-literal","datatype":"http://www.w3.org/1999/02/22-rdf-syntax-ns#XMLLiteral","value":"This is the UCI that the job requested that the task run in."}},{"number":"5","flags":"F","name":"Creation Time ($H)","location":"0;5","type":"4","inputTransform":"K:$L(X)>12!($L(X)<5)!'(X?5N1\",\"1.5N) X","description":{"fmId":"-1","fmType":"5","type":"typed-literal","datatype":"http://www.w3.org/1999/02/22-rdf-syntax-ns#XMLLiteral","value":"This is the time that the task was created."}},{"number":"6","flags":"F","name":"Scheduled Run Time ($H)","location":"0;6","type":"4","inputTransform":"K:$L(X)>12!($L(X)<5)!'(X?5N1\"%\"1.5N) X","description":{"fmId":"-1","fmType":"5","type":"typed-literal","datatype":"http://www.w3.org/1999/02/22-rdf-syntax-ns#XMLLiteral","value":"This is the time that the task is scheduled to run."}},{"number":"7","flags":"F","name":"Type of Task","location":"0;7","type":"4","inputTransform":"K:$L(X)>1!($L(X)<1) X","description":{"fmId":"-1","fmType":"5","type":"typed-literal","datatype":"http://www.w3.org/1999/02/22-rdf-syntax-ns#XMLLiteral","value":"This is a flag to tell if it is an option or a routine that is\rscheduled."}},{"number":"8","flags":"NJ7,0","name":"Option Number","location":"0;8","type":"2","inputTransform":"K:+X'=X!(X>9999999)!(X<1)!(X?.E1\".\"1N.N) X","description":{"fmId":"-1","fmType":"5","type":"typed-literal","datatype":"http://www.w3.org/1999/02/22-rdf-syntax-ns#XMLLiteral","value":"This is the IEN of the option to run.\rIt is only valid if the task was created in this UCI."}},{"number":"9","flags":"F","name":"Option Name","location":"0;9","type":"4","inputTransform":"K:$L(X)>30!($L(X)<1) X","description":{"fmId":"-1","fmType":"5","type":"typed-literal","datatype":"http://www.w3.org/1999/02/22-rdf-syntax-ns#XMLLiteral","value":"This is the name of the option that is scheduled to run."}},{"number":"10","flags":"F","name":"Creator Name","location":"0;10","type":"4","inputTransform":"K:$L(X)>30!($L(X)<2) X","description":{"fmId":"-1","fmType":"5","type":"typed-literal","datatype":"http://www.w3.org/1999/02/22-rdf-syntax-ns#XMLLiteral","value":"This is the name of the Person that created the task."}},{"number":"11","flags":"F","name":"Creation UCI","location":"0;11","type":"4","inputTransform":"K:$L(X)>8!($L(X)<1) X","description":{"fmId":"-1","fmType":"5","type":"typed-literal","datatype":"http://www.w3.org/1999/02/22-rdf-syntax-ns#XMLLiteral","value":"This is the UCI that the task was created in."}},{"number":"12","flags":"F","name":"Creation Volume Set","location":"0;12","type":"4","inputTransform":"K:$L(X)>8!($L(X)<1) X","description":{"fmId":"-1","fmType":"5","type":"typed-literal","datatype":"http://www.w3.org/1999/02/22-rdf-syntax-ns#XMLLiteral","value":"This is the Volume Set that the task was created on."}},{"number":"13","flags":"F","name":"RESERVED","location":"0;13","type":"4","inputTransform":"K:$L(X)>6!($L(X)<6) X","description":{"fmId":"-1","fmType":"5","type":"typed-literal","datatype":"http://www.w3.org/1999/02/22-rdf-syntax-ns#XMLLiteral","value":"This is a place holder field for the string ZTDESC that is placed in\rthis position by the code."}},{"number":"14","flags":"F","name":"Requested Volume Set","location":"0;14","type":"4","inputTransform":"K:$L(X)>8!($L(X)<1) X","description":{"fmId":"-1","fmType":"5","type":"typed-literal","datatype":"http://www.w3.org/1999/02/22-rdf-syntax-ns#XMLLiteral","value":"This is the Volume Set that was requested for the running of the task."}},{"number":"15","flags":"NJ2,0","name":"Priority","location":"0;15","type":"2","inputTransform":"K:+X'=X!(X>10)!(X<1)!(X?.E1\".\"1N.N) X","description":{"fmId":"-1","fmType":"5","type":"typed-literal","datatype":"http://www.w3.org/1999/02/22-rdf-syntax-ns#XMLLiteral","value":"This field is the priority that the task should run at.\rIt is a value passed in by the calling routine and over-rides\rthe default."}},{"number":"16","flags":"F","name":"Original Create date ($H)","location":"0;16","type":"4","inputTransform":"K:$L(X)>11!($L(X)<5)!'(X?5N1\",\"1.5N) X","description":{"fmId":"-1","fmType":"5","type":"typed-literal","datatype":"http://www.w3.org/1999/02/22-rdf-syntax-ns#XMLLiteral","value":"This field will get the original creation $H when the task is\rrequeued thru the REQ^%ZTLOAD API.\rAt other times it will be empty."}},{"number":"21","flags":"F","name":"Original Destination UCI","location":".01;1","type":"4","inputTransform":"K:$L(X)>8!($L(X)<1) X","description":{"fmId":"-1","fmType":"5","type":"typed-literal","datatype":"http://www.w3.org/1999/02/22-rdf-syntax-ns#XMLLiteral","value":"This is the Original Destination UCI that was given."}},{"number":"22","flags":"F","name":"Original Destination Volume","location":".01;2","type":"4","inputTransform":"K:$L(X)>8!($L(X)<1) X","description":{"fmId":"-1","fmType":"5","type":"typed-literal","datatype":"http://www.w3.org/1999/02/22-rdf-syntax-ns#XMLLiteral","value":"This field holds the Original Destination Volume."}},{"number":"31","flags":"F","name":"Current Destination UCI","location":".02;1","type":"4","inputTransform":"K:$L(X)>8!($L(X)<1) X","description":{"fmId":"-1","fmType":"5","type":"typed-literal","datatype":"http://www.w3.org/1999/02/22-rdf-syntax-ns#XMLLiteral","value":"This field holds the Current Destination UCI."}},{"number":"32","flags":"F","name":"Current Destination Volume Set","location":".02;2","type":"4","inputTransform":"K:$L(X)>8!($L(X)<1) X","description":{"fmId":"-1","fmType":"5","type":"typed-literal","datatype":"http://www.w3.org/1999/02/22-rdf-syntax-ns#XMLLiteral","value":"This field holds the Current Destination Volume Set."}},{"number":"33","flags":"NJ2,0","name":"Hop Count","location":".02;3","type":"2","inputTransform":"K:+X'=X!(X>99)!(X<0)!(X?.E1\".\"1N.N) X","description":{"fmId":"-1","fmType":"5","type":"typed-literal","datatype":"http://www.w3.org/1999/02/22-rdf-syntax-ns#XMLLiteral","value":"This field is used by Taskmanager to keep track of the number of times that \ra task is moved to a new system trying to start it.\rAfter 3 hops taskman will reject the task.  This will help keep it from \rfilling up a disk.\r"}},{"number":"41","flags":"F","name":"Task Description","location":".03;E1,240","type":"4","inputTransform":"K:$L(X)>240!($L(X)<1) X","description":{"fmId":"-1","fmType":"5","type":"typed-literal","datatype":"http://www.w3.org/1999/02/22-rdf-syntax-ns#XMLLiteral","value":"This field holds the task description that was given by the creating\rapplication."}},{"number":"42","flags":"NJ10,0","name":"Schedule Time Seconds","location":".04;1","type":"2","inputTransform":"K:+X'=X!(X>9999999999)!(X<86400)!(X?.E1\".\"1N.N) X","description":{"fmId":"-1","fmType":"5","type":"typed-literal","datatype":"http://www.w3.org/1999/02/22-rdf-syntax-ns#XMLLiteral","value":"This field holds the Scheduled run time in seconds.\rIt is value is $$H3^%ZTM(<field #6>)."}},{"number":"51","flags":"F","name":"Status Code","location":".1;1","type":"4","inputTransform":"K:$L(X)>1!($L(X)<1) X","description":{"fmId":"-1","fmType":"5","type":"typed-literal","datatype":"http://www.w3.org/1999/02/22-rdf-syntax-ns#XMLLiteral","value":"This is a status code to show that last know state of the task."}},{"number":"52","flags":"F","name":"Last Update $H","location":".1;2","type":"4","inputTransform":"K:$L(X)>12!($L(X)<5)!'(X?5.6N1\",\"1.5N) X","description":{"fmId":"-1","fmType":"5","type":"typed-literal","datatype":"http://www.w3.org/1999/02/22-rdf-syntax-ns#XMLLiteral","value":"This field holds the $H date when the status code was last updated."}},{"number":"53","flags":"F","name":"Status Notes","location":".1;3","type":"4","inputTransform":"K:$L(X)>50!($L(X)<1) X","description":{"fmId":"-1","fmType":"5","type":"typed-literal","datatype":"http://www.w3.org/1999/02/22-rdf-syntax-ns#XMLLiteral","value":"This field holds and text string that was included to expaned the status\rcode."}},{"number":"54","flags":"NJ9,0","name":"Job","location":".1;4","type":"2","inputTransform":"K:+X'=X!(X>999999999)!(X<0)!(X?.E1\".\"1N.N) X","description":{"fmId":"-1","fmType":"5","type":"typed-literal","datatype":"http://www.w3.org/1999/02/22-rdf-syntax-ns#XMLLiteral","value":"This field holds the $JOB value for the process that ran the task.\r"}},{"number":"59.1","flags":"F","name":"Stop Flag","location":".1;10","type":"4","inputTransform":"K:$L(X)>1!($L(X)<1) X","description":{"fmId":"-1","fmType":"5","type":"typed-literal","datatype":"http://www.w3.org/1999/02/22-rdf-syntax-ns#XMLLiteral","value":"This field holds the flag that indicates that the user has asked\r the task to stop."}},{"number":"59.8","flags":"F","name":"Remember Untill","location":".1;8","type":"4","inputTransform":"K:$L(X)>11!($L(X)<5)!'(X?1.N.1\",\".5N) X","description":{"fmId":"-1","fmType":"5","type":"typed-literal","datatype":"http://www.w3.org/1999/02/22-rdf-syntax-ns#XMLLiteral","value":"This field holds the $Horolog value for the date to remember the\rtask untill.  The task cleanup routine will not remove the task record\runtill after this date."}},{"number":"61","flags":"F","name":"Message to User","location":".11;E1,240","type":"4","inputTransform":"K:$L(X)>240!($L(X)<1) X","description":{"fmId":"-1","fmType":"5","type":"typed-literal","datatype":"http://www.w3.org/1999/02/22-rdf-syntax-ns#XMLLiteral","value":"This field holds and message that the task sends back to the used\rwhen checking the stop flag."}},{"number":"71","flags":"NJ1,0","name":"Error Count","location":".12;1","type":"2","inputTransform":"K:+X'=X!(X>5)!(X<0)!(X?.E1\".\"1N.N) X","description":{"fmId":"-1","fmType":"5","type":"typed-literal","datatype":"http://www.w3.org/1999/02/22-rdf-syntax-ns#XMLLiteral","value":"This field holds a count of the retries if the sub-manager gets\rand error while setting up the task.  The current limit is 5\rbefore the sub-manager stops trying."}},{"number":"72","flags":"F","name":"Error $H","location":".12;2","type":"4","inputTransform":"K:$L(X)>12!($L(X)<5) X","description":{"fmId":"-1","fmType":"5","type":"typed-literal","datatype":"http://www.w3.org/1999/02/22-rdf-syntax-ns#XMLLiteral","value":"This field holds the $H value of when an eror occured."}},{"number":"73","flags":"F","name":"Error Message","location":".12;3","type":"4","inputTransform":"K:$L(X)>200!($L(X)<1) X","description":{"fmId":"-1","fmType":"5","type":"typed-literal","datatype":"http://www.w3.org/1999/02/22-rdf-syntax-ns#XMLLiteral","value":"This field holds and OS error message if any error occurs."}},{"number":"81","flags":"F","name":"Device IOP value","location":".2;1","type":"4","inputTransform":"K:$L(X)>45!($L(X)<1) X","description":{"fmId":"-1","fmType":"5","type":"typed-literal","datatype":"http://www.w3.org/1999/02/22-rdf-syntax-ns#XMLLiteral","value":"This field holds the string that will be passed to %ZIS in the IOP\rvariable."}},{"number":"82","flags":"F","name":"$IO value","location":".2;2","type":"4","inputTransform":"K:$L(X)>45!($L(X)<1) X","description":{"fmId":"-1","fmType":"5","type":"typed-literal","datatype":"http://www.w3.org/1999/02/22-rdf-syntax-ns#XMLLiteral","value":"This field holds the resolved $IO value that was returned from\r%ZIS."}},{"number":"83","flags":"F","name":"Device Type","location":".2;3","type":"4","inputTransform":"K:$L(X)>5!($L(X)<1) X","description":{"fmId":"-1","fmType":"5","type":"typed-literal","datatype":"http://www.w3.org/1999/02/22-rdf-syntax-ns#XMLLiteral","value":"This field holds the device type that was returned from %ZIS."}},{"number":"84","flags":"F","name":"Device Sub-Type","location":".2;4","type":"4","inputTransform":"K:$L(X)>45!($L(X)<1) X","description":{"fmId":"-1","fmType":"5","type":"typed-literal","datatype":"http://www.w3.org/1999/02/22-rdf-syntax-ns#XMLLiteral","value":"This field holds the Terminal Type value returned from %ZIS."}},{"number":"85","flags":"F","name":"Device %IS modifier","location":".2;5","type":"4","inputTransform":"K:$L(X)>5!($L(X)<1) X","description":{"fmId":"-1","fmType":"5","type":"typed-literal","datatype":"http://www.w3.org/1999/02/22-rdf-syntax-ns#XMLLiteral","value":"This field holds any modifieds to the %ZIS call."}},{"number":"86","flags":"F","name":"Host File Address","location":".2;6","type":"4","inputTransform":"K:$L(X)>45!($L(X)<1) X","description":{"fmId":"-1","fmType":"5","type":"typed-literal","datatype":"http://www.w3.org/1999/02/22-rdf-syntax-ns#XMLLiteral","value":"If the device requested is a Host File then this field holds the\rname of the Host file."}},{"number":"87","flags":"F","name":"Sync Flag","location":".2;7","type":"4","inputTransform":"K:$L(X)>30!($L(X)<1) X","description":{"fmId":"-1","fmType":"5","type":"typed-literal","datatype":"http://www.w3.org/1999/02/22-rdf-syntax-ns#XMLLiteral","value":"This field holds the Sync Flag that will be used to control other\rtasks with the same Sync Flag.\rIf one task with a Sync Flag doesn't finish properly other tasks\rwith the same Sync Flag will be prevented from running."}},{"number":"88","flags":"NJ2,0","name":"IO Reschedule Count","location":".2;8","type":"2","inputTransform":"K:+X'=X!(X>99)!(X<0)!(X?.E1\".\"1N.N) X","description":{"fmId":"-1","fmType":"5","type":"typed-literal","datatype":"http://www.w3.org/1999/02/22-rdf-syntax-ns#XMLLiteral","value":"This field holds a count of the number of times a task has been\rre-Scheduled because the HFS or SPL type device has been busy.\rThis can be used to find tasks that are looping because of a bad device."}},{"number":"91","flags":"P3.5'","name":"Device file entry","location":".21;1","type":"7","details":"3.5","description":{"fmId":"-1","fmType":"5","type":"typed-literal","datatype":"http://www.w3.org/1999/02/22-rdf-syntax-ns#XMLLiteral","value":"This field holds the IEN of the device that was selected."}},{"number":"95","flags":"F","name":"Device parameters","location":".25;1","type":"4","inputTransform":"K:$L(X)>45!($L(X)<1) X","description":{"fmId":"-1","fmType":"5","type":"typed-literal","datatype":"http://www.w3.org/1999/02/22-rdf-syntax-ns#XMLLiteral","value":"This field holds other device parameters."}},{"number":"96","flags":"F","name":"Hunt Group Name","location":".26;1","type":"4","inputTransform":"K:$L(X)>30!($L(X)<1) X","description":{"fmId":"-1","fmType":"5","type":"typed-literal","datatype":"http://www.w3.org/1999/02/22-rdf-syntax-ns#XMLLiteral","value":"This field holds name of the hunt group that the device is in."}},{"number":"101","flags":"CJ15","name":"ROUTINE","type":"6","computation":"S Y(14.4,101,1)=$S($D(^%ZTSK(D0,0)):^(0),1:\"\") S X=$P(Y(14.4,101,1),U,1)_\"^\",Y(14.4,101,2)=X S X=$P(Y(14.4,101,1),U,2),Y=X,X=Y(14.4,101,2),X=X_Y"},{"number":"105","flags":"CJ17","name":"Creation DT","type":"6","computation":"S X=$$HTE^XLFDT($P($G(^%ZTSK(D0,0)),U,5),\"2F\")","description":{"fmId":"-1","fmType":"5","type":"typed-literal","datatype":"http://www.w3.org/1999/02/22-rdf-syntax-ns#XMLLiteral","value":"Convert the creation $H into printable format."}},{"number":"106","flags":"CJ17","name":"Scheduled Run DT","type":"6","computation":"S X=$$HTE^XLFDT($P($G(^%ZTSK(D0,0)),U,6),\"2F\")","description":{"fmId":"-1","fmType":"5","type":"typed-literal","datatype":"http://www.w3.org/1999/02/22-rdf-syntax-ns#XMLLiteral","value":"Convert the scheduled run $H to printable format."}},{"number":"152","flags":"CJ17","name":"Status DT","type":"6","computation":"S X=$$HTE^XLFDT($P($G(^%ZTSK(D0,.1)),U,2),\"2F\")","description":{"fmId":"-1","fmType":"5","type":"typed-literal","datatype":"http://www.w3.org/1999/02/22-rdf-syntax-ns#XMLLiteral","value":"Convert the status $H to printable format."}}],"fmql":{"OP":"DESCRIBE TYPE","TYPE":"14_4","TYPELABEL":"TASKS"}}