{"name":"BREAKFAST MODIFICATIONS","number":"111.115","parent":"111.1","fields":[{"number":".01","flags":"MP114.1'","name":"BREAKFAST MODIFICATIONS","location":"0;1","index":"B","type":"7","details":"114.1","description":{"fmId":"-1","fmType":"5","type":"typed-literal","datatype":"http://www.w3.org/1999/02/22-rdf-syntax-ns#XMLLiteral","value":"This is the Recipe Category selected from file (114.1) for the\rbreakfast meal for the selected diet modifications.  It determines\rwhich recipes each patient under the diet modifications will\rreceive on the Tray Ticket.  This Recipe Category is also used\rin producing the Diet Cards."}},{"number":"1","flags":"RNJ4,2","name":"QUANTITY","location":"0;2","type":"2","inputTransform":"K:+X'=X!(X>9.99)!(X<0)!(X?.E1\".\"3N.N) X","description":{"fmId":"-1","fmType":"5","type":"typed-literal","datatype":"http://www.w3.org/1999/02/22-rdf-syntax-ns#XMLLiteral","value":"This is the selected quantity for the Recipe Category.  This quantity\rdetermines the amount of the recipe on the Tray Ticket.  If a zero\ris entered, the recipe is omitted."}}],"fmql":{"OP":"DESCRIBE TYPE","TYPE":"111_115","TYPELABEL":"BREAKFAST MODIFICATIONS"}}