{"name":"INTAKE ITEM","number":"126.13","parent":"126.01","fields":[{"number":".01","flags":"M*P126.8'X","name":"INTAKE ITEM","location":"0;1","index":"B","type":"7","details":"126.8","inputTransform":"D EN6^GMRYUT2 D ^DIC K DIC S DIC=DIE,X=+Y K:Y<0 X K:'$D(GEDIT) GMRYTYP","description":{"fmId":"-1","fmType":"5","type":"typed-literal","datatype":"http://www.w3.org/1999/02/22-rdf-syntax-ns#XMLLiteral","value":"This field stores the name of the fluid(s) taken by the patient."}},{"number":"1","flags":"RNJ6,1","name":"VOLUME","location":"0;2","type":"2","inputTransform":"K:+X'=X!(X>9999)!(X<0)!(X?.E1\".\"2N.N) X","description":{"fmId":"-1","fmType":"5","type":"typed-literal","datatype":"http://www.w3.org/1999/02/22-rdf-syntax-ns#XMLLiteral","value":"This field contains the measurement in milliliters (ml) for the fluid intake\ritem."}},{"number":"2","flags":"F","name":"SPECIFY","location":"0;3","type":"4","inputTransform":"K:$L(X)>50!($L(X)<1) X","description":{"fmId":"-1","fmType":"5","type":"typed-literal","datatype":"http://www.w3.org/1999/02/22-rdf-syntax-ns#XMLLiteral","value":"The user can specify the intake item if the OTHER item is selected."}}],"fmql":{"OP":"DESCRIBE TYPE","TYPE":"126_13","TYPELABEL":"INTAKE ITEM"}}