{"name":"MENU CYCLE","number":"116","location":"^FH(116,","description":{"fmId":"-1","fmType":"5","type":"typed-literal","datatype":"http://www.w3.org/1999/02/22-rdf-syntax-ns#XMLLiteral","value":"A menu cycle consists of some specified number of days each day\rof which is associated with a breakfast, noon, and evening meal.\rAn effective date determines the start of the cycle and it will\rrepeat until the effective date of another menu cycle begins."},"version":"5.5","vpackage":"DIETETICS","fields":[{"number":".01","flags":"RF","name":"NAME","location":"0;1","index":"B","type":"4","inputTransform":"K:$L(X)>30!(+X=X)!($L(X)<3)!'(X'?1P.E)!(X'?.ANP) X","description":{"fmId":"-1","fmType":"5","type":"typed-literal","datatype":"http://www.w3.org/1999/02/22-rdf-syntax-ns#XMLLiteral","value":"This is the name of a menu cycle, and is often 'Summer\rcycle' or 'Winter cycle.'"}},{"number":"1","flags":"116.01","name":"DAY","location":"DA;0","type":"9","details":"116.01","description":{"fmId":"-1","fmType":"5","type":"typed-literal","datatype":"http://www.w3.org/1999/02/22-rdf-syntax-ns#XMLLiteral","value":"This field contains the day number within the cycle and is\rtherefore 1 to the number of days in the cycle."}},{"number":"2","flags":"RNJ3,0","name":"NO. DAYS IN CYCLE","location":"0;2","type":"2","inputTransform":"K:+X'=X!(X>365)!(X<1)!(X?.E1\".\"1N.N) X","description":{"fmId":"-1","fmType":"5","type":"typed-literal","datatype":"http://www.w3.org/1999/02/22-rdf-syntax-ns#XMLLiteral","value":"This is the number of days in the cycle, after which it will\rrepeat. The day numbers in the Day Field (Field 1) should\rrun from 1 to this number."}},{"number":"3","flags":"116.02D","name":"EFFECTIVE DATE","location":"DT;0","type":"9","details":"116.02","description":{"fmId":"-1","fmType":"5","type":"typed-literal","datatype":"http://www.w3.org/1999/02/22-rdf-syntax-ns#XMLLiteral","value":"This multiple contains dates upon which this cycle will become\reffective and will continue until superceded by the effective\rdate of this or another cycle. The date becomes Day 1 of the\rselected cycle."}}],"fmql":{"OP":"DESCRIBE TYPE","TYPE":"116","TYPELABEL":"MENU CYCLE"}}