{"name":"DIET SEQUENCE","number":"115.14","parent":"115.01","fields":[{"number":".01","flags":"DIX","name":"DIET SEQUENCE DATE/TIME","location":"0;1","type":"1","inputTransform":"S %DT=\"ETXR\" D ^%DT S X=Y K:Y<1 X I $D(X) S DINUM=X","description":{"fmId":"-1","fmType":"5","type":"typed-literal","datatype":"http://www.w3.org/1999/02/22-rdf-syntax-ns#XMLLiteral","value":"This field is the date/time that a diet order is to take effect;\rthe order will remain in effect until the following date/time\rsequence entry."}},{"number":"1","flags":"RNJ5,0I","name":"DIET ORDER #","location":"0;2","type":"2","inputTransform":"K:+X'=X!(X>99999)!(X<1)!(X?.E1\".\"1N.N) X","description":{"fmId":"-1","fmType":"5","type":"typed-literal","datatype":"http://www.w3.org/1999/02/22-rdf-syntax-ns#XMLLiteral","value":"This is the order number, in Field 3, of the diet order that is\rto become effective at the indicated date/time."}}],"fmql":{"OP":"DESCRIBE TYPE","TYPE":"115_14","TYPELABEL":"DIET SEQUENCE"}}