{"name":"GMRY OUTPUT TYPE","number":"126.58","location":"^GMRD(126.58,","count":"6","lastIEN":"6","description":{"fmId":"-1","fmType":"5","type":"typed-literal","datatype":"http://www.w3.org/1999/02/22-rdf-syntax-ns#XMLLiteral","value":"This file contains the major output types such as URINE, STOOL, DRAINS, etc.\rThe ADP coordinator is allowed to configure the file entries."},"version":"4.0","vpackage":"GEN. MED. REC. - I/O","fields":[{"number":".01","flags":"RF","name":"OUTPUT TYPE","location":"0;1","index":"B","type":"4","inputTransform":"K:$L(X)>30!($L(X)<1)!'(X'?1P.E) X","description":{"fmId":"-1","fmType":"5","type":"typed-literal","datatype":"http://www.w3.org/1999/02/22-rdf-syntax-ns#XMLLiteral","value":"This field contains the names of output types such as URINE, STOOL, DRAINS \retc."}},{"number":"1","flags":"RNJ2,0","name":"ORDER","location":"0;2","index":"C","type":"2","inputTransform":"K:+X'=X!(X>20)!(X<1)!(X?.E1\".\"1N.N) X","description":{"fmId":"-1","fmType":"5","type":"typed-literal","datatype":"http://www.w3.org/1999/02/22-rdf-syntax-ns#XMLLiteral","value":"This field stores the listing order for the patient intake/output reports."}}],"fmql":{"OP":"DESCRIBE TYPE","TYPE":"126_58","TYPELABEL":"GMRY OUTPUT TYPE"}}