{"name":"MEMBER","number":"100.981","parent":"100.98","fields":[{"number":".001","flags":"NJ5,1","name":"SEQUENCE","type":"6","computation":"K:+X'=X!(X>900)!(X<0)!(X?.E1\".\"2N.N) X","description":{"fmId":"-1","fmType":"5","type":"typed-literal","datatype":"http://www.w3.org/1999/02/22-rdf-syntax-ns#XMLLiteral","value":"This is the sequence of the member in the display group for reporting\rpurposes."}},{"number":".01","flags":"MP100.98X","name":"MEMBER","location":"0;1","index":"B","type":"7","details":"100.98","inputTransform":"S ORDDF=100.98 D TREE^ORDD101","description":{"fmId":"-1","fmType":"5","type":"typed-literal","datatype":"http://www.w3.org/1999/02/22-rdf-syntax-ns#XMLLiteral","value":"This is a display group listed in the NAME field. (This is similar to a\rmenu item in the OPTION File.)"}}],"fmql":{"OP":"DESCRIBE TYPE","TYPE":"100_981","TYPELABEL":"MEMBER"}}