{"name":"NUTRITION STATUS","number":"115.012","parent":"115","fields":[{"number":".01","flags":"DX","name":"STATUS DATE/TIME","location":"0;1","index":"B","type":"1","inputTransform":"S %DT=\"ESTXR\" D ^%DT S X=Y K:Y<1 X I $D(X) S DINUM=9999999-X","description":{"fmId":"-1","fmType":"5","type":"typed-literal","datatype":"http://www.w3.org/1999/02/22-rdf-syntax-ns#XMLLiteral","value":"This field contains the date/time that a nutrition status\rassessment was entered."}},{"number":"1","flags":"RP115.4'","name":"STATUS","location":"0;2","type":"7","details":"115.4","description":{"fmId":"-1","fmType":"5","type":"typed-literal","datatype":"http://www.w3.org/1999/02/22-rdf-syntax-ns#XMLLiteral","value":"This is a pointer to the Nutrition Status file (115.4) indicating\rthe current status of this patient."}},{"number":"2","flags":"RP200'","name":"ENTRY CLERK","location":"0;3","type":"7","details":"200","description":{"fmId":"-1","fmType":"5","type":"typed-literal","datatype":"http://www.w3.org/1999/02/22-rdf-syntax-ns#XMLLiteral","value":"This is a pointer indicating the person actually making the entry\rof the status."}},{"number":"3","flags":"D","name":"LAST REVIEW DATE/TIME","location":"0;4","type":"1","inputTransform":"S %DT=\"ESTXR\" D ^%DT S X=Y K:Y<1 X","description":{"fmId":"-1","fmType":"5","type":"typed-literal","datatype":"http://www.w3.org/1999/02/22-rdf-syntax-ns#XMLLiteral","value":"This is the date/time that this Nutrition Status was last reviewed.\rFurther reviews are based upon this last review date/time."}},{"number":"4","flags":"P200'","name":"REVIEW CLERK","location":"0;5","type":"7","details":"200","description":{"fmId":"-1","fmType":"5","type":"typed-literal","datatype":"http://www.w3.org/1999/02/22-rdf-syntax-ns#XMLLiteral","value":"This is a pointer to File 200 of the person entering the review."}},{"number":"5","flags":"P119.6'","name":"DIETETIC WARD","location":"0;6","type":"7","details":"119.6","description":{"fmId":"-1","fmType":"5","type":"typed-literal","datatype":"http://www.w3.org/1999/02/22-rdf-syntax-ns#XMLLiteral","value":"This field is a pointer to the Dietetic Ward on which the patient\rresided when the Nutrition Status was entered."}}],"fmql":{"OP":"DESCRIBE TYPE","TYPE":"115_012","TYPELABEL":"NUTRITION STATUS"}}