{"name":"SELECTION","number":"124.31","parent":"124.3","fields":[{"number":".01","flags":"M*P124.2'I","name":"SELECTION","location":"0;1","index":"B","type":"7","details":"124.2","inputTransform":"S DIC(\"S\")=\"D EN4^GMRGUTL\" D ^DIC K DIC S DIC=DIE,X=+Y K:Y<0 X","description":{"fmId":"-1","fmType":"5","type":"typed-literal","datatype":"http://www.w3.org/1999/02/22-rdf-syntax-ns#XMLLiteral","value":"An AGGREGATE TERM that belongs to this text block."}},{"number":"1","flags":"FXI","name":"APPENDED/INTERNAL TEXT","location":"0;2","type":"4","inputTransform":"K:X[\"\"\"\"!($A(X)=45) X I $D(X) K:$L(X)>175!($L(X)<1)!'(X'?1P.E!(X?1\"|\".E)) X I $D(X) D EN2^GMRGUT3","description":{"fmId":"-1","fmType":"5","type":"typed-literal","datatype":"http://www.w3.org/1999/02/22-rdf-syntax-ns#XMLLiteral","value":"Any additional free text for a SELECTION is entered here.  Multiple values\rare allowed with the horizontal bar (|) used as a delimiter.  The first\rpiece is equal to the free text appended to the end of an aggregate term,\rand all subsequent pieces are equal to any [ embedded ] free text\rwithin an AGGREGATE TERM."}},{"number":"2","flags":"FXI","name":"ADDITIONAL TEXT","location":"ADD;1","type":"4","inputTransform":"K:X[\"\"\"\"!($A(X)=45) X I $D(X) K:(X?1P.E)!($L(X)>245)!($L(X)<1) X I $D(X),'$P($G(^GMRD(124.2,+$P(^GMR(124.3,DA(1),1,DA,0),U),0)),U,9) D EN^DDIOL($C(7)_\"Ask Additional Text flag not set.\") K X","description":{"fmId":"-1","fmType":"5","type":"typed-literal","datatype":"http://www.w3.org/1999/02/22-rdf-syntax-ns#XMLLiteral","value":"This is additional text that is applicable for this term."}},{"number":"3","flags":"124.313IDA","name":"AUDIT TRAIL","location":"2;0","type":"9","details":"124.313","description":{"fmId":"-1","fmType":"5","type":"typed-literal","datatype":"http://www.w3.org/1999/02/22-rdf-syntax-ns#XMLLiteral","value":"This is an audit trail on this selection used by the General Medical Record\rTreatment Planner to determine the status of this selection."}},{"number":"4","flags":"RSI","name":"ADDED","location":"0;3","type":"3","details":"0:NO;1:YES;","description":{"fmId":"-1","fmType":"5","type":"typed-literal","datatype":"http://www.w3.org/1999/02/22-rdf-syntax-ns#XMLLiteral","value":"This is a flag that is stuffed in directly by the patient data edit.  This\rflag denotes whether this term has been added into the patient care plan or\rnot."}}],"fmql":{"OP":"DESCRIBE TYPE","TYPE":"124_31","TYPELABEL":"SELECTION"}}