{"name":"TASKMAN SNAPSHOT","number":"14.72","location":"^%ZIS(14.72,","description":{"fmId":"-1","fmType":"5","type":"typed-literal","datatype":"http://www.w3.org/1999/02/22-rdf-syntax-ns#XMLLiteral","value":"This file holds Taskman SnapShot data.\rThis is a snapshot of the counts in the taskman ^%ZTSCH global.\rThere should be no user entry of this data.\rIt is just for reporting."},"version":"8.0","vpackage":"XU","fields":[{"number":".01","flags":"RD","name":"DATE","location":"0;1","index":"B","type":"1","inputTransform":"S %DT=\"ESTXR\" D ^%DT S X=Y K:Y<1 X"},{"number":"2","flags":"S","name":"TASKMAN CURRENT","location":"0;2","type":"3","details":"0:NO;1:Yes;","description":{"fmId":"-1","fmType":"5","type":"typed-literal","datatype":"http://www.w3.org/1999/02/22-rdf-syntax-ns#XMLLiteral","value":"This hold the value returned by $$TM^%ZTLOAD."}},{"number":"3","flags":"NJ2,0","name":"TASKMAN COUNT","location":"0;3","type":"2","inputTransform":"K:+X'=X!(X>10)!(X<0)!(X?.E1\".\"1N.N) X","description":{"fmId":"-1","fmType":"5","type":"typed-literal","datatype":"http://www.w3.org/1999/02/22-rdf-syntax-ns#XMLLiteral","value":"This is the count of the number of entries in the ^%ZTSCH(\"STATUS\") \rglobal."}},{"number":"4","flags":"F","name":"TASKMAN BALANCE","location":"0;4","type":"4","inputTransform":"K:$L(X)>20!($L(X)<3) X","description":{"fmId":"-1","fmType":"5","type":"typed-literal","datatype":"http://www.w3.org/1999/02/22-rdf-syntax-ns#XMLLiteral","value":"This is what node is the current run node if taskman is doing load \rbalancing."}},{"number":"5","flags":"NJ4,0","name":"BALANCE WEIGHT","location":"0;5","type":"2","inputTransform":"K:+X'=X!(X>1000)!(X<0)!(X?.E1\".\"1N.N) X","description":{"fmId":"-1","fmType":"5","type":"typed-literal","datatype":"http://www.w3.org/1999/02/22-rdf-syntax-ns#XMLLiteral","value":"This field holds the Balance Weight of the current Task Manager."}},{"number":"7","flags":"NJ6,0","name":"SCHEDULE COUNT","location":"0;7","type":"2","inputTransform":"K:+X'=X!(X>999999)!(X<0)!(X?.E1\".\"1N.N) X","description":{"fmId":"-1","fmType":"5","type":"typed-literal","datatype":"http://www.w3.org/1999/02/22-rdf-syntax-ns#XMLLiteral","value":"This is the number of tasks in the schedule list."}},{"number":"8","flags":"NJ5,0","name":"SCH LATE BY","location":"0;8","type":"2","inputTransform":"K:+X'=X!(X>99999)!(X<0)!(X?.E1\".\"1N.N) X","description":{"fmId":"-1","fmType":"5","type":"typed-literal","datatype":"http://www.w3.org/1999/02/22-rdf-syntax-ns#XMLLiteral","value":"The number of seconds the first task in the schedule list is late."}},{"number":"9","flags":"NJ5,0","name":"SCH LATE CNT","location":"0;9","type":"2","inputTransform":"K:+X'=X!(X>99999)!(X<0)!(X?.E1\".\"1N.N) X","description":{"fmId":"-1","fmType":"5","type":"typed-literal","datatype":"http://www.w3.org/1999/02/22-rdf-syntax-ns#XMLLiteral","value":"This field holds a count of the number of late tasks in the schedule list."}},{"number":"10","flags":"NJ6,0","name":"IO DEVICE CNT","location":"0;10","type":"2","inputTransform":"K:+X'=X!(X>999999)!(X<0)!(X?.E1\".\"1.N) X","description":{"fmId":"-1","fmType":"5","type":"typed-literal","datatype":"http://www.w3.org/1999/02/22-rdf-syntax-ns#XMLLiteral","value":"This is the number of IO WAIT queues."}},{"number":"11","flags":"NJ6,0","name":"IO TASK COUNT","location":"0;11","type":"2","inputTransform":"K:+X'=X!(X>999999)!(X<0)!(X?.E1\".\"1N.N) X","description":{"fmId":"-1","fmType":"5","type":"typed-literal","datatype":"http://www.w3.org/1999/02/22-rdf-syntax-ns#XMLLiteral","value":"This is the number of tasks in IO WAIT queues."}},{"number":"12","flags":"NJ6,0","name":"IO LATE","location":"0;12","type":"2","inputTransform":"K:+X'=X!(X>999999)!(X<0)!(X?.E1\".\"1N.N) X","description":{"fmId":"-1","fmType":"5","type":"typed-literal","datatype":"http://www.w3.org/1999/02/22-rdf-syntax-ns#XMLLiteral","value":"This is the number of seconds the first task is late.\rWill have to see if it has any value."}},{"number":"15","flags":"NJ6,0","name":"JOBQ","location":"0;15","type":"2","inputTransform":"K:+X'=X!(X>999999)!(X<0)!(X?.E1\".\"1N.N) X","description":{"fmId":"-1","fmType":"5","type":"typed-literal","datatype":"http://www.w3.org/1999/02/22-rdf-syntax-ns#XMLLiteral","value":"This is the number of tasks in the JOB and C lists waiting to run."}},{"number":"16","flags":"NJ6,0","name":"JOBQ LATE","location":"0;16","type":"2","inputTransform":"K:+X'=X!(X>999999)!(X<0)!(X?.E1\".\"1N.N) X","description":{"fmId":"-1","fmType":"5","type":"typed-literal","datatype":"http://www.w3.org/1999/02/22-rdf-syntax-ns#XMLLiteral","value":"This is the number of seconds the first task in the JOB list is late."}},{"number":"19","flags":"NJ6,0","name":"SUBMANAGER COUNT","location":"0;19","type":"2","inputTransform":"K:+X'=X!(X>999999)!(X<0)!(X?.E1\".\"1N.N) X","description":{"fmId":"-1","fmType":"5","type":"typed-literal","datatype":"http://www.w3.org/1999/02/22-rdf-syntax-ns#XMLLiteral","value":"This is the total number of submanagers running."}},{"number":"20","flags":"NJ6,0","name":"RUNNING TASKS","location":"0;20","type":"2","inputTransform":"K:+X'=X!(X>999999)!(X<0)!(X?.E1\".\"1N.N) X","description":{"fmId":"-1","fmType":"5","type":"typed-literal","datatype":"http://www.w3.org/1999/02/22-rdf-syntax-ns#XMLLiteral","value":"This is the number of running tasks."}},{"number":"22","flags":"NJ4,0","name":"TOTAL JOBS","location":"0;22","type":"2","inputTransform":"K:+X'=X!(X>9999)!(X<0)!(X?.E1\".\"1N.N) X","description":{"fmId":"-1","fmType":"5","type":"typed-literal","datatype":"http://www.w3.org/1999/02/22-rdf-syntax-ns#XMLLiteral","value":"This field holds the total number of running jobs as reported by \r$$ACTJ^%ZOSV."}},{"number":"101","flags":"14.72101","name":"MANAGERS","location":"1;0","type":"9","details":"14.72101"},{"number":"201","flags":"14.72201","name":"SUBMANAGERS","location":"2;0","type":"9","details":"14.72201"}],"fmql":{"OP":"DESCRIBE TYPE","TYPE":"14_72","TYPELABEL":"TASKMAN SNAPSHOT"}}