{"name":"COMMENTS","number":"120.826","parent":"120.8","fields":[{"number":".01","flags":"MD","name":"DATE/TIME COMMENT ENTERED","location":"0;1","index":"B","type":"1","inputTransform":"S %DT=\"ESTXR\" D ^%DT S X=Y K:Y<1 X","description":{"fmId":"-1","fmType":"5","type":"typed-literal","datatype":"http://www.w3.org/1999/02/22-rdf-syntax-ns#XMLLiteral","value":"This field is the date/time this comment was entered.  This field is\rautomatically filled by the system when a user enters a comment."}},{"number":"1","flags":"P200'","name":"USER ENTERING","location":"0;2","type":"7","details":"200","description":{"fmId":"-1","fmType":"5","type":"typed-literal","datatype":"http://www.w3.org/1999/02/22-rdf-syntax-ns#XMLLiteral","value":"This field tracks the user who entered this comment.  The field is\rautomatically stuffed when that user enters a comment."}},{"number":"1.5","flags":"S","name":"COMMENT TYPE","location":"0;3","index":"AVER","type":"3","details":"V:VERIFIED;O:OBSERVED;E:ERRORED;","description":{"fmId":"-1","fmType":"5","type":"typed-literal","datatype":"http://www.w3.org/1999/02/22-rdf-syntax-ns#XMLLiteral","value":"This field indicates the type of comments. If this field is\ranswered \"V\", then these comments are verifier entered.  If this field is\ranswered \"O\", then these are observer comments.  If this field is answered\r\"E\", then these are entered in error comments."}},{"number":"2","flags":"120.8262","name":"COMMENTS","location":"2;0","type":"5","description":{"fmId":"-1","fmType":"5","type":"typed-literal","datatype":"http://www.w3.org/1999/02/22-rdf-syntax-ns#XMLLiteral","value":"This field contains comments that were entered.\r                                            \r                                              "}}],"fmql":{"OP":"DESCRIBE TYPE","TYPE":"120_826","TYPELABEL":"COMMENTS"}}