{"name":"ORDER EXECUTE CODES","number":"101.3","location":"^ORD(101.3,","count":"20","lastIEN":"20","fields":[{"number":".01","flags":"RF","name":"NAME","location":"0;1","index":"B","type":"4","inputTransform":"K:$L(X)>30!(X?.N)!($L(X)<3)!'(X'?1P.E) X","description":{"fmId":"-1","fmType":"5","type":"typed-literal","datatype":"http://www.w3.org/1999/02/22-rdf-syntax-ns#XMLLiteral","value":"This is the name of the executable code."}},{"number":"1","flags":"K","name":"EXECUTE CODE","location":".1;E1,245","type":"10","inputTransform":"K:$L(X)>245 X D:$D(X) ^DIM"},{"number":"2","flags":"RS","name":"TYPE","location":"0;2","type":"3","details":"C:COMMENT;X:XECUTE;R:RECOVERABLE ERROR;","description":{"fmId":"-1","fmType":"5","type":"typed-literal","datatype":"http://www.w3.org/1999/02/22-rdf-syntax-ns#XMLLiteral","value":"This fields identifies the type for an execute code."}},{"number":"5","flags":"101.35P","name":"OPERATING SYSTEM","location":"2;0","type":"9","details":"101.35"},{"number":"6","flags":"101.36","name":"DESCRIPTION","location":"1;0","type":"5","description":{"fmId":"-1","fmType":"5","type":"typed-literal","datatype":"http://www.w3.org/1999/02/22-rdf-syntax-ns#XMLLiteral","value":"This field contains a description of what the execute code does."}}],"fmql":{"OP":"DESCRIBE TYPE","TYPE":"101_3","TYPELABEL":"ORDER EXECUTE CODES"}}