{"name":"EFFECTIVE DATE/TIME","number":"100.0199","parent":"100.01","fields":[{"number":".01","flags":"RDI","name":"EFFECTIVE DATE/TIME","location":"0;1","index":"B","type":"1","inputTransform":"S %DT=\"ESTX\" D ^%DT S X=Y K:Y<1 X","description":{"fmId":"-1","fmType":"5","type":"typed-literal","datatype":"http://www.w3.org/1999/02/22-rdf-syntax-ns#XMLLiteral","value":"This is the date/time when the Status of the reference term was established."}},{"number":".02","flags":"RSI","name":"STATUS","location":"0;2","type":"3","details":"1:ACTIVE;0:INACTIVE;","description":{"fmId":"-1","fmType":"5","type":"typed-literal","datatype":"http://www.w3.org/1999/02/22-rdf-syntax-ns#XMLLiteral","value":"The Status of a reference term is either 'ACTIVE' or 'INACTIVE'.  If \r'ACTIVE', then the term will be accessible by end-users to document a \rparticular patient event.  If 'INACTIVE', then the term will only be \raccessible by the application to display legacy data."}}],"fmql":{"OP":"DESCRIBE TYPE","TYPE":"100_0199","TYPELABEL":"EFFECTIVE DATE/TIME"}}