{"name":"EQUIPMENT","number":"114.4","location":"^FH(114.4,","count":"34","lastIEN":"34","description":{"fmId":"-1","fmType":"5","type":"typed-literal","datatype":"http://www.w3.org/1999/02/22-rdf-syntax-ns#XMLLiteral","value":"This file contains a list of basic equipment used in the preparation\rof recipes. A recipe may point to this list to indicate the\rprimary type of equipment used in the recipe preparation."},"version":"5.5","vpackage":"DIETETICS","fields":[{"number":".01","flags":"RF","name":"NAME","location":"0;1","index":"B","type":"4","inputTransform":"K:$L(X)>21!($L(X)<3) X","description":{"fmId":"-1","fmType":"5","type":"typed-literal","datatype":"http://www.w3.org/1999/02/22-rdf-syntax-ns#XMLLiteral","value":"This is the name of an equipment item (large kettle, convection\roven, etc.) and is used by the recipe file to indicate the\rusual preparation equipment needed."}},{"number":"99","flags":"S","name":"INACTIVE?","location":"I;1","type":"3","details":"Y:YES;N:NO;","description":{"fmId":"-1","fmType":"5","type":"typed-literal","datatype":"http://www.w3.org/1999/02/22-rdf-syntax-ns#XMLLiteral","value":"This field, if answered YES, will prohibit\rfurther selection of this entry."}}],"fmql":{"OP":"DESCRIBE TYPE","TYPE":"114_4","TYPELABEL":"EQUIPMENT"}}