{"name":"RESTR & POSITION AIDS","number":"130.31","parent":"130","fields":[{"number":".01","flags":"*P132.05'","name":"RESTR & POSITION AIDS","location":"0;1","type":"7","details":"132.05","inputTransform":"S DIC(\"S\")=\"I '$P(^(0),U,2)\" D ^DIC K DIC S DIC=DIE,X=+Y K:Y<0 X","description":{"fmId":"-1","fmType":"5","type":"typed-literal","datatype":"http://www.w3.org/1999/02/22-rdf-syntax-ns#XMLLiteral","value":"This is the restraint or positioning aid needed for securing the\rpatient for the operative procedure.  This information appears\ron the Nurse Intraoperative Report if entered.\r "}},{"number":"1","flags":"*P200'","name":"APPLIED BY","location":"0;2","type":"7","details":"200","inputTransform":"S DIC(\"S\")=\"S RESTRICT=\"\"130.31,1\"\" D KEY^SROXPR I $D(SROK)\" D ^DIC K DIC S DIC=DIE,X=+Y K:Y<0 X","description":{"fmId":"-1","fmType":"5","type":"typed-literal","datatype":"http://www.w3.org/1999/02/22-rdf-syntax-ns#XMLLiteral","value":"This is the person responsible for applying the restraint or positioning\raid.  Although optional, this information may be useful in documenting\rthis case.  If entered, it will appear on the Nurse Intraoperative Report.\r "}},{"number":"2","flags":"F","name":"RESTRAINT COMMENTS","location":"0;3","type":"4","inputTransform":"K:$L(X)>45!($L(X)<1) X","description":{"fmId":"-1","fmType":"5","type":"typed-literal","datatype":"http://www.w3.org/1999/02/22-rdf-syntax-ns#XMLLiteral","value":"This contains brief comments related to where or why a restraint\ror positioning aid was applied.  Your answer can be up to 45\rcharacters in length.\r "}}],"fmql":{"OP":"DESCRIBE TYPE","TYPE":"130_31","TYPELABEL":"RESTR & POSITION AIDS"}}