{"name":"OUTPUT","number":"126.02","parent":"126","fields":[{"number":".01","flags":"RDX","name":"OUTPUT DATE/TIME","location":"0;1","index":"B","type":"1","inputTransform":"S %DT=\"ETXRS\",%DT(0)=\"-NOW\" D ^%DT S X=Y K:Y<1 X K %DT(0)","description":{"fmId":"-1","fmType":"5","type":"typed-literal","datatype":"http://www.w3.org/1999/02/22-rdf-syntax-ns#XMLLiteral","value":"This field stores the end date/time point for this cumulative measurement.\rNO FUTURE DATE/TIME ALLOWED !!!"}},{"number":"1","flags":"RP126.58'","name":"OUTPUT TYPE","location":"0;2","type":"7","details":"126.58","description":{"fmId":"-1","fmType":"5","type":"typed-literal","datatype":"http://www.w3.org/1999/02/22-rdf-syntax-ns#XMLLiteral","value":"This field identifies the major output categories such as URINE, EMESIS,\retc."}},{"number":"2","flags":"*P126.6'","name":"OUTPUT SUBTYPE","location":"0;3","type":"7","details":"126.6","inputTransform":"S DIC(\"S\")=\"I $P(^(0),U,2)=$P($G(^GMR(126,DA(1),\"\"OUT\"\",DA,0)),U,2)\" D ^DIC K DIC S DIC=DIE,X=+Y K:Y<0 X","description":{"fmId":"-1","fmType":"5","type":"typed-literal","datatype":"http://www.w3.org/1999/02/22-rdf-syntax-ns#XMLLiteral","value":"This field contains subtitle names associated with each major output\rcategory, i.e., FOLEY CATHETER and VOIDED for URINE."}},{"number":"3","flags":"RFX","name":"OUTPUT AMOUNT","location":"0;4","type":"4","inputTransform":"K:'(($L(X)=1&(\"SML\"[$$UP^XLFSTR(X)!($E(X)=\"*\")))!(X?1.4N1\"*\")!(X?1.4N)) X I $D(X),+X>9999 K X","description":{"fmId":"-1","fmType":"5","type":"typed-literal","datatype":"http://www.w3.org/1999/02/22-rdf-syntax-ns#XMLLiteral","value":"The field stores the cumulative amount of this output period in milliliters\r(ml).  Enter \"*\" if output amount is unknown."}},{"number":"4","flags":"F","name":"COMMENT","location":"0;5","type":"4","inputTransform":"K:$L(X)>60!($L(X)<1) X","description":{"fmId":"-1","fmType":"5","type":"typed-literal","datatype":"http://www.w3.org/1999/02/22-rdf-syntax-ns#XMLLiteral","value":"This field permits the caregiver to describe additional observations for\rthis output, i.e., color, odor, consistency for drainage.\rThis field will be used in the next version."}},{"number":"5","flags":"RP200'","name":"ENTERED BY","location":"0;6","type":"7","details":"200","description":{"fmId":"-1","fmType":"5","type":"typed-literal","datatype":"http://www.w3.org/1999/02/22-rdf-syntax-ns#XMLLiteral","value":"This field contains the name of the user who enters this record.\rPointer to the New Person file ^VA(200)."}},{"number":"6","flags":"R*P44'","name":"HOSPITAL LOCATION","location":"0;7","type":"7","details":"44","inputTransform":"S DIC(\"S\")=\"I $P(^(0),U,3)'=\"\"Z\"\"\" D ^DIC K DIC S DIC=DIE,X=+Y K:Y<0 X","description":{"fmId":"-1","fmType":"5","type":"typed-literal","datatype":"http://www.w3.org/1999/02/22-rdf-syntax-ns#XMLLiteral","value":"This field contains the hospital location of the patient.  Pointer to the \rHospital Location file (#44)."}}],"fmql":{"OP":"DESCRIBE TYPE","TYPE":"126_02","TYPELABEL":"OUTPUT"}}