{"name":"EXCLUDED ORDERABLE ITEMS","number":"100.68","parent":"100.6","fields":[{"number":".01","flags":"M*P101.43'","name":"EXCEPT FOR ORDERABLE ITEM","location":"0;1","index":"B","type":"7","details":"101.43","inputTransform":"S DIC(\"S\")=\"I '$G(^ORD(101.43,Y,.1))\" D ^DIC K DIC S DIC=DIE,X=+Y K:Y<0 X","description":{"fmId":"-1","fmType":"5","type":"typed-literal","datatype":"http://www.w3.org/1999/02/22-rdf-syntax-ns#XMLLiteral","value":"This is an orderable item that will be exempt from any automatic\rdiscontinuing of orders normally triggered by this rule; if an active\rorder for this item is encountered while processing this rule, it will\rbe skipped and not discontinued."}}],"fmql":{"OP":"DESCRIBE TYPE","TYPE":"100_68","TYPELABEL":"EXCLUDED ORDERABLE ITEMS"}}