{"name":"PROBLEM SELECTION CATEGORY CONTENTS","number":"125.12","location":"^GMPL(125.12,","description":{"fmId":"-1","fmType":"5","type":"typed-literal","datatype":"http://www.w3.org/1999/02/22-rdf-syntax-ns#XMLLiteral","value":"This file contains the problems that make up the categories defined in\rfile #125.11; these are groups of commonly selected, similar problems.\rEach entry in this file links one problem to a single category, and\rmay have a sequence number and ICD code assigned to it.  Problems may\rappear in more than one category."},"version":"2.0","fields":[{"number":".01","flags":"RP125.11'","name":"CATEGORY","location":"0;1","index":"B","type":"7","details":"125.11","description":{"fmId":"-1","fmType":"5","type":"typed-literal","datatype":"http://www.w3.org/1999/02/22-rdf-syntax-ns#XMLLiteral","value":"This is the problem category that this problem entry belongs to."}},{"number":"1","flags":"NJ6,2","name":"SEQUENCE NUMBER","location":"0;2","type":"2","inputTransform":"K:+X'=X!(X>999.99)!(X<.01)!(X?.E1\".\"3N.N) X","description":{"fmId":"-1","fmType":"5","type":"typed-literal","datatype":"http://www.w3.org/1999/02/22-rdf-syntax-ns#XMLLiteral","value":"This is a number which determines the order this problem will appear\rwithin this group; up to two decimal places may be used.  Problems\rin a selection list will be automatically numbered for display and\rselection in whole numbers, beginning with 1."}},{"number":"2","flags":"P757.01'","name":"PROBLEM","location":"0;3","type":"7","details":"757.01","description":{"fmId":"-1","fmType":"5","type":"typed-literal","datatype":"http://www.w3.org/1999/02/22-rdf-syntax-ns#XMLLiteral","value":"This is a problem from the Clinical Lexicon Utility, which is to be\rincluded in this group."}},{"number":"3","flags":"F","name":"DISPLAY TEXT","location":"0;4","type":"4","inputTransform":"K:$L(X)>80!($L(X)<2) X","description":{"fmId":"-1","fmType":"5","type":"typed-literal","datatype":"http://www.w3.org/1999/02/22-rdf-syntax-ns#XMLLiteral","value":"This is the text of the problem as it is to appear on the selection list\rdisplay; if a suitable match was not found during a search of the Clinical\rLexicon Utility and an 'Unresolved' entry was returned, this will be the\rtext as specified by the user."}},{"number":"4","flags":"F","name":"CODE","location":"0;5","type":"4","inputTransform":"K:$L(X)>15!($L(X)<2) X","description":{"fmId":"-1","fmType":"5","type":"typed-literal","datatype":"http://www.w3.org/1999/02/22-rdf-syntax-ns#XMLLiteral","value":"This is a code which is to be displayed with the text of this problem;\rit may be from any coding system, but will generally be assumed to be\ran ICD Diagnosis in the Problem List context."}}],"fmql":{"OP":"DESCRIBE TYPE","TYPE":"125_12","TYPELABEL":"PROBLEM SELECTION CATEGORY CONTENTS"}}