{"name":"GMRY INPUT TYPE","number":"126.56","location":"^GMRD(126.56,","count":"4","lastIEN":"4","description":{"fmId":"-1","fmType":"5","type":"typed-literal","datatype":"http://www.w3.org/1999/02/22-rdf-syntax-ns#XMLLiteral","value":"This file contains a list of major input/intake types such as PO, TUBE \rFEEDING, etc.  The ADP coordinator is allowed to configure the file entries."},"version":"4.0","vpackage":"GEN. MED. REC. - I/O","fields":[{"number":".01","flags":"RF","name":"NAME","location":"0;1","index":"B","type":"4","inputTransform":"K:$L(X)>30!($L(X)<1)!'(X'?1P.E) X","description":{"fmId":"-1","fmType":"5","type":"typed-literal","datatype":"http://www.w3.org/1999/02/22-rdf-syntax-ns#XMLLiteral","value":"This field contains the names of major input/intake types, e.g., PO(by \rmouth), TUBE FEEDING and OTHER."}},{"number":"1","flags":"RNJ2,0","name":"ORDER","location":"0;2","index":"C","type":"2","inputTransform":"K:+X'=X!(X>20)!(X<1)!(X?.E1\".\"1N.N) X","description":{"fmId":"-1","fmType":"5","type":"typed-literal","datatype":"http://www.w3.org/1999/02/22-rdf-syntax-ns#XMLLiteral","value":"This field holds the listing order for the patient intake/output reports."}}],"fmql":{"OP":"DESCRIBE TYPE","TYPE":"126_56","TYPELABEL":"GMRY INPUT TYPE"}}