{"name":"SPECIALIZED MEDICAL PROGRAMS","number":"117.312","parent":"117.3","fields":[{"number":".01","flags":"M*P117.4'","name":"SPECIALIZED MEDICAL PROGRAMS","location":"0;1","index":"B","type":"7","details":"117.4","inputTransform":"S DIC(\"S\")=\"I $P(^(0),U,2)=\"\"S\"\"\" D ^DIC K DIC S DIC=DIE,X=+Y K:Y<0 X","description":{"fmId":"-1","fmType":"5","type":"typed-literal","datatype":"http://www.w3.org/1999/02/22-rdf-syntax-ns#XMLLiteral","value":"This field points to the Dietetic Report Categories for the Specialized\rMedical Programs."}},{"number":"1","flags":"NJ4,1","name":"ASSIGNED CLINICAL FTEE","location":"0;2","type":"2","inputTransform":"K:+X'=X!(X>99.9)!(X<0)!(X?.E1\".\"2N.N) X","description":{"fmId":"-1","fmType":"5","type":"typed-literal","datatype":"http://www.w3.org/1999/02/22-rdf-syntax-ns#XMLLiteral","value":"This field contains the Assigned Clinical Ftee of the Specialized\rMedical Programs."}}],"fmql":{"OP":"DESCRIBE TYPE","TYPE":"117_312","TYPELABEL":"SPECIALIZED MEDICAL PROGRAMS"}}