{"name":"TASKMAN SITE PARAMETERS","number":"14.7","location":"^%ZIS(14.7,","count":"1","lastIEN":"1","description":{"fmId":"-1","fmType":"5","type":"typed-literal","datatype":"http://www.w3.org/1999/02/22-rdf-syntax-ns#XMLLiteral","value":"This file should be used by the system manager to tune TaskMan to the\rsite's specific needs.  Entries are identified by the cpu and volume set,\rso that parameters can be set differently for different nodes that share\ra single volume set, etc.  Changes to any of the fields will automatically\rcause all accessible Task Managers on the system to update their local\rcopies of the parameters."},"applicationGroups":"ZT","version":"8.0","vpackage":"XU","fields":[{"number":".01","flags":"RF","name":"BOX-VOLUME PAIR","location":"0;1","index":"B","type":"4","inputTransform":"K:X[\"\"\"\"!($A(X)=45) X I $D(X) K:$L(X)>30!($L(X)<3)!'(X'?1P.E) X","description":{"fmId":"-1","fmType":"5","type":"typed-literal","datatype":"http://www.w3.org/1999/02/22-rdf-syntax-ns#XMLLiteral","value":"Your answer should be the  volume set name concatenated with \":\"\rconcatenated with the name of the CPU.\r \rThe value for the current process can be found by doing GETENV^%ZOSV and\rchecking the fourth ^-piece of Y.  This allows the TaskMan site parameters\rto be applied extremely precisely, depending both upon which volume set\rand cpu which is affected."}},{"number":"1","flags":"S","name":"RESERVED","location":"0;2","type":"3","details":"Y:YES;N:NO;","description":{"fmId":"-1","fmType":"5","type":"typed-literal","datatype":"http://www.w3.org/1999/02/22-rdf-syntax-ns#XMLLiteral","value":"Answer YES to activate response time monitoring for processes using\rthis pair of resources."}},{"number":"2","flags":"S","name":"LOG TASKS?","location":"0;3","type":"3","details":"Y:YES;N:NO;","description":{"fmId":"-1","fmType":"5","type":"typed-literal","datatype":"http://www.w3.org/1999/02/22-rdf-syntax-ns#XMLLiteral","value":"If you answer YES, then tasks will gerenarate entries in the sign-on log\rfile."}},{"number":"3","flags":"NJ2,0","name":"DEFAULT TASK PRIORITY","location":"0;4","type":"2","inputTransform":"K:+X'=X!(X>10)!(X<1)!(X?.E1\".\"1N.N) X","description":{"fmId":"-1","fmType":"5","type":"typed-literal","datatype":"http://www.w3.org/1999/02/22-rdf-syntax-ns#XMLLiteral","value":"Your answer will set the default Kernel priority assigned to tasks.\rThis value will be overridden only for special options, devices, and tasks.\r \rIf this value is too low, jobs started by TaskMan will be unable to\rprocess tasks fast enough to keep up with demand.  7-10 are good values,\rdepending on whether interactive users' priorities are set higher or lower\ron the local system."}},{"number":"4","flags":"NJ3,0","name":"TASK PARTITION SIZE","location":"0;5","type":"2","inputTransform":"K:+X'=X!(X>999)!(X<10)!(X?.E1\".\"1N.N) X","description":{"fmId":"-1","fmType":"5","type":"typed-literal","datatype":"http://www.w3.org/1999/02/22-rdf-syntax-ns#XMLLiteral","value":"Under MSM only, this field will be used to change the maximum partition\rsize for a JOB.  It will be used by both interactive and Tasked jobs.\r \rThe answer is in K bytes to pass into MSM's %PARTSIZ utility. Check with\rthe 486 team for the latest recommendations."}},{"number":"5","flags":"NJ3,0","name":"SUBMANAGER RETENTION TIME","location":"0;6","type":"2","inputTransform":"K:+X'=X!(X>600)!(X<0)!(X?.E1\".\"1N.N) X","description":{"fmId":"-1","fmType":"5","type":"typed-literal","datatype":"http://www.w3.org/1999/02/22-rdf-syntax-ns#XMLLiteral","value":"Answer will determine how long submanagers wait for new tasks, in seconds.\r \rThe goal of this field is to reduce the number of JOB commands needed to\rprocess a site's tasks.  By keeping old submanagers around to run new\rtasks, new process creation is severely reduced.  Good values are 300-600\rseconds for VAX sites, and 10-50 for others."}},{"number":"6","flags":"RNJ4,0","name":"TASKMAN JOB LIMIT","location":"0;7","type":"2","inputTransform":"K:+X'=X!(X>9999)!(X<1)!(X?.E1\".\"1.N) X","description":{"fmId":"-1","fmType":"5","type":"typed-literal","datatype":"http://www.w3.org/1999/02/22-rdf-syntax-ns#XMLLiteral","value":"If there are more active processes on the system than this number, TaskMan\rwill not create new submanagers to handle tasks.  Task processing will\rbe left to existing submanagers until the number of processes falls back\rbelow this number.\r \rThis number should be slightly lower than the Max Signons field of the\rKernel Site Parameters file, so that the system manager still has room\rto sign on when TaskMan is using its greatest number of partitions."}},{"number":"7","flags":"NJ2,0","name":"TASKMAN HANG BETWEEN NEW JOBS","location":"0;8","type":"2","inputTransform":"K:+X'=X!(X>10)!(X<0)!(X?.E1\".\"1N.N) X","description":{"fmId":"-1","fmType":"5","type":"typed-literal","datatype":"http://www.w3.org/1999/02/22-rdf-syntax-ns#XMLLiteral","value":"Answer will set a delay between the creation of new submanagers, in seconds.\r \rSuch a delay is necessary where the Retention Time is low and task\rcreation cost is high. This prevents the creation of many new submanagers\rin quick succession from causing a perceivable delay to users.  The number\rshould be the lowest value that prevents the problem."}},{"number":"8","flags":"RS","name":"MODE OF TASKMAN","location":"0;9","type":"3","details":"G:GENERAL PROCESSOR;P:PRINT SERVER;C:COMPUTE SERVER;O:OTHER NON-TASKMAN;","description":{"fmId":"-1","fmType":"5","type":"typed-literal","datatype":"http://www.w3.org/1999/02/22-rdf-syntax-ns#XMLLiteral","value":"This field describes how TaskMan should act.  It takes over many of the\r486 configuration functions handled by the Out of Order and Replacement\rVolume Set fields in versions 6.5 and 7.0.\r \rGeneral Processor:  The Manager on a G type will usually send\rtasks back to the volume set where they were created, except that tasks\rthat explicitly request a different volume set will be sent where they\rask.  (Explicit volume set requests are made by using 1) the ZTCPU\rinput variable to the %ZTLOAD entry point, 2) the CPU (VOL SET)\rfield of the Device file, or 3) the Queued to What Volume Set field\rof the Option file.)  To transfer tasks TO a G type, TaskMan will\ruse extended global references to copy the task to the destination\rTask and Schedule files, and will then remove the task from this side.\rSubmanagers started on a G type will process tasks in the Partition\rWaiting List and the Busy Device Waiting Lists.\r \rPrint Server:  On a P type, the Manager will run any task it finds\runless the task explicitly requests a different volume set.  Tasks\rare transferred TO a P type the same as to a G type, and Submanagers\rbehave the same.\r \rCompute Server:  The Manager will not start on a C type.  Tasks are\rtransferred to a C type by placing the tasks in the Link Waiting List\rand jobbing a Submanager across to that volume set.  Submanagers\rstarted on a C type will only process tasks in the Link Waiting List for\rtheir volume set.\r \rOther Non-TaskMan:  Neither the Manager nor the Submanager will run on O\rtypes.  Tasks sent from or to a O type will be rejected.\r \rBecause of the field's crucial role in guiding TaskMan's behavior, the\rfield is required."}},{"number":"9","flags":"F","name":"VAX ENVIROMENT FOR DCL","location":"0;10","type":"4","inputTransform":"K:$L(X)>12!($L(X)<2) X","description":{"fmId":"-1","fmType":"5","type":"typed-literal","datatype":"http://www.w3.org/1999/02/22-rdf-syntax-ns#XMLLiteral","value":"This field only has meaning on OpenVMS systems.\r \rIf this field is empty, then the M JOB command will be used.\r \rIf this field has a value, it will cause TM to SUBMIT submanagers\rto run from a VMS batch queue with a name of TM$<nodename>.\r \rFor Cache VMS, Put the VMS NODE name in this field as the BOX:VOLUME field \rhas the configuration name in it.\r \rFor VAX DSM, Put the NAME of the DSM manager that starts the environment.\r \rTM will submit submanagers to the queue TM$<node_name>, have this queue \rassigned to the proper node.\r \rThere are several VMS setups that must be in place before starting\rto use this method.\rThe TASKMAN user account and directory, ZTM2WDCL.COM and ZTMS2WDCL.COM,\rBatch queue TM$<node>, DHCP$TASKMAN logical.\r(For DSM use ZTMWDCL.COM and ZTMSWDCL.COM)\r \rFor more information, See the systems management issues section of the\rtaskman chapter in the Kernel systems manual."}},{"number":"10","flags":"RS","name":"OUT OF SERVICE","location":"0;11","type":"3","details":"0:NO;1:YES;","description":{"fmId":"-1","fmType":"5","type":"typed-literal","datatype":"http://www.w3.org/1999/02/22-rdf-syntax-ns#XMLLiteral","value":"This field is used by the TASK Manager to control if any\rnew sub-manager jobs are sent to this Box-Volume Pair.\rIf the manager gets an error when jobbing to another CPU it will\rchange the flag to mark the Box-Volume as Out of Service."}},{"number":"11","flags":"NJ2,0","name":"MIN SUBMANAGER CNT","location":"0;12","type":"2","inputTransform":"K:+X'=X!(X>99)!(X<0)!(X?.E1\".\"1N.N) X","description":{"fmId":"-1","fmType":"5","type":"typed-literal","datatype":"http://www.w3.org/1999/02/22-rdf-syntax-ns#XMLLiteral","value":"This field sets a value that free submanagers will check and not stop if\rthere count doesn't exceed. The manager will check this and start new\rsubmangers if the free count is below this value.  If this field is left\rblank a default value of 1 is used."}},{"number":"12","flags":"P14.7'","name":"TM MASTER","location":"0;13","type":"7","details":"14.7","description":{"fmId":"-1","fmType":"5","type":"typed-literal","datatype":"http://www.w3.org/1999/02/22-rdf-syntax-ns#XMLLiteral","value":"This field is holds a pointer to the TaskMan Master Box-Volume.\rThis is only needed if this Box-Volume is mounted on an other\rconfiguration and shares the library account with that other\rconfiguration. "}},{"number":"13","flags":"NJ3,0","name":"Balance Interval","location":"0;14","type":"2","inputTransform":"K:+X'=X!(X>120)!(X<10)!(X?.E1\".\"1.N) X","description":{"fmId":"-1","fmType":"5","type":"typed-literal","datatype":"http://www.w3.org/1999/02/22-rdf-syntax-ns#XMLLiteral","value":"This field sets the time interval in seconds that the Task Manager will\rwait before running the \"LOAD BALANCE ROUTINE\". If this field in empty a\rvalue of 30 will be used.  A lower value will cause more resources to be\rused calculating the balance. A large value will allow a node to pick-up a\rlot of work before balancing."}},{"number":"21","flags":"F","name":"LOAD BALANCE ROUTINE","location":"2;E1,75","type":"4","inputTransform":"K:$L(X)>75!($L(X)<3)!'(X?1\"$\".1PA.E) X","description":{"fmId":"-1","fmType":"5","type":"typed-literal","datatype":"http://www.w3.org/1999/02/22-rdf-syntax-ns#XMLLiteral","value":"This field holds the name of a Function, Extrinsic function or External\rroutine call that returns a load rating. If this field contains a value,\rTaskMan will use this name in preforming Load Balancing.\r \rOnly use Load Balancing if you have two or more CPU's running TM that\rshare the same %ZTSCH global.\r \rThe Load Balancing function must return a value between 1 and 256.\rWhere: 1 represents a CPU with no capacity for any more work.\r       256 represents a CPU that is Idle.\r \rThe only included functions are\rFor VAX DSM it is '$$VXD' and its algorithm is:\rCapacity left= Available jobs - Active jobs - (4 * Computable jobs)\r \rFor Cache/NT it is '$$CACHE1(constant)' its algorithm is:\rCapacity left= Available jobs + constant\r \rFor Cache/VMS it is '$$CACHE2(@com-file,logical-name)'.\rIf the com-file value is set, that com-file will be run each time taskman\rwants to get the balance value.\rThe logical-name will default to \"VISTA$METRIC\" or us the value entered.\rThe normal way would be to have $$CACHE2() in the field and use the two\rscripts.\r \rA script \"GET_METRIC.COM\" will set the logical \"VISTA$METRIC\".\rThis can be run by taskman or from the TM$node batch queue with the \rscript \"METRIC_SCHEDULE.COM\"."}},{"number":"31","flags":"S","name":"Auto Delete Tasks","location":"3;1","type":"3","details":"0:No;1:Yes;","description":{"fmId":"-1","fmType":"5","type":"typed-literal","datatype":"http://www.w3.org/1999/02/22-rdf-syntax-ns#XMLLiteral","value":"This Field is used by the Sub-manager to control if the Sub-manger\rshould set the ZTREQ variable to \"@\" so a task will be killed when it\rfinishes unless the application modifies ZTREQ.\r \rUnless there is a need to save the enties in the ^%ZTSK global set this\rfield to YES.  If you are researching task errors you should set to NO\runtill you have the data you need.\r \rThis data will still be cleaned up by the XUTMK option."}},{"number":"32","flags":"NJ3,0","name":"Manager Startup Delay","location":"3;2","type":"2","inputTransform":"K:+X'=X!(X>180)!(X<1)!(X?.E1\".\"1.N) X","description":{"fmId":"-1","fmType":"5","type":"typed-literal","datatype":"http://www.w3.org/1999/02/22-rdf-syntax-ns#XMLLiteral","value":"This field is used by the Task Manager to control the delay (hang) the\rmanager will do during a START. This field is not used with a RESTART.\r \rThe Manager Startup Delay was hard set at 60 before. After requests to\rchange the delay it has been made a parameter.\r \rI would think that 5 to 30 would be OK. If you get errors because jobs\rstart running before DDP/Cluster is up that use a larger number."}}],"fmql":{"OP":"DESCRIBE TYPE","TYPE":"14_7","TYPELABEL":"TASKMAN SITE PARAMETERS"}}