{"name":"STAFFING DATA","number":"117.1","location":"^FH(117.1,","description":{"fmId":"-1","fmType":"5","type":"typed-literal","datatype":"http://www.w3.org/1999/02/22-rdf-syntax-ns#XMLLiteral","value":"This file contains the statistical data necessary to prepare the\rStaffing Data report. Data is saved for each date."},"version":"5.5","vpackage":"DIETETICS","fields":[{"number":".01","flags":"RDX","name":"DATE","location":"0;1","index":"B","type":"1","inputTransform":"S %DT=\"EX\" D ^%DT S X=Y K:Y<1 X I $D(X) S DINUM=X","description":{"fmId":"-1","fmType":"5","type":"typed-literal","datatype":"http://www.w3.org/1999/02/22-rdf-syntax-ns#XMLLiteral","value":"This is the date for which staffing data is entered."}},{"number":"1","flags":"NJ7,3","name":"DAILY FTEE","location":"0;2","type":"2","inputTransform":"K:+X'=X!(X>999)!(X<0)!(X?.E1\".\"4N.N) X","description":{"fmId":"-1","fmType":"5","type":"typed-literal","datatype":"http://www.w3.org/1999/02/22-rdf-syntax-ns#XMLLiteral","value":"This field contains the count of all personnel assigned to the\rDietetic Service and includes full-time and part-time employees."}},{"number":"2","flags":"NJ7,3","name":"CLINICAL FTEE","location":"0;3","type":"2","inputTransform":"K:+X'=X!(X>999)!(X<0)!(X?.E1\".\"4.N) X","description":{"fmId":"-1","fmType":"5","type":"typed-literal","datatype":"http://www.w3.org/1999/02/22-rdf-syntax-ns#XMLLiteral","value":"This field contains the FTEE of the clinical dietitians\rand clinical technicians who work with the clinical\rdietitians in patient care activities."}},{"number":"3","flags":"NJ7,3","name":"ADMINISTRATIVE FTEE","location":"0;4","type":"2","inputTransform":"K:+X'=X!(X>999)!(X<0)!(X?.E1\".\"4N.N) X","description":{"fmId":"-1","fmType":"5","type":"typed-literal","datatype":"http://www.w3.org/1999/02/22-rdf-syntax-ns#XMLLiteral","value":"This field contains the FTEE of the Chief and Assistant Chief\rof the Dietetic Service, Chief of the Administrative section,\rChief Clinical Section, administrative dietitians, internship,\reducation and staff development dietitians, and any QA dietitians.\rQA dietitians."}},{"number":"4","flags":"NJ7,3","name":"SUPPORT STAFF FTEE","location":"0;5","type":"2","inputTransform":"K:+X'=X!(X>999)!(X<0)!(X?.E1\".\"4N.N) X","description":{"fmId":"-1","fmType":"5","type":"typed-literal","datatype":"http://www.w3.org/1999/02/22-rdf-syntax-ns#XMLLiteral","value":"This field contains the FTEE of all secretaries, clerk-typists,\rcost accountants, and administrative technicians; it does not\rinclude diet communications personnel."}},{"number":"5","flags":"NJ7,3","name":"CFWS FTEE","location":"0;6","type":"2","inputTransform":"K:+X'=X!(X>999)!(X<0)!(X?.E1\".\"4N.N) X","description":{"fmId":"-1","fmType":"5","type":"typed-literal","datatype":"http://www.w3.org/1999/02/22-rdf-syntax-ns#XMLLiteral","value":"This field contains the FTEE of Supervisory Cooks and Supervisory\rFood Service workers."}},{"number":"6","flags":"NJ7,2","name":"DAYS OFF HOURS","location":"0;7","type":"2","inputTransform":"K:+X'=X!(X>9999)!(X<0)!(X?.E1\".\"3N.N) X","description":{"fmId":"-1","fmType":"5","type":"typed-literal","datatype":"http://www.w3.org/1999/02/22-rdf-syntax-ns#XMLLiteral","value":"This field contains the count of hours not worked by measured\rpersonnel."}},{"number":"7","flags":"NJ6,2","name":"LWOP & AWOL HOURS","location":"0;8","type":"2","inputTransform":"K:+X'=X!(X>999)!(X<0)!(X?.E1\".\"3N.N) X","description":{"fmId":"-1","fmType":"5","type":"typed-literal","datatype":"http://www.w3.org/1999/02/22-rdf-syntax-ns#XMLLiteral","value":"This field contains the number of LWOP and AWOL hours for\rmeasured personnel."}},{"number":"8","flags":"NJ6,2","name":"OVERTIME HOURS","location":"0;9","type":"2","inputTransform":"K:+X'=X!(X>999)!(X<0)!(X?.E1\".\"3N.N) X","description":{"fmId":"-1","fmType":"5","type":"typed-literal","datatype":"http://www.w3.org/1999/02/22-rdf-syntax-ns#XMLLiteral","value":"This field contains the number of overtime hours worked by\rmeasured personnel."}},{"number":"9","flags":"NJ6,2","name":"UNSCHEDULED HOURS","location":"0;10","type":"2","inputTransform":"K:+X'=X!(X>999)!(X<0)!(X?.E1\".\"3N.N) X","description":{"fmId":"-1","fmType":"5","type":"typed-literal","datatype":"http://www.w3.org/1999/02/22-rdf-syntax-ns#XMLLiteral","value":"This field contains the number of unscheduled hours worked by\rmeasured personnel."}},{"number":"10","flags":"NJ6,2","name":"INTERMITTENT HOURS","location":"0;11","type":"2","inputTransform":"K:+X'=X!(X>999)!(X<0)!(X?.E1\".\"3N.N) X","description":{"fmId":"-1","fmType":"5","type":"typed-literal","datatype":"http://www.w3.org/1999/02/22-rdf-syntax-ns#XMLLiteral","value":"This field contains the number of intermittent hours worked by\rmeasured personnel."}},{"number":"11","flags":"NJ6,2","name":"COP HOURS","location":"0;12","type":"2","inputTransform":"K:+X'=X!(X>999)!(X<0)!(X?.E1\".\"3N.N) X","description":{"fmId":"-1","fmType":"5","type":"typed-literal","datatype":"http://www.w3.org/1999/02/22-rdf-syntax-ns#XMLLiteral","value":"This field contains the number of Continuation-of-Pay hours by\rmeasured personnel."}},{"number":"12","flags":"NJ6,2","name":"ANNUAL LEAVE HOURS","location":"0;13","type":"2","inputTransform":"K:+X'=X!(X>999)!(X<0)!(X?.E1\".\"3N.N) X","description":{"fmId":"-1","fmType":"5","type":"typed-literal","datatype":"http://www.w3.org/1999/02/22-rdf-syntax-ns#XMLLiteral","value":"This field contains the number of hours of annual leave taken\rby measured personnel."}},{"number":"13","flags":"NJ6,2","name":"SICK LEAVE HOURS","location":"0;14","type":"2","inputTransform":"K:+X'=X!(X>999)!(X<0)!(X?.E1\".\"3N.N) X","description":{"fmId":"-1","fmType":"5","type":"typed-literal","datatype":"http://www.w3.org/1999/02/22-rdf-syntax-ns#XMLLiteral","value":"This field contains the number of hours of sick leave taken by\rmeasured personnel."}},{"number":"14","flags":"NJ6,2","name":"OTHER LEAVE HOURS","location":"0;15","type":"2","inputTransform":"K:+X'=X!(X>999)!(X<0)!(X?.E1\".\"3N.N) X","description":{"fmId":"-1","fmType":"5","type":"typed-literal","datatype":"http://www.w3.org/1999/02/22-rdf-syntax-ns#XMLLiteral","value":"This field contains the number of hours of other types of leave\rtaken by measured personnel."}},{"number":"15","flags":"NJ6,2","name":"LOANED/UNION HOURS","location":"0;16","type":"2","inputTransform":"K:+X'=X!(X>999)!(X<0)!(X?.E1\".\"3N.N) X","description":{"fmId":"-1","fmType":"5","type":"typed-literal","datatype":"http://www.w3.org/1999/02/22-rdf-syntax-ns#XMLLiteral","value":"This field contains the number of hours worked in other services,\ror on union affairs, by measured personnel."}},{"number":"16","flags":"NJ6,2","name":"COMP. HOURS","location":"0;17","type":"2","inputTransform":"K:+X'=X!(X>999)!(X<0)!(X?.E1\".\"3N.N) X","description":{"fmId":"-1","fmType":"5","type":"typed-literal","datatype":"http://www.w3.org/1999/02/22-rdf-syntax-ns#XMLLiteral","value":"This field contains the number of compensatory hours worked by\rmeasured personnel."}},{"number":"17","flags":"NJ6,2","name":"TRAINEE HOURS","location":"0;18","type":"2","inputTransform":"K:+X'=X!(X>999)!(X<0)!(X?.E1\".\"3N.N) X","description":{"fmId":"-1","fmType":"5","type":"typed-literal","datatype":"http://www.w3.org/1999/02/22-rdf-syntax-ns#XMLLiteral","value":"This field contains the number of hours worked by trainees."}},{"number":"18","flags":"NJ6,2","name":"VOLUNTEER HOURS","location":"0;19","type":"2","inputTransform":"K:+X'=X!(X>999)!(X<0)!(X?.E1\".\"3N.N) X","description":{"fmId":"-1","fmType":"5","type":"typed-literal","datatype":"http://www.w3.org/1999/02/22-rdf-syntax-ns#XMLLiteral","value":"This field contains the number of hours worked by uncompensated\rvolunteers."}},{"number":"19","flags":"NJ6,2","name":"BORROWED HOURS","location":"0;20","type":"2","inputTransform":"K:+X'=X!(X>999)!(X<0)!(X?.E1\".\"3N.N) X","description":{"fmId":"-1","fmType":"5","type":"typed-literal","datatype":"http://www.w3.org/1999/02/22-rdf-syntax-ns#XMLLiteral","value":"This field contains the number of hours worked by employees borrowed\rfrom other Services."}},{"number":"20","flags":"117.11P","name":"COMM OFFICE","location":"1;0","type":"9","details":"117.11"}],"fmql":{"OP":"DESCRIBE TYPE","TYPE":"117_1","TYPELABEL":"STAFFING DATA"}}