{"name":"GMRV VITAL CATEGORY","number":"120.53","location":"^GMRD(120.53,","count":"6","lastIEN":"6","description":{"fmId":"-1","fmType":"5","type":"typed-literal","datatype":"http://www.w3.org/1999/02/22-rdf-syntax-ns#XMLLiteral","value":"Per VHA Directive {pending directive #}, this file has been \"locked down\" \rby Data Standardization (DS). The file definition (i.e. data dictionary) \rshall not be modified. All additions, changes and deletions to entries in\rthe file shall be done by Enterprise Reference Terminology (ERT) using the\rMaster File Server (MFS), provided by Common Services (CS). Creating\rand/or editing locally defined fields in the file are not permitted. Use\rof locally defined fields that were created prior to VHA Directive\r{pending directive #} shall not be supported.\r \rThis file contains a list of qualities or characteristics that can be \raffixed to a vital measurement."},"version":"5.0","vpackage":"GMRV","fields":[{"number":".01","flags":"RF","name":"CATEGORY","location":"0;1","index":"B","type":"4","inputTransform":"K:$L(X)>40!($L(X)<2)!'(X'?1P.E) X","description":{"fmId":"-1","fmType":"5","type":"typed-literal","datatype":"http://www.w3.org/1999/02/22-rdf-syntax-ns#XMLLiteral","value":"This field provides a list of qualities that could be assigned to a given \rvital measurement record."}},{"number":"1","flags":"120.531P","name":"VITAL TYPE","location":"1;0","type":"9","details":"120.531","description":{"fmId":"-1","fmType":"5","type":"typed-literal","datatype":"http://www.w3.org/1999/02/22-rdf-syntax-ns#XMLLiteral","value":"This multiple screens the possible quality entries for a given vital \rmeasurement record."}},{"number":"99.98","flags":"RSI","name":"MASTER ENTRY FOR VUID","location":"VUID;2","type":"3","details":"0:NO;1:YES;","description":{"fmId":"-1","fmType":"5","type":"typed-literal","datatype":"http://www.w3.org/1999/02/22-rdf-syntax-ns#XMLLiteral","value":"This field identifies the Master entry for a VUID associated with a \rTerm/Concept."}},{"number":"99.99","flags":"RFXI","name":"VUID","location":"VUID;1","index":"AVUID","type":"4","inputTransform":"S X=+X K:$L(X)>20!($L(X)<1)!'(X?1.20N) X","description":{"fmId":"-1","fmType":"5","type":"typed-literal","datatype":"http://www.w3.org/1999/02/22-rdf-syntax-ns#XMLLiteral","value":"VHA Unique ID (VUID). A unique meaningless integer assigned to reference\rterms VHA wide."}},{"number":"99.991","flags":"120.5399DA","name":"EFFECTIVE DATE/TIME","location":"TERMSTATUS;0","type":"9","details":"120.5399","description":{"fmId":"-1","fmType":"5","type":"typed-literal","datatype":"http://www.w3.org/1999/02/22-rdf-syntax-ns#XMLLiteral","value":"Describes the pair Status and Effective Date/Time for each reference term."}}],"fmql":{"OP":"DESCRIBE TYPE","TYPE":"120_53","TYPELABEL":"GMRV VITAL CATEGORY"}}