{"name":"INCLUDED LOCATIONS","number":"100.62","parent":"100.6","fields":[{"number":".01","flags":"MF","name":"INCLUDED LOCATIONS ID","location":"0;1","index":"B","type":"4","inputTransform":"K:$L(X)>70!($L(X)<1) X","description":{"fmId":"-1","fmType":"5","type":"typed-literal","datatype":"http://www.w3.org/1999/02/22-rdf-syntax-ns#XMLLiteral","value":"Enter an ID (free text) that will represent an entry in the \rFROM - TO location matrix.  The value of the ID field is\rinsignificant as it simply represents a place holder.  You\rcan use any naming or numbering convention that you want.\r \rOrders will not auto-dc for location (ward) type transfers \runless the transfer from and transfer to locations are \ridentified within the INCLUDED LOCATIONS from - to entries.  \rIf the transfer from and to locations are found in this \rmultiple then orders will auto-dc."}},{"number":"1","flags":"S","name":"FROM ALL LOCATIONS","location":"0;2","type":"3","details":"1:YES;0:NO;","description":{"fmId":"-1","fmType":"5","type":"typed-literal","datatype":"http://www.w3.org/1999/02/22-rdf-syntax-ns#XMLLiteral","value":"This is a hospital location that will cause this rule to be applied; if\rno specialty change occurs with the transfer, then the patient must be\rmoving from this location to one listed in the TO LOCATION multiple for\ractive orders to be discontinued."}},{"number":"2","flags":"P44'","name":"FROM LOCATION","location":"0;3","type":"7","details":"44","description":{"fmId":"-1","fmType":"5","type":"typed-literal","datatype":"http://www.w3.org/1999/02/22-rdf-syntax-ns#XMLLiteral","value":"If you did not select YES for the FROM ALL LOCATIONS field then you must \rselect an individual field for the patient to be coming FROM.\r \rThis is a hospital location that will cause this rule to be applied; if\rno specialty change occurs with the transfer, then the patient must be\rmoving from this location to one listed in the TO LOCATION multiple for\ractive orders to be discontinued."}},{"number":"3","flags":"S","name":"TO ALL LOCATIONS","location":"0;4","type":"3","details":"1:YES;0:NO;","description":{"fmId":"-1","fmType":"5","type":"typed-literal","datatype":"http://www.w3.org/1999/02/22-rdf-syntax-ns#XMLLiteral","value":"This is a hospital location that will cause this rule to be applied; if\rno specialty change occurs with the transfer, then the patient must be\rmoving to this location from the FROM LOCATION for active orders to be\rdiscontinued."}},{"number":"4","flags":"P44'","name":"TO LOCATION","location":"0;5","type":"7","details":"44","description":{"fmId":"-1","fmType":"5","type":"typed-literal","datatype":"http://www.w3.org/1999/02/22-rdf-syntax-ns#XMLLiteral","value":"If you did not set the TO ALL LOCATIONS field to YES then you must \rspecify the location the patient is moving TO that will match with the \rselection made for the FROM location (either all or individual).\r \rThis is a hospital location that will cause this rule to be applied; if\rno specialty change occurs with the transfer, then the patient must be\rmoving to this location from the FROM LOCATION for active orders to be\rdiscontinued."}}],"fmql":{"OP":"DESCRIBE TYPE","TYPE":"100_62","TYPELABEL":"INCLUDED LOCATIONS"}}