{"name":"GUEST MEALS","number":"115.018","parent":"115","fields":[{"number":".01","flags":"MDX","name":"GUEST MEAL DATE/TIME","location":"0;1","index":"B","type":"1","inputTransform":"S %DT=\"ETX\" D ^%DT S X=Y K:Y<1 X I D(X) S DINUM=X","description":{"fmId":"-1","fmType":"5","type":"typed-literal","datatype":"http://www.w3.org/1999/02/22-rdf-syntax-ns#XMLLiteral","value":"This field will contain the date/time of the guest meal."}},{"number":"1","flags":"S","name":"CLASSIFICATION","location":"0;2","type":"3","details":"E:EMPLOYEE;G:GRATUITOUS;O:OOD;P:PAID;V:VOLUNTEER;","description":{"fmId":"-1","fmType":"5","type":"typed-literal","datatype":"http://www.w3.org/1999/02/22-rdf-syntax-ns#XMLLiteral","value":"This field will contain the classification type for the guest meal."}},{"number":"2","flags":"S","name":"MEAL","location":"0;3","type":"3","details":"B:Breakfast;N:Noon;E:Evening;","description":{"fmId":"-1","fmType":"5","type":"typed-literal","datatype":"http://www.w3.org/1999/02/22-rdf-syntax-ns#XMLLiteral","value":"This field will store the meal (breakfast/noon/evening) for the guest meal."}},{"number":"3","flags":"NJ6,2","name":"CHARGE","location":"0;4","type":"2","inputTransform":"S:X[\"$\" X=$P(X,\"$\",2) K:X'?.N.1\".\".2N!(X>100)!(X<0) X","description":{"fmId":"-1","fmType":"5","type":"typed-literal","datatype":"http://www.w3.org/1999/02/22-rdf-syntax-ns#XMLLiteral","value":"This field stores the charge amount for the guest meal."}},{"number":"4","flags":"P119.6'","name":"LOCATION","location":"0;5","type":"7","details":"119.6","description":{"fmId":"-1","fmType":"5","type":"typed-literal","datatype":"http://www.w3.org/1999/02/22-rdf-syntax-ns#XMLLiteral","value":"This field indicates the location for this guest meal request."}},{"number":"4.5","flags":"P405.4'","name":"ROOM-BED","location":"0;11","type":"7","details":"405.4","description":{"fmId":"-1","fmType":"5","type":"typed-literal","datatype":"http://www.w3.org/1999/02/22-rdf-syntax-ns#XMLLiteral","value":"This field will store the ROOM and BED # for the outpatient recurring meal\rbeing ordered."}},{"number":"5","flags":"P111'","name":"DIET","location":"0;6","type":"7","details":"111","description":{"fmId":"-1","fmType":"5","type":"typed-literal","datatype":"http://www.w3.org/1999/02/22-rdf-syntax-ns#XMLLiteral","value":"This is the Diet for the guest meal.  The diet will be stuffed from the\rvalue set in the OUTPATIENT DIET1 site parameter in file #119.9."}},{"number":"6","flags":"D","name":"DATE/TIME TICKET LAST PRINTED","location":"0;7","type":"1","inputTransform":"S %DT=\"ESTXR\" D ^%DT S X=Y K:Y<1 X","description":{"fmId":"-1","fmType":"5","type":"typed-literal","datatype":"http://www.w3.org/1999/02/22-rdf-syntax-ns#XMLLiteral","value":"Stores the last date and time a diet card was printed for this\routpatient meal."}},{"number":"7","flags":"D","name":"DATE/TIME CARD LAST PRINTED","location":"0;8","type":"1","inputTransform":"S %DT=\"ESTXR\" D ^%DT S X=Y K:Y<1 X","description":{"fmId":"-1","fmType":"5","type":"typed-literal","datatype":"http://www.w3.org/1999/02/22-rdf-syntax-ns#XMLLiteral","value":"Stores the last date and time a diet card was printed for this\routpatient meal."}},{"number":"8","flags":"S","name":"STATUS","location":"0;9","type":"3","details":"C:CANCELLED;O:ORDERED;","description":{"fmId":"-1","fmType":"5","type":"typed-literal","datatype":"http://www.w3.org/1999/02/22-rdf-syntax-ns#XMLLiteral","value":"This field stores the status of the guest meal, which is either \"ordered\"\ror \"cancelled\"."}},{"number":"9","flags":"P200'","name":"GUEST MEAL CLERK","location":"0;10","type":"7","details":"200","description":{"fmId":"-1","fmType":"5","type":"typed-literal","datatype":"http://www.w3.org/1999/02/22-rdf-syntax-ns#XMLLiteral","value":"This field stores the person who has entered the guest meal."}}],"fmql":{"OP":"DESCRIBE TYPE","TYPE":"115_018","TYPELABEL":"GUEST MEALS"}}