{"name":"EDIT HISTORY","number":"100.512","parent":"100.5","fields":[{"number":".01","flags":"D","name":"EDIT HISTORY","location":"0;1","index":"B","type":"1","inputTransform":"S %DT=\"ESTXR\" D ^%DT S X=Y K:Y<1 X","description":{"fmId":"-1","fmType":"5","type":"typed-literal","datatype":"http://www.w3.org/1999/02/22-rdf-syntax-ns#XMLLiteral","value":"This field will track when an event was added.  It also tracks when\rthe edit option was used on this event."}},{"number":"1","flags":"P200'","name":"WHO ENTERED/EDITED","location":"0;2","type":"7","details":"200","description":{"fmId":"-1","fmType":"5","type":"typed-literal","datatype":"http://www.w3.org/1999/02/22-rdf-syntax-ns#XMLLiteral","value":"This field identifies the person who entered or edited the event"}},{"number":"2","flags":"S","name":"ACTION","location":"0;3","type":"3","details":"N:NEW;E:EDIT;","description":{"fmId":"-1","fmType":"5","type":"typed-literal","datatype":"http://www.w3.org/1999/02/22-rdf-syntax-ns#XMLLiteral","value":"This field describes whether the event was newly entered or if it\rwas edited."}}],"fmql":{"OP":"DESCRIBE TYPE","TYPE":"100_512","TYPELABEL":"EDIT HISTORY"}}