{"name":"FILE","number":"1","location":"^DIC(","count":"2274","lastIEN":"9999999.64","description":{"fmId":"-1","fmType":"5","type":"typed-literal","datatype":"http://www.w3.org/1999/02/22-rdf-syntax-ns#XMLLiteral","value":"This file stores the descriptive information for all files in the FileMan\rmanaged database."},"version":"22.0","fields":[{"number":".001","flags":"N","name":"NUMBER","type":"6","computation":"K:X<2!$D(^DD(X)) X I $D(X),$D(^VA(200,DUZ,1))#2,$P(^(1),U)]\"\" I X<$P(^(1),\"-\")!(X>$P($P(^(1),U),\"-\",2)) K X"},{"number":".01","flags":"RF","name":"NAME","location":"0;1","index":"B","type":"4","inputTransform":"K:$L(X)>45!($L(X)<3) X"},{"number":"1","flags":"CJ14","name":"GLOBAL NAME","type":"6","computation":"S X=$S($D(^DIC(D0,0,\"GL\")):^(\"GL\"),1:\"\")"},{"number":"1.1","flags":"CJ7,0","name":"ENTRIES","type":"6","computation":"S @(\"X=+$P(\"_$S($D(^DIC(D0,0,\"GL\")):\"$S($D(\"_^(\"GL\")_\"0)):^(0),1:0)\",1:0)_\",\"\"^\"\",4)\")"},{"number":"4","flags":"1.001","name":"DESCRIPTION","location":"%D;0","type":"5"},{"number":"10","flags":"1.005","name":"APPLICATION GROUP","location":"%;0","type":"9","details":"1.005"},{"number":"20","flags":"P200'","name":"DEVELOPER","location":"%A;1","type":"7","details":"200"},{"number":"21","flags":"D","name":"DATE","location":"%A;2","type":"1","inputTransform":"S %DT=\"\" D ^%DT S X=Y K:X<9 X"},{"number":"31","flags":"C","name":"DD ACCESS","type":"6","computation":"S X=$S($D(^DIC(D0,0,\"DD\")):^(\"DD\"),1:\"\")"},{"number":"32","flags":"C","name":"RD ACCESS","type":"6","computation":"S X=$S($D(^DIC(D0,0,\"RD\")):^(\"RD\"),1:\"\")"},{"number":"33","flags":"C","name":"WR ACCESS","type":"6","computation":"S X=$S($D(^DIC(D0,0,\"WR\")):^(\"WR\"),1:\"\")"},{"number":"34","flags":"C","name":"DEL ACCESS","type":"6","computation":"S X=$S($D(^DIC(D0,0,\"DEL\")):^(\"DEL\"),1:\"\")"},{"number":"35","flags":"C","name":"LAYGO ACCESS","type":"6","computation":"S X=$S($D(^DIC(D0,0,\"LAYGO\")):^(\"LAYGO\"),1:\"\")"},{"number":"36","flags":"C","name":"AUDIT ACCESS","type":"6","computation":"S X=$S($D(^DIC(D0,0,\"AUDIT\")):^(\"AUDIT\"),1:\"\")"},{"number":"50","flags":"C","name":"LOOKUP PROGRAM","type":"6","computation":"S X=$S($D(^DD(D0,0,\"DIC\")):^(\"DIC\"),1:\"\")"},{"number":"51","flags":"CJ8","name":"VERSION","type":"6","computation":"S X=$P($G(^DD(D0,0,\"VR\")),U)"},{"number":"51.1","flags":"CJ30","name":"DISTRIBUTION PACKAGE","type":"6","computation":"S X=$G(^DD(D0,0,\"VRPK\"))"},{"number":"51.2","flags":"CJ240","name":"PACKAGE REVISION DATA","type":"6","computation":"S X=$G(^DD(D0,0,\"VRRV\"))"},{"number":"54","flags":"C","name":"ARCHIVE FILE","type":"6","computation":"S X=$S($D(^DD(D0,0,\"DI\")):$P(^(\"DI\"),U),1:\"\")"},{"number":"1815","flags":"CJ9","name":"COMPILED X-REF ROUTINE","type":"6","computation":"S X=$G(^DD(D0,0,\"DIK\"))"},{"number":"1816","flags":"CJ8","name":"OLD COMPILED X-REF ROUTINE","type":"6","computation":"S X=$G(^DD(D0,0,\"DIKOLD\"))"},{"number":"1819","flags":"CJ3","name":"COMPILED CROSS-REFERENCES","type":"6","computation":"S X=$S($G(^DD(D0,0,\"DIK\"))]\"\":\"YES\",1:\"NO\")","description":{"fmId":"-1","fmType":"5","type":"typed-literal","datatype":"http://www.w3.org/1999/02/22-rdf-syntax-ns#XMLLiteral","value":"Computed field that indicates whether or not cross-references are\rcompiled.  This field can be seen when doing an INQUIRE to the FILE \rfile (file #1, sometimes referred to as the file of files.)"}}],"fmql":{"OP":"DESCRIBE TYPE","TYPE":"1","TYPELABEL":"FILE"}}