{"name":"OTHER POSTOP DIAGS","number":"130.18","parent":"130","fields":[{"number":".01","flags":"MFX","name":"OTHER POSTOP DIAGS","location":"0;1","type":"4","inputTransform":"K:$L(X)>40!($L(X)<1) X D:$D(X) DIAG^SROUTL,PDXCHK^SROADX2(0) K:$G(X)=\"\" X","description":{"fmId":"-1","fmType":"5","type":"typed-literal","datatype":"http://www.w3.org/1999/02/22-rdf-syntax-ns#XMLLiteral","value":"This is the name of a postoperative diagnosis other than the principal\rpostoperative diagnosis.\r "}},{"number":"1","flags":"S","name":"*PAIRED ORGANS","location":"0;2","type":"3","details":"R:RIGHT;L:LEFT;B:BILATERAL;N:NOT APPLICABLE;U:UNKNOWN;","description":{"fmId":"-1","fmType":"5","type":"typed-literal","datatype":"http://www.w3.org/1999/02/22-rdf-syntax-ns#XMLLiteral","value":"This is the code corresponding to the side of the body related to\rthis preoperative diagnosis, if applicable.  This field is marked\rfor deletion."}},{"number":"2","flags":"130.19","name":"DIAGNOSIS COMMENTS","location":"1;0","type":"5","description":{"fmId":"-1","fmType":"5","type":"typed-literal","datatype":"http://www.w3.org/1999/02/22-rdf-syntax-ns#XMLLiteral","value":"These are comments related to the additional postoperative diagnosis.\r "}},{"number":"3","flags":"*P80'X","name":"PLANNED ICD DIAGNOSIS CODE","location":"0;3","type":"7","details":"80","inputTransform":"S DIC(\"S\")=\"I $$ACTIV^SROICD($S($D(SRTN):SRTN,$D(DA(1)):DA(1),1:\"\"\"\"),+Y)\" D ^DIC K DIC S DIC=DIE,X=+Y K:Y<0 X","description":{"fmId":"-1","fmType":"5","type":"typed-literal","datatype":"http://www.w3.org/1999/02/22-rdf-syntax-ns#XMLLiteral","value":"This is the planned ICD-9-CM code corresponding with this postoperative\rdiagnosis."}},{"number":"4","flags":"RS","name":"SERVICE CONNECTED","location":"2;1","type":"3","details":"0:NO;1:YES;","description":{"fmId":"-1","fmType":"5","type":"typed-literal","datatype":"http://www.w3.org/1999/02/22-rdf-syntax-ns#XMLLiteral","value":"This field will be used to indicate if this surgery or non-OR procedure   \ris treating a VA patient for a service connected problem.  This\rinformation may be passed to the VISIT file (#9000010) for use by PCE."}},{"number":"5","flags":"RS","name":"AGENT ORANGE EXPOSURE","location":"2;2","type":"3","details":"1:YES;0:NO;","description":{"fmId":"-1","fmType":"5","type":"typed-literal","datatype":"http://www.w3.org/1999/02/22-rdf-syntax-ns#XMLLiteral","value":"This field will be used to indicate if this surgery or non-OR procedure\ris treating a VA patient for a problem that is related to Agent Orange\rExposure.  This information may be passed to the VISIT file (#9000010) for\ruse by PCE."}},{"number":"6","flags":"RS","name":"IONIZING RADIATION EXPOSURE","location":"2;3","type":"3","details":"1:YES;0:NO;","description":{"fmId":"-1","fmType":"5","type":"typed-literal","datatype":"http://www.w3.org/1999/02/22-rdf-syntax-ns#XMLLiteral","value":"This field will be used to indicate if this surgery or non-OR procedure is\rtreating a VA patient for a problem that is related to Ionizing Radiation\rExposure.  This information may be passed to the VISIT file (#9000010) for\ruse by PCE."}},{"number":"7","flags":"RS","name":"MILITARY SEXUAL TRAUMA","location":"2;4","type":"3","details":"0:NO;1:YES;","description":{"fmId":"-1","fmType":"5","type":"typed-literal","datatype":"http://www.w3.org/1999/02/22-rdf-syntax-ns#XMLLiteral","value":"This field will be used to indicate if this surgery or non-OR procedure is\rtreating a VA patient for a problem that is related to Military Sexual\rTrauma.  This information may be passed to the VISIT file (#9000010) for\ruse by PCE."}},{"number":"8","flags":"RS","name":"HEAD AND/OR NECK CANCER","location":"2;5","type":"3","details":"0:NO;1:YES;","description":{"fmId":"-1","fmType":"5","type":"typed-literal","datatype":"http://www.w3.org/1999/02/22-rdf-syntax-ns#XMLLiteral","value":"This field will be used to indicate if this surgery or non-OR procedure is\rtreating a VA patient for a problem that is related to Head and/or Neck\rCancer.  This information may be passed to the VISIT file (#9000010) for\ruse by PCE."}},{"number":"9","flags":"RS","name":"SOUTHWEST ASIA CONDITIONS","location":"2;6","type":"3","details":"0:NO;1:YES;","description":{"fmId":"-1","fmType":"5","type":"typed-literal","datatype":"http://www.w3.org/1999/02/22-rdf-syntax-ns#XMLLiteral","value":"This field will be used to indicate if this surgery or non-OR procedure \ris treating a VA patient for a problem that is related to service in SW\rAsia.  This information may be passed to the VISIT file (#9000010) for \ruse by PCE."}},{"number":"10","flags":"RS","name":"COMBAT VET","location":"2;7","type":"3","details":"0:NO;1:YES;","description":{"fmId":"-1","fmType":"5","type":"typed-literal","datatype":"http://www.w3.org/1999/02/22-rdf-syntax-ns#XMLLiteral","value":"This field will be used to indicate if this surgery or non-OR procedure \ris treating a VA patient for a problem that is related to Combat.  This \rinformation may be passed to the VISIT file (#9000010) for use by PCE."}},{"number":"11","flags":"RS","name":"PROJ 112/SHAD","location":"2;8","type":"3","details":"0:NO;1:YES;","description":{"fmId":"-1","fmType":"5","type":"typed-literal","datatype":"http://www.w3.org/1999/02/22-rdf-syntax-ns#XMLLiteral","value":"This field will be used to indicate if this surgery or non-OR procedure \ris treating a VA patient for a problem that is related to PROJ 112/SHAD.  \rThis information may be passed to the VISIT file (#9000010) for use by \rPCE."}}],"fmql":{"OP":"DESCRIBE TYPE","TYPE":"130_18","TYPELABEL":"OTHER POSTOP DIAGS"}}