{"name":"PROBLEM SELECTION LIST CONTENTS","number":"125.1","location":"^GMPL(125.1,","description":{"fmId":"-1","fmType":"5","type":"typed-literal","datatype":"http://www.w3.org/1999/02/22-rdf-syntax-ns#XMLLiteral","value":"This file contains the categories that make up the Problem Selection\rLists defined in file #125.  Each entry links a problem category to\ra list, optionally with a subheader and a sequence order."},"version":"2.0","fields":[{"number":".01","flags":"RP125'","name":"LIST","location":"0;1","index":"B","type":"7","details":"125","description":{"fmId":"-1","fmType":"5","type":"typed-literal","datatype":"http://www.w3.org/1999/02/22-rdf-syntax-ns#XMLLiteral","value":"This is the Problem Selection List which is to contain the problem group\rentered in field #1; this group may be assigned a sequence number for\rordering and a subheader as well here."}},{"number":"1","flags":"NJ6,2","name":"SEQUENCE","location":"0;2","type":"2","inputTransform":"K:+X'=X!(X>999.99)!(X<.01)!(X?.E1\".\"3N.N) X","description":{"fmId":"-1","fmType":"5","type":"typed-literal","datatype":"http://www.w3.org/1999/02/22-rdf-syntax-ns#XMLLiteral","value":"This is a number which will determine the order this group will appear\rin the current list; up to two decimal places may be used."}},{"number":"2","flags":"P125.11","name":"CATEGORY","location":"0;3","index":"G","type":"7","details":"125.11","description":{"fmId":"-1","fmType":"5","type":"typed-literal","datatype":"http://www.w3.org/1999/02/22-rdf-syntax-ns#XMLLiteral","value":"This is the category whose problem items are to be included in the current\rlist; it may have a subheader in this list, and a designated order."}},{"number":"3","flags":"F","name":"SUBHEADER","location":"0;4","type":"4","inputTransform":"K:$L(X)>30!($L(X)<2) X","description":{"fmId":"-1","fmType":"5","type":"typed-literal","datatype":"http://www.w3.org/1999/02/22-rdf-syntax-ns#XMLLiteral","value":"This is text which will appear in the list as a subheader or title to\rthis group of problems.  It will have a single blank row between it and\rthe previous problem group, and it will be underlined."}},{"number":"4","flags":"S","name":"SHOW PROBLEMS","location":"0;5","type":"3","details":"1:YES;0:NO;","description":{"fmId":"-1","fmType":"5","type":"typed-literal","datatype":"http://www.w3.org/1999/02/22-rdf-syntax-ns#XMLLiteral","value":"This field controls the initial display of this category in this selection\rlist.  If set to YES, the problems will automatically be displayed as part\rof the list when it is initially built and displayed; if null or NO, the\rcategory must be selected in order to expand the list and show the problems."}}],"fmql":{"OP":"DESCRIBE TYPE","TYPE":"125_1","TYPELABEL":"PROBLEM SELECTION LIST CONTENTS"}}