{"name":"SURGERY REPLACEMENT FLUIDS","number":"133.7","location":"^SRO(133.7,","count":"20","lastIEN":"20","description":{"fmId":"-1","fmType":"5","type":"typed-literal","datatype":"http://www.w3.org/1999/02/22-rdf-syntax-ns#XMLLiteral","value":"This file contains replacement fluids used during the operative procedure.\rIt is pointed to by the REPLACEMENT FLUIDS sub-file in the Surgery file.\rThe Surgery Replacement Fluids file is distributed with pre-supplied\rentries, however additions may be made to it."},"version":"3","fields":[{"number":".01","flags":"RF","name":"NAME","location":"0;1","index":"B","type":"4","inputTransform":"K:$L(X)>30!(X?.N)!($L(X)<3)!'(X'?1P.E) X","description":{"fmId":"-1","fmType":"5","type":"typed-literal","datatype":"http://www.w3.org/1999/02/22-rdf-syntax-ns#XMLLiteral","value":"This is the name of the Surgery Replacement Fluid.\r "}},{"number":"10","flags":"S","name":"INACTIVE?","location":"0;2","type":"3","details":"1:YES;","description":{"fmId":"-1","fmType":"5","type":"typed-literal","datatype":"http://www.w3.org/1999/02/22-rdf-syntax-ns#XMLLiteral","value":"Enter 'YES' to make this entry inactive and to prevent its selection and\ruse by users of the Surgery Package."}}],"fmql":{"OP":"DESCRIBE TYPE","TYPE":"133_7","TYPELABEL":"SURGERY REPLACEMENT FLUIDS"}}