{"name":"SURGERY TRANSPORTATION DEVICES","number":"131.01","location":"^SRO(131.01,","count":"7","lastIEN":"7","description":{"fmId":"-1","fmType":"5","type":"typed-literal","datatype":"http://www.w3.org/1999/02/22-rdf-syntax-ns#XMLLiteral","value":"This file contains devices used to transport the patient to and from the\roperating room.  The file will be distributed with data which should\rnot be altered, however sites may wish to add entries to this file."},"version":"3","fields":[{"number":".01","flags":"RF","name":"NAME","location":"0;1","index":"B","type":"4","inputTransform":"K:$L(X)>30!($L(X)<3)!'(X'?1P.E) X","description":{"fmId":"-1","fmType":"5","type":"typed-literal","datatype":"http://www.w3.org/1999/02/22-rdf-syntax-ns#XMLLiteral","value":"This is the name of the device used to transport the patient to and\rfrom the Operating Room.  Although this field is optional, it may be\rhelpful in documentation of the case.\r "}},{"number":"1","flags":"F","name":"CODE","location":"0;2","index":"C","type":"4","inputTransform":"K:X[\"\"\"\"!($A(X)=45) X I $D(X) K:$L(X)>3!($L(X)<1) X","description":{"fmId":"-1","fmType":"5","type":"typed-literal","datatype":"http://www.w3.org/1999/02/22-rdf-syntax-ns#XMLLiteral","value":"This is the code corresponding to the device used to transport the patient\rto and from the Operating Room.\r "}},{"number":"10","flags":"S","name":"INACTIVE?","location":"0;3","type":"3","details":"1:YES;","description":{"fmId":"-1","fmType":"5","type":"typed-literal","datatype":"http://www.w3.org/1999/02/22-rdf-syntax-ns#XMLLiteral","value":"Enter 'YES' to inactivate this entry to prevent its selection by Surgery\rusers."}}],"fmql":{"OP":"DESCRIBE TYPE","TYPE":"131_01","TYPELABEL":"SURGERY TRANSPORTATION DEVICES"}}