{"name":"SURGERY SITE PARAMETERS","number":"133","location":"^SRO(133,","count":"1","lastIEN":"1","description":{"fmId":"-1","fmType":"5","type":"typed-literal","datatype":"http://www.w3.org/1999/02/22-rdf-syntax-ns#XMLLiteral","value":"The Surgery Site Parameter file contains elements to the Surgery package\rthat may be specific to each individual site."},"version":"3","fields":[{"number":".01","flags":"RP4'","name":"SITE","location":"0;1","index":"B","type":"7","details":"4","description":{"fmId":"-1","fmType":"5","type":"typed-literal","datatype":"http://www.w3.org/1999/02/22-rdf-syntax-ns#XMLLiteral","value":"This is the institution responsible for the Surgery service.  If the\rfacility is multi-divisional, there will be more than one entry in\rthis file.\r "}},{"number":"3","flags":"F","name":"MAIL CODE FOR ANESTHESIA","location":"0;4","type":"4","inputTransform":"K:$L(X)>10!($L(X)<1) X","description":{"fmId":"-1","fmType":"5","type":"typed-literal","datatype":"http://www.w3.org/1999/02/22-rdf-syntax-ns#XMLLiteral","value":"This is the mail code for the Anesthesia service.  It will be used to\rflag Anesthesiologists on the Anesthesia AMIS.\r "}},{"number":"6","flags":"S","name":"CANCEL IVS","location":"0;7","type":"3","details":"0:NOT CANCEL;1:CANCEL;","description":{"fmId":"-1","fmType":"5","type":"typed-literal","datatype":"http://www.w3.org/1999/02/22-rdf-syntax-ns#XMLLiteral","value":"This field indicates the site's preference to allow or not allow current\rIV orders for a patient to be cancelled when a surgical or non-OR\rprocedure begins. If this field is set to NOT CANCEL, IV orders will not\rbe cancelled. If this field is set to CANCEL, upon entering the anesthesia\rcare start time for a case, the user will be prompted to cancel or not \rcancel current IV orders if not more than 24 hours have passed since the\rstart of the operation or procedure."}},{"number":"8","flags":"FOX","name":"LATEST 30-READMISSION REPORT","location":"0;9","type":"4","inputTransform":"D QTR^SROQ30D","description":{"fmId":"-1","fmType":"5","type":"typed-literal","datatype":"http://www.w3.org/1999/02/22-rdf-syntax-ns#XMLLiteral","value":"This field contains the latest fiscal quarter for which the 30-day \rpostoperative readmissions report has been transmitted to the VASQIP \rdatabase."}},{"number":"9","flags":"F","name":"CHIEF'S NAME","location":"0;10","type":"4","inputTransform":"K:$L(X)>40!($L(X)<1) X","description":{"fmId":"-1","fmType":"5","type":"typed-literal","datatype":"http://www.w3.org/1999/02/22-rdf-syntax-ns#XMLLiteral","value":"This is the name of the Chief of Surgery.  The name will be displayed\ron management reports.\r "}},{"number":"10","flags":"NJ3,0","name":"LOCK AFTER HOW MANY DAYS","location":"0;11","type":"2","inputTransform":"K:+X'=X!(X>365)!(X<1)!(X?.E1\".\"1N.N) X","description":{"fmId":"-1","fmType":"5","type":"typed-literal","datatype":"http://www.w3.org/1999/02/22-rdf-syntax-ns#XMLLiteral","value":"This is the number of days a case can be edited, after completion,\rwithout needing the Chief of Surgery's approval.\r "}},{"number":"11","flags":"FXO","name":"REQUEST DEADLINE","location":"0;2","type":"4","inputTransform":"K:$L(X)>5!($L(X)<5)!'(X?2N1\":\"2N) X Q:'$D(X)  S X=$E(X,1,2)_$E(X,4,5)","description":{"fmId":"-1","fmType":"5","type":"typed-literal","datatype":"http://www.w3.org/1999/02/22-rdf-syntax-ns#XMLLiteral","value":"This field is the time on the request cutoff day after which no requests\rcan be made for a date.  Your answer must be in a military time format\rwith leading zeros.  For example, a time of 7:00 AM MUST be entered in\rthe format 07:00.  The time 7:00 PM would be entered 19:00."}},{"number":"12","flags":"133.012","name":"OR SCHEDULE DEVICES","location":"1;0","type":"9","details":"133.012","description":{"fmId":"-1","fmType":"5","type":"typed-literal","datatype":"http://www.w3.org/1999/02/22-rdf-syntax-ns#XMLLiteral","value":"This contains all devices which will be used when the Schedule of\rOperations is printed.\r "}},{"number":"13","flags":"FXO","name":"SCHEDULE CLOSE TIME","location":"0;12","type":"4","inputTransform":"K:$L(X)>5!($L(X)<5)!'(X?2N1\":\"2N) X Q:'$D(X)  S X=$E(X,1,2)_$E(X,4,5) K:X>1500!($E(X,3,4)>59) X","description":{"fmId":"-1","fmType":"5","type":"typed-literal","datatype":"http://www.w3.org/1999/02/22-rdf-syntax-ns#XMLLiteral","value":"This field contains the time of day at which the surgery schedule for the\rfollowing day is considered to be closed.  Any scheduled cases canceled\rafter this time will be included in computing the cancellation rate for the\rfacility.  The time entered in this field may be earlier than, but no later\rthan, 15:00.  Your answer must be in a military time format with leading\rzeros.  For example, a time of 9:00 AM MUST be entered in the format 09:00.\r15:00 is the default time for this field if no time is entered.\r  "}},{"number":"14","flags":"FI","name":"VERSION NUMBER","location":"0;3","type":"4","inputTransform":"K:$L(X)>5!($L(X)<1) X","description":{"fmId":"-1","fmType":"5","type":"typed-literal","datatype":"http://www.w3.org/1999/02/22-rdf-syntax-ns#XMLLiteral","value":"This field contains the current version number of the Surgery software.\r "}},{"number":"15","flags":"S","name":"CARDIAC ASSESSMENT IN USE(Y/N)","location":"0;5","type":"3","details":"Y:YES;N:NO;","description":{"fmId":"-1","fmType":"5","type":"typed-literal","datatype":"http://www.w3.org/1999/02/22-rdf-syntax-ns#XMLLiteral","value":"This determines whether the Cardiac Risk Assessment Module is being used\rat this facility. If so, enter 'YES', if not enter 'NO'."}},{"number":"16","flags":"DI","name":"LATEST CASE WORKLOAD REPORT","location":"0;13","type":"1","inputTransform":"S %DT=\"E\" D ^%DT S X=Y K:Y<1 X","description":{"fmId":"-1","fmType":"5","type":"typed-literal","datatype":"http://www.w3.org/1999/02/22-rdf-syntax-ns#XMLLiteral","value":"This field contains the date (month/year) of the latest VASQIP monthly\rcase workload report automatically tasked for transmission to the \rnational database.  This field is an uneditable field and is set\rautomatically when the monthly case workload report is transmitted by\rway of the nightly task process."}},{"number":"17","flags":"S","name":"ASK FOR RISK PREOP INFO","location":"0;14","type":"3","details":"1:YES;0:NO;","description":{"fmId":"-1","fmType":"5","type":"typed-literal","datatype":"http://www.w3.org/1999/02/22-rdf-syntax-ns#XMLLiteral","value":"Enter YES if the user should be prompted for risk assessment preoperative\rinformation when entering a new case and when updating a requested or\rscheduled case."}},{"number":"18","flags":"SI","name":"UPDATES TO PCE","location":"0;15","type":"3","details":"O:OUTPATIENT ONLY;A:ALL CASES;N:PCE NOT UPDATED;","description":{"fmId":"-1","fmType":"5","type":"typed-literal","datatype":"http://www.w3.org/1999/02/22-rdf-syntax-ns#XMLLiteral","value":"This indicates the site's preference for PCE updating.  If this field\rcontains O, PCE will be updated with outpatient case information only.  If\rthis field contains A, PCE will be updated information from all cases,\rboth inpatient and outpatient.  If this field contains N or is null, no\rPCE updating will occur."}},{"number":"18.5","flags":"D","name":"PCE UPDATE ACTIVATION DATE","location":"0;17","type":"1","inputTransform":"S %DT=\"EX\" D ^%DT S X=Y K:Y<1 X","description":{"fmId":"-1","fmType":"5","type":"typed-literal","datatype":"http://www.w3.org/1999/02/22-rdf-syntax-ns#XMLLiteral","value":"This is the earliest date of operation for which surgical cases may be\rfiled with PCE.  Surgical cases or non-OR procedures performed before this\rdate will not be filed with PCE.  If no date is entered, this parameter\rwill be ignored."}},{"number":"19","flags":"SI","name":"ASK CLASSIFICATION QUESTIONS","location":"0;16","type":"3","details":"1:YES;0:NO;","description":{"fmId":"-1","fmType":"5","type":"typed-literal","datatype":"http://www.w3.org/1999/02/22-rdf-syntax-ns#XMLLiteral","value":"This field indicates whether the patient service connected classification\rquestions should be asked when entering a new case or when updating an\rexisting case."}},{"number":"20","flags":"S","name":"REQUEST CUTOFF FOR SUNDAY","location":"2;1","type":"3","details":"0:SCHEDULING NOT ALLOWED;1:SATURDAY;2:FRIDAY;3:THURSDAY;4:WEDNESDAY;5:TUESDAY;6:MONDAY;","description":{"fmId":"-1","fmType":"5","type":"typed-literal","datatype":"http://www.w3.org/1999/02/22-rdf-syntax-ns#XMLLiteral","value":" Enter the day of the week on which the request deadline occurs for\r Sunday scheduling.  Enter '0' if Sunday scheduling is not allowed.\r If no entry is made in this field, the package will assume the request\r cutoff day for Sunday is Saturday."}},{"number":"21","flags":"S","name":"REQUEST CUTOFF FOR MONDAY","location":"2;2","type":"3","details":"0:SCHEDULING NOT ALLOWED;1:SUNDAY;2:SATURDAY;3:FRIDAY;4:THURSDAY;5:WEDNESDAY;6:TUESDAY;","description":{"fmId":"-1","fmType":"5","type":"typed-literal","datatype":"http://www.w3.org/1999/02/22-rdf-syntax-ns#XMLLiteral","value":" Enter the day of the week on which the request deadline occurs for\r Monday scheduling.  Enter '0' if Monday scheduling is not allowed.\r If no entry is made in this field, the package will assume the request\r cutoff day for Monday is Sunday."}},{"number":"22","flags":"S","name":"REQUEST CUTOFF FOR TUESDAY","location":"2;3","type":"3","details":"0:SCHEDULING NOT ALLOWED;1:MONDAY;2:SUNDAY;3:SATURDAY;4:FRIDAY;5:THURSDAY;6:WEDNESDAY;","description":{"fmId":"-1","fmType":"5","type":"typed-literal","datatype":"http://www.w3.org/1999/02/22-rdf-syntax-ns#XMLLiteral","value":" Enter the day of the week on which the request deadline occurs for\r Tuesday scheduling.  Enter '0' if Tuesday scheduling is not allowed.\r If no entry is made in this field, the package will assume the request\r cutoff day for Tuesday is Monday."}},{"number":"23","flags":"S","name":"REQUEST CUTOFF FOR WEDNESDAY","location":"2;4","type":"3","details":"0:SCHEDULING NOT ALLOWED;1:TUESDAY;2:MONDAY;3:SUNDAY;4:SATURDAY;5:FRIDAY;6:THURSDAY;","description":{"fmId":"-1","fmType":"5","type":"typed-literal","datatype":"http://www.w3.org/1999/02/22-rdf-syntax-ns#XMLLiteral","value":" Enter the day of the week on which the request deadline occurs for\r Wednesday scheduling.  Enter '0' if Wednesday scheduling is not allowed.\r If no entry is made in this field, the package will assume the request\r cutoff day for Wednesday is Tuesday"}},{"number":"24","flags":"S","name":"REQUEST CUTOFF FOR THURSDAY","location":"2;5","type":"3","details":"0:SCHEDULING NOT ALLOWED;1:WEDNESDAY;2:TUESDAY;3:MONDAY;4:SUNDAY;5:SATURDAY;6:FRIDAY;","description":{"fmId":"-1","fmType":"5","type":"typed-literal","datatype":"http://www.w3.org/1999/02/22-rdf-syntax-ns#XMLLiteral","value":" Enter the day of the week on which the request deadline occurs for\r Thursday scheduling.  Enter '0' if Thursday scheduling is not allowed.\r If no entry is made in this field, the package will assume the request\r cutoff day for Thursday is Wednesday."}},{"number":"25","flags":"S","name":"REQUEST CUTOFF FOR FRIDAY","location":"2;6","type":"3","details":"0:SCHEDULING NOT ALLOWED;1:THURSDAY;2:WEDNESDAY;3:TUESDAY;4:MONDAY;5:SUNDAY;6:SATURDAY;","description":{"fmId":"-1","fmType":"5","type":"typed-literal","datatype":"http://www.w3.org/1999/02/22-rdf-syntax-ns#XMLLiteral","value":"Enter the day of the week on which the request deadline occurs for\rFriday scheduling.  Enter '0' if Friday scheduling is not allowed.\rIf no entry is made in this field, the software will use Thursday\ras the request cutoff day for Friday.\r "}},{"number":"26","flags":"S","name":"REQUEST CUTOFF FOR SATURDAY","location":"2;7","type":"3","details":"0:SCHEDULING NOT ALLOWED;1:FRIDAY;2:THURSDAY;3:WEDNESDAY;4:TUESDAY;5:MONDAY;6:SUNDAY;","description":{"fmId":"-1","fmType":"5","type":"typed-literal","datatype":"http://www.w3.org/1999/02/22-rdf-syntax-ns#XMLLiteral","value":" Enter the day of the week on which the request deadline occurs for\r Saturday scheduling.  Enter '0' if Saturday scheduling is not allowed.\r If no entry is made in this field, the package will assume the request\r cutoff day for Saturday is Friday."}},{"number":"27","flags":"133.027P","name":"HOLIDAY SCHEDULING ALLOWED","location":"3;0","type":"9","details":"133.027","description":{"fmId":"-1","fmType":"5","type":"typed-literal","datatype":"http://www.w3.org/1999/02/22-rdf-syntax-ns#XMLLiteral","value":" These are the holidays on which the scheduling of surgical cases will be\r allowed."}},{"number":"28","flags":"133.028P","name":"REQUIRED FIELDS FOR SCHEDULING","location":"4;0","type":"9","details":"133.028","description":{"fmId":"-1","fmType":"5","type":"typed-literal","datatype":"http://www.w3.org/1999/02/22-rdf-syntax-ns#XMLLiteral","value":"This contains the names of fields that must be entered prior to scheduling\ra requested procedure.\r "}},{"number":"29","flags":"S","name":"NURSE INTRAOP REPORT","location":"0;6","type":"3","details":"0:PRINT TITLES WITH INFO ONLY;1:PRINT ALL FIELD TITLES;","description":{"fmId":"-1","fmType":"5","type":"typed-literal","datatype":"http://www.w3.org/1999/02/22-rdf-syntax-ns#XMLLiteral","value":"This determines the format of the Nurse Intraoperative Report.  Enter '1'\rif you want to list all field titles in the report regardless as to whether\rinformation has been entered for that field.  If you want a shorter report,\renter '0'.  This format will print only those fields that have information\rentered.  If nothing is entered for this parameter, the report will include\rall field titles.\r "}},{"number":"30","flags":"S","name":"OPERATION REPORT FORMAT","location":"0;8","type":"3","details":"1:PRINT ALL FIELD TITLES;0:PRINT TITLES WITH INFO ONLY;","description":{"fmId":"-1","fmType":"5","type":"typed-literal","datatype":"http://www.w3.org/1999/02/22-rdf-syntax-ns#XMLLiteral","value":"This determines the format of the Operation Report.  If you want to \rdisplay all field titles on the report and 'N/A' for those fields that\rdo not have information entered, select format '1'.  If you only want\rto display field titles when information has been entered, select\rformat '0'.\r "}},{"number":"31","flags":"133.031","name":"VASQIP 30 DAY FOLLOW-UP LETTER","location":"5;0","type":"5","description":{"fmId":"-1","fmType":"5","type":"typed-literal","datatype":"http://www.w3.org/1999/02/22-rdf-syntax-ns#XMLLiteral","value":"This field contains the text of the VASQIP 30-day follow-up letter to be\rprinted and mailed to the patient approximately 30 days following surgery."}},{"number":"32","flags":"FXOI","name":"LATEST QUARTERLY REPORT","location":"0;18","type":"4","inputTransform":"D QTR^SROQ0","description":{"fmId":"-1","fmType":"5","type":"typed-literal","datatype":"http://www.w3.org/1999/02/22-rdf-syntax-ns#XMLLiteral","value":"This field contains the latest fiscal quarter for which the Quarterly\rReport has been transmitted to the Surgical Service, Headquarters,\rnational database."}},{"number":"33","flags":"S","name":"SURGICAL RESIDENTS (Y/N)","location":"0;19","type":"3","details":"0:NO;1:YES;","description":{"fmId":"-1","fmType":"5","type":"typed-literal","datatype":"http://www.w3.org/1999/02/22-rdf-syntax-ns#XMLLiteral","value":"This field indicates whether surgery may be performed by residents at this\rfacility.  Enter NO if all surgeons at this facility are staff surgeons.\rIf this field is NO an attending surgeon will not be required by the PCE\rinterface and cases with no attend code will be counted as Level 0 (Staff\rAlone) on the Quarterly Report."}},{"number":"34","flags":"S","name":"HL7 V. 1.5 COMPATIBLE","location":"0;20","type":"3","details":"1:YES;0:NO;","description":{"fmId":"-1","fmType":"5","type":"typed-literal","datatype":"http://www.w3.org/1999/02/22-rdf-syntax-ns#XMLLiteral","value":"If applications communicating with the Surgery HL7 interface must use the\rinterface designed for use with HL7 V. 1.5, enter YES.  Otherwise, enter\rNO or leave this field blank."}},{"number":"35","flags":"S","name":"INACTIVE?","location":"0;21","type":"3","details":"1:YES;0:NO;","description":{"fmId":"-1","fmType":"5","type":"typed-literal","datatype":"http://www.w3.org/1999/02/22-rdf-syntax-ns#XMLLiteral","value":"Enter YES to make this SURGERY SITE inactive and to prevent its selection\rand use by Surgery users."}},{"number":"36","flags":"133.036DA","name":"CPT COPYRIGHT NOTICE DATE","location":"6;0","type":"9","details":"133.036"},{"number":"37","flags":"S","name":"AUTOMATED CASE CART ORDERING","location":"0;22","type":"3","details":"Y:YES;N:NO;","description":{"fmId":"-1","fmType":"5","type":"typed-literal","datatype":"http://www.w3.org/1999/02/22-rdf-syntax-ns#XMLLiteral","value":"This indicates whether the CoreFLS interface for Surgery is in use at this\rfacility. If so, enter YES. Otherwise, enter NO or leave blank."}},{"number":"38","flags":"S","name":"CPT ON NURSE INTRAOP","location":".1;2","type":"3","details":"0:NO, DO NOT INCLUDE CPT;1:YES, INCLUDE CPT;","description":{"fmId":"-1","fmType":"5","type":"typed-literal","datatype":"http://www.w3.org/1999/02/22-rdf-syntax-ns#XMLLiteral","value":"If this field is set to YES, INCLUDE CPT, the principal CPT code \rwill be required before electronic signature can be applied and the\rCPT code will be part of the report. If the field is null or set to\rNO, DO NOT INCLUDE CPT, the principal CPT code will not be required\rbefore electronic signature can be applied and the CPT code will not\rbe part of the report."}},{"number":"39","flags":"S","name":"ICD-9 ON NURSE INTRAOP","location":".1;3","type":"3","details":"0:NO, DO NOT INCLUDE ICD-9;1:YES, INCLUDE ICD-9;","description":{"fmId":"-1","fmType":"5","type":"typed-literal","datatype":"http://www.w3.org/1999/02/22-rdf-syntax-ns#XMLLiteral","value":"If this field is set to YES, INCLUDE ICD-9, the principal diagnosis \rcode will be required before electronic signature can be applied and\rthe ICD-9 code will be part of the report.  If the field is null or\rset to NO, DO NOT INCLUDE ICD-9, the principal diagnosis code will \rnot be required before electronic signature can be applied."}},{"number":"40","flags":"S","name":"ANESTHESIA REPORT IN USE","location":".1;4","type":"3","details":"1:YES;0:NO;","description":{"fmId":"-1","fmType":"5","type":"typed-literal","datatype":"http://www.w3.org/1999/02/22-rdf-syntax-ns#XMLLiteral","value":"This YES/NO field determines if the Anesthesia Report should be \rcreated and electronically signed.  Only if this field is marked YES\rwill the functionality be invoked to create the Anesthesia Report \rfor a case in TIU."}},{"number":"41","flags":"FX","name":"DEFAULT BLOOD COMPONENT","location":"7;1","type":"4","inputTransform":"D ITRAN^VBECA5A","description":{"fmId":"-1","fmType":"5","type":"typed-literal","datatype":"http://www.w3.org/1999/02/22-rdf-syntax-ns#XMLLiteral","value":"This field contains the default blood type used during surgery.  If\ra certain type is used frequently, this field should be completed."}},{"number":"42","flags":"*P44'","name":"DEFAULT CLINIC FOR DOCUMENTS","location":"0;23","type":"7","details":"44","inputTransform":"S DIC(\"S\")=\"I $$NOCNT^SROUTL(DA)\" D ^DIC K DIC S DIC=DIE,X=+Y K:Y<0 X","description":{"fmId":"-1","fmType":"5","type":"typed-literal","datatype":"http://www.w3.org/1999/02/22-rdf-syntax-ns#XMLLiteral","value":"This non-count clinic is the default clinic for this division. It will\rbe the location passed to TIU when Surgery documents are created if no\rother location can be identified."}},{"number":"43","flags":"P3.8'","name":"CODE ISSUE MAIL GROUP","location":"7;2","type":"7","details":"3.8","description":{"fmId":"-1","fmType":"5","type":"typed-literal","datatype":"http://www.w3.org/1999/02/22-rdf-syntax-ns#XMLLiteral","value":"This is the name of the mail group that will receive all coding issue \rmessages sent by the Risk Assessment Nurse Reviewer. \rWhen the Non-Cardiac and Cardiac Risk Assessment option Alert Coder\rRegarding Coding Issues is used, a mail message is sent to the person \rthat coded the Surgery case and the mail group identified in this field."}},{"number":"44","flags":"S","name":"KIDNEY TRANSPLANTS ASSESSED","location":"8;1","type":"3","details":"Y:YES;N:NO;","description":{"fmId":"-1","fmType":"5","type":"typed-literal","datatype":"http://www.w3.org/1999/02/22-rdf-syntax-ns#XMLLiteral","value":"This determines whether Kidney Transplants are performed and assessed\rat this facility. If so, enter 'YES', if not enter 'NO'. Answer YES \rif transplants are done at an affiliated non-VA medical center, but\rassessed by the Transplant Coordinator at this facility."}},{"number":"45","flags":"S","name":"LIVER TRANSPLANTS ASSESSED","location":"8;2","type":"3","details":"Y:YES;N:NO;","description":{"fmId":"-1","fmType":"5","type":"typed-literal","datatype":"http://www.w3.org/1999/02/22-rdf-syntax-ns#XMLLiteral","value":"This determines whether Liver Transplants are performed and assessed \rat this facility. If so, enter 'YES', if not enter 'NO'. Answer YES \rif transplants are done at an affiliated non-VA medical center, but\rassessed by the Transplant Coordinator at this facility."}},{"number":"46","flags":"S","name":"LUNG TRANSPLANTS ASSESSED","location":"8;3","type":"3","details":"Y:YES;N:NO;","description":{"fmId":"-1","fmType":"5","type":"typed-literal","datatype":"http://www.w3.org/1999/02/22-rdf-syntax-ns#XMLLiteral","value":"This determines whether Lung Transplants are performed and assessed \rat this facility. If so, enter 'YES', if not enter 'NO'. Answer YES \rif transplants are done at an affiliated non-VA medical center, but\rassessed by the Transplant Coordinator at this facility."}},{"number":"47","flags":"S","name":"HEART TRANSPLANTS ASSESSED","location":"8;4","type":"3","details":"Y:YES;N:NO;","description":{"fmId":"-1","fmType":"5","type":"typed-literal","datatype":"http://www.w3.org/1999/02/22-rdf-syntax-ns#XMLLiteral","value":"This determines whether Heart Transplants are performed and assessed \rat this facility. If so, enter 'YES', if not enter 'NO'. Answer YES \rif transplants are done at an affiliated non-VA medical center, but\rassessed by the Transplant Coordinator at this facility."}}],"fmql":{"OP":"DESCRIBE TYPE","TYPE":"133","TYPELABEL":"SURGERY SITE PARAMETERS"}}