{"name":"OPERATING ROOM","number":"131.7","location":"^SRS(","description":{"fmId":"-1","fmType":"5","type":"typed-literal","datatype":"http://www.w3.org/1999/02/22-rdf-syntax-ns#XMLLiteral","value":"This file contains information regarding the operating rooms.  It\rincludes a number of fields that cannot be edited using fileman.\rThose fields include the PATTERN, BLOCK SCHEDULE DATE and SERVICE\rBLOCKOUT."},"version":"3","fields":[{"number":".01","flags":"R*P44'","name":"NAME","location":"0;1","index":"B","type":"7","details":"44","inputTransform":"S DIC(\"S\")=\"I $D(^SC(\"\"AC\"\",\"\"OR\"\",Y))\" D ^DIC K DIC S DIC=DIE,X=+Y K:Y<0 X","description":{"fmId":"-1","fmType":"5","type":"typed-literal","datatype":"http://www.w3.org/1999/02/22-rdf-syntax-ns#XMLLiteral","value":"This is the name of the operating room.\r "}},{"number":"1","flags":"F","name":"LOCATION","location":"0;2","type":"4","inputTransform":"K:$L(X)>50!($L(X)<2) X","description":{"fmId":"-1","fmType":"5","type":"typed-literal","datatype":"http://www.w3.org/1999/02/22-rdf-syntax-ns#XMLLiteral","value":"This is the physical location of the operating room.\r "}},{"number":"2","flags":"P200'","name":"PERSON RESP.","location":"0;3","type":"7","details":"200","description":{"fmId":"-1","fmType":"5","type":"typed-literal","datatype":"http://www.w3.org/1999/02/22-rdf-syntax-ns#XMLLiteral","value":"This is the name of the person responsible for this operating room.\r "}},{"number":"3","flags":"F","name":"TELEPHONE","location":"0;4","type":"4","inputTransform":"K:$L(X)>9!($L(X)<2) X","description":{"fmId":"-1","fmType":"5","type":"typed-literal","datatype":"http://www.w3.org/1999/02/22-rdf-syntax-ns#XMLLiteral","value":"This is the telephone number of the operating room.\r "}},{"number":"4","flags":"F","name":"REMARKS","location":"0;5","type":"4","inputTransform":"K:$L(X)>64!($L(X)<2) X","description":{"fmId":"-1","fmType":"5","type":"typed-literal","datatype":"http://www.w3.org/1999/02/22-rdf-syntax-ns#XMLLiteral","value":"These are comments relating specifically to this operating room.\r "}},{"number":"6","flags":"131.701DA","name":"SCHEDULE DATE","location":"S;0","type":"9","details":"131.701","description":{"fmId":"-1","fmType":"5","type":"typed-literal","datatype":"http://www.w3.org/1999/02/22-rdf-syntax-ns#XMLLiteral","value":"This is information about the Schedule date.\r "}},{"number":"7","flags":"131.702DA","name":"BLOCK SCHEDULE DATE","location":"SS;0","type":"9","details":"131.702","description":{"fmId":"-1","fmType":"5","type":"typed-literal","datatype":"http://www.w3.org/1999/02/22-rdf-syntax-ns#XMLLiteral","value":"This is the block schedule date.  This field should not be modified\rthrough Fileman.\r "}},{"number":"8","flags":"131.703A","name":"SERVICE BLOCKOUT","location":"1;0","type":"9","details":"131.703","description":{"fmId":"-1","fmType":"5","type":"typed-literal","datatype":"http://www.w3.org/1999/02/22-rdf-syntax-ns#XMLLiteral","value":"This is information related to service blockouts.\r "}},{"number":"9","flags":"RP134'","name":"TYPE","location":"2;1","type":"7","details":"134","description":{"fmId":"-1","fmType":"5","type":"typed-literal","datatype":"http://www.w3.org/1999/02/22-rdf-syntax-ns#XMLLiteral","value":"This is the operating room type.\r "}},{"number":"10","flags":"RNJ3,0","name":"CLEANING TIME","location":"3;1","type":"2","inputTransform":"K:+X'=X!(X>240)!(X<1)!(X?.E1\".\"1N.N) X","description":{"fmId":"-1","fmType":"5","type":"typed-literal","datatype":"http://www.w3.org/1999/02/22-rdf-syntax-ns#XMLLiteral","value":"This is the average number of minutes required to clean this operating\rroom after completion of a case.  It will be used in determining operating\rroom utilization.\r "}},{"number":"11","flags":"131.711S","name":"NORMAL DAILY SCHEDULE","location":"4;0","type":"9","details":"131.711","description":{"fmId":"-1","fmType":"5","type":"typed-literal","datatype":"http://www.w3.org/1999/02/22-rdf-syntax-ns#XMLLiteral","value":"This is the normal daily schedule for each operating room.\r "}},{"number":"99","flags":"S","name":"INACTIVE?","location":"0;6","type":"3","details":"1:YES;","description":{"fmId":"-1","fmType":"5","type":"typed-literal","datatype":"http://www.w3.org/1999/02/22-rdf-syntax-ns#XMLLiteral","value":"Enter 'YES' to make this operating room inactive and to prevent its\rselection and use by users of the Surgery package.  A 'YES' in this\rfield indicates that this operating room is not in service."}}],"fmql":{"OP":"DESCRIBE TYPE","TYPE":"131_7","TYPELABEL":"OPERATING ROOM"}}