{"name":"SYNONYM","number":"118.21","parent":"118.2","fields":[{"number":".01","flags":"MF","name":"SYNONYM","location":"0;1","index":"C","type":"4","inputTransform":"K:X[\"\"\"\"!($A(X)=45) X I $D(X) K:$L(X)>30!($L(X)<1) X","description":{"fmId":"-1","fmType":"5","type":"typed-literal","datatype":"http://www.w3.org/1999/02/22-rdf-syntax-ns#XMLLiteral","value":"This field contains an alternate name or synonym for the\rtubefeeding product."}}],"fmql":{"OP":"DESCRIBE TYPE","TYPE":"118_21","TYPELABEL":"SYNONYM"}}