{"name":"OR CPRS TABS","number":"101.13","location":"^ORD(101.13,","count":"2","lastIEN":"2","description":{"fmId":"-1","fmType":"5","type":"typed-literal","datatype":"http://www.w3.org/1999/02/22-rdf-syntax-ns#XMLLiteral","value":"This file stores CPRS GUI Cover Sheet tab acronyms."},"version":"3.0","vpackage":"OR","fields":[{"number":".01","flags":"RF","name":"TAB NAME","location":"0;1","index":"B","type":"4","inputTransform":"K:$L(X)>3!($L(X)<3)!'(X'?1P.E) X","description":{"fmId":"-1","fmType":"5","type":"typed-literal","datatype":"http://www.w3.org/1999/02/22-rdf-syntax-ns#XMLLiteral","value":"This field stores CPRS GUI Cover Sheet tab acronyms."}},{"number":"1","flags":"F","name":"TAB DESCRIPTION","location":"0;2","type":"4","inputTransform":"K:$L(X)>35!($L(X)<1) X","description":{"fmId":"-1","fmType":"5","type":"typed-literal","datatype":"http://www.w3.org/1999/02/22-rdf-syntax-ns#XMLLiteral","value":"This field stores descriptions of CPRS GUI Cover Sheet tab acronyms."}}],"fmql":{"OP":"DESCRIBE TYPE","TYPE":"101_13","TYPELABEL":"OR CPRS TABS"}}