{"name":"LAB TEST","number":"104.15","parent":"104.1","fields":[{"number":".01","flags":"MR*P60'","name":"LAB TEST","location":"0;1","index":"B","type":"7","details":"60","inputTransform":"S DIC(\"S\")=\"I $P($G(^(0)),U,4)=\"\"CH\"\"\" D ^DIC K DIC S DIC=DIE,X=+Y K:Y<0 X","description":{"fmId":"-1","fmType":"5","type":"typed-literal","datatype":"http://www.w3.org/1999/02/22-rdf-syntax-ns#XMLLiteral","value":"This is the CH-subscripted lab test that is to be searched for and\rretrieved."}},{"number":"1","flags":"RS","name":"INDICATOR","location":"0;2","type":"3","details":"1:Use Reference Ranges;2:Contains;3:Greater Than;4:Less Than;5:Equal To;","description":{"fmId":"-1","fmType":"5","type":"typed-literal","datatype":"http://www.w3.org/1999/02/22-rdf-syntax-ns#XMLLiteral","value":"For CH tests, this will determine how to match lab results."}},{"number":"2","flags":"F","name":"INDICATOR VALUE","location":"0;3","type":"4","inputTransform":"K:$L(X)>30!($L(X)<1) X","description":{"fmId":"-1","fmType":"5","type":"typed-literal","datatype":"http://www.w3.org/1999/02/22-rdf-syntax-ns#XMLLiteral","value":"For CH tests, if the search is conditional this defines the criteria."}}],"fmql":{"OP":"DESCRIBE TYPE","TYPE":"104_15","TYPELABEL":"LAB TEST"}}