{"name":"VITAL TYPE","number":"120.521","parent":"120.52","fields":[{"number":".01","flags":"RP120.51'","name":"VITAL TYPE","location":"0;1","index":"B","type":"7","details":"120.51","description":{"fmId":"-1","fmType":"5","type":"typed-literal","datatype":"http://www.w3.org/1999/02/22-rdf-syntax-ns#XMLLiteral","value":"This field screens the vital measurement site field in the GMRV VITAL \rMEASUREMENT (#120.5) file."}},{"number":".02","flags":"RP120.53","name":"CATEGORY","location":"0;2","index":"D","type":"7","details":"120.53","description":{"fmId":"-1","fmType":"5","type":"typed-literal","datatype":"http://www.w3.org/1999/02/22-rdf-syntax-ns#XMLLiteral","value":"This field will contain the category for this characteristic for this\rvital type."}}],"fmql":{"OP":"DESCRIBE TYPE","TYPE":"120_521","TYPELABEL":"VITAL TYPE"}}