{"name":"EXCLUDED RECIPES","number":"115.21","parent":"115.2","fields":[{"number":".01","flags":"MP114'","name":"EXCLUDED RECIPES","location":"0;1","index":"B","type":"7","details":"114","description":{"fmId":"-1","fmType":"5","type":"typed-literal","datatype":"http://www.w3.org/1999/02/22-rdf-syntax-ns#XMLLiteral","value":"This field is a pointer to the Recipe file (114) and is a recipe\rwhich should NOT be served to patients expressing this food\rpreference."}}],"fmql":{"OP":"DESCRIBE TYPE","TYPE":"115_21","TYPELABEL":"EXCLUDED RECIPES"}}