{"name":"SYNONYM","number":"120.823","parent":"120.82","fields":[{"number":".01","flags":"MFX","name":"SYNONYM","location":"0;1","index":"B","type":"4","inputTransform":"K:X[\"\"\"\"!($A(X)=45) X I $D(X) K:$L(X)>30!($L(X)<2) X S:$D(X) X=$$UP^XLFSTR(X)","description":{"fmId":"-1","fmType":"5","type":"typed-literal","datatype":"http://www.w3.org/1999/02/22-rdf-syntax-ns#XMLLiteral","value":"This is a synonym for a particular allergy."}}],"fmql":{"OP":"DESCRIBE TYPE","TYPE":"120_823","TYPELABEL":"SYNONYM"}}