{"name":"GMRV ORDERS","number":"120.55","location":"^GMR(120.55,","description":{"fmId":"-1","fmType":"5","type":"typed-literal","datatype":"http://www.w3.org/1999/02/22-rdf-syntax-ns#XMLLiteral","value":"This file contains information specific to the General Medical Record -\rVitals/Measurements orders."},"version":"4.0","vpackage":"GEN. MED. REC. - VITALS","fields":[{"number":".01","flags":"R*P100'X","name":"NAME","location":"0;1","index":"B","type":"7","details":"100","inputTransform":"S DIC(\"S\")=\"I $P(^(0),U,14)=$O(^DIC(9.4,\"\"B\"\",\"\"GENERAL MEDICAL RECORD\"\",0))\" D ^DIC K DIC S DIC=DIE,X=+Y K:Y<0 X I $D(X) S DINUM=X","description":{"fmId":"-1","fmType":"5","type":"typed-literal","datatype":"http://www.w3.org/1999/02/22-rdf-syntax-ns#XMLLiteral","value":"This field is a pointer to the OE/RR ORDERS file (#100).  This record \rcontains detailed information about the order it points to."}},{"number":"1","flags":"RF","name":"ADMINISTRATION SCHEDULE","location":"0;2","type":"4","inputTransform":"K:$L(X)>50!($L(X)<1) X","description":{"fmId":"-1","fmType":"5","type":"typed-literal","datatype":"http://www.w3.org/1999/02/22-rdf-syntax-ns#XMLLiteral","value":"This field represents the frequency of administration of this order."}},{"number":"2","flags":"FX","name":"ADMINISTRATION TIMES","location":"0;3","type":"4","inputTransform":"K:$S('$D(^PS(59.7,1,20)):1,1:^(20)<2.8) X I $D(X) D ENATV^PSJEEU","description":{"fmId":"-1","fmType":"5","type":"typed-literal","datatype":"http://www.w3.org/1999/02/22-rdf-syntax-ns#XMLLiteral","value":"This field reflects the times of the day that the requested vitals should be\rtaken.  Use military time (24 hour clock) when entering these times, \rseparating each time with a '-'.  Be sure that the times are in ascending\rorder, i.e., 06-14-22 or 0600-1400-2200.  All times must be the same length,\reither 2 or 4 digits."}},{"number":"3","flags":"FX","name":"FREQUENCY","location":"0;4","type":"4","inputTransform":"K:$S('$D(^PS(59.7,1,20)):1,1:^(20)<2.8)!($L(X)>5)!($L(X)<1) X","description":{"fmId":"-1","fmType":"5","type":"typed-literal","datatype":"http://www.w3.org/1999/02/22-rdf-syntax-ns#XMLLiteral","value":"This field reflects the number of minutes between each vital measurement\rreading."}},{"number":"10","flags":"F","name":"OTHER INFORMATION","location":"O;1","type":"4","inputTransform":"K:$L(X)>100!($L(X)<3) X","description":{"fmId":"-1","fmType":"5","type":"typed-literal","datatype":"http://www.w3.org/1999/02/22-rdf-syntax-ns#XMLLiteral","value":"This field contains any additional information regarding this order."}}],"fmql":{"OP":"DESCRIBE TYPE","TYPE":"120_55","TYPELABEL":"GMRV ORDERS"}}