{"name":"OTHER PROCEDURE CPT MODIFIER","number":"130.164","parent":"130.16","fields":[{"number":".01","flags":"M*P81.3'XO","name":"OTHER PROCEDURE CPT MODIFIER","location":"0;1","type":"7","details":"81.3","inputTransform":"S DIC(\"S\")=\"I $$OTH^SROMOD\" D ^DIC K DIC S DIC=DIE,X=+Y K:Y<0 X","description":{"fmId":"-1","fmType":"5","type":"typed-literal","datatype":"http://www.w3.org/1999/02/22-rdf-syntax-ns#XMLLiteral","value":"This is a procedural coding modifier used to indicate that the other\rprocedure performed has been altered by some specific circumstance but not\rchanged in its definition or code."}}],"fmql":{"OP":"DESCRIBE TYPE","TYPE":"130_164","TYPELABEL":"OTHER PROCEDURE CPT MODIFIER"}}