{"name":"ALERT","number":"115.12","parent":"115","fields":[{"number":".01","flags":"D","name":"DATE ALERT CREATED","location":"0;1","index":"B","type":"1","inputTransform":"S %DT=\"E\" D ^%DT S X=Y K:X<1 X","description":{"fmId":"-1","fmType":"5","type":"typed-literal","datatype":"http://www.w3.org/1999/02/22-rdf-syntax-ns#XMLLiteral","value":"This is the date when this alert was created."}},{"number":"1","flags":"S","name":"TYPE OF ALERT","location":"0;2","type":"3","details":"D:DRUG;","description":{"fmId":"-1","fmType":"5","type":"typed-literal","datatype":"http://www.w3.org/1999/02/22-rdf-syntax-ns#XMLLiteral","value":"This is a type of alert. For now, it is only available for Food/Drug \rClassification."}},{"number":"2","flags":"P119.6'","name":"PATIENT LOCATION","location":"0;3","type":"7","details":"119.6","description":{"fmId":"-1","fmType":"5","type":"typed-literal","datatype":"http://www.w3.org/1999/02/22-rdf-syntax-ns#XMLLiteral","value":"This is the location where a patient belong when the alert was created."}},{"number":"3","flags":"F","name":"DRUG NAME","location":"0;4","type":"4","inputTransform":"K:$L(X)>40!($L(X)<1) X","description":{"fmId":"-1","fmType":"5","type":"typed-literal","datatype":"http://www.w3.org/1999/02/22-rdf-syntax-ns#XMLLiteral","value":"This is a drug name in file #50."}}],"fmql":{"OP":"DESCRIBE TYPE","TYPE":"115_12","TYPELABEL":"ALERT"}}