{"name":"SPECIAL MEALS","number":"115.017","parent":"115","fields":[{"number":".01","flags":"MDX","name":"SPECIAL MEAL DATE/TIME","location":"0;1","index":"B","type":"1","inputTransform":"S %DT=\"ETX\" D ^%DT S X=Y K:Y<1 X I D(X) S DINUM=X","description":{"fmId":"-1","fmType":"5","type":"typed-literal","datatype":"http://www.w3.org/1999/02/22-rdf-syntax-ns#XMLLiteral","value":"This field will contain the date/time of the special meal."}},{"number":"1","flags":"S","name":"STATUS","location":"0;2","type":"3","details":"P:PENDING;C:CANCELLED;A:AUTHORIZED;D:DENIED;","description":{"fmId":"-1","fmType":"5","type":"typed-literal","datatype":"http://www.w3.org/1999/02/22-rdf-syntax-ns#XMLLiteral","value":"This field will store the status of the special meal request.\rThe allowable statuses are PENDING, CANCELLED, AUTHORIZED or DENIED."}},{"number":"2","flags":"P119.6'","name":"LOCATION","location":"0;3","type":"7","details":"119.6","description":{"fmId":"-1","fmType":"5","type":"typed-literal","datatype":"http://www.w3.org/1999/02/22-rdf-syntax-ns#XMLLiteral","value":"This field will store the location for a patient who has requested\ra special \"one-time\" meal."}},{"number":"2.5","flags":"P405.4'","name":"ROOM-BED","location":"0;13","type":"7","details":"405.4","description":{"fmId":"-1","fmType":"5","type":"typed-literal","datatype":"http://www.w3.org/1999/02/22-rdf-syntax-ns#XMLLiteral","value":"This field will store the ROOM and BED # for the outpatient special meal\rbeing ordered."}},{"number":"3","flags":"P111'","name":"DIET","location":"0;4","type":"7","details":"111","description":{"fmId":"-1","fmType":"5","type":"typed-literal","datatype":"http://www.w3.org/1999/02/22-rdf-syntax-ns#XMLLiteral","value":"This field will store the diet entered for a patient who has requested\ra special \"one-time\" meal."}},{"number":"3.5","flags":"S","name":"MEAL","location":"0;9","type":"3","details":"B:Breakfast;N:Noon;E:Evening;","description":{"fmId":"-1","fmType":"5","type":"typed-literal","datatype":"http://www.w3.org/1999/02/22-rdf-syntax-ns#XMLLiteral","value":"This field will store the meal (breakfast/noon/evening) for the special meal."}},{"number":"4","flags":"P200'","name":"REQUESTOR","location":"0;5","type":"7","details":"200","description":{"fmId":"-1","fmType":"5","type":"typed-literal","datatype":"http://www.w3.org/1999/02/22-rdf-syntax-ns#XMLLiteral","value":"This field will store the name of the person who has requested the\rspecial meal.  This field is a pointer to the NEW PERSON (#200) file."}},{"number":"5","flags":"P200'","name":"AUTHORIZOR","location":"0;6","type":"7","details":"200","description":{"fmId":"-1","fmType":"5","type":"typed-literal","datatype":"http://www.w3.org/1999/02/22-rdf-syntax-ns#XMLLiteral","value":"This field will store the name of the person who has authorized the\rspecial meal.  This field is a pointer to the NEW PERSON (#200) file."}},{"number":"6","flags":"D","name":"AUTHORIZE/DENY DATE/TIME","location":"0;7","type":"1","inputTransform":"S %DT=\"ETX\" D ^%DT S X=Y K:Y<1 X","description":{"fmId":"-1","fmType":"5","type":"typed-literal","datatype":"http://www.w3.org/1999/02/22-rdf-syntax-ns#XMLLiteral","value":"This field stores the date/time that the special meal was authorized or denied."}},{"number":"7","flags":"F","name":"COMMENT","location":"0;8","type":"4","inputTransform":"K:$L(X)>80!($L(X)<1) X","description":{"fmId":"-1","fmType":"5","type":"typed-literal","datatype":"http://www.w3.org/1999/02/22-rdf-syntax-ns#XMLLiteral","value":"If the special meal request is denied the authorizor may enter the reason\rwhy it was denied in this comment field."}},{"number":"8","flags":"F","name":"EARLY/LATE TRAY TIME","location":"1;1","type":"4","inputTransform":"K:$L(X)>10!($L(X)<1) X","description":{"fmId":"-1","fmType":"5","type":"typed-literal","datatype":"http://www.w3.org/1999/02/22-rdf-syntax-ns#XMLLiteral","value":"This field will store the time for the early/late tray."}},{"number":"9","flags":"S","name":"EARLY/LATE TRAY BAGGED MEAL","location":"1;2","type":"3","details":"Y:YES;N:NO;","description":{"fmId":"-1","fmType":"5","type":"typed-literal","datatype":"http://www.w3.org/1999/02/22-rdf-syntax-ns#XMLLiteral","value":"This field will store whether or not the early/late tray is a bagged meal."}},{"number":"10","flags":"P200'","name":"EARLY/LATE TRAY CLERK","location":"1;3","type":"7","details":"200","description":{"fmId":"-1","fmType":"5","type":"typed-literal","datatype":"http://www.w3.org/1999/02/22-rdf-syntax-ns#XMLLiteral","value":"This field will store the person who entered the early/late tray."}},{"number":"11","flags":"P100'","name":"EARLY/LATE TRAY OE/RR ORDER","location":"1;4","type":"7","details":"100","description":{"fmId":"-1","fmType":"5","type":"typed-literal","datatype":"http://www.w3.org/1999/02/22-rdf-syntax-ns#XMLLiteral","value":"This field is a pointer to the corresponding entry in the ORDERS (#100) \rfile."}},{"number":"11.5","flags":"S","name":"EARLY/LATE TRAY STATUS","location":"1;5","type":"3","details":"A:ACTIVE;C:CANCELLED;","description":{"fmId":"-1","fmType":"5","type":"typed-literal","datatype":"http://www.w3.org/1999/02/22-rdf-syntax-ns#XMLLiteral","value":"This field will be \"A\" for Active or \"C\" for cancelled."}},{"number":"12","flags":"D","name":"DATE/TIME TICKET LAST PRINTED","location":"0;10","type":"1","inputTransform":"S %DT=\"ESTXR\" D ^%DT S X=Y K:Y<1 X","description":{"fmId":"-1","fmType":"5","type":"typed-literal","datatype":"http://www.w3.org/1999/02/22-rdf-syntax-ns#XMLLiteral","value":"Stores the last date and time a tray ticket was printed for this\routpatient meal."}},{"number":"13","flags":"D","name":"DATE/TIME CARD LAST PRINTED","location":"0;11","type":"1","inputTransform":"S %DT=\"ESTXR\" D ^%DT S X=Y K:Y<1 X","description":{"fmId":"-1","fmType":"5","type":"typed-literal","datatype":"http://www.w3.org/1999/02/22-rdf-syntax-ns#XMLLiteral","value":"Stores the last date and time a diet card was printed for this\routpatient meal."}},{"number":"14","flags":"P100'","name":"SPECIAL OE/RR ORDER","location":"0;12","type":"7","details":"100","description":{"fmId":"-1","fmType":"5","type":"typed-literal","datatype":"http://www.w3.org/1999/02/22-rdf-syntax-ns#XMLLiteral","value":"Pointer to File #100 for Special Meals entered via OE/RR."}}],"fmql":{"OP":"DESCRIBE TYPE","TYPE":"115_017","TYPELABEL":"SPECIAL MEALS"}}