{"name":"OR SCHEDULE DEVICES","number":"133.012","parent":"133","fields":[{"number":".01","flags":"MFX","name":"OR SCHEDULE DEVICES","location":"0;1","type":"4","inputTransform":"D DEV^SROVAR","description":{"fmId":"-1","fmType":"5","type":"typed-literal","datatype":"http://www.w3.org/1999/02/22-rdf-syntax-ns#XMLLiteral","value":"This is the name of the printer used to automatically print the\rSchedule of Operations.\r "}}],"fmql":{"OP":"DESCRIBE TYPE","TYPE":"133_012","TYPELABEL":"OR SCHEDULE DEVICES"}}