{"name":"GMRY NUR IV SOLUTION","number":"126.9","location":"^GMRD(126.9,","count":"9","lastIEN":"9","description":{"fmId":"-1","fmType":"5","type":"typed-literal","datatype":"http://www.w3.org/1999/02/22-rdf-syntax-ns#XMLLiteral","value":"This file contains names of IV solutions used for the Intake and Output\rapplication.  An entry is used when no Pharmacy order is available. The\rADP coordinator is allowed to enter/edit the file entries."},"version":"4.0","vpackage":"GEN. MED. REC. - I/O","fields":[{"number":".01","flags":"RF","name":"NAME","location":"0;1","index":"B","type":"4","inputTransform":"K:$L(X)>75!($L(X)<1)!'(X'?1P.E) X","description":{"fmId":"-1","fmType":"5","type":"typed-literal","datatype":"http://www.w3.org/1999/02/22-rdf-syntax-ns#XMLLiteral","value":"This field stores the names of IV solutions.  For example:\r   D5W(50) for D5W 50 cc, D5W(250) for D5W 250 cc, and D5W(1000) for \r   D5W 1000cc."}},{"number":"1","flags":"RS","name":"TYPE ","location":"0;2","index":"C","type":"3","details":"H:HYPERAL;P:PIGGYBACK;A:ADMIXTURE;B:BLOOD/BLOOD PRODUCTS;I:INTRALIPIDS;","description":{"fmId":"-1","fmType":"5","type":"typed-literal","datatype":"http://www.w3.org/1999/02/22-rdf-syntax-ns#XMLLiteral","value":"This field stores the IV solution type."}},{"number":"2","flags":"NJ4,0X","name":"VOLUME","location":"0;3","type":"2","inputTransform":"K:+X'=X!(X>9999)!(X<0)!(X?.E1\".\"1N.N) X","description":{"fmId":"-1","fmType":"5","type":"typed-literal","datatype":"http://www.w3.org/1999/02/22-rdf-syntax-ns#XMLLiteral","value":"This field contains the volume of the IV solution pack."}}],"fmql":{"OP":"DESCRIBE TYPE","TYPE":"126_9","TYPELABEL":"GMRY NUR IV SOLUTION"}}