{"name":"GMR ALLERGIES","number":"115.225","parent":"115.2","fields":[{"number":".01","flags":"M*P120.82'","name":"GMR ALLERGIES","location":"0;1","index":"B","type":"7","details":"120.82","inputTransform":"S DIC(\"S\")=\"I $P(^(0),U,2)[\"\"F\"\"\" D ^DIC K DIC S DIC=DIE,X=+Y K:Y<0 X","description":{"fmId":"-1","fmType":"5","type":"typed-literal","datatype":"http://www.w3.org/1999/02/22-rdf-syntax-ns#XMLLiteral","value":"This field stores the pointer to the applicable GMRA ALLERGIES entry\rfor Food Preferences that are based on actual ALLERGIES."}}],"fmql":{"OP":"DESCRIBE TYPE","TYPE":"115_225","TYPELABEL":"GMR ALLERGIES"}}