{"name":"CPT COPYRIGHT NOTICE DATE","number":"133.036","parent":"133","fields":[{"number":".01","flags":"DX","name":"CPT COPYRIGHT NOTICE DATE","location":"0;1","type":"1","inputTransform":"S %DT=\"EX\" D ^%DT S X=Y K:Y<1 X S DINUM=X","description":{"fmId":"-1","fmType":"5","type":"typed-literal","datatype":"http://www.w3.org/1999/02/22-rdf-syntax-ns#XMLLiteral","value":"The date in this multiple field represents the most recent date(s) on\rwhich the CPT copyright notice was displayed to users upon entering the\rSurgery package."}},{"number":"1","flags":"133.361PA","name":"USER","location":"1;0","type":"9","details":"133.361"}],"fmql":{"OP":"DESCRIBE TYPE","TYPE":"133_036","TYPELABEL":"CPT COPYRIGHT NOTICE DATE"}}