{"name":"RELATED SERVICES","number":"123.32","parent":"123.3","fields":[{"number":".01","flags":"MP123.5'X","name":"RELATED SERVICES","location":"0;1","index":"B","type":"7","details":"123.5","inputTransform":"I $P($G(^GMR(123.5,+X,0)),\"^\",2)=9!($P($G(^GMR(123.5,+X,0)),\"^\",2)=1)!(+$G(^GMR(123.5,+X,\"IFC\")))!(+$O(^GMR(123.5,+X,\"IFCS\",0))) D EN^DDIOL(\"This service is not orderable. Try again.\") K X","description":{"fmId":"-1","fmType":"5","type":"typed-literal","datatype":"http://www.w3.org/1999/02/22-rdf-syntax-ns#XMLLiteral","value":"This field will indicate which Consult services from the REQUEST\rSERVICES (#123.5) file are responsible for the processing of requests for\rthis procedure."}}],"fmql":{"OP":"DESCRIBE TYPE","TYPE":"123_32","TYPELABEL":"RELATED SERVICES"}}