{"name":"TIME ON","number":"130.29","parent":"130.28","fields":[{"number":".01","flags":"DX","name":"TIME ON","location":"0;1","type":"1","inputTransform":"S Z=$E($P(^SRF($S($D(SRTN):SRTN,1:DA(2)),0),\"^\",9),1,7),X=$S(X?1.4N.A!(X?1.2N1\":\"2N.A):Z_\"@\"_X,1:X) K %DT,Z S %DT=\"ERTX\" D ^%DT S X=Y K:Y<1 X","description":{"fmId":"-1","fmType":"5","type":"typed-literal","datatype":"http://www.w3.org/1999/02/22-rdf-syntax-ns#XMLLiteral","value":"Enter the date/time that this person's circulating role responsibilities\rbegan.  Note: Both the date and time must be entered for this field."}},{"number":"1","flags":"DXO","name":"TIME OFF","location":"0;2","type":"1","inputTransform":"S SRSUB=19,SRP=1 D OFF2^SROVAR S %DT=\"ERTX\" D ^%DT S X=Y K:Y<1 X","description":{"fmId":"-1","fmType":"5","type":"typed-literal","datatype":"http://www.w3.org/1999/02/22-rdf-syntax-ns#XMLLiteral","value":"This is the date and time that the circulating role responsibilities ended.\rTimes entered without a date will be converted to the date of the operation\rat that time."}},{"number":"2","flags":"S","name":"REASON FOR RELIEF","location":"0;3","type":"3","details":"P:PERSONAL;S:SHIFT CHANGE;A:ADMINISTRATIVE;","description":{"fmId":"-1","fmType":"5","type":"typed-literal","datatype":"http://www.w3.org/1999/02/22-rdf-syntax-ns#XMLLiteral","value":"This is the reason why the circulating support person was relieved,\ror left the operating room during this case.  Although optional, this\rinformation may be important in documenting the case.\r "}},{"number":"3","flags":"130.3","name":"COMMENT","location":"1;0","type":"5","description":{"fmId":"-1","fmType":"5","type":"typed-literal","datatype":"http://www.w3.org/1999/02/22-rdf-syntax-ns#XMLLiteral","value":"This includes any comments or information pertaining to this person\ror his or her role as circulating support for the case.\r "}}],"fmql":{"OP":"DESCRIBE TYPE","TYPE":"130_29","TYPELABEL":"TIME ON"}}