{"name":"ATTENDING CODES","number":"132.9","location":"^SRO(132.9,","count":"14","lastIEN":"14","description":{"fmId":"-1","fmType":"5","type":"typed-literal","datatype":"http://www.w3.org/1999/02/22-rdf-syntax-ns#XMLLiteral","value":"This file is pointed to by the ATTENDING CODE field in the SURGERY\rfile (#130). It contains the codes representing the highest level of\rresident supervision provided by the attending staff surgeon. \r \rSites should NOT make additional entries to this file and should NOT\rmodify existing entries in this file."},"version":"3.0","vpackage":"SR","fields":[{"number":".01","flags":"RF","name":"ATTENDING CODE NAME","location":"0;1","type":"4","inputTransform":"K:$L(X)>70!($L(X)<1) X","description":{"fmId":"-1","fmType":"5","type":"typed-literal","datatype":"http://www.w3.org/1999/02/22-rdf-syntax-ns#XMLLiteral","value":"This is the attending code name briefly describing the highest level \rof resident supervision provided by the attending staff surgeon."}},{"number":"1","flags":"F","name":"CODE","location":"0;2","index":"C","type":"4","inputTransform":"K:$L(X)>5!($L(X)<1) X","description":{"fmId":"-1","fmType":"5","type":"typed-literal","datatype":"http://www.w3.org/1999/02/22-rdf-syntax-ns#XMLLiteral","value":"This is the code representing the highest level of resident supervision\rprovided by the attending staff surgeon."}},{"number":"2","flags":"132.92","name":"DESCRIPTION","location":"1;0","type":"5"},{"number":"3","flags":"S","name":"INACTIVE","location":"0;3","type":"3","details":"1:YES;","description":{"fmId":"-1","fmType":"5","type":"typed-literal","datatype":"http://www.w3.org/1999/02/22-rdf-syntax-ns#XMLLiteral","value":"This field flags this attending code as inactive."}}],"fmql":{"OP":"DESCRIBE TYPE","TYPE":"132_9","TYPELABEL":"ATTENDING CODES"}}