{"name":"DIET RESTRICTION","number":"111.119","parent":"111.1","fields":[{"number":".01","flags":"M*P115.2'","name":"DIET RESTRICTION","location":"0;1","index":"B","type":"7","details":"115.2","inputTransform":"S DIC(\"S\")=\"I $P(^(0),U,2)=\"\"D\"\"\" D ^DIC K DIC S DIC=DIE,X=+Y K:Y<0 X","description":{"fmId":"-1","fmType":"5","type":"typed-literal","datatype":"http://www.w3.org/1999/02/22-rdf-syntax-ns#XMLLiteral","value":"This is the dislike food preference from the file (115.2)."}},{"number":"1","flags":"RFX","name":"MEALS","location":"0;2","type":"4","inputTransform":"S:$P(\"ALL\",X,1)=\"\" X=\"BNE\" S %=X,X=\"\" S:%[\"B\" X=\"B\" S:%[\"N\" X=X_\"N\" S:%[\"E\" X=X_\"E\" K:$L(%)'=$L(X) X K %","description":{"fmId":"-1","fmType":"5","type":"typed-literal","datatype":"http://www.w3.org/1999/02/22-rdf-syntax-ns#XMLLiteral","value":"This field contains the meals (B N and E) for which this diet\rrestriction is applicable."}}],"fmql":{"OP":"DESCRIBE TYPE","TYPE":"111_119","TYPELABEL":"DIET RESTRICTION"}}