{"name":"POSTOP OCCURRENCE","number":"130.22","parent":"130","fields":[{"number":".01","flags":"MFX","name":"POSTOP OCCURRENCE","location":"0;1","type":"4","inputTransform":"K:$L(X)>40!($L(X)<3)!($E(X,1,5)[\"NONE\")!($E(X,1,5)[\"None\")!($E(X,1,5)[\"none\") X","description":{"fmId":"-1","fmType":"5","type":"typed-literal","datatype":"http://www.w3.org/1999/02/22-rdf-syntax-ns#XMLLiteral","value":"This is the name of a occurrence encountered postoperatively.\rIf there are no occurrences, this field should be left blank.\r'NONE' will not be accepted.\r "}},{"number":".05","flags":"S","name":"OUTCOME TO DATE","location":"0;6","type":"3","details":"U:UNRESOLVED;I:IMPROVED;D:DEATH;W:WORSE;","description":{"fmId":"-1","fmType":"5","type":"typed-literal","datatype":"http://www.w3.org/1999/02/22-rdf-syntax-ns#XMLLiteral","value":"This is the code corresponding to the outcome of this postoperative\roccurrence.\r "}},{"number":"2","flags":"DX","name":"DATE COMP NOTED","location":"0;7","type":"1","inputTransform":"S %DT=\"EXPT\" D ^%DT S X=Y K:Y<1 X","description":{"fmId":"-1","fmType":"5","type":"typed-literal","datatype":"http://www.w3.org/1999/02/22-rdf-syntax-ns#XMLLiteral","value":"This is the date that this postoperative occurrence was noted in the\rpatient's record.\r "}},{"number":"3","flags":"F","name":"TREATMENT INSTITUTED","location":"2;1","type":"4","inputTransform":"K:$L(X)>40!($L(X)<1) X","description":{"fmId":"-1","fmType":"5","type":"typed-literal","datatype":"http://www.w3.org/1999/02/22-rdf-syntax-ns#XMLLiteral","value":"This is descriptive information about the treatment instituted as a\rresult of this occurrence.\r "}},{"number":"4","flags":"130.224","name":"OCCURRENCE COMMENTS","location":"1;0","type":"5","description":{"fmId":"-1","fmType":"5","type":"typed-literal","datatype":"http://www.w3.org/1999/02/22-rdf-syntax-ns#XMLLiteral","value":"These are comments about this postoperative occurrence.\r "}},{"number":"5","flags":"R*P136.5'X","name":"OCCURRENCE CATEGORY","location":"0;2","type":"7","details":"136.5","inputTransform":"S DIC(\"S\")=$$CO^SROCMPS D ^DIC K DIC S DIC=DIE,X=+Y K:Y<0 X","description":{"fmId":"-1","fmType":"5","type":"typed-literal","datatype":"http://www.w3.org/1999/02/22-rdf-syntax-ns#XMLLiteral","value":"This is the name of the category in which this occurrence may\rbe grouped.  It should be entered for all occurrences and will\rbe used by Surgery Central Office for reporting needs.\r "}},{"number":"6","flags":"*P80'X","name":"ICD DIAGNOSIS CODE","location":"0;3","type":"7","details":"80","inputTransform":"S DIC(\"S\")=\"I $$ACTIV^SROICD($S($D(SRTN):SRTN,$D(DA(1)):DA(1),1:\"\"\"\"),+Y)\" D ^DIC K DIC S DIC=DIE,X=+Y K:Y<0 X","description":{"fmId":"-1","fmType":"5","type":"typed-literal","datatype":"http://www.w3.org/1999/02/22-rdf-syntax-ns#XMLLiteral","value":"If the occurrence entered does not fit in any of the predefined\rcategories, an ICD Diagnosis Code must be entered.\r "}},{"number":"7","flags":"*S","name":"SEPSIS CATEGORY","location":"0;4","type":"3","details":"1:SIRS;2:SEPSIS;3:SEPTIC SHOCK;","description":{"fmId":"-1","fmType":"5","type":"typed-literal","datatype":"http://www.w3.org/1999/02/22-rdf-syntax-ns#XMLLiteral","value":"Definition Revised (2007):\rThe body's response to insult can be documented as one of two levels \rwith the successive level building on the previous level. You should \ronly document the highest level identified using the criteria below. \r \r1. Sepsis: Sepsis is the systemic response to infection. Report this \rvariable if the patient has clinical signs and symptoms of SIRS. SIRS \ris a widespread inflammatory response to a variety of severe clinical\rinsults. This syndrome is clinically recognized by the presence of two \ror more of the following:\r   - Temp >38 degrees C or <36 degrees C\r   - HR >90 bpm\r   - RR >20 breaths/min or PaCO2 <32 mmHg(<4.3 kPa)\r   - WBC >12,000 cell/mm3, <4000 cells/mm3, or >10% immature (band) \r     forms\r   - Anion gap acidosis: this is defined by either:\r      [Na + K] - [Cl + HCO3 (or serum CO2)]. If this number is \r      greater than 16, then an anion gap acidosis is present.\r     or\r      Na - [Cl + HCO3 (or serum CO2)]. If this number is greater\r      than 12, then an anion gap acidosis is present.\r \r and one of the following:\r   - positive blood culture\r   - clinical documentation of purulence at any site thought to be \r     causative\r \r2. Severe Sepsis/Septic Shock: Sepsis is considered severe when it is \rassociated with organ and/or circulatory dysfunction. Report this \rvariable if the patient has the clinical signs and symptoms of SIRS or \rsepsis AND documented organ and/or circulatory dysfunction. Examples of\rorgan dysfunction include: oliguria, acute alteration in mental status,\racute respiratory distress. Examples of circulatory dysfunction \rinclude: hypotension, requirement of inotropic or vasopressor agents."}},{"number":"8","flags":"S","name":"CPB STATUS","location":"0;5","type":"3","details":"0:None;1:On-bypass;2:Off-bypass;","description":{"fmId":"-1","fmType":"5","type":"typed-literal","datatype":"http://www.w3.org/1999/02/22-rdf-syntax-ns#XMLLiteral","value":"Definition Revised (2006):\rIndicate the CPB status if the patient underwent a repeat operation on\rthe heart after the patient had left the operating room from the initial\roperation and within current hospitalization or within 30 days of the\rinitial operation. (Do NOT submit a separate second form for this second\rcardiac procedure if it occurs within 30 days post-operatively.) \rIndicate the one appropriate response:\r \rNone - no repeat cardiac surgical procedure post-operatively during \r      index hospitalization or within 30 days of initial operation.\rOn-bypass - patient underwent a repeat cardiac surgical procedure \r      utilizing CPB.\rOff-bypass - patient underwent a repeat cardiac surgical procedure \r      not utilizing CPB."}},{"number":"9","flags":"S","name":"STROKE/CVA DURATION","location":"0;8","type":"3","details":"1:NO SYMPTOMS;2:<24 HOURS;3:24-72 HOURS;4:>72 HOURS;","description":{"fmId":"-1","fmType":"5","type":"typed-literal","datatype":"http://www.w3.org/1999/02/22-rdf-syntax-ns#XMLLiteral","value":"VASQIP Definitions (2011):\rIndicate if the patient developed a new neurologic deficit with onset\rimmediately post-operatively or occurring within the 30 days after \rsurgery.  Neurologic deficits are defined as an embolic, thrombotic, \ror hemorrhagic vascular accident or stroke with motor, sensory, or\rcognitive dysfunction (e.g., hemiplegia,hemiparesis, aphasia, sensory\rdeficit, impaired memory).  Indicate the duration as follows:\r 1) no symptoms\r 2) symptomatic duration less than 24 hours\r 3) symptomatic duration of 24-72 hours\r 4) symptomatic duration >72 hours"}}],"fmql":{"OP":"DESCRIBE TYPE","TYPE":"130_22","TYPELABEL":"POSTOP OCCURRENCE"}}