{"name":"GMRY IV SITE DESCRIPTION","number":"126.72","location":"^GMRD(126.72,","count":"7","lastIEN":"7","description":{"fmId":"-1","fmType":"5","type":"typed-literal","datatype":"http://www.w3.org/1999/02/22-rdf-syntax-ns#XMLLiteral","value":"This file contains descriptions of IV infusion site conditions.  The ADP\rcoordinator is allowed to enter/edit the file entries."},"version":"4.0","vpackage":"GEN. MED. REC. - I/O","fields":[{"number":".01","flags":"RF","name":"DESCRIPTION","location":"0;1","index":"B","type":"4","inputTransform":"K:$L(X)>50!($L(X)<1)!'(X'?1P.E) X","description":{"fmId":"-1","fmType":"5","type":"typed-literal","datatype":"http://www.w3.org/1999/02/22-rdf-syntax-ns#XMLLiteral","value":"This field contains the descriptions of the IV infusion site.  The user is\rallowed to select a number or a combination of numbers from this file to \rdescribe the site condition.  The software then transforms the number(s)\rinto text."}}],"fmql":{"OP":"DESCRIBE TYPE","TYPE":"126_72","TYPELABEL":"GMRY IV SITE DESCRIPTION"}}