{"name":"ITEM","number":"101.241","parent":"101.24","fields":[{"number":".01","flags":"MP101.24","name":"ITEM","location":"0;1","index":"B","type":"7","details":"101.24","description":{"fmId":"-1","fmType":"5","type":"typed-literal","datatype":"http://www.w3.org/1999/02/22-rdf-syntax-ns#XMLLiteral","value":"This is used in building a treeview of reports for CPRS GUI."}},{"number":".02","flags":"F","name":"HEADER TEXT","location":"0;2","type":"4","inputTransform":"K:$L(X)>30!($L(X)<1) X","description":{"fmId":"-1","fmType":"5","type":"typed-literal","datatype":"http://www.w3.org/1999/02/22-rdf-syntax-ns#XMLLiteral","value":"This is the header to be used."}},{"number":".03","flags":"NJ7,1","name":"SEQUENCE","location":"0;3","type":"2","inputTransform":"K:+X'=X!(X>99999)!(X<.1)!(X?.E1\".\"2N.N) X","description":{"fmId":"-1","fmType":"5","type":"typed-literal","datatype":"http://www.w3.org/1999/02/22-rdf-syntax-ns#XMLLiteral","value":"This is the sequence number for this report."}}],"fmql":{"OP":"DESCRIBE TYPE","TYPE":"101_241","TYPELABEL":"ITEM"}}