{"name":"OE/RR REPORT","number":"101.24","location":"^ORD(101.24,","count":"166","lastIEN":"1604","description":{"fmId":"-1","fmType":"5","type":"typed-literal","datatype":"http://www.w3.org/1999/02/22-rdf-syntax-ns#XMLLiteral","value":"This file contains definitions and parameters used in various reports\rwithin CPRS.\r \rEntry numbers >1000 are reserved for national use.  Any local entries\rshould be added to a number <1000.  If this convention is not followed,\ryou run the risk of having your local entries overwritten by a patch\ror future release of CPRS."},"version":"3.0","vpackage":"OR","fields":[{"number":".001","flags":"NJ5,0","name":"NUMBER","type":"6","computation":"K:+X'=X!(X>10000)!(X<1)!(X?.E1\".\"1N.N) X","description":{"fmId":"-1","fmType":"5","type":"typed-literal","datatype":"http://www.w3.org/1999/02/22-rdf-syntax-ns#XMLLiteral","value":"This is the Number field for the file."}},{"number":".01","flags":"RF","name":"NAME","location":"0;1","index":"B","type":"4","inputTransform":"K:$L(X)>30!($L(X)<3)!'(X'?1P.E) X","description":{"fmId":"-1","fmType":"5","type":"typed-literal","datatype":"http://www.w3.org/1999/02/22-rdf-syntax-ns#XMLLiteral","value":"This is the Name of the report."}},{"number":".02","flags":"RF","name":"ID","location":"0;2","index":"AC","type":"4","inputTransform":"K:$L(X)>10!($L(X)<1) X","description":{"fmId":"-1","fmType":"5","type":"typed-literal","datatype":"http://www.w3.org/1999/02/22-rdf-syntax-ns#XMLLiteral","value":"This is the code that identifies the report.  Each tab in CPRS that\ruses reports looks for this ID in order to process the report.\rEach tab also uses a unique set of ID's.  An ID of 5 on the Reports\rTab may not identify the same report on a different tab."}},{"number":".03","flags":"S","name":"REMOTE","location":"0;3","type":"3","details":"1:YES;2:REMOTE ONLY;","description":{"fmId":"-1","fmType":"5","type":"typed-literal","datatype":"http://www.w3.org/1999/02/22-rdf-syntax-ns#XMLLiteral","value":"This field is used to identify which reports allow remote access through\rRemote Data Views."}},{"number":".04","flags":"S","name":"QUALIFIER","location":"0;4","type":"3","details":"1:HSType;2:DateTime;3:Imaging;4:NutrAssess;19:MedicineProcedure;39:ListView;5:HSComponent;6:HSWPComponent;28:Surgery;","description":{"fmId":"-1","fmType":"5","type":"typed-literal","datatype":"http://www.w3.org/1999/02/22-rdf-syntax-ns#XMLLiteral","value":"This field identifies which qualifier to use when processing the report.\rExamples of qualifiers are HSType, DateTime, Imaging and NutrAssess."}},{"number":".05","flags":"FI","name":"ROUTINE","location":"0;5","type":"4","inputTransform":"K:$L(X)>8!($L(X)<1) X","description":{"fmId":"-1","fmType":"5","type":"typed-literal","datatype":"http://www.w3.org/1999/02/22-rdf-syntax-ns#XMLLiteral","value":"This is the routine that is invoked to produce the report."}},{"number":".06","flags":"FI","name":"ENTRY POINT","location":"0;6","type":"4","inputTransform":"K:$L(X)>8!($L(X)<1) X","description":{"fmId":"-1","fmType":"5","type":"typed-literal","datatype":"http://www.w3.org/1999/02/22-rdf-syntax-ns#XMLLiteral","value":"This is the entry point for the ROUTINE that is invoked to produce the\rreport."}},{"number":".07","flags":"S","name":"CATEGORY","location":"0;7","type":"3","details":"0:FIXED;1:FIXED W/DATE;2:FIXED W/HEADER;3:FIXED W/DATE&HEADER;4:SPECIALIZED;5:GRAPHIC;6:LISTVIEW;","description":{"fmId":"-1","fmType":"5","type":"typed-literal","datatype":"http://www.w3.org/1999/02/22-rdf-syntax-ns#XMLLiteral","value":"This field puts reports into a category that is evaluated by the GUI\rwhen the report is processed."}},{"number":".08","flags":"S","name":"TAB","location":"0;8","type":"3","details":"R:REPORTS TAB;L:LABS TAB;C:COVER SHEET;CD:COVER SHEET DETAILS;","description":{"fmId":"-1","fmType":"5","type":"typed-literal","datatype":"http://www.w3.org/1999/02/22-rdf-syntax-ns#XMLLiteral","value":"This fields identifies the appropriate tab for a report in CPRS."}},{"number":".09","flags":"S","name":"MIXEDCASE","location":"0;9","type":"3","details":"1:YES;","description":{"fmId":"-1","fmType":"5","type":"typed-literal","datatype":"http://www.w3.org/1999/02/22-rdf-syntax-ns#XMLLiteral","value":"This is used in the cover sheet and is used to display the returned\rlist in mixed case."}},{"number":".1","flags":"S","name":"INVERT","location":"0;10","type":"3","details":"1:YES;","description":{"fmId":"-1","fmType":"5","type":"typed-literal","datatype":"http://www.w3.org/1999/02/22-rdf-syntax-ns#XMLLiteral","value":"This field is used to invert a list of data returned in the Cover sheet"}},{"number":".11","flags":"S","name":"TEXT COLOR","location":"0;11","type":"3","details":"Black:BLACK;Maroon:MAROON;Green:GREEN;Olive:OLIVE;Purple:PURPLE;Teal:TEAL;Red:RED;Lime:LIME;Yellow:YELLOW;Blue:BLUE;Fuchsia:FUCHSIA;Aqua:AQUA;","description":{"fmId":"-1","fmType":"5","type":"typed-literal","datatype":"http://www.w3.org/1999/02/22-rdf-syntax-ns#XMLLiteral","value":"This field determines the text color for the returned data."}},{"number":".12","flags":"S","name":"TYPE","location":"0;12","type":"3","details":"R:REPORT;H:HTML;L:LISTMAN ONLY;S:SELECTION LIST;V:LISTVIEW;M:MENU;G:GRAPH;","description":{"fmId":"-1","fmType":"5","type":"typed-literal","datatype":"http://www.w3.org/1999/02/22-rdf-syntax-ns#XMLLiteral","value":"This field identifies the type for an entry."}},{"number":".13","flags":"P8994'","name":"RPC","location":"0;13","type":"7","details":"8994","description":{"fmId":"-1","fmType":"5","type":"typed-literal","datatype":"http://www.w3.org/1999/02/22-rdf-syntax-ns#XMLLiteral","value":"This is the RPC that is called inside the GUI to produce the report."}},{"number":".14","flags":"S","name":"DATE FORMAT","location":"0;14","type":"3","details":"D:DATE ONLY;T:DATE WITH TIME;","description":{"fmId":"-1","fmType":"5","type":"typed-literal","datatype":"http://www.w3.org/1999/02/22-rdf-syntax-ns#XMLLiteral","value":"This field determines what kind of format to display date/time fields."}},{"number":".15","flags":"NJ2,0","name":"DATE PIECE","location":"0;15","type":"2","inputTransform":"K:+X'=X!(X>15)!(X<1)!(X?.E1\".\"1N.N) X","description":{"fmId":"-1","fmType":"5","type":"typed-literal","datatype":"http://www.w3.org/1999/02/22-rdf-syntax-ns#XMLLiteral","value":"This is used on the Cover Sheet to determine which piece the date field\roccupies."}},{"number":".16","flags":"F","name":"TAB POSITIONS","location":"0;16","type":"4","inputTransform":"K:$L(X)>15!($L(X)<1) X","description":{"fmId":"-1","fmType":"5","type":"typed-literal","datatype":"http://www.w3.org/1999/02/22-rdf-syntax-ns#XMLLiteral","value":"This is the value that will be used for the Tab property for the listbox\rassociated with this report on the Cover Sheet."}},{"number":".17","flags":"F","name":"PIECES","location":"0;17","type":"4","inputTransform":"K:$L(X)>20!($L(X)<1) X","description":{"fmId":"-1","fmType":"5","type":"typed-literal","datatype":"http://www.w3.org/1999/02/22-rdf-syntax-ns#XMLLiteral","value":"This field is used by the Cover Sheet to determine what pieces of data\rto display in the listbox."}},{"number":".18","flags":"*P101.24'","name":"DETAIL REPORT","location":"0;18","type":"7","details":"101.24","inputTransform":"S DIC(\"S\")=\"I $P(^(0),\"\"^\"\",8)=\"\"CD\"\"\" D ^DIC K DIC S DIC=DIE,X=+Y K:Y<0 X","description":{"fmId":"-1","fmType":"5","type":"typed-literal","datatype":"http://www.w3.org/1999/02/22-rdf-syntax-ns#XMLLiteral","value":"This field is used to get the details of an item on the cover sheet."}},{"number":".19","flags":"FI","name":"REPORT TAG","location":"0;19","type":"4","inputTransform":"K:$L(X)>8!($L(X)<1) X","description":{"fmId":"-1","fmType":"5","type":"typed-literal","datatype":"http://www.w3.org/1999/02/22-rdf-syntax-ns#XMLLiteral","value":"This is the entry point tag for a report extract."}},{"number":".191","flags":"FI","name":"REPORT ROUTINE","location":"0;20","type":"4","inputTransform":"K:$L(X)>8!($L(X)<3) X","description":{"fmId":"-1","fmType":"5","type":"typed-literal","datatype":"http://www.w3.org/1999/02/22-rdf-syntax-ns#XMLLiteral","value":"This is the routine associated with the REPORT TAG for report extracts."}},{"number":".192","flags":"P142.1'","name":"REPORT COMPONENT","location":"0;21","type":"7","details":"142.1","description":{"fmId":"-1","fmType":"5","type":"typed-literal","datatype":"http://www.w3.org/1999/02/22-rdf-syntax-ns#XMLLiteral","value":"This is the report component associated with this report."}},{"number":".21","flags":"F","name":"PARAM 1","location":"2;1","type":"4","inputTransform":"K:$L(X)>30!($L(X)<1) X","description":{"fmId":"-1","fmType":"5","type":"typed-literal","datatype":"http://www.w3.org/1999/02/22-rdf-syntax-ns#XMLLiteral","value":"This is the 1st parameter passed to the RPC, if needed."}},{"number":".22","flags":"F","name":"PARAM 2","location":"2;2","type":"4","inputTransform":"K:$L(X)>30!($L(X)<1) X","description":{"fmId":"-1","fmType":"5","type":"typed-literal","datatype":"http://www.w3.org/1999/02/22-rdf-syntax-ns#XMLLiteral","value":"This is the 2nd parameter passed to the RPC, if needed."}},{"number":".23","flags":"F","name":"HEADING","location":"2;3","type":"4","inputTransform":"K:$L(X)>75!($L(X)<1) X","description":{"fmId":"-1","fmType":"5","type":"typed-literal","datatype":"http://www.w3.org/1999/02/22-rdf-syntax-ns#XMLLiteral","value":"This is the heading used on the Cover sheet for the list of items."}},{"number":".24","flags":"RF","name":"DESCRIPTIVE TEXT","location":"2;4","type":"4","inputTransform":"K:$L(X)>55!($L(X)<2) X","description":{"fmId":"-1","fmType":"5","type":"typed-literal","datatype":"http://www.w3.org/1999/02/22-rdf-syntax-ns#XMLLiteral","value":"This is a more descriptive name than what might be included in the \rNAME field."}},{"number":".25","flags":"F","name":"NODE","location":"2;5","type":"4","inputTransform":"K:$L(X)>10!($L(X)<1) X","description":{"fmId":"-1","fmType":"5","type":"typed-literal","datatype":"http://www.w3.org/1999/02/22-rdf-syntax-ns#XMLLiteral","value":"This is used by the Cover Sheet routines to define the node in the ^XTMP\rglobal to store the data."}},{"number":".26","flags":"FI","name":"PRINT TAG","location":"2;6","type":"4","inputTransform":"K:$L(X)>8!($L(X)<1) X","description":{"fmId":"-1","fmType":"5","type":"typed-literal","datatype":"http://www.w3.org/1999/02/22-rdf-syntax-ns#XMLLiteral","value":"This is the entry point tag used when printing reports that do their own\rWrite statements."}},{"number":".27","flags":"FI","name":"PRINT ROUTINE","location":"2;7","type":"4","inputTransform":"K:$L(X)>8!($L(X)<1) X","description":{"fmId":"-1","fmType":"5","type":"typed-literal","datatype":"http://www.w3.org/1999/02/22-rdf-syntax-ns#XMLLiteral","value":"This is the entry point routine used when printing reports that do their own\rWrite statements."}},{"number":".28","flags":"FI","name":"EXTRACT TAG","location":"2;8","type":"4","inputTransform":"K:$L(X)>8!($L(X)<1) X","description":{"fmId":"-1","fmType":"5","type":"typed-literal","datatype":"http://www.w3.org/1999/02/22-rdf-syntax-ns#XMLLiteral","value":"This is the entry point for the extract routine that pulls the data from\rpackage API's and/or package files."}},{"number":".29","flags":"FI","name":"EXTRACT ROUTINE","location":"2;9","type":"4","inputTransform":"K:$L(X)>8!($L(X)<1) X","description":{"fmId":"-1","fmType":"5","type":"typed-literal","datatype":"http://www.w3.org/1999/02/22-rdf-syntax-ns#XMLLiteral","value":"This is the extract routine that pulls data from package API's and/or\rpackage files."}},{"number":".41","flags":"F","name":"SORT ORDER","location":"4;1","type":"4","inputTransform":"K:$L(X)>15!($L(X)<3)!'(X?1N1\":\"1N) X","description":{"fmId":"-1","fmType":"5","type":"typed-literal","datatype":"http://www.w3.org/1999/02/22-rdf-syntax-ns#XMLLiteral","value":"This field is used when sorting columns of data on at grid within CPRS.\rIt determines the sort order to be used in a multi-column sort.  The\rprimary sort column is always the column header clicked on by the user.\rIf this field has values in the form #:#, then a multi-column sort is\rdone, using the column numbers identified in this field for the second\rand third level sorting."}},{"number":".42","flags":"NJ4,0","name":"MAXIMUM DAYS BACK","location":"4;2","type":"2","inputTransform":"K:+X'=X!(X>9999)!(X<1)!(X?.E1\".\"1N.N) X","description":{"fmId":"-1","fmType":"5","type":"typed-literal","datatype":"http://www.w3.org/1999/02/22-rdf-syntax-ns#XMLLiteral","value":"This field restricts the report date range to the maximum value specified."}},{"number":".43","flags":"F","name":"FHIE REPORT","location":"4;3","type":"4","inputTransform":"K:$L(X)>10!($L(X)<2) X","description":{"fmId":"-1","fmType":"5","type":"typed-literal","datatype":"http://www.w3.org/1999/02/22-rdf-syntax-ns#XMLLiteral","value":"This field identifies reports that are available through FHIE.\rThe item in this field is the code for the report available through\rthe FHIE server."}},{"number":".44","flags":"S","name":"DIRECT","location":"4;4","type":"3","details":"0:NO;1:YES;","description":{"fmId":"-1","fmType":"5","type":"typed-literal","datatype":"http://www.w3.org/1999/02/22-rdf-syntax-ns#XMLLiteral","value":"This field allows a report to make a direct remote data call to\ra remote site.  Use caution in setting this field to yes.  It has\rthe effect of disabling CPRS until the remote call is finished, but\ralso may speed up the query by bypassing taskman latency."}},{"number":".45","flags":"S","name":"HDR REPORT","location":"4;5","type":"3","details":"1:YES;","description":{"fmId":"-1","fmType":"5","type":"typed-literal","datatype":"http://www.w3.org/1999/02/22-rdf-syntax-ns#XMLLiteral","value":"This field flags reports that are generated from the HDR."}},{"number":".46","flags":"FI","name":"HDR ROUTINE","location":"4;6","type":"4","inputTransform":"K:$L(X)>8!($L(X)<1) X","description":{"fmId":"-1","fmType":"5","type":"typed-literal","datatype":"http://www.w3.org/1999/02/22-rdf-syntax-ns#XMLLiteral","value":"This is the HDR routine that modifies HDR data for CPRS."}},{"number":".47","flags":"FI","name":"HDR ENTRY POINT","location":"4;7","type":"4","inputTransform":"K:$L(X)>8!($L(X)<1) X","description":{"fmId":"-1","fmType":"5","type":"typed-literal","datatype":"http://www.w3.org/1999/02/22-rdf-syntax-ns#XMLLiteral","value":"This is the HDR entry point that modifies HDR data for CPRS."}},{"number":".48","flags":"S","name":"FHIE DATA","location":"4;8","type":"3","details":"1:YES;","description":{"fmId":"-1","fmType":"5","type":"typed-literal","datatype":"http://www.w3.org/1999/02/22-rdf-syntax-ns#XMLLiteral","value":"This field is used to tell CPRS that DOD/FHIE data can be accessed\rfor this report.  Special code has to be written by CPRS and DOD\rfor this to happen."}},{"number":".49","flags":"S","name":"FHIE ONLY","location":"4;9","type":"3","details":"1:YES;","description":{"fmId":"-1","fmType":"5","type":"typed-literal","datatype":"http://www.w3.org/1999/02/22-rdf-syntax-ns#XMLLiteral","value":"This field determines if a report can show local VA data and Remote DOD\rdata. Enter YES if only DOD data should be shown for this report."}},{"number":".491","flags":"S","name":"DISABLE","location":"4;10","type":"3","details":"1:YES;","description":{"fmId":"-1","fmType":"5","type":"typed-literal","datatype":"http://www.w3.org/1999/02/22-rdf-syntax-ns#XMLLiteral","value":"This field will disable a report."}},{"number":"3","flags":"101.243","name":"COLUMN HEADERS","location":"3;0","type":"9","details":"101.243"},{"number":"10","flags":"101.241P","name":"ITEM","location":"10;0","type":"9","details":"101.241"}],"fmql":{"OP":"DESCRIBE TYPE","TYPE":"101_24","TYPELABEL":"OE/RR REPORT"}}