{"name":"D/T TITER ADJUSTED","number":"126.316","parent":"126.03","fields":[{"number":".01","flags":"RD","name":"D/T TITER ADJUSTED","location":"0;1","index":"B","type":"1","inputTransform":"S %DT=\"ETX\" D ^%DT S X=Y K:Y<1 X","description":{"fmId":"-1","fmType":"5","type":"typed-literal","datatype":"http://www.w3.org/1999/02/22-rdf-syntax-ns#XMLLiteral","value":"This field documents the date/time when the rate of intravenous infusion\ris adjusted."}},{"number":"1","flags":"NJ3,0","name":"RATE","location":"0;2","type":"2","inputTransform":"K:+X'=X!(X>999)!(X<0)!(X?.E1\".\"1N.N) X","description":{"fmId":"-1","fmType":"5","type":"typed-literal","datatype":"http://www.w3.org/1999/02/22-rdf-syntax-ns#XMLLiteral","value":"This field contains the rate at which the infusion is to take place.\rExample:  125 = 125 ml/hr."}},{"number":"2","flags":"P200'","name":"ADJUSTED BY","location":"0;3","type":"7","details":"200","description":{"fmId":"-1","fmType":"5","type":"typed-literal","datatype":"http://www.w3.org/1999/02/22-rdf-syntax-ns#XMLLiteral","value":"This field contains the name of the user who enters this record.\rPointer to the New Person file ^VA(200)."}},{"number":"3","flags":"R*P44'","name":"HOSPITAL LOCATION","location":"0;4","type":"7","details":"44","inputTransform":"S DIC(\"S\")=\"I $P(^(0),U,3)'=\"\"Z\"\"\" D ^DIC K DIC S DIC=DIE,X=+Y K:Y<0 X"},{"number":"4","flags":"F","name":"COMMENT","location":"0;5","type":"4","inputTransform":"K:$L(X)>50!($L(X)<1) X","description":{"fmId":"-1","fmType":"5","type":"typed-literal","datatype":"http://www.w3.org/1999/02/22-rdf-syntax-ns#XMLLiteral","value":"This field contains any additional comments associated with this infusion\rrate adjustment."}}],"fmql":{"OP":"DESCRIBE TYPE","TYPE":"126_316","TYPELABEL":"D/T TITER ADJUSTED"}}