{"name":"ORDER URGENCY","number":"101.42","location":"^ORD(101.42,","count":"15","lastIEN":"99","description":{"fmId":"-1","fmType":"5","type":"typed-literal","datatype":"http://www.w3.org/1999/02/22-rdf-syntax-ns#XMLLiteral","value":"This file contains the urgencies available to assign to an order."},"version":"3.0","vpackage":"OR","fields":[{"number":".01","flags":"RF","name":"NAME","location":"0;1","index":"B","type":"4","inputTransform":"K:$L(X)>30!(X?.N)!($L(X)<3)!'(X'?1P.E) X","description":{"fmId":"-1","fmType":"5","type":"typed-literal","datatype":"http://www.w3.org/1999/02/22-rdf-syntax-ns#XMLLiteral","value":"This is an urgency that may be requested for an order; the Parameters\rDefinition file will contain the different combinations that are allowable\rin different dialogs."}},{"number":"1","flags":"101.421A","name":"USAGE","location":"1;0","type":"9","details":"101.421","description":{"fmId":"-1","fmType":"5","type":"typed-literal","datatype":"http://www.w3.org/1999/02/22-rdf-syntax-ns#XMLLiteral","value":"This multiple contains all the possible ways to use this urgency."}},{"number":"2","flags":"F","name":"ABBREVIATION","location":"0;2","index":"C","type":"4","inputTransform":"K:$L(X)>5!($L(X)<1) X","description":{"fmId":"-1","fmType":"5","type":"typed-literal","datatype":"http://www.w3.org/1999/02/22-rdf-syntax-ns#XMLLiteral","value":"This field contains the abbreviation to be used in HL7 messages and some\rdisplays."}}],"fmql":{"OP":"DESCRIBE TYPE","TYPE":"101_42","TYPELABEL":"ORDER URGENCY"}}