{"name":"COMMUNICATION OFFICE","number":"119.73","location":"^FH(119.73,","count":"2","lastIEN":"2","description":{"fmId":"-1","fmType":"5","type":"typed-literal","datatype":"http://www.w3.org/1999/02/22-rdf-syntax-ns#XMLLiteral","value":"This file is a list of Communication Offices and associated parameters.\rA Communication Office has responsibility for processing diet orders\rfor a group of wards."},"version":"5.5","vpackage":"DIETETICS","fields":[{"number":".01","flags":"RF","name":"NAME","location":"0;1","index":"B","type":"4","inputTransform":"K:$L(X)>30!($L(X)<3)!'(X'?1P.E) X","description":{"fmId":"-1","fmType":"5","type":"typed-literal","datatype":"http://www.w3.org/1999/02/22-rdf-syntax-ns#XMLLiteral","value":"This is the name of the Communication Office. It is responsible for\rprocessing the diet orders from a group of Dietetic wards."}},{"number":"2","flags":"P119.71'","name":"PRODUCTION FACILITY","location":"0;4","type":"7","details":"119.71","description":{"fmId":"-1","fmType":"5","type":"typed-literal","datatype":"http://www.w3.org/1999/02/22-rdf-syntax-ns#XMLLiteral","value":"This field indicates the Production Facility responsible \rfor preparing the food served by this Communication Office."}},{"number":"6","flags":"RFX","name":"BEGIN BREAKFAST WINDOW","location":"2;7","type":"4","inputTransform":"D TIM^FHSYSP","description":{"fmId":"-1","fmType":"5","type":"typed-literal","datatype":"http://www.w3.org/1999/02/22-rdf-syntax-ns#XMLLiteral","value":"This is the latest time for which breakfast orders will be accepted\rand is used as the time associated with the use of the 'B' (for\rbreakfast) time in diet orders."}},{"number":"7","flags":"RFX","name":"BEGIN NOON WINDOW","location":"2;8","type":"4","inputTransform":"D TIM^FHSYSP","description":{"fmId":"-1","fmType":"5","type":"typed-literal","datatype":"http://www.w3.org/1999/02/22-rdf-syntax-ns#XMLLiteral","value":"This is the latest time for which noon orders will be accepted\rand is used as the time associated with the use of the 'N' (for\rnoon) time in diet orders."}},{"number":"8","flags":"RFX","name":"BEGIN EVENING WINDOW","location":"2;9","type":"4","inputTransform":"D TIM^FHSYSP","description":{"fmId":"-1","fmType":"5","type":"typed-literal","datatype":"http://www.w3.org/1999/02/22-rdf-syntax-ns#XMLLiteral","value":"This is the latest time for which evening orders will be accepted\rand is used as the time associated with the use of the 'E' (for\revening) time in diet orders."}},{"number":"9","flags":"S","name":"PROVIDE BAGGED MEALS?","location":"2;10","type":"3","details":"Y:YES;N:NO;","description":{"fmId":"-1","fmType":"5","type":"typed-literal","datatype":"http://www.w3.org/1999/02/22-rdf-syntax-ns#XMLLiteral","value":"If answered YES, this field indicates that bagged meals can be\rordered as part of the early/late tray ordering process."}},{"number":"10","flags":"FX","name":"EARLY BREAKFAST TIME 1","location":"1;1","type":"4","inputTransform":"D TIM^FHSYSP","description":{"fmId":"-1","fmType":"5","type":"typed-literal","datatype":"http://www.w3.org/1999/02/22-rdf-syntax-ns#XMLLiteral","value":"This is the first delivery time for an early breakfast tray."}},{"number":"11","flags":"FX","name":"EARLY BREAKFAST TIME 2","location":"1;2","type":"4","inputTransform":"D TIM^FHSYSP","description":{"fmId":"-1","fmType":"5","type":"typed-literal","datatype":"http://www.w3.org/1999/02/22-rdf-syntax-ns#XMLLiteral","value":"This is the second delivery time for an early breakfast tray."}},{"number":"12","flags":"FX","name":"EARLY BREAKFAST TIME 3","location":"1;3","type":"4","inputTransform":"D TIM^FHSYSP","description":{"fmId":"-1","fmType":"5","type":"typed-literal","datatype":"http://www.w3.org/1999/02/22-rdf-syntax-ns#XMLLiteral","value":"This is the third delivery time for an early breakfast tray."}},{"number":"13","flags":"FX","name":"LATE BREAKFAST TIME 1","location":"1;4","type":"4","inputTransform":"D TIM^FHSYSP","description":{"fmId":"-1","fmType":"5","type":"typed-literal","datatype":"http://www.w3.org/1999/02/22-rdf-syntax-ns#XMLLiteral","value":"This is the first delivery time for a late breakfast tray."}},{"number":"14","flags":"FX","name":"LATE BREAKFAST TIME 2","location":"1;5","type":"4","inputTransform":"D TIM^FHSYSP","description":{"fmId":"-1","fmType":"5","type":"typed-literal","datatype":"http://www.w3.org/1999/02/22-rdf-syntax-ns#XMLLiteral","value":"This is the second delivery time for a late breakfast tray."}},{"number":"15","flags":"FX","name":"LATE BREAKFAST TIME 3","location":"1;6","type":"4","inputTransform":"D TIM^FHSYSP","description":{"fmId":"-1","fmType":"5","type":"typed-literal","datatype":"http://www.w3.org/1999/02/22-rdf-syntax-ns#XMLLiteral","value":"This is the third delivery time for a late breakfast tray."}},{"number":"16","flags":"FX","name":"EARLY NOON TIME 1","location":"1;7","type":"4","inputTransform":"D TIM^FHSYSP","description":{"fmId":"-1","fmType":"5","type":"typed-literal","datatype":"http://www.w3.org/1999/02/22-rdf-syntax-ns#XMLLiteral","value":"This is the first delivery time for an early noon tray."}},{"number":"17","flags":"FX","name":"EARLY NOON TIME 2","location":"1;8","type":"4","inputTransform":"D TIM^FHSYSP","description":{"fmId":"-1","fmType":"5","type":"typed-literal","datatype":"http://www.w3.org/1999/02/22-rdf-syntax-ns#XMLLiteral","value":"This is the second delivery time for an early noon tray."}},{"number":"18","flags":"FX","name":"EARLY NOON TIME 3","location":"1;9","type":"4","inputTransform":"D TIM^FHSYSP","description":{"fmId":"-1","fmType":"5","type":"typed-literal","datatype":"http://www.w3.org/1999/02/22-rdf-syntax-ns#XMLLiteral","value":"This is the third delivery time for an early noon tray."}},{"number":"19","flags":"FX","name":"LATE NOON TIME 1","location":"1;10","type":"4","inputTransform":"D TIM^FHSYSP","description":{"fmId":"-1","fmType":"5","type":"typed-literal","datatype":"http://www.w3.org/1999/02/22-rdf-syntax-ns#XMLLiteral","value":"This is the first delivery time for a late noon tray."}},{"number":"20","flags":"FX","name":"LATE NOON TIME 2","location":"1;11","type":"4","inputTransform":"D TIM^FHSYSP","description":{"fmId":"-1","fmType":"5","type":"typed-literal","datatype":"http://www.w3.org/1999/02/22-rdf-syntax-ns#XMLLiteral","value":"This is the second delivery time for a late noon tray."}},{"number":"21","flags":"FX","name":"LATE NOON TIME 3","location":"1;12","type":"4","inputTransform":"D TIM^FHSYSP","description":{"fmId":"-1","fmType":"5","type":"typed-literal","datatype":"http://www.w3.org/1999/02/22-rdf-syntax-ns#XMLLiteral","value":"This is the third delivery time for a late noon tray."}},{"number":"22","flags":"FX","name":"EARLY EVENING TIME 1","location":"1;13","type":"4","inputTransform":"D TIM^FHSYSP","description":{"fmId":"-1","fmType":"5","type":"typed-literal","datatype":"http://www.w3.org/1999/02/22-rdf-syntax-ns#XMLLiteral","value":"This is the first delivery time for an early evening tray."}},{"number":"23","flags":"FX","name":"EARLY EVENING TIME 2","location":"1;14","type":"4","inputTransform":"D TIM^FHSYSP","description":{"fmId":"-1","fmType":"5","type":"typed-literal","datatype":"http://www.w3.org/1999/02/22-rdf-syntax-ns#XMLLiteral","value":"This is the second delivery time for an early evening tray."}},{"number":"24","flags":"FX","name":"EARLY EVENING TIME 3","location":"1;15","type":"4","inputTransform":"D TIM^FHSYSP","description":{"fmId":"-1","fmType":"5","type":"typed-literal","datatype":"http://www.w3.org/1999/02/22-rdf-syntax-ns#XMLLiteral","value":"This is the third delivery time for an early evening tray."}},{"number":"25","flags":"FX","name":"LATE EVENING TIME 1","location":"1;16","type":"4","inputTransform":"D TIM^FHSYSP","description":{"fmId":"-1","fmType":"5","type":"typed-literal","datatype":"http://www.w3.org/1999/02/22-rdf-syntax-ns#XMLLiteral","value":"This is the first delivery time for a late evening tray."}},{"number":"26","flags":"FX","name":"LATE EVENING TIME 2","location":"1;17","type":"4","inputTransform":"D TIM^FHSYSP","description":{"fmId":"-1","fmType":"5","type":"typed-literal","datatype":"http://www.w3.org/1999/02/22-rdf-syntax-ns#XMLLiteral","value":"This is the second delivery time for a late evening tray."}},{"number":"27","flags":"FX","name":"LATE EVENING TIME 3","location":"1;18","type":"4","inputTransform":"D TIM^FHSYSP","description":{"fmId":"-1","fmType":"5","type":"typed-literal","datatype":"http://www.w3.org/1999/02/22-rdf-syntax-ns#XMLLiteral","value":"This is the third delivery time for a late evening tray."}},{"number":"28","flags":"FXO","name":"LATE BREAKFAST ALARM BEGIN","location":"2;1","type":"4","inputTransform":"D TIM^FHSYSP I $D(X) D MIL^FHSYSP S X=X1","description":{"fmId":"-1","fmType":"5","type":"typed-literal","datatype":"http://www.w3.org/1999/02/22-rdf-syntax-ns#XMLLiteral","value":"This is the beginning of the late breakfast alarm period; that\ris the time when persons entering diet orders will be reminded\rthat the normal cut-off time has passed and a late tray will\rhave to be ordered for breakfast if desired."}},{"number":"29","flags":"FXO","name":"LATE BREAKFAST ALARM END","location":"2;2","type":"4","inputTransform":"D TIM^FHSYSP I $D(X) D MIL^FHSYSP S X=X1","description":{"fmId":"-1","fmType":"5","type":"typed-literal","datatype":"http://www.w3.org/1999/02/22-rdf-syntax-ns#XMLLiteral","value":"This is the end of the breakfast alarm period. It should be\rone or two minutes earlier than the last breakfast late tray delivery\rtime."}},{"number":"30","flags":"FXO","name":"LATE NOON ALARM BEGIN","location":"2;3","type":"4","inputTransform":"D TIM^FHSYSP I $D(X) D MIL^FHSYSP S X=X1","description":{"fmId":"-1","fmType":"5","type":"typed-literal","datatype":"http://www.w3.org/1999/02/22-rdf-syntax-ns#XMLLiteral","value":"This is the beginning of the noon alarm period; persons entering\rdiet orders will be reminded that the noon cut-off has passed\rand a late noon tray will have to be ordered if desired."}},{"number":"31","flags":"FXO","name":"LATE NOON ALARM END","location":"2;4","type":"4","inputTransform":"D TIM^FHSYSP I $D(X) D MIL^FHSYSP S X=X1","description":{"fmId":"-1","fmType":"5","type":"typed-literal","datatype":"http://www.w3.org/1999/02/22-rdf-syntax-ns#XMLLiteral","value":"This is the end of the noon alarm period and should be one or two\rminutes earlier than the last noon late tray delivery time."}},{"number":"32","flags":"FXO","name":"LATE EVENING ALARM BEGIN","location":"2;5","type":"4","inputTransform":"D TIM^FHSYSP I $D(X) D MIL^FHSYSP S X=X1","description":{"fmId":"-1","fmType":"5","type":"typed-literal","datatype":"http://www.w3.org/1999/02/22-rdf-syntax-ns#XMLLiteral","value":"This is the beginning of the evening alarm period; that is the period\rwhen persons entering diet orders will be reminded that the\revening cut-off has passed and a late evening tray will have\rto be ordered if desired."}},{"number":"33","flags":"FXO","name":"LATE EVENING ALARM END","location":"2;6","type":"4","inputTransform":"D TIM^FHSYSP I $D(X) D MIL^FHSYSP S X=X1","description":{"fmId":"-1","fmType":"5","type":"typed-literal","datatype":"http://www.w3.org/1999/02/22-rdf-syntax-ns#XMLLiteral","value":"This is the end of the evening alarm period and should be one or\rtwo minutes earlier than the last evening late tray delivery\rtime."}},{"number":"99","flags":"S","name":"INACTIVE?","location":"I;1","type":"3","details":"Y:YES;N:NO;","description":{"fmId":"-1","fmType":"5","type":"typed-literal","datatype":"http://www.w3.org/1999/02/22-rdf-syntax-ns#XMLLiteral","value":"This field, if answered YES, will prohibit\rfurther selection of this entry."}},{"number":"101","flags":"D","name":"DATE/TIME LAST UPDATE","location":"0;2","type":"1","inputTransform":"S %DT=\"ESTXR\" D ^%DT S X=Y K:Y<1 X","description":{"fmId":"-1","fmType":"5","type":"typed-literal","datatype":"http://www.w3.org/1999/02/22-rdf-syntax-ns#XMLLiteral","value":"This is the date/time of the last Diet Activity report generated for\rthis Communication Office. It is used so that the following report\rwill show only changes after this date/time."}},{"number":"102","flags":"D","name":"LAST LABEL UPDATE","location":"0;3","type":"1","inputTransform":"S %DT=\"ESTX\" D ^%DT S X=Y K:Y<1 X","description":{"fmId":"-1","fmType":"5","type":"typed-literal","datatype":"http://www.w3.org/1999/02/22-rdf-syntax-ns#XMLLiteral","value":"This is the last date/time the labels were generated for the\rDiet Activity Report"}}],"fmql":{"OP":"DESCRIBE TYPE","TYPE":"119_73","TYPELABEL":"COMMUNICATION OFFICE"}}