{"name":"SURGERY CANCELLATION REASON","number":"135","location":"^SRO(135,","count":"29","lastIEN":"20","description":{"fmId":"-1","fmType":"5","type":"typed-literal","datatype":"http://www.w3.org/1999/02/22-rdf-syntax-ns#XMLLiteral","value":"This file contains reasons for cancelling a scheduled operative\rprocedure.  It is pointed to by the CANCEL REASON field in the\rSurgery file.  The Surgery Cancellation Reason file is distributed\rwith pre-supplied entries, however sites may wish to add to it."},"version":"3","fields":[{"number":".01","flags":"RF","name":"NAME","location":"0;1","index":"B","type":"4","inputTransform":"K:$L(X)>30!(X?.N)!($L(X)<3)!'(X'?1P.E) X","description":{"fmId":"-1","fmType":"5","type":"typed-literal","datatype":"http://www.w3.org/1999/02/22-rdf-syntax-ns#XMLLiteral","value":"This is the name of the cancellation reason.\r "}},{"number":"1","flags":"RF","name":"CODE","location":"0;2","index":"C","type":"4","inputTransform":"K:X[\"\"\"\"!($A(X)=45) X I $D(X) K:$L(X)>3!($L(X)<1) X","description":{"fmId":"-1","fmType":"5","type":"typed-literal","datatype":"http://www.w3.org/1999/02/22-rdf-syntax-ns#XMLLiteral","value":"This is the code corresponding to the cancellation reason.\r "}},{"number":"2","flags":"S","name":"AVOIDABLE","location":"0;3","type":"3","details":"Y:YES;N:NO;","description":{"fmId":"-1","fmType":"5","type":"typed-literal","datatype":"http://www.w3.org/1999/02/22-rdf-syntax-ns#XMLLiteral","value":"This field will be used as the default for the CANCELLATION AVOIDABLE\rfield in the SURGERY file (130).\r "}},{"number":"10","flags":"S","name":"INACTIVE?","location":"0;4","type":"3","details":"1:YES;","description":{"fmId":"-1","fmType":"5","type":"typed-literal","datatype":"http://www.w3.org/1999/02/22-rdf-syntax-ns#XMLLiteral","value":"Enter 'YES' to inactivate this entry to prevent its selection by\rSurgery users."}}],"fmql":{"OP":"DESCRIBE TYPE","TYPE":"135","TYPELABEL":"SURGERY CANCELLATION REASON"}}