{"name":"P&T ADDENDUM","number":"120.85315","parent":"120.85","fields":[{"number":".01","flags":"MDX","name":"DATE/TIME ENTERED","location":"0;1","index":"B","type":"1","inputTransform":"S %DT=\"EPSTX\",%DT(0)=\"-NOW\" D ^%DT K %DT(0) S X=Y K:Y<1 X","description":{"fmId":"-1","fmType":"5","type":"typed-literal","datatype":"http://www.w3.org/1999/02/22-rdf-syntax-ns#XMLLiteral","value":"This is the date/time the comment was entered."}},{"number":"1","flags":"120.853151","name":"ADDENDUM","location":"1;0","type":"5","description":{"fmId":"-1","fmType":"5","type":"typed-literal","datatype":"http://www.w3.org/1999/02/22-rdf-syntax-ns#XMLLiteral","value":"This is the actual comment that is being added."}}],"fmql":{"OP":"DESCRIBE TYPE","TYPE":"120_85315","TYPELABEL":"P&T ADDENDUM"}}