{"name":"EMBEDDED RECIPE","number":"114.03","parent":"114","fields":[{"number":".01","flags":"M*P114'X","name":"EMBEDDED RECIPE","location":"0;1","index":"AB","type":"7","details":"114","inputTransform":"S DIC(\"S\")=\"I +Y'=D0\" D ^DIC K DIC S DIC=DIE,X=+Y K:Y<0 X","description":{"fmId":"-1","fmType":"5","type":"typed-literal","datatype":"http://www.w3.org/1999/02/22-rdf-syntax-ns#XMLLiteral","value":"This field contains the name of a recipe which is to be\rembedded in the present one. The embedded recipe cannot be\rthe same as the present recipe."}},{"number":"1","flags":"RNJ7,2","name":"NO. OF PORTIONS","location":"0;2","type":"2","inputTransform":"K:+X'=X!(X>9999)!(X<0)!(X?.E1\".\"3N.N) X","description":{"fmId":"-1","fmType":"5","type":"typed-literal","datatype":"http://www.w3.org/1999/02/22-rdf-syntax-ns#XMLLiteral","value":"This is the number of portions of the embedded recipe required\rin the present recipe."}}],"fmql":{"OP":"DESCRIBE TYPE","TYPE":"114_03","TYPELABEL":"EMBEDDED RECIPE"}}