{"name":"THERMAL UNIT","number":"130.32","parent":"130","fields":[{"number":".01","flags":"F","name":"THERMAL UNIT","location":"0;1","type":"4","inputTransform":"K:$L(X)>30!($L(X)<3) X","description":{"fmId":"-1","fmType":"5","type":"typed-literal","datatype":"http://www.w3.org/1999/02/22-rdf-syntax-ns#XMLLiteral","value":"This is information identifying the specific temperature controlling\rdevice.\r "}},{"number":"1","flags":"DX","name":"TIME ON","location":"0;2","type":"1","inputTransform":"S Z=$E($P(^SRF($S($D(SRTN):SRTN,1:D0),0),\"^\",9),1,7) D TIME^SROVAR K:Y<1!(X'[\".\") X","description":{"fmId":"-1","fmType":"5","type":"typed-literal","datatype":"http://www.w3.org/1999/02/22-rdf-syntax-ns#XMLLiteral","value":"This is the date and time that the thermal unit was activated.  Times\rentered without a date will be converted to the date of operation at\rthat time.\r "}},{"number":"2","flags":"NJ3,0","name":"TEMPERATURE","location":"0;3","type":"2","inputTransform":"K:+X'=X!(X>110)!(X<0)!(X?.E1\".\"1N.N) X","description":{"fmId":"-1","fmType":"5","type":"typed-literal","datatype":"http://www.w3.org/1999/02/22-rdf-syntax-ns#XMLLiteral","value":"This is the temperature setting of the temperature controlling device.\r "}},{"number":"3","flags":"DX","name":"TIME OFF","location":"0;4","type":"1","inputTransform":"S SRSUB=21,SRP=2 D OFF1^SROVAR S %DT=\"ERTX\" D ^%DT S X=Y K:Y<1 X","description":{"fmId":"-1","fmType":"5","type":"typed-literal","datatype":"http://www.w3.org/1999/02/22-rdf-syntax-ns#XMLLiteral","value":"This is the date and time that the thermal unit was turned off.\rTimes entered without a date will be converted to the date of\roperation at that time.\r "}}],"fmql":{"OP":"DESCRIBE TYPE","TYPE":"130_32","TYPELABEL":"THERMAL UNIT"}}