{"name":"POPULARITY","number":"116.112","parent":"116.11","fields":[{"number":".01","flags":"MP119.72'X","name":"SERVICE POINT","location":"0;1","index":"B","type":"7","details":"119.72","inputTransform":"I $D(X) S DINUM=X","description":{"fmId":"-1","fmType":"5","type":"typed-literal","datatype":"http://www.w3.org/1999/02/22-rdf-syntax-ns#XMLLiteral","value":"This is the Service Point for which popularity values are\rapplicable."}},{"number":"1","flags":"NJ5,1","name":"POPULARITY %","location":"0;2","type":"2","inputTransform":"K:+X'=X!(X>200)!(X<0)!(X?.E1\".\"2N.N) X","description":{"fmId":"-1","fmType":"5","type":"typed-literal","datatype":"http://www.w3.org/1999/02/22-rdf-syntax-ns#XMLLiteral","value":"This is the percentage of orders for this Service Point\rwhich will select, or have selected, this recipe."}}],"fmql":{"OP":"DESCRIBE TYPE","TYPE":"116_112","TYPELABEL":"POPULARITY"}}