{"name":"FOOD PREFERENCES","number":"115.09","parent":"115","fields":[{"number":".01","flags":"MP115.2'","name":"FOOD PREFERENCES","location":"0;1","index":"B","type":"7","details":"115.2","description":{"fmId":"-1","fmType":"5","type":"typed-literal","datatype":"http://www.w3.org/1999/02/22-rdf-syntax-ns#XMLLiteral","value":"This field contains the food preference selected from the\rFood Preferences file (115.2)."}},{"number":"1","flags":"RFX","name":"MEALS","location":"0;2","index":"C","type":"4","inputTransform":"S:$P(\"ALL\",X,1)=\"\" X=\"BNE\" S %=X,X=\"\" S:%[\"B\" X=\"B\" S:%[\"N\" X=X_\"N\" S:%[\"E\" X=X_\"E\" K:$L(%)'=$L(X) X K %","description":{"fmId":"-1","fmType":"5","type":"typed-literal","datatype":"http://www.w3.org/1999/02/22-rdf-syntax-ns#XMLLiteral","value":"This field contains the meals (B N and E) for which this food\rpreference is applicable."}},{"number":"2","flags":"NJ1,0","name":"QUANTITY","location":"0;3","type":"2","inputTransform":"K:+X'=X!(X>9)!(X<1)!(X?.E1\".\"1N.N) X","description":{"fmId":"-1","fmType":"5","type":"typed-literal","datatype":"http://www.w3.org/1999/02/22-rdf-syntax-ns#XMLLiteral","value":"This is the quantity of the Food Preference applicable to this\rpatient."}},{"number":"3","flags":"S","name":"DIET ASSOCIATED?","location":"0;4","type":"3","details":"Y:YES;N:NO;","description":{"fmId":"-1","fmType":"5","type":"typed-literal","datatype":"http://www.w3.org/1999/02/22-rdf-syntax-ns#XMLLiteral","value":"This field, if answered Yes, means this Food Preference is a Diet\rrestriction that is associated with a diet order else if answered No,\rmeans it is not."}}],"fmql":{"OP":"DESCRIBE TYPE","TYPE":"115_09","TYPELABEL":"FOOD PREFERENCES"}}