{"name":"USAGE","number":"101.421","parent":"101.42","fields":[{"number":".01","flags":"MF","name":"USAGE","location":"0;1","index":"B","type":"4","inputTransform":"K:$L(X)>10!($L(X)<1) X","description":{"fmId":"-1","fmType":"5","type":"typed-literal","datatype":"http://www.w3.org/1999/02/22-rdf-syntax-ns#XMLLiteral","value":"This field is a string identifying a use for this urgency; it will\rtypically be a package namespace (or variation of) to indicate this\rurgency is selectable in that package's ordering dialog.  Entries\rcurrently in use are:\r       GMRCO = Outpatient Consults or Procedures\r       GMRCR = Inpatient Procedure Requests\r       GMRCT = Inpatient Consults\r       PSJ   = Inpatient Medications\r       PSO   = Outpatient Medications\r       RA    = Radiology/Nuclear Medicine"}}],"fmql":{"OP":"DESCRIBE TYPE","TYPE":"101_421","TYPELABEL":"USAGE"}}