{"name":"CPRS QUERY CONSTRAINT","number":"102.22","location":"^ORD(102.22,","count":"50","lastIEN":"50","description":{"fmId":"-1","fmType":"5","type":"typed-literal","datatype":"http://www.w3.org/1999/02/22-rdf-syntax-ns#XMLLiteral","value":"This file contains the list of constraints that are available when\rdefining a query of CPRS items.  Each constraint is associated with a \rparticular editor.  This is a graphical interface based editor.  The \rconstraint name is also used to build the name=value pairs that make up \rthe query."},"version":"3.0","vpackage":"OR","fields":[{"number":".01","flags":"RF","name":"NAME","location":"0;1","index":"B","type":"4","inputTransform":"K:$L(X)>30!(X?.N)!($L(X)<3)!'(X'?1P.E) X","description":{"fmId":"-1","fmType":"5","type":"typed-literal","datatype":"http://www.w3.org/1999/02/22-rdf-syntax-ns#XMLLiteral","value":"This is the name of the constraint.  The graphical interface references\rvalues for the constraint using this name.  The constraint is passed\rinto the query processer as a name=value pair, also using this name."}},{"number":"2","flags":"RP102.23'","name":"EDITOR","location":"0;2","type":"7","details":"102.23","description":{"fmId":"-1","fmType":"5","type":"typed-literal","datatype":"http://www.w3.org/1999/02/22-rdf-syntax-ns#XMLLiteral","value":"Identifies the editor that would be used in the graphical interface that\rshould be used whenever the constraint needs to be modified."}}],"fmql":{"OP":"DESCRIBE TYPE","TYPE":"102_22","TYPELABEL":"CPRS QUERY CONSTRAINT"}}