{"name":"SUPPLEMENTAL FEEDING MENU","number":"118.1","location":"^FH(118.1,","count":"1","lastIEN":"1","description":{"fmId":"-1","fmType":"5","type":"typed-literal","datatype":"http://www.w3.org/1999/02/22-rdf-syntax-ns#XMLLiteral","value":"This file contains a pattern of supplemental feedings (up to four\ritems for each of three time periods) which are often requested\rin common situations (e.g., a diabetic patient) and avoids the\rnecessity of individually selecting the various items when\rordering supplemental feedings."},"version":"5.5","vpackage":"DIETETICS","fields":[{"number":".01","flags":"RF","name":"NAME","location":"0;1","index":"B","type":"4","inputTransform":"K:$L(X)>27!($L(X)<3)!'(X'?1P.E)!(X'?.ANP) X","description":{"fmId":"-1","fmType":"5","type":"typed-literal","datatype":"http://www.w3.org/1999/02/22-rdf-syntax-ns#XMLLiteral","value":"This is the name of the supplemental feeding menu, a pre-set\rcollection of feeding items for the three feeding times."}},{"number":"1","flags":"F","name":"SYNONYM","location":"0;2","index":"C","type":"4","inputTransform":"K:$L(X)>10!($L(X)<3) X","description":{"fmId":"-1","fmType":"5","type":"typed-literal","datatype":"http://www.w3.org/1999/02/22-rdf-syntax-ns#XMLLiteral","value":"This field may contain a synonym for the feeding menu."}},{"number":"3","flags":"RS","name":"DIETARY OR THERAPEUTIC","location":"1;25","type":"3","details":"D:DIETARY;T:THERAPEUTIC;","description":{"fmId":"-1","fmType":"5","type":"typed-literal","datatype":"http://www.w3.org/1999/02/22-rdf-syntax-ns#XMLLiteral","value":"This field indicates whether the menu is generally ordered\rfor dietary or therapeutic reasons."}},{"number":"10","flags":"*P118'","name":"10AM FEEDING #1","location":"1;1","type":"7","details":"118","inputTransform":"S DIC(\"S\")=\"I $P(^(0),U,3)'=\"\"Y\"\"\" D ^DIC K DIC S DIC=DIE,X=+Y K:Y<0 X","description":{"fmId":"-1","fmType":"5","type":"typed-literal","datatype":"http://www.w3.org/1999/02/22-rdf-syntax-ns#XMLLiteral","value":"This is the first supplemental feeding item for the 10am feeding."}},{"number":"10.5","flags":"NJ2,0","name":"10AM #1 QTY","location":"1;2","type":"2","inputTransform":"K:+X'=X!(X>20)!(X<1)!(X?.E1\".\"1N.N) X","description":{"fmId":"-1","fmType":"5","type":"typed-literal","datatype":"http://www.w3.org/1999/02/22-rdf-syntax-ns#XMLLiteral","value":"This is the quantity of the first 10am feeding item."}},{"number":"11","flags":"*P118'","name":"10AM FEEDING #2","location":"1;3","type":"7","details":"118","inputTransform":"S DIC(\"S\")=\"I $P(^(0),U,3)'=\"\"Y\"\"\" D ^DIC K DIC S DIC=DIE,X=+Y K:Y<0 X","description":{"fmId":"-1","fmType":"5","type":"typed-literal","datatype":"http://www.w3.org/1999/02/22-rdf-syntax-ns#XMLLiteral","value":"This is the second supplemental feeding item for the 10am feeding."}},{"number":"11.5","flags":"NJ2,0","name":"10AM #2 QTY","location":"1;4","type":"2","inputTransform":"K:+X'=X!(X>20)!(X<1)!(X?.E1\".\"1N.N) X","description":{"fmId":"-1","fmType":"5","type":"typed-literal","datatype":"http://www.w3.org/1999/02/22-rdf-syntax-ns#XMLLiteral","value":"This is the quantity of the second 10am feeding item."}},{"number":"12","flags":"*P118'","name":"10AM FEEDING #3","location":"1;5","type":"7","details":"118","inputTransform":"S DIC(\"S\")=\"I $P(^(0),U,3)'=\"\"Y\"\"\" D ^DIC K DIC S DIC=DIE,X=+Y K:Y<0 X","description":{"fmId":"-1","fmType":"5","type":"typed-literal","datatype":"http://www.w3.org/1999/02/22-rdf-syntax-ns#XMLLiteral","value":"This is the third supplemental feeding item for the 10am feeding."}},{"number":"12.5","flags":"NJ2,0","name":"10AM #3 QTY","location":"1;6","type":"2","inputTransform":"K:+X'=X!(X>20)!(X<1)!(X?.E1\".\"1N.N) X","description":{"fmId":"-1","fmType":"5","type":"typed-literal","datatype":"http://www.w3.org/1999/02/22-rdf-syntax-ns#XMLLiteral","value":"This is the quantity of the third 10am feeding item."}},{"number":"13","flags":"*P118'","name":"10AM FEEDING #4","location":"1;7","type":"7","details":"118","inputTransform":"S DIC(\"S\")=\"I $P(^(0),U,3)'=\"\"Y\"\"\" D ^DIC K DIC S DIC=DIE,X=+Y K:Y<0 X","description":{"fmId":"-1","fmType":"5","type":"typed-literal","datatype":"http://www.w3.org/1999/02/22-rdf-syntax-ns#XMLLiteral","value":"This is the fourth supplemental feeding item for the 10am feeding."}},{"number":"13.5","flags":"NJ2,0","name":"10AM #4 QTY","location":"1;8","type":"2","inputTransform":"K:+X'=X!(X>20)!(X<1)!(X?.E1\".\"1N.N) X","description":{"fmId":"-1","fmType":"5","type":"typed-literal","datatype":"http://www.w3.org/1999/02/22-rdf-syntax-ns#XMLLiteral","value":"This is the quantity of the fourth 10am feeding item."}},{"number":"14","flags":"*P118'","name":"2PM FEEDING #1","location":"1;9","type":"7","details":"118","inputTransform":"S DIC(\"S\")=\"I $P(^(0),U,3)'=\"\"Y\"\"\" D ^DIC K DIC S DIC=DIE,X=+Y K:Y<0 X","description":{"fmId":"-1","fmType":"5","type":"typed-literal","datatype":"http://www.w3.org/1999/02/22-rdf-syntax-ns#XMLLiteral","value":"This is the first supplemental feeding item for the 2pm feeding."}},{"number":"14.5","flags":"NJ2,0","name":"2PM #1 QTY","location":"1;10","type":"2","inputTransform":"K:+X'=X!(X>20)!(X<1)!(X?.E1\".\"1N.N) X","description":{"fmId":"-1","fmType":"5","type":"typed-literal","datatype":"http://www.w3.org/1999/02/22-rdf-syntax-ns#XMLLiteral","value":"This is the quantity of the first 2pm feeding item."}},{"number":"15","flags":"*P118'","name":"2PM FEEDING #2","location":"1;11","type":"7","details":"118","inputTransform":"S DIC(\"S\")=\"I $P(^(0),U,3)'=\"\"Y\"\"\" D ^DIC K DIC S DIC=DIE,X=+Y K:Y<0 X","description":{"fmId":"-1","fmType":"5","type":"typed-literal","datatype":"http://www.w3.org/1999/02/22-rdf-syntax-ns#XMLLiteral","value":"This is the second supplemental feeding item for the 2pm feeding."}},{"number":"15.5","flags":"NJ2,0","name":"2PM #2 QTY","location":"1;12","type":"2","inputTransform":"K:+X'=X!(X>20)!(X<1)!(X?.E1\".\"1N.N) X","description":{"fmId":"-1","fmType":"5","type":"typed-literal","datatype":"http://www.w3.org/1999/02/22-rdf-syntax-ns#XMLLiteral","value":"This is the quantity of the second 2pm feeding item."}},{"number":"16","flags":"*P118'","name":"2PM FEEDING #3","location":"1;13","type":"7","details":"118","inputTransform":"S DIC(\"S\")=\"I $P(^(0),U,3)'=\"\"Y\"\"\" D ^DIC K DIC S DIC=DIE,X=+Y K:Y<0 X","description":{"fmId":"-1","fmType":"5","type":"typed-literal","datatype":"http://www.w3.org/1999/02/22-rdf-syntax-ns#XMLLiteral","value":"This is the third supplemental feeding item for the 2pm feeding."}},{"number":"16.5","flags":"NJ2,0","name":"2PM #3 QTY","location":"1;14","type":"2","inputTransform":"K:+X'=X!(X>20)!(X<1)!(X?.E1\".\"1N.N) X","description":{"fmId":"-1","fmType":"5","type":"typed-literal","datatype":"http://www.w3.org/1999/02/22-rdf-syntax-ns#XMLLiteral","value":"This is the quantity of the third 2pm feeding item."}},{"number":"17","flags":"*P118'","name":"2PM FEEDING #4","location":"1;15","type":"7","details":"118","inputTransform":"S DIC(\"S\")=\"I $P(^(0),U,3)'=\"\"Y\"\"\" D ^DIC K DIC S DIC=DIE,X=+Y K:Y<0 X","description":{"fmId":"-1","fmType":"5","type":"typed-literal","datatype":"http://www.w3.org/1999/02/22-rdf-syntax-ns#XMLLiteral","value":"This is the fourth supplemental feeding item for the 2pm feeding."}},{"number":"17.5","flags":"NJ2,0","name":"2PM #4 QTY","location":"1;16","type":"2","inputTransform":"K:+X'=X!(X>20)!(X<1)!(X?.E1\".\"1N.N) X","description":{"fmId":"-1","fmType":"5","type":"typed-literal","datatype":"http://www.w3.org/1999/02/22-rdf-syntax-ns#XMLLiteral","value":"This is the quantity of the fourth 2pm feeding item."}},{"number":"18","flags":"*P118'","name":"8PM FEEDING #1","location":"1;17","type":"7","details":"118","inputTransform":"S DIC(\"S\")=\"I $P(^(0),U,3)'=\"\"Y\"\"\" D ^DIC K DIC S DIC=DIE,X=+Y K:Y<0 X","description":{"fmId":"-1","fmType":"5","type":"typed-literal","datatype":"http://www.w3.org/1999/02/22-rdf-syntax-ns#XMLLiteral","value":"This is the first supplemental feeding item for the 8pm feeding."}},{"number":"18.5","flags":"NJ2,0","name":"8PM #1 QTY","location":"1;18","type":"2","inputTransform":"K:+X'=X!(X>20)!(X<1)!(X?.E1\".\"1N.N) X","description":{"fmId":"-1","fmType":"5","type":"typed-literal","datatype":"http://www.w3.org/1999/02/22-rdf-syntax-ns#XMLLiteral","value":"This is the quantity of the first 8pm feeding item."}},{"number":"19","flags":"*P118'","name":"8PM FEEDING #2","location":"1;19","type":"7","details":"118","inputTransform":"S DIC(\"S\")=\"I $P(^(0),U,3)'=\"\"Y\"\"\" D ^DIC K DIC S DIC=DIE,X=+Y K:Y<0 X","description":{"fmId":"-1","fmType":"5","type":"typed-literal","datatype":"http://www.w3.org/1999/02/22-rdf-syntax-ns#XMLLiteral","value":"This is the second supplemental feeding item for the 8pm feeding."}},{"number":"19.5","flags":"NJ2,0","name":"8PM #2 QTY","location":"1;20","type":"2","inputTransform":"K:+X'=X!(X>20)!(X<1)!(X?.E1\".\"1N.N) X","description":{"fmId":"-1","fmType":"5","type":"typed-literal","datatype":"http://www.w3.org/1999/02/22-rdf-syntax-ns#XMLLiteral","value":"This is the quantity of the second 8pm feeding item."}},{"number":"20","flags":"*P118'","name":"8PM FEEDING #3","location":"1;21","type":"7","details":"118","inputTransform":"S DIC(\"S\")=\"I $P(^(0),U,3)'=\"\"Y\"\"\" D ^DIC K DIC S DIC=DIE,X=+Y K:Y<0 X","description":{"fmId":"-1","fmType":"5","type":"typed-literal","datatype":"http://www.w3.org/1999/02/22-rdf-syntax-ns#XMLLiteral","value":"This is the third supplemental feeding item for the 8pm feeding."}},{"number":"20.5","flags":"NJ2,0","name":"8PM #3 QTY","location":"1;22","type":"2","inputTransform":"K:+X'=X!(X>20)!(X<1)!(X?.E1\".\"1N.N) X","description":{"fmId":"-1","fmType":"5","type":"typed-literal","datatype":"http://www.w3.org/1999/02/22-rdf-syntax-ns#XMLLiteral","value":"This is the quantity of the third 8pm feeding item."}},{"number":"21","flags":"*P118'","name":"8PM FEEDING #4","location":"1;23","type":"7","details":"118","inputTransform":"S DIC(\"S\")=\"I $P(^(0),U,3)'=\"\"Y\"\"\" D ^DIC K DIC S DIC=DIE,X=+Y K:Y<0 X","description":{"fmId":"-1","fmType":"5","type":"typed-literal","datatype":"http://www.w3.org/1999/02/22-rdf-syntax-ns#XMLLiteral","value":"This is the fourth supplemental feeding item for the 8pm feeding."}},{"number":"21.5","flags":"NJ2,0","name":"8PM #4 QTY","location":"1;24","type":"2","inputTransform":"K:+X'=X!(X>20)!(X<1)!(X?.E1\".\"1N.N) X","description":{"fmId":"-1","fmType":"5","type":"typed-literal","datatype":"http://www.w3.org/1999/02/22-rdf-syntax-ns#XMLLiteral","value":"This is the quantity of the fourth 8pm feeding item."}},{"number":"99","flags":"S","name":"INACTIVE?","location":"I;1","type":"3","details":"Y:YES;N:NO;","description":{"fmId":"-1","fmType":"5","type":"typed-literal","datatype":"http://www.w3.org/1999/02/22-rdf-syntax-ns#XMLLiteral","value":"This field, if answered YES, will prohibit further selection\rof this Supplemental Feeding Menu by dietetic personnel."}}],"fmql":{"OP":"DESCRIBE TYPE","TYPE":"118_1","TYPELABEL":"SUPPLEMENTAL FEEDING MENU"}}