{"name":"ANESTHESIA SUPERVISOR CODES","number":"132.95","location":"^SRO(132.95,","count":"9","lastIEN":"9","description":{"fmId":"-1","fmType":"5","type":"typed-literal","datatype":"http://www.w3.org/1999/02/22-rdf-syntax-ns#XMLLiteral","value":"This file is pointed to by the ANES SUPERVISE CODE in the Surgery\rfile.  It contains the codes representing the highest level of \rsupervision for the anesthesiology supervisor.  Sites should NOT make\radditional entries to this file."},"version":"3","fields":[{"number":".01","flags":"RFI","name":"NAME","location":"0;1","index":"B","type":"4","inputTransform":"K:$L(X)>50!($L(X)<3)!'(X'?1P.E) X","description":{"fmId":"-1","fmType":"5","type":"typed-literal","datatype":"http://www.w3.org/1999/02/22-rdf-syntax-ns#XMLLiteral","value":"This is the name of the Anesthesia Supervisor Code.\r "}},{"number":"1","flags":"FI","name":"CODE","location":"0;2","index":"C","type":"4","inputTransform":"K:X[\"\"\"\"!($A(X)=45) X I $D(X) K:$L(X)>10!($L(X)<1) X","description":{"fmId":"-1","fmType":"5","type":"typed-literal","datatype":"http://www.w3.org/1999/02/22-rdf-syntax-ns#XMLLiteral","value":"This is the code corresponding to the principal anesthetist's level\rof supervision.\r "}},{"number":"2","flags":"132.952","name":"DESCRIPTION","location":"1;0","type":"5","description":{"fmId":"-1","fmType":"5","type":"typed-literal","datatype":"http://www.w3.org/1999/02/22-rdf-syntax-ns#XMLLiteral","value":"This is a description of the anesthesia supervisor code.\r "}}],"fmql":{"OP":"DESCRIBE TYPE","TYPE":"132_95","TYPELABEL":"ANESTHESIA SUPERVISOR CODES"}}