{"name":"GMRY NUR SHIFT/OTHER","number":"126.95","location":"^GMRD(126.95,","count":"1","lastIEN":"1","description":{"fmId":"-1","fmType":"5","type":"typed-literal","datatype":"http://www.w3.org/1999/02/22-rdf-syntax-ns#XMLLiteral","value":"This file contains the various site configurable parameters for the\rIntake and Output application."},"version":"4.0","vpackage":"GEN. MED. REC. - I/O","fields":[{"number":".01","flags":"RFXI","name":"NAME","location":"0;1","index":"B","type":"4","inputTransform":"K:$L(X)>30!($L(X)<1)!'(X'?1P.E) X I $D(X) K:$D(^GMRD(126.95,1,0)) X S:'$D(^GMRD(126.95,1,0)) DINUM=1","description":{"fmId":"-1","fmType":"5","type":"typed-literal","datatype":"http://www.w3.org/1999/02/22-rdf-syntax-ns#XMLLiteral","value":"This is an arbitrary name for the single entry in this file."}},{"number":"1","flags":"RFX","name":"NIGHT","location":"1;1","type":"4","inputTransform":"D MHOUR^GMRYUT11 K:X=\"\" X","description":{"fmId":"-1","fmType":"5","type":"typed-literal","datatype":"http://www.w3.org/1999/02/22-rdf-syntax-ns#XMLLiteral","value":"This field stores the starting hour for the night shift in military text \rformat.  For example: 2300.  Only one entry is required.  This data is used\rto print a patient intake/output report by shift."}},{"number":"2","flags":"RFX","name":"DAY","location":"1;2","type":"4","inputTransform":"D MHOUR^GMRYUT11 K:X=\"\" X","description":{"fmId":"-1","fmType":"5","type":"typed-literal","datatype":"http://www.w3.org/1999/02/22-rdf-syntax-ns#XMLLiteral","value":"This field stores the starting hour for the day shift.  For example: 0700."}},{"number":"3","flags":"RFX","name":"EVENING","location":"1;3","type":"4","inputTransform":"D MHOUR^GMRYUT11 K:X=\"\" X","description":{"fmId":"-1","fmType":"5","type":"typed-literal","datatype":"http://www.w3.org/1999/02/22-rdf-syntax-ns#XMLLiteral","value":"This field stores the starting hour for the evening shift such as 1500."}},{"number":"4","flags":"RNJ3,0","name":"ML'S OF FLUSH","location":"1;4","type":"2","inputTransform":"K:+X'=X!(X>100)!(X<1)!(X?.E1\".\"1N.N) X","description":{"fmId":"-1","fmType":"5","type":"typed-literal","datatype":"http://www.w3.org/1999/02/22-rdf-syntax-ns#XMLLiteral","value":"This field identifies a default value for the amount of solution generally \rused in flushing IV ports and locks."}},{"number":"5","flags":"S","name":"GMRY ON/OFF LINE","location":"OFF;1","type":"3","details":"1:OFF-LINE;0:ON-LINE;","description":{"fmId":"-1","fmType":"5","type":"typed-literal","datatype":"http://www.w3.org/1999/02/22-rdf-syntax-ns#XMLLiteral","value":"The manager can set this field to enable or disable the application."}}],"fmql":{"OP":"DESCRIBE TYPE","TYPE":"126_95","TYPELABEL":"GMRY NUR SHIFT/OTHER"}}