{"name":"PERSON FIELD RESTRICTION","number":"131","location":"^SRP(","count":"32","lastIEN":"35","description":{"fmId":"-1","fmType":"5","type":"typed-literal","datatype":"http://www.w3.org/1999/02/22-rdf-syntax-ns#XMLLiteral","value":"This file is used to restrict entries into 'person' type fields in\rother files.  Each entry will contain a field name, file number,\rfield number, and (site determined) keys to restrict entries.  Fields\rin other files that will be restricted will call the routine SROXPR\ras part of the input transform.  This will determine whether there\rare any restrictions and if so, whether the person selected has the\rproper keys to be entered into this field."},"fields":[{"number":".01","flags":"RF","name":"FIELD IDENTIFIER","location":"0;1","index":"B","type":"4","inputTransform":"K:$L(X)>30!($L(X)<3)!'(X'?1P.E) X","description":{"fmId":"-1","fmType":"5","type":"typed-literal","datatype":"http://www.w3.org/1999/02/22-rdf-syntax-ns#XMLLiteral","value":"This is the field identifier.  It is the combination of a file (or\rsub-file) number and field number.  These numbers are separated by\ra comma.  Examples of typical entries are listed below.\r \r  1. 130,.14   <-------- 130 is the file number of the SURGERY file\r                         and .14 is the field number of the SURGEON\r                         field contained in that file.\r \r  2. 130.28,.01 <------- 130.28 is the sub-file number of the OR\r                         CIRC SUPPORT sub-file of the SURGERY file.\r                         .01 is the OR CIRC SUPPORT field within the\r                         sub-file.\r "}},{"number":"3","flags":"131.03","name":"KEYS","location":"1;0","type":"9","details":"131.03","description":{"fmId":"-1","fmType":"5","type":"typed-literal","datatype":"http://www.w3.org/1999/02/22-rdf-syntax-ns#XMLLiteral","value":"This field contains the key(s) used to restrict entries into this\rfield. "}},{"number":"4","flags":"S","name":"MODIFY LOCALLY","location":"0;4","type":"3","details":"1:YES;0:NO;","description":{"fmId":"-1","fmType":"5","type":"typed-literal","datatype":"http://www.w3.org/1999/02/22-rdf-syntax-ns#XMLLiteral","value":"This determines whether the keys associated with this field can be\rmodified at each individual medical center.  If this field is set to\r'0', only the keys created by the initialization of the package will\rbe used to restrict entries.  The deletion or addition of keys will\rnot be allowed.\r "}},{"number":"5","flags":"131.05","name":"COMMENTS","location":"2;0","type":"5","description":{"fmId":"-1","fmType":"5","type":"typed-literal","datatype":"http://www.w3.org/1999/02/22-rdf-syntax-ns#XMLLiteral","value":"This contains any special comments related to this field or the keys\rused to restrict entries into it. \r "}}],"fmql":{"OP":"DESCRIBE TYPE","TYPE":"131","TYPELABEL":"PERSON FIELD RESTRICTION"}}