{"name":"ID BAND MARKED","number":"120.814","parent":"120.8","fields":[{"number":".01","flags":"DX","name":"DATE/TIME","location":"0;1","index":"B","type":"1","inputTransform":"S %DT=\"EPSTXR\",%DT(0)=\"-NOW\" D ^%DT K %DT(0) S X=Y K:Y<1 X","description":{"fmId":"-1","fmType":"5","type":"typed-literal","datatype":"http://www.w3.org/1999/02/22-rdf-syntax-ns#XMLLiteral","value":"This is the date/time the user indicated to the ATS that the patient's ID\rBand was marked for this reactant."}},{"number":"1","flags":"P200'I","name":"USER ENTERING","location":"0;2","type":"7","details":"200","description":{"fmId":"-1","fmType":"5","type":"typed-literal","datatype":"http://www.w3.org/1999/02/22-rdf-syntax-ns#XMLLiteral","value":"This is the user who indicated the ID band was marked."}}],"fmql":{"OP":"DESCRIBE TYPE","TYPE":"120_814","TYPELABEL":"ID BAND MARKED"}}