{"name":"MONITORS","number":"130.41","parent":"130","fields":[{"number":".01","flags":"*P133.4'X","name":"MONITORS","location":"0;1","type":"7","details":"133.4","inputTransform":"S DIC(\"S\")=\"I '$P(^(0),U,2)\" D ^DIC K DIC S DIC=DIE,X=+Y K:Y<0 X","description":{"fmId":"-1","fmType":"5","type":"typed-literal","datatype":"http://www.w3.org/1999/02/22-rdf-syntax-ns#XMLLiteral","value":"This is the physiologic monitor used during this case.  More than one\rmonitor may be entered.  The information entered appears as part of the\ranesthesia record.\r "}},{"number":"1","flags":"DX","name":"TIME INSTALLED","location":"0;2","type":"1","inputTransform":"S Z=$E($P(^SRF($S($D(SRTN):SRTN,1:D0),0),U,9),1,7) D TIME^SROVAR K:Y<1 X","description":{"fmId":"-1","fmType":"5","type":"typed-literal","datatype":"http://www.w3.org/1999/02/22-rdf-syntax-ns#XMLLiteral","value":"This is the time that the monitor was applied to the patient.  Times\rentered without a date will be converted to the date of operation at\rthat time.\r "}},{"number":"2","flags":"DX","name":"TIME REMOVED","location":"0;3","type":"1","inputTransform":"S SRSUB=27,SRP=2 D OFF1^SROVAR S %DT=\"ERTX\" D ^%DT S X=Y K:Y<1 X","description":{"fmId":"-1","fmType":"5","type":"typed-literal","datatype":"http://www.w3.org/1999/02/22-rdf-syntax-ns#XMLLiteral","value":"This is the date and time that the monitor was removed from the\rpatient.  Times entered without a date will be converted to the\rdate of operation at that time.\r "}},{"number":"3","flags":"*P200'","name":"APPLIED BY","location":"0;4","type":"7","details":"200","inputTransform":"S DIC(\"S\")=\"S RESTRICT=\"\"130.41,3\"\" D KEY^SROXPR I $D(SROK)\" D ^DIC K DIC S DIC=DIE,X=+Y K:Y<0 X","description":{"fmId":"-1","fmType":"5","type":"typed-literal","datatype":"http://www.w3.org/1999/02/22-rdf-syntax-ns#XMLLiteral","value":"This is the name of the person responsible for applying the monitor\rto the patient.  Although optional, this information may be useful\rin documentation for this case.\r "}}],"fmql":{"OP":"DESCRIBE TYPE","TYPE":"130_41","TYPELABEL":"MONITORS"}}