{"name":"EFFECTIVE DATE/TIME","number":"120.8399","parent":"120.83","fields":[{"number":".01","flags":"RDI","name":"EFFECTIVE DATE/TIME","location":"0;1","index":"B","type":"1","inputTransform":"S %DT=\"ESTX\" D ^%DT S X=Y K:Y<1 X","description":{"fmId":"-1","fmType":"5","type":"typed-literal","datatype":"http://www.w3.org/1999/02/22-rdf-syntax-ns#XMLLiteral","value":"This is the date/time when the status of the reference term was\restablished"}},{"number":".02","flags":"RSI","name":"STATUS","location":"0;2","type":"3","details":"1:ACTIVE;0:INACTIVE;","description":{"fmId":"-1","fmType":"5","type":"typed-literal","datatype":"http://www.w3.org/1999/02/22-rdf-syntax-ns#XMLLiteral","value":"The status of a reference term is either 'ACTIVE' or 'INACTIVE'.  If\r'ACTIVE', then the term will be accessible by end-users to \rdocument a particular patient event.  If 'INACTIVE', then the term will\ronly be accessible by the application to display legacy data."}}],"fmql":{"OP":"DESCRIBE TYPE","TYPE":"120_8399","TYPELABEL":"EFFECTIVE DATE/TIME"}}