{"name":"PROCEDURE TYPE","number":"123.5101","parent":"123.5","fields":[{"number":".01","flags":"M*P101'","name":"PROCEDURE TYPE","location":"0;1","index":"B","type":"7","details":"101","inputTransform":"S DIC(\"S\")=\"I $E(^(0),1,5)=\"\"GMRCR\"\"\" D ^DIC K DIC S DIC=DIE,X=+Y K:Y<0 X","description":{"fmId":"-1","fmType":"5","type":"typed-literal","datatype":"http://www.w3.org/1999/02/22-rdf-syntax-ns#XMLLiteral","value":"This field is no longer used for associating a prcedure with a particular \rConsult service.  Use the RELATED SERVICES field in the GMRC PROCEDURE \r(#123.3) file for this purpose.\r \rThis field will be deleted in the future."}}],"fmql":{"OP":"DESCRIBE TYPE","TYPE":"123_5101","TYPELABEL":"PROCEDURE TYPE"}}