{"name":"AREAS OF RESEARCH","number":"117.356","parent":"117.3","fields":[{"number":".01","flags":"MRS","name":"AREAS OF RESEARCH","location":"0;1","index":"B","type":"3","details":"1:CLINICAL;2:COMMUNITY;3:COST/BENEFIT;4:EDUCATION;5:MANAGEMENT;","description":{"fmId":"-1","fmType":"5","type":"typed-literal","datatype":"http://www.w3.org/1999/02/22-rdf-syntax-ns#XMLLiteral","value":"This field contains Areas of Research under Unfunded Nutrition\rResearch."}}],"fmql":{"OP":"DESCRIBE TYPE","TYPE":"117_356","TYPELABEL":"AREAS OF RESEARCH"}}