{"name":"MEAL","number":"116.1","location":"^FH(116.1,","description":{"fmId":"-1","fmType":"5","type":"typed-literal","datatype":"http://www.w3.org/1999/02/22-rdf-syntax-ns#XMLLiteral","value":"This file contains the various meals served by the institution. A\rmeal consists of all recipes prepared for a breakfast, noon, or\revening meal as well as the production diets associated with\reach recipe. In turn, the production diet entry may indicate the\rpercentage of that recipe that is to be served in a cafeteria\ror by tray."},"version":"5.5","vpackage":"DIETETICS","fields":[{"number":".01","flags":"RF","name":"NAME","location":"0;1","index":"B","type":"4","inputTransform":"K:$L(X)>30!(X?.N)!($L(X)<3)!'(X'?1P.E)!(X'?.ANP) X","description":{"fmId":"-1","fmType":"5","type":"typed-literal","datatype":"http://www.w3.org/1999/02/22-rdf-syntax-ns#XMLLiteral","value":"This is the name of a meal which is a collection of all\rrecipes which will be served at a given breakfast, noon\ror evening meal."}},{"number":"1","flags":"116.11P","name":"RECIPE","location":"RE;0","type":"9","details":"116.11","description":{"fmId":"-1","fmType":"5","type":"typed-literal","datatype":"http://www.w3.org/1999/02/22-rdf-syntax-ns#XMLLiteral","value":"This multiple contains the various recipes which will be\rserved for the meal."}},{"number":"99","flags":"S","name":"INACTIVE?","location":"I;1","type":"3","details":"Y:YES;N:NO;","description":{"fmId":"-1","fmType":"5","type":"typed-literal","datatype":"http://www.w3.org/1999/02/22-rdf-syntax-ns#XMLLiteral","value":"This field, if answered YES, will prohibit\rfurther selection of this entry."}}],"fmql":{"OP":"DESCRIBE TYPE","TYPE":"116_1","TYPELABEL":"MEAL"}}