{"name":"INCLUDED PACKAGES","number":"100.67","parent":"100.6","fields":[{"number":".01","flags":"M*P9.4'","name":"TYPE OF ORDERS TO DC","location":"0;1","index":"B","type":"7","details":"9.4","inputTransform":"S DIC(\"S\")=\"I \"\"^GMRC^FH^LR^PSJ^PSO^PSIV^RA^OR^VBEC^\"\"[(\"\"^\"\"_$P(^(0),U,2)_\"\"^\"\")\" D ^DIC K DIC S DIC=DIE,X=+Y K:Y<0 X","description":{"fmId":"-1","fmType":"5","type":"typed-literal","datatype":"http://www.w3.org/1999/02/22-rdf-syntax-ns#XMLLiteral","value":"This is a package whose active orders are to be automatically \rdiscontinued when the conditions of this rule are satisfied."}}],"fmql":{"OP":"DESCRIBE TYPE","TYPE":"100_67","TYPELABEL":"INCLUDED PACKAGES"}}