{"name":"SAMPLE DATA","number":"102.241","parent":"102.24","fields":[{"number":".01","flags":"MF","name":"VALUE","location":"0;1","index":"B","type":"4","inputTransform":"K:$L(X)>80!($L(X)<1) X","description":{"fmId":"-1","fmType":"5","type":"typed-literal","datatype":"http://www.w3.org/1999/02/22-rdf-syntax-ns#XMLLiteral","value":"This value should be either a string of text or a date/time in internal\rFileman format."}}],"fmql":{"OP":"DESCRIBE TYPE","TYPE":"102_241","TYPELABEL":"SAMPLE DATA"}}