{"name":"REQUIRED FIELDS FOR SCHEDULING","number":"133.028","parent":"133","fields":[{"number":".01","flags":"M*P130'X","name":"REQUIRED FIELDS FOR SCHEDULING","location":"0;1","index":"B","type":"7","details":"130","inputTransform":"S DIC(\"S\")=\"I Y'=.01,Y'=.04,Y'=.09,Y'=.14,Y'=26,'+$P(^(0),U,2)\" D ^DIC K DIC S DIC=DIE,X=+Y K:Y<0 X","description":{"fmId":"-1","fmType":"5","type":"typed-literal","datatype":"http://www.w3.org/1999/02/22-rdf-syntax-ns#XMLLiteral","value":"This is the name of a field which must have information entered prior\rto scheduling.  If this field does not have the information entered,\rscheduling will be prohibited.  \r "}},{"number":"1","flags":"133.281","name":"COMMENTS","location":"1;0","type":"5","description":{"fmId":"-1","fmType":"5","type":"typed-literal","datatype":"http://www.w3.org/1999/02/22-rdf-syntax-ns#XMLLiteral","value":"This contains any comments related to why this field was included as a\rrequirement for scheduling.\r "}}],"fmql":{"OP":"DESCRIBE TYPE","TYPE":"133_028","TYPELABEL":"REQUIRED FIELDS FOR SCHEDULING"}}