{"name":"INCLUDED TREATING SPECIALTIES","number":"100.51","parent":"100.5","fields":[{"number":".01","flags":"M*P45.7'","name":"INCLUDED TREATING SPECIALTIES","location":"0;1","index":"B","type":"7","details":"45.7","inputTransform":"S DIC(\"S\")=\"I $G(^ORD(100.5,$G(DA(1),DA),1))!('$G(^ORD(100.5,$G(DA(1),DA),1))&'$$INUSE^OREV1(\"\"TS\"\"))\" D ^DIC K DIC S DIC=DIE,X=+Y K:Y<0 X","description":{"fmId":"-1","fmType":"5","type":"typed-literal","datatype":"http://www.w3.org/1999/02/22-rdf-syntax-ns#XMLLiteral","value":"This is a treating specialty that can satisfy this event; if defined,\rthen the patient's new specialty must match one in this list for any\rdelayed orders to be released.  A specialty may only be included in one\ractive delay event at a time.\r \rIf locations are also defined for this event then both the treating\rspecialty and the location must match for orders to be released."}},{"number":"1","flags":"*S","name":"DEFAULT","location":"0;2","index":"DEF","type":"3","details":"1:YES;"}],"fmql":{"OP":"DESCRIBE TYPE","TYPE":"100_51","TYPELABEL":"INCLUDED TREATING SPECIALTIES"}}