{"name":"SYSTEM PARAMETERS","number":"100.992","parent":"100.99","fields":[{"number":".001","flags":"NJ4,0X","name":"NUMBER","type":"6","computation":"K:+X'=X!(X>9999)!(X<1)!(X?.E1\".\"1N.N) X I $D(X) S:'(X#10) X=X+1","description":{"fmId":"-1","fmType":"5","type":"typed-literal","datatype":"http://www.w3.org/1999/02/22-rdf-syntax-ns#XMLLiteral","value":"This is the number of the entry."}},{"number":".01","flags":"MRF","name":"SYSTEM PARAMETERS","location":"0;1","index":"B","type":"4","inputTransform":"K:$L(X)>20!($L(X)<1) X","description":{"fmId":"-1","fmType":"5","type":"typed-literal","datatype":"http://www.w3.org/1999/02/22-rdf-syntax-ns#XMLLiteral","value":"This is the name of the system as found in the global node\r^%ZOSF(\"VOL\").  An entry should be made here for each CPU\rsystem that generates orders."}},{"number":"1","flags":"SI","name":"EVENT FILER SHUTDOWN","location":"0;2","type":"3","details":"0:NO;1:YES;","description":{"fmId":"-1","fmType":"5","type":"typed-literal","datatype":"http://www.w3.org/1999/02/22-rdf-syntax-ns#XMLLiteral","value":"This field is used by the option ORTRNOFF to shutdown the\rOE/RR background filer. It is not to be edited."}}],"fmql":{"OP":"DESCRIBE TYPE","TYPE":"100_992","TYPELABEL":"SYSTEM PARAMETERS"}}