{"name":"DELAY CAUSE","number":"130.042","parent":"130","fields":[{"number":".01","flags":"*P132.4'","name":"DELAY CAUSE","location":"0;1","index":"B","type":"7","details":"132.4","inputTransform":"S DIC(\"S\")=\"I '$P(^(0),U,2)\" D ^DIC K DIC S DIC=DIE,X=+Y K:Y<0 X","description":{"fmId":"-1","fmType":"5","type":"typed-literal","datatype":"http://www.w3.org/1999/02/22-rdf-syntax-ns#XMLLiteral","value":"This is the reason why the operative procedure did not begin at\rthe scheduled start time.\r "}},{"number":"1","flags":"NJ3,0O","name":"DELAY TIME","location":"0;2","type":"2","inputTransform":"K:+X'=X!(X>600)!(X<1)!(X?.E1\".\"1N.N) X","description":{"fmId":"-1","fmType":"5","type":"typed-literal","datatype":"http://www.w3.org/1999/02/22-rdf-syntax-ns#XMLLiteral","value":"This is the number of minutes (1-600) that this case was delayed due\rto this cause.  Although optional, this information will appear on the\rReport of Delayed Operations.\r "}},{"number":"2","flags":"130.422","name":"DELAY COMMENTS","location":"1;0","type":"5","description":{"fmId":"-1","fmType":"5","type":"typed-literal","datatype":"http://www.w3.org/1999/02/22-rdf-syntax-ns#XMLLiteral","value":"This contains comments related to the delay cause.\r "}}],"fmql":{"OP":"DESCRIBE TYPE","TYPE":"130_042","TYPELABEL":"DELAY CAUSE"}}