{"name":"OTHER PROCEDURE CPT MODIFIERS","number":"136.31","parent":"136.03","fields":[{"number":".01","flags":"M*P81.3'O","name":"OTHER PROCEDURE CPT MODIFIER","location":"0;1","type":"7","details":"81.3","inputTransform":"S DIC(\"S\")=\"I $$OTH^SROMOD0\" D ^DIC K DIC S DIC=DIE,X=+Y K:Y<0 X","description":{"fmId":"-1","fmType":"5","type":"typed-literal","datatype":"http://www.w3.org/1999/02/22-rdf-syntax-ns#XMLLiteral","value":"This is a procedural coding modifier used to indicate that the other\rprocedure performed has been altered by some specific circumstance but \rnot changed in its definition or code."}}],"fmql":{"OP":"DESCRIBE TYPE","TYPE":"136_31","TYPELABEL":"OTHER PROCEDURE CPT MODIFIERS"}}