{"name":"PATIENT","number":"133.801","parent":"133.8","fields":[{"number":".01","flags":"RP2'","name":"PATIENT","location":"0;1","index":"B","type":"7","details":"2","description":{"fmId":"-1","fmType":"5","type":"typed-literal","datatype":"http://www.w3.org/1999/02/22-rdf-syntax-ns#XMLLiteral","value":"This is the name of the patient who will be put on the Waiting List\rfor the Surgical Specialty selected.\r "}},{"number":"1","flags":"RFX","name":"OPERATION","location":"0;2","type":"4","inputTransform":"K:X[\"\"\"\"!($A(X)=45) X D:$D(X) WL^SROPROC","description":{"fmId":"-1","fmType":"5","type":"typed-literal","datatype":"http://www.w3.org/1999/02/22-rdf-syntax-ns#XMLLiteral","value":"This is the name of the principal operative procedure.  When this\rpatient is scheduled from the Waiting List, the procedure name\rentered will automatically get carried over to the Schedule.\r \rThe name of the principal procedure must not contain '@', '^', ';',\r'?' or '\"' and must contain at least one space in every 31 characters\rof length."}},{"number":"2","flags":"RD","name":"DATE ENTERED ON LIST","location":"0;3","type":"1","inputTransform":"S %DT=\"ET\" D ^%DT S X=Y K:Y<1 X","description":{"fmId":"-1","fmType":"5","type":"typed-literal","datatype":"http://www.w3.org/1999/02/22-rdf-syntax-ns#XMLLiteral","value":"This is the date/time that the patient was entered on the Waiting List.\rWhen displaying the list, entries are printed in the order in which\rthey were entered.\r "}},{"number":"3","flags":"133.8013A","name":"REFERRING PHYSICIAN","location":"1;0","type":"9","details":"133.8013","description":{"fmId":"-1","fmType":"5","type":"typed-literal","datatype":"http://www.w3.org/1999/02/22-rdf-syntax-ns#XMLLiteral","value":"This is the name of the referring physician.  Information related\rto the referring physician is optional.\r "}},{"number":"4","flags":"133.8014","name":"COMMENTS","location":"2;0","type":"5","description":{"fmId":"-1","fmType":"5","type":"typed-literal","datatype":"http://www.w3.org/1999/02/22-rdf-syntax-ns#XMLLiteral","value":"These are comments related to this patient which may be helpful\rwhen requesting this procedure.\r "}},{"number":"5","flags":"D","name":"TENTATIVE ADMISSION DATE","location":"0;4","type":"1","inputTransform":"S %DT=\"E\" D ^%DT S X=Y K:Y<1 X","description":{"fmId":"-1","fmType":"5","type":"typed-literal","datatype":"http://www.w3.org/1999/02/22-rdf-syntax-ns#XMLLiteral","value":"This field contains the expected admission date for this patient.\rThe information is not required, but should be entered if known.\r "}},{"number":"6","flags":"D","name":"TENTATIVE DATE OF OPERATION","location":"0;5","type":"1","inputTransform":"S %DT=\"E\" D ^%DT S X=Y K:Y<1 X","description":{"fmId":"-1","fmType":"5","type":"typed-literal","datatype":"http://www.w3.org/1999/02/22-rdf-syntax-ns#XMLLiteral","value":"This is the estimated date of operation for this procedure.\r "}},{"number":"16","flags":"S","name":"SERVICE CONNECTED","location":"0;16","type":"3","details":"1:YES;0:NO;","description":{"fmId":"-1","fmType":"5","type":"typed-literal","datatype":"http://www.w3.org/1999/02/22-rdf-syntax-ns#XMLLiteral","value":"This field will be used to indicate if this surgery is treating a VA\rpatient for a service connected problem.  This information may be passed\rto the VISIT file (#9000010) to be used by PCE."}},{"number":"17","flags":"S","name":"AGENT ORANGE EXPOSURE","location":"0;17","type":"3","details":"1:YES;0:NO;","description":{"fmId":"-1","fmType":"5","type":"typed-literal","datatype":"http://www.w3.org/1999/02/22-rdf-syntax-ns#XMLLiteral","value":"This field will be used to indicate if this surgery is treating a VA\rpatient for a problem that is related to Agent Orange Exposure.  This\rinformation may be passed to the VISIT file (#9000010) to be used by PCE."}},{"number":"18","flags":"S","name":"IONIZING RADIATION EXPOSURE","location":"0;18","type":"3","details":"1:YES;0:NO;","description":{"fmId":"-1","fmType":"5","type":"typed-literal","datatype":"http://www.w3.org/1999/02/22-rdf-syntax-ns#XMLLiteral","value":"This field will be used to indicate if this surgery is treating a VA\rpatient for a problem that is related to Ionizing Radiation Exposure. This\rinformation may be passed to the VISIT file (#9000010) to be used by PCE."}},{"number":"19","flags":"S","name":"SOUTHWEST ASIA CONDITIONS","location":"0;19","type":"3","details":"1:YES;0:NO;","description":{"fmId":"-1","fmType":"5","type":"typed-literal","datatype":"http://www.w3.org/1999/02/22-rdf-syntax-ns#XMLLiteral","value":"This field will be used to indicate if this surgery is treating a VA\rpatient for a problem related to service in SW Asia.  This information \rmay be passed to the VISIT file (#9000010) to be used by PCE."}},{"number":"20","flags":"S","name":"CLASSIFICATION ENTERED (Y/N)","location":"0;20","type":"3","details":"1:YES;0:NO;","description":{"fmId":"-1","fmType":"5","type":"typed-literal","datatype":"http://www.w3.org/1999/02/22-rdf-syntax-ns#XMLLiteral","value":"This field indicates whether or not classification items have been\raddressed. This field is used by the software to decide whether to allow\rthe user a choice to update classification information.  If the field is\rNO or null, it will not permit a choice if the site parameter to enter\rclassification information is turned on."}},{"number":"21","flags":"S","name":"MILITARY SEXUAL TRAUMA","location":"0;21","type":"3","details":"1:YES;0:NO;","description":{"fmId":"-1","fmType":"5","type":"typed-literal","datatype":"http://www.w3.org/1999/02/22-rdf-syntax-ns#XMLLiteral","value":"This field will be used to indicate if this surgery is treating a VA\rpatient for a problem related to military sexual trauma.  This information\rmay be passed to the VISIT file (#9000010) to be used by PCE."}},{"number":"22","flags":"S","name":"HEAD AND/OR NECK CANCER","location":"0;22","type":"3","details":"1:YES;0:NO;","description":{"fmId":"-1","fmType":"5","type":"typed-literal","datatype":"http://www.w3.org/1999/02/22-rdf-syntax-ns#XMLLiteral","value":"This field will be used to indicate if this surgery is treating a VA\rpatient for a problem related to Head and/or Neck Cancer.  This\rinformation may be passed to the VISIT file (#9000010) to be used by PCE."}},{"number":"23","flags":"S","name":"COMBAT VET","location":"0;23","type":"3","details":"1:YES;0:NO;","description":{"fmId":"-1","fmType":"5","type":"typed-literal","datatype":"http://www.w3.org/1999/02/22-rdf-syntax-ns#XMLLiteral","value":"This field will be used to indicate if this surgery or non-OR procedure \ris treating a VA patient for a problem that is related to Combat.  This \rinformation may be passed to the VISIT file (#9000010) for use by PCE."}},{"number":"24","flags":"S","name":"PROJ 112/SHAD","location":"0;24","type":"3","details":"1:YES;0:NO;","description":{"fmId":"-1","fmType":"5","type":"typed-literal","datatype":"http://www.w3.org/1999/02/22-rdf-syntax-ns#XMLLiteral","value":"This field will be used to indicate if this surgery or non-OR procedure \ris treating a VA patient for a problem that is related to PROJECT \r112/SHAD.  This information may be passed to the VISIT file (#9000010) \rfor use by PCE."}}],"fmql":{"OP":"DESCRIBE TYPE","TYPE":"133_801","TYPELABEL":"PATIENT"}}