{"name":"REFERRING PHYSICIAN","number":"130.03","parent":"130","fields":[{"number":".01","flags":"FX","name":"REFERRING PHYSICIAN","location":"0;1","index":"B","type":"4","inputTransform":"D REFPHY^SROWL K:$L(X)>50!($L(X)<1) X","description":{"fmId":"-1","fmType":"5","type":"typed-literal","datatype":"http://www.w3.org/1999/02/22-rdf-syntax-ns#XMLLiteral","value":"This is the name of the referring physician, or medical center.  Although\roptional, this information may be useful in documentation of this case.\r "}},{"number":"1","flags":"F","name":"STREET ADDRESS","location":"0;2","type":"4","inputTransform":"K:$L(X)>75!($L(X)<1) X","description":{"fmId":"-1","fmType":"5","type":"typed-literal","datatype":"http://www.w3.org/1999/02/22-rdf-syntax-ns#XMLLiteral","value":"This is the street address of the referring physician."}},{"number":"2","flags":"F","name":"CITY","location":"0;3","type":"4","inputTransform":"K:$L(X)>45!($L(X)<1) X","description":{"fmId":"-1","fmType":"5","type":"typed-literal","datatype":"http://www.w3.org/1999/02/22-rdf-syntax-ns#XMLLiteral","value":"This is the city of the referring physician."}},{"number":"3","flags":"P5'","name":"STATE","location":"0;4","type":"7","details":"5","description":{"fmId":"-1","fmType":"5","type":"typed-literal","datatype":"http://www.w3.org/1999/02/22-rdf-syntax-ns#XMLLiteral","value":"This is the state of the referring physician.\r "}},{"number":"4","flags":"F","name":"ZIP CODE","location":"0;5","type":"4","inputTransform":"K:$L(X)>10!($L(X)<5)!'(X?.N) X","description":{"fmId":"-1","fmType":"5","type":"typed-literal","datatype":"http://www.w3.org/1999/02/22-rdf-syntax-ns#XMLLiteral","value":"This is the zip code of the referring physician.\r "}},{"number":"5","flags":"F","name":"PHONE NUMBER","location":"0;6","type":"4","inputTransform":"K:$L(X)>14!($L(X)<1) X","description":{"fmId":"-1","fmType":"5","type":"typed-literal","datatype":"http://www.w3.org/1999/02/22-rdf-syntax-ns#XMLLiteral","value":"This is the referring physician's telephone number.\r "}},{"number":"6","flags":"P200'","name":"REF PHY 200 LINK","location":"0;7","type":"7","details":"200","description":{"fmId":"-1","fmType":"5","type":"typed-literal","datatype":"http://www.w3.org/1999/02/22-rdf-syntax-ns#XMLLiteral","value":"Field (not accessed by the user) is a pointer to the NEW PERSON file. It \ris  populated when a Referring Physician is selected from the NEW PERSON \rfile with the record number from NEW PERSON file."}}],"fmql":{"OP":"DESCRIBE TYPE","TYPE":"130_03","TYPELABEL":"REFERRING PHYSICIAN"}}