{"name":"NORMAL DAILY SCHEDULE","number":"131.711","parent":"131.7","fields":[{"number":".01","flags":"MS","name":"DAY OF THE WEEK","location":"0;1","index":"B","type":"3","details":"0:SUNDAY;1:MONDAY;2:TUESDAY;3:WEDNESDAY;4:THURSDAY;5:FRIDAY;6:SATURDAY;","description":{"fmId":"-1","fmType":"5","type":"typed-literal","datatype":"http://www.w3.org/1999/02/22-rdf-syntax-ns#XMLLiteral","value":"This is the day of the week (Sunday, Monday, Tuesday, etc.).\rEach day of the week will have a start time and end time associated\rwith it for each operating room if using a normal daily schedule.\rIf the room is not used on the selected day of the week, you can\r\"flag\" it as inactive.\r "}},{"number":"1","flags":"FXO","name":"NORMAL START TIME","location":"0;2","type":"4","inputTransform":"K:$L(X)>5!($L(X)<5)!'(X?2N1\":\"2N)!($P(X,\":\")>23)!($P(X,\":\",2)>59) X Q:'$D(X)  S X=$E(X,1,2)_$E(X,4,5)","description":{"fmId":"-1","fmType":"5","type":"typed-literal","datatype":"http://www.w3.org/1999/02/22-rdf-syntax-ns#XMLLiteral","value":"This is the usual time of day when this operating room goes into use.\rThis entry must be in military time format with leading zeros.  For\rexample, a time of 7:00 AM MUST be entered in the format 07:00.  The\rtime 7:00 PM would be entered 19:00.  If this operating room is not\rnormally scheduled for use on this day, leave this field blank."}},{"number":"2","flags":"FXO","name":"NORMAL END TIME","location":"0;3","type":"4","inputTransform":"K:$L(X)>5!($L(X)<5)!'(X?2N1\":\"2N)!($P(X,\":\")>23)!($P(X,\":\",2)>59) X Q:'$D(X)  S X=$E(X,1,2)_$E(X,4,5)","description":{"fmId":"-1","fmType":"5","type":"typed-literal","datatype":"http://www.w3.org/1999/02/22-rdf-syntax-ns#XMLLiteral","value":"This is the usual time of day after which this operating room is not\rscheduled for use.  This entry must be in military time format with\rleading zeros.  For example, a time of 7:00 PM MUST be entered in\rthe format 07:00.  The time 7:00 PM would be entered 19:00.  If this\roperating room is not normally scheduled for use on this day of the\rweek, leave this field blank."}},{"number":"3","flags":"S","name":"INACTIVE (Y/N)","location":"0;4","type":"3","details":"1:YES;0:NO;","description":{"fmId":"-1","fmType":"5","type":"typed-literal","datatype":"http://www.w3.org/1999/02/22-rdf-syntax-ns#XMLLiteral","value":"If this operating room is normally inactive on this day of the week, enter\r'YES'.  If this operating room is normally active on this day of the week,\renter 'NO' or leave blank.  This field is used in determining the\rutilization of this operating room."}}],"fmql":{"OP":"DESCRIBE TYPE","TYPE":"131_711","TYPELABEL":"NORMAL DAILY SCHEDULE"}}