{"name":"IV INTAKE","number":"126.313","parent":"126.03","fields":[{"number":".01","flags":"RDX","name":"IV INTAKE DATE/TIME","location":"0;1","index":"B","type":"1","inputTransform":"S %DT=\"ETXRS\",%DT(0)=\"-NOW\" D ^%DT S X=Y K:Y<1!(Y<$P(^GMR(126,DA(2),\"IV\",DA(1),0),\"^\"))!($P(^(0),\"^\",2)>0&($P(^(0),\"^\",2)<X)) X K %DT(0)","description":{"fmId":"-1","fmType":"5","type":"typed-literal","datatype":"http://www.w3.org/1999/02/22-rdf-syntax-ns#XMLLiteral","value":"This field documents the end date/time point for this IV fluid intake\rperiod.  NO FUTURE DATE/TIME OR DATE/TIME BEFORE THE IV STARTED ALLOWED !!!"}},{"number":"1","flags":"RFX","name":"AMOUNT LEFT","location":"0;2","type":"4","inputTransform":"K:'(($L(X)=1&(X=\"*\"))!(X?1.4N)!(X?1.4N1\".\"1N)!(X?1\".\"1N)) X I $D(X),+X>9999 K X","description":{"fmId":"-1","fmType":"5","type":"typed-literal","datatype":"http://www.w3.org/1999/02/22-rdf-syntax-ns#XMLLiteral","value":"This field contains the amount of solution left in the IV container. \rEnter \"*\" if amount of solution absorbed is unknown."}},{"number":"2","flags":"CJ8,0","name":"IV INTAKE AMOUNT","type":"6","computation":"D EN3^GMRYUT5 S X=$J(X,0,0)","description":{"fmId":"-1","fmType":"5","type":"typed-literal","datatype":"http://www.w3.org/1999/02/22-rdf-syntax-ns#XMLLiteral","value":"This field contains the amount of IV fluid absorbed.  The amount is computed\rfrom the total volume of the IV solution field value and the records of\rAMOUNT LEFT."}},{"number":"3","flags":"RP200'","name":"ENTERED BY","location":"0;4","type":"7","details":"200","description":{"fmId":"-1","fmType":"5","type":"typed-literal","datatype":"http://www.w3.org/1999/02/22-rdf-syntax-ns#XMLLiteral","value":"This field holds the name of the person who entered the data.  Pointer to \rNEW PERSON file (#200)."}},{"number":"4","flags":"R*P44'","name":"HOSPITAL LOCATION","location":"0;5","type":"7","details":"44","inputTransform":"S DIC(\"S\")=\"I $P(^(0),U,3)'=\"\"Z\"\"\" D ^DIC K DIC S DIC=DIE,X=+Y K:Y<0 X","description":{"fmId":"-1","fmType":"5","type":"typed-literal","datatype":"http://www.w3.org/1999/02/22-rdf-syntax-ns#XMLLiteral","value":"This field identifies the hospital location of the patient.  Pointer to \rHOSPITAL LOCATION file (#44)."}}],"fmql":{"OP":"DESCRIBE TYPE","TYPE":"126_313","TYPELABEL":"IV INTAKE"}}