{"name":"SELECTION ITEM","number":"142.14","parent":"142.01","fields":[{"number":".01","flags":"MV","name":"SELECTION ITEM","location":"0;1","index":"B","type":"8","details":"60;120.51;71;811.9;9999999.64;8925.1;81;601.71","description":{"fmId":"-1","fmType":"5","type":"typed-literal","datatype":"http://www.w3.org/1999/02/22-rdf-syntax-ns#XMLLiteral","value":"When a given component allows the selection of specific items, (e.g., lab\rtests, radiology procedures, vital measurements, measurement panels,\rclinical reminders/maintenance items, health factors, etc.), you may\rselect the item by simply entering its name (e.g., POTASSIUM, or PULSE, as\rappropriate). If a limit has been specified for the number of items to be\rselected, then the build health summary option will restrict you to that\rnumber."}}],"fmql":{"OP":"DESCRIBE TYPE","TYPE":"142_14","TYPELABEL":"SELECTION ITEM"}}