{"fields": [{"index": "B", "name": "suspected_agent", "number": ".01", "flags": "MFX", "location": "0;1", "type": "4", "description": {"datatype": "http://www.w3.org/1999/02/22-rdf-syntax-ns#XMLLiteral", "fmType": "5", "fmId": "-1", "value": "This field indicates one of the suspected agents for this observed reaction.", "type": "typed-literal"}}, {"description": {"datatype": "http://www.w3.org/1999/02/22-rdf-syntax-ns#XMLLiteral", "fmType": "5", "fmId": "-1", "value": "This field contains the daily dosage for this suspected agent.", "type": "typed-literal"}, "number": "1", "flags": "F", "location": "0;2", "type": "4", "name": "daily_dose"}, {"description": {"datatype": "http://www.w3.org/1999/02/22-rdf-syntax-ns#XMLLiteral", "fmType": "5", "fmId": "-1", "value": "This file contains the SIG code that indicates how this drug is to be given.", "type": "typed-literal"}, "number": "1.5", "flags": "F", "location": "1;5", "type": "4", "name": "sig"}, {"description": {"datatype": "http://www.w3.org/1999/02/22-rdf-syntax-ns#XMLLiteral", "fmType": "5", "fmId": "-1", "value": "This is the route of administration for this suspected agent.", "type": "typed-literal"}, "number": "2", "flags": "FX", "location": "0;3", "type": "4", "name": "route_of_administration"}, {"description": {"datatype": "http://www.w3.org/1999/02/22-rdf-syntax-ns#XMLLiteral", "fmType": "5", "fmId": "-1", "value": "This field indicates the reasoning for a particular agent.", "type": "typed-literal"}, "number": "3", "flags": "F", "location": "0;4", "type": "4", "name": "indications_for_use"}, {"description": {"datatype": "http://www.w3.org/1999/02/22-rdf-syntax-ns#XMLLiteral", "fmType": "5", "fmId": "-1", "value": "This field contains the date a patient was first given the suspected agent.", "type": "typed-literal"}, "number": "4", "flags": "DX", "location": "1;1", "type": "1", "name": "start_date_of_administration"}, {"description": {"datatype": "http://www.w3.org/1999/02/22-rdf-syntax-ns#XMLLiteral", "fmType": "5", "fmId": "-1", "value": "This field contains the stop date for a suspected agent.", "type": "typed-literal"}, "number": "5", "flags": "D", "location": "1;2", "type": "1", "name": "stop_date_of_administration"}, {"type": "6", "description": {"datatype": "http://www.w3.org/1999/02/22-rdf-syntax-ns#XMLLiteral", "fmType": "5", "fmId": "-1", "value": "This field contains the total time the suspected agent was given to a\rpatient.", "type": "typed-literal"}, "flags": "CJ8", "number": "6", "name": "duration_of_administration"}, {"description": {"datatype": "http://www.w3.org/1999/02/22-rdf-syntax-ns#XMLLiteral", "fmType": "5", "fmId": "-1", "value": "This field contains the name of the manufacturer of the suspected agent.", "type": "typed-literal"}, "number": "7", "flags": "FX", "location": "0;7", "type": "4", "name": "manufacturer"}, {"description": {"datatype": "http://www.w3.org/1999/02/22-rdf-syntax-ns#XMLLiteral", "fmType": "5", "fmId": "-1", "value": "This field contains the lot # for a suspected agent.", "type": "typed-literal"}, "number": "8", "flags": "F", "location": "0;8", "type": "4", "name": "lot_"}, {"description": {"datatype": "http://www.w3.org/1999/02/22-rdf-syntax-ns#XMLLiteral", "fmType": "5", "fmId": "-1", "value": "This field contains the total number of doses of this suspected agent that\rwere given to the patient prior to the reaction.", "type": "typed-literal"}, "number": "9", "flags": "NJ9,0", "location": "0;9", "type": "2", "name": "number_of_previous_doses"}, {"description": {"datatype": "http://www.w3.org/1999/02/22-rdf-syntax-ns#XMLLiteral", "fmType": "5", "fmId": "-1", "value": "This field is the date that this agent was last filled.", "type": "typed-literal"}, "number": "10", "flags": "DX", "location": "0;10", "type": "1", "name": "last_fill_dt"}, {"description": {"datatype": "http://www.w3.org/1999/02/22-rdf-syntax-ns#XMLLiteral", "fmType": "5", "fmId": "-1", "value": "This is the date that the suspected agent is to expire.", "type": "typed-literal"}, "number": "10.1", "flags": "D", "location": "1;3", "type": "1", "name": "expiration_date"}, {"description": {"datatype": "http://www.w3.org/1999/02/22-rdf-syntax-ns#XMLLiteral", "fmType": "5", "fmId": "-1", "value": "This is the NDC (National Drug Code) of this agent.", "type": "typed-literal"}, "number": "10.2", "flags": "F", "location": "1;4", "type": "4", "name": "ndc_"}, {"name": "like_question_1", "description": {"datatype": "http://www.w3.org/1999/02/22-rdf-syntax-ns#XMLLiteral", "fmType": "5", "fmId": "-1", "value": "This question determines whether this reaction normally occurs with this reactant.\rreactant.", "type": "typed-literal"}, "number": "11", "flags": "S", "details": "y:YES;n:NO;", "type": "3", "location": "LIKE;1"}, {"name": "like_question_2", "description": {"datatype": "http://www.w3.org/1999/02/22-rdf-syntax-ns#XMLLiteral", "fmType": "5", "fmId": "-1", "value": "This question determines whether administration of the reactant was stopped.", "type": "typed-literal"}, "number": "12", "flags": "S", "details": "y:YES;n:NO;", "type": "3", "location": "LIKE;2"}, {"name": "like_question_3", "description": {"datatype": "http://www.w3.org/1999/02/22-rdf-syntax-ns#XMLLiteral", "fmType": "5", "fmId": "-1", "value": "This question determines if the reaction stopped when the administration of the reactant was terminated.\rthe reactant was terminated.", "type": "typed-literal"}, "number": "13", "flags": "S", "details": "y:YES;n:NO;", "type": "3", "location": "LIKE;3"}, {"name": "like_question_4", "description": {"datatype": "http://www.w3.org/1999/02/22-rdf-syntax-ns#XMLLiteral", "fmType": "5", "fmId": "-1", "value": "This question determines whether the reactant was readministered.", "type": "typed-literal"}, "number": "14", "flags": "S", "details": "y:YES;n:NO;", "type": "3", "location": "LIKE;4"}, {"name": "like_question_5", "description": {"datatype": "http://www.w3.org/1999/02/22-rdf-syntax-ns#XMLLiteral", "fmType": "5", "fmId": "-1", "value": "This question determines whether the reaction could be due to the patient current clinical condition.", "type": "typed-literal"}, "number": "15", "flags": "S", "details": "y:YES;n:NO;", "type": "3", "location": "LIKE;5"}, {"name": "like_question_6", "description": {"datatype": "http://www.w3.org/1999/02/22-rdf-syntax-ns#XMLLiteral", "fmType": "5", "fmId": "-1", "value": "This question determines if the reaction reappeared after the reactant was readministered.\rwas readministered.", "type": "typed-literal"}, "number": "16", "flags": "S", "details": "y:YES;n:NO;", "type": "3", "location": "LIKE;6"}, {"name": "likelihood", "description": {"datatype": "http://www.w3.org/1999/02/22-rdf-syntax-ns#XMLLiteral", "fmType": "5", "fmId": "-1", "value": "If this is an observed drug allergy/adverse reaction, then this is the\rlikelihood that this is an adverse reaction.  The data for this field is\rbased on an algorithm used by the FDA.", "type": "typed-literal"}, "number": "17", "flags": "S", "details": "1:REMOTE;2:POSSIBLE;3:PROBABLE;4:HIGHLY PROBABLE;", "type": "3", "location": "LIKE;7"}], "fmql": {"TYPELABEL": "SUSPECTED AGENT", "TYPE": "120_8503", "OP": "DESCRIBE TYPE"}, "name": "SUSPECTED AGENT", "parent": "120.85", "number": "120.8503"}