{"fields": [{"index": "B", "name": "start_time", "number": ".01", "flags": "FI", "location": "0;1", "type": "4", "description": {"datatype": "http://www.w3.org/1999/02/22-rdf-syntax-ns#XMLLiteral", "fmType": "5", "fmId": "-1", "value": "This is the time that the blockout begins.\r ", "type": "typed-literal"}}, {"description": {"datatype": "http://www.w3.org/1999/02/22-rdf-syntax-ns#XMLLiteral", "fmType": "5", "fmId": "-1", "value": "This is the time that the blockout ends.\r ", "type": "typed-literal"}, "number": "1", "flags": "FI", "location": "0;2", "type": "4", "name": "end_time"}, {"description": {"datatype": "http://www.w3.org/1999/02/22-rdf-syntax-ns#XMLLiteral", "fmType": "5", "fmId": "-1", "value": "This indicates how often this blockout should occur.  For example,\revery week, once per month, or every other week.\r ", "type": "typed-literal"}, "number": "2", "flags": "FI", "location": "0;3", "type": "4", "name": "how_often"}], "fmql": {"TYPELABEL": "START TIME", "TYPE": "131_705", "OP": "DESCRIBE TYPE"}, "name": "START TIME", "parent": "131.704", "number": "131.705"}