{"fields": [{"index": "B", "name": "dietetic_equipment", "description": {"datatype": "http://www.w3.org/1999/02/22-rdf-syntax-ns#XMLLiteral", "fmType": "5", "fmId": "-1", "value": "This field contains the pointer to The Dietetic Report Category file.", "type": "typed-literal"}, "number": ".01", "flags": "M*P117.4'", "location": "0;1", "type": "7", "details": "117.4"}, {"description": {"datatype": "http://www.w3.org/1999/02/22-rdf-syntax-ns#XMLLiteral", "fmType": "5", "fmId": "-1", "value": "This field contains the Brand of the Dietetic Equipment Service.", "type": "typed-literal"}, "number": "1", "flags": "F", "location": "0;2", "type": "4", "name": "brand"}], "fmql": {"TYPELABEL": "DIETETIC EQUIPMENT", "TYPE": "117_338", "OP": "DESCRIBE TYPE"}, "name": "DIETETIC EQUIPMENT", "parent": "117.3", "number": "117.338"}