{"fields": [{"index": "B", "name": "evening_modifications", "description": {"datatype": "http://www.w3.org/1999/02/22-rdf-syntax-ns#XMLLiteral", "fmType": "5", "fmId": "-1", "value": "This is the Recipe Category selected from the file (114.1) for the\revening meal for the selected diet modifications.  It determines\rwhich recipes each patient under the diet modifications will\rreceive on the Tray Ticket.  This Recipe Category is also used\rin producing the Diet Cards.", "type": "typed-literal"}, "number": ".01", "flags": "MP114.1'", "location": "0;1", "type": "7", "details": "114.1"}, {"description": {"datatype": "http://www.w3.org/1999/02/22-rdf-syntax-ns#XMLLiteral", "fmType": "5", "fmId": "-1", "value": "This is the selected quantity for the Recipe Category.  This quantity\rdetermines the amount of the recipe on the Tray Ticket.  If a zero\ris entered, the recipe is omitted.", "type": "typed-literal"}, "number": "1", "flags": "RNJ4,2", "location": "0;2", "type": "2", "name": "quantity"}], "fmql": {"TYPELABEL": "EVENING MODIFICATIONS", "TYPE": "111_117", "OP": "DESCRIBE TYPE"}, "name": "EVENING MODIFICATIONS", "parent": "111.1", "number": "111.117"}