{"fields": [{"index": "B", "name": "test", "number": ".01", "flags": "MFX", "location": "0;1", "type": "4", "description": {"datatype": "http://www.w3.org/1999/02/22-rdf-syntax-ns#XMLLiteral", "fmType": "5", "fmId": "-1", "value": "This field contains a particular test/lab data for this observed reaction.", "type": "typed-literal"}}, {"description": {"datatype": "http://www.w3.org/1999/02/22-rdf-syntax-ns#XMLLiteral", "fmType": "5", "fmId": "-1", "value": "This field will contain the results for the particular test.", "type": "typed-literal"}, "number": "1", "flags": "F", "location": "0;2", "type": "4", "name": "results"}, {"description": {"datatype": "http://www.w3.org/1999/02/22-rdf-syntax-ns#XMLLiteral", "fmType": "5", "fmId": "-1", "value": "This field is the date the sample was collected from the patient.", "type": "typed-literal"}, "number": "2", "flags": "D", "location": "0;3", "type": "1", "name": "collection_d_t"}], "fmql": {"TYPELABEL": "RELEVANT TEST/LAB DATA", "TYPE": "120_8504", "OP": "DESCRIBE TYPE"}, "name": "RELEVANT TEST/LAB DATA", "parent": "120.85", "number": "120.8504"}