{"name":"REQ BLOOD KIND","number":"130.14","parent":"130","fields":[{"number":".01","flags":"MFX","name":"REQ BLOOD KIND","location":"0;1","type":"4","inputTransform":"D ITRAN^VBECA5A","description":{"fmId":"-1","fmType":"5","type":"typed-literal","datatype":"http://www.w3.org/1999/02/22-rdf-syntax-ns#XMLLiteral","value":"This is the blood product required during this operative procedure.\rMore than one type of blood product may be ordered for a procedure.\r "}},{"number":"1","flags":"NJ3,0","name":"UNITS REQ","location":"0;2","type":"2","inputTransform":"K:+X'=X!(X>100)!(X<0)!(X?.E1\".\"1N.N) X","description":{"fmId":"-1","fmType":"5","type":"typed-literal","datatype":"http://www.w3.org/1999/02/22-rdf-syntax-ns#XMLLiteral","value":"This is the number of units of this blood product type estimated to\rbe required for this procedure.\r "}},{"number":"2","flags":"S","name":"SCREEN, CROSSMATCH, AUTOLOGOUS","location":"0;3","type":"3","details":"C:CROSSMATCH;S:SCREEN;A:AUTOLOGOUS;","description":{"fmId":"-1","fmType":"5","type":"typed-literal","datatype":"http://www.w3.org/1999/02/22-rdf-syntax-ns#XMLLiteral","value":"This indicates whether the blood product is screened, crossmatched, or\rautologous.\r "}},{"number":"3","flags":"130.27","name":"REASON NOT USE STD","location":"1;0","type":"5","description":{"fmId":"-1","fmType":"5","type":"typed-literal","datatype":"http://www.w3.org/1999/02/22-rdf-syntax-ns#XMLLiteral","value":"This indicates why the standard unit of this blood product was not used.\r "}}],"fmql":{"OP":"DESCRIBE TYPE","TYPE":"130_14","TYPELABEL":"REQ BLOOD KIND"}}