{"fields": [{"index": "B", "name": "subservice_specialty", "description": {"datatype": "http://www.w3.org/1999/02/22-rdf-syntax-ns#XMLLiteral", "fmType": "5", "fmId": "-1", "value": "This is the menu of sub-service/specialties that are grouped under this\rService.  The sub-service/specialty entries must each be defined as \rentries in this file.\r  \rThere is no limit on how deep the hierarchy of services may be defined.\rThe only requirements are the \"ALL SERVICES\" entry be at the top of the\rhierarchy and a service can not be a sub-service to itself or any other \rsub-service hierarchy which can be traced back to itself as a parent \rservice.", "type": "typed-literal"}, "number": ".01", "flags": "MP123.5'X", "location": "0;1", "type": "7", "details": "123.5"}, {"description": {"datatype": "http://www.w3.org/1999/02/22-rdf-syntax-ns#XMLLiteral", "fmType": "5", "fmId": "-1", "value": "This is a mnemonic associated with the service being entered as a sub-\rservice.  For example, if the service is Pulmonary, PU could be\rcould be defined as the mnemonic.", "type": "typed-literal"}, "number": "2", "flags": "F", "location": "0;2", "type": "4", "name": "mnemonic"}], "fmql": {"TYPELABEL": "SUB-SERVICE", "TYPE": "123_51", "OP": "DESCRIBE TYPE"}, "name": "SUB-SERVICE", "parent": "123.5", "number": "123.51"}