{"name":"QUERY TEXT","number":"102.211","parent":"102.21","fields":[{"number":".01","flags":"MNJ7,2","name":"SEQUENCE","location":"0;1","index":"B","type":"2","inputTransform":"K:+X'=X!(X>9999)!(X<1)!(X?.E1\".\"3N.N) X","description":{"fmId":"-1","fmType":"5","type":"typed-literal","datatype":"http://www.w3.org/1999/02/22-rdf-syntax-ns#XMLLiteral","value":"This specifies the sequence of each caption that appears in the query text."}},{"number":"2","flags":"P102.21'","name":"CRITERION","location":"0;2","type":"7","details":"102.21","description":{"fmId":"-1","fmType":"5","type":"typed-literal","datatype":"http://www.w3.org/1999/02/22-rdf-syntax-ns#XMLLiteral","value":"This is the criterion that is the 'parent' of the specific query text\rcaption."}},{"number":"3","flags":"P102.22'","name":"CONSTRAINT","location":"0;3","type":"7","details":"102.22","description":{"fmId":"-1","fmType":"5","type":"typed-literal","datatype":"http://www.w3.org/1999/02/22-rdf-syntax-ns#XMLLiteral","value":"This identifies the constraint (parameter) used for this query and the\rrange of values possible along with the editor that should be used."}},{"number":"4","flags":"F","name":"CAPTION","location":"0;4","type":"4","inputTransform":"K:$L(X)>80!($L(X)<1) X","description":{"fmId":"-1","fmType":"5","type":"typed-literal","datatype":"http://www.w3.org/1999/02/22-rdf-syntax-ns#XMLLiteral","value":"This is the caption text that appears for the query."}},{"number":"10","flags":"102.2111","name":"VALUES","location":"1;0","type":"9","details":"102.2111"}],"fmql":{"OP":"DESCRIBE TYPE","TYPE":"102_211","TYPELABEL":"QUERY TEXT"}}