{"name":"OE/RR PATIENT EVENT","number":"100.2","location":"^ORE(100.2,","description":{"fmId":"-1","fmType":"5","type":"typed-literal","datatype":"http://www.w3.org/1999/02/22-rdf-syntax-ns#XMLLiteral","value":"This file is used by CPRS to track what happened to a patient's orders as\ra result of an event, such as an MAS movement or returning from the OR."},"version":"3.0","vpackage":"OR","fields":[{"number":".01","flags":"RP2'","name":"PATIENT","location":"0;1","index":"B","type":"7","details":"2","description":{"fmId":"-1","fmType":"5","type":"typed-literal","datatype":"http://www.w3.org/1999/02/22-rdf-syntax-ns#XMLLiteral","value":"This is a pointer to the patient file and is the patient associated with \rthis event."}},{"number":"1","flags":"100.25DA","name":"ACTIVITY","location":"10;0","type":"9","details":"100.25","description":{"fmId":"-1","fmType":"5","type":"typed-literal","datatype":"http://www.w3.org/1999/02/22-rdf-syntax-ns#XMLLiteral","value":"This multiple contains a log of actions taken on this event that are\rrelevant to the release or discontinuance of orders."}},{"number":"2","flags":"P100.5'","name":"EVENT","location":"0;2","index":"E","type":"7","details":"100.5","description":{"fmId":"-1","fmType":"5","type":"typed-literal","datatype":"http://www.w3.org/1999/02/22-rdf-syntax-ns#XMLLiteral","value":"This field is a pointer to the OE/RR RELEASE EVENTS file, which defines\rthe conditions under which delayed orders are to be released for this\rpatient event, if delayed orders are related to this event."}},{"number":"3","flags":"P405'","name":"ADMISSION","location":"0;3","type":"7","details":"405","description":{"fmId":"-1","fmType":"5","type":"typed-literal","datatype":"http://www.w3.org/1999/02/22-rdf-syntax-ns#XMLLiteral","value":"This field is a pointer to the Admission movement for which this event\ris valid; this will be the current admission if the patient is an \rinpatient when delayed orders are written, otherwise the admission \rmovement will be stuffed in when the patient is admitted and the orders \rreleased.  If the patient is discharged without this event having been\rprocessed, it will be retired and any orders still delayed will be lapsed."}},{"number":"4","flags":"P100'","name":"ORDER","location":"0;4","index":"AO","type":"7","details":"100","description":{"fmId":"-1","fmType":"5","type":"typed-literal","datatype":"http://www.w3.org/1999/02/22-rdf-syntax-ns#XMLLiteral","value":"This field is a pointer to the doctor's order requesting that this event\roccur for this patient when delayed orders are written."}},{"number":"5","flags":"D","name":"CREATED ON","location":"0;5","type":"1","inputTransform":"S %DT=\"ETXR\" D ^%DT S X=Y K:Y<1 X","description":{"fmId":"-1","fmType":"5","type":"typed-literal","datatype":"http://www.w3.org/1999/02/22-rdf-syntax-ns#XMLLiteral","value":"This field is the timestamp of when this event was entered into the file\rfor this patient."}},{"number":"6","flags":"P200'","name":"CREATED BY","location":"0;6","type":"7","details":"200","description":{"fmId":"-1","fmType":"5","type":"typed-literal","datatype":"http://www.w3.org/1999/02/22-rdf-syntax-ns#XMLLiteral","value":"This field is a pointer to the user who entered this event into the file\rfor this patient."}},{"number":"11","flags":"D","name":"EVENT DATE/TIME","location":"1;1","type":"1","inputTransform":"S %DT=\"ETXR\" D ^%DT S X=Y K:Y<1 X","description":{"fmId":"-1","fmType":"5","type":"typed-literal","datatype":"http://www.w3.org/1999/02/22-rdf-syntax-ns#XMLLiteral","value":"This field is the date and time that this event occurred for this patient;\rif the event is an MAS movement, this time will be the DATE/TIME from\rthe PATIENT MOVEMENT file which may be slightly different than the\ractual time that this event was processed by the event driver."}},{"number":"12","flags":"P405'","name":"PATIENT MOVEMENT","location":"1;2","type":"7","details":"405","description":{"fmId":"-1","fmType":"5","type":"typed-literal","datatype":"http://www.w3.org/1999/02/22-rdf-syntax-ns#XMLLiteral","value":"This field is a pointer to the MAS Patient Movement that satisfied this\revent for this patient; any changes to this movement that alter the\rconditions of the event will be tracked in the Activity log."}},{"number":"13","flags":"P100.6'","name":"AUTO-DC RULE","location":"1;3","index":"DC","type":"7","details":"100.6","description":{"fmId":"-1","fmType":"5","type":"typed-literal","datatype":"http://www.w3.org/1999/02/22-rdf-syntax-ns#XMLLiteral","value":"This field is the Auto-DC Rule from file #100.6 that was used to\rautomatically discontinue active orders when this event occurred.  Those\rorders that were dc'd are listed in the Discontinued Orders multiple of\rthis file."}},{"number":"14","flags":"P130'","name":"SURGERY","location":"1;4","index":"ASR","type":"7","details":"130","description":{"fmId":"-1","fmType":"5","type":"typed-literal","datatype":"http://www.w3.org/1999/02/22-rdf-syntax-ns#XMLLiteral","value":"This field is a pointer to the Surgery case that satisfied this event for\rthis patient when the TIME PAT OUT OR field was entered (for events prior \rto the instllation of patch SR*3*157) or when the TIME PAT IN OR field \rwas entered (for events after the installation of patch SR*3*157); any \rchanges to this field will be tracked in the Activity log."}},{"number":"15","flags":"P100.2'","name":"PARENT","location":"1;5","index":"DAD","type":"7","details":"100.2","description":{"fmId":"-1","fmType":"5","type":"typed-literal","datatype":"http://www.w3.org/1999/02/22-rdf-syntax-ns#XMLLiteral","value":"This field is a \"parent\" event, allowing multiple Patient Events to be\rcollected together for release at the same time based on the same criteria;\rthe parent event tracks the release criteria, while each \"child\" event\rdefines a particular set of orders to be released on that event."}},{"number":"20","flags":"100.26PA","name":"RELEASED ORDERS","location":"2;0","type":"9","details":"100.26","description":{"fmId":"-1","fmType":"5","type":"typed-literal","datatype":"http://www.w3.org/1999/02/22-rdf-syntax-ns#XMLLiteral","value":"This multiple field contains the delayed orders that were released based\ron the release event defined in the OE/RR RELEASE EVENTS file #100.5 when\rthis event occurred."}},{"number":"30","flags":"100.27PA","name":"DISCONTINUED ORDERS","location":"3;0","type":"9","details":"100.27","description":{"fmId":"-1","fmType":"5","type":"typed-literal","datatype":"http://www.w3.org/1999/02/22-rdf-syntax-ns#XMLLiteral","value":"This multiple contains the orders that were automatically discontinued\rbased on the rules defined in the OE/RR AUTO-DC RULES file #100.6 when\rthis event occurred."}}],"fmql":{"OP":"DESCRIBE TYPE","TYPE":"100_2","TYPELABEL":"OE/RR PATIENT EVENT"}}