{"name":"ITEMS","number":"101.412","parent":"101.41","fields":[{"number":".01","flags":"MNJ5,1","name":"SEQUENCE","location":"0;1","index":"B","type":"2","inputTransform":"K:+X'=X!(X>999.9)!(X<.1)!(X?.E1\".\"2N.N) X","description":{"fmId":"-1","fmType":"5","type":"typed-literal","datatype":"http://www.w3.org/1999/02/22-rdf-syntax-ns#XMLLiteral","value":"This field specifies the order in which this item will be displayed or\rprocessed."}},{"number":".1","flags":"K","name":"INPUT TRANSFORM","location":".1;E1,245","type":"10","inputTransform":"K:$L(X)>245 X D:$D(X) ^DIM","description":{"fmId":"-1","fmType":"5","type":"typed-literal","datatype":"http://www.w3.org/1999/02/22-rdf-syntax-ns#XMLLiteral","value":"This is code that will be used as the third piece of DIR(0) when asking\rthis prompt."}},{"number":"1","flags":"P101.41'","name":"PARENT","location":"0;11","type":"7","details":"101.41","description":{"fmId":"-1","fmType":"5","type":"typed-literal","datatype":"http://www.w3.org/1999/02/22-rdf-syntax-ns#XMLLiteral","value":"This field controls the behavior of this prompt.  If a parent is defined\rhere, this prompt will be asked from within the parent's dialog; when it\ris invoked independently based on its position sequence number, the child\rprompt will be ignored."}},{"number":"2","flags":"P101.41'X","name":"ITEM","location":"0;2","index":"AD","type":"7","details":"101.41","inputTransform":"D TREE^ORDD41","description":{"fmId":"-1","fmType":"5","type":"typed-literal","datatype":"http://www.w3.org/1999/02/22-rdf-syntax-ns#XMLLiteral","value":"This field points to an order dialog which is subordinate to this dialog.\rNOTE:  The parent dialog menu or one of its ancestors may not be entered\ras an item."}},{"number":"3","flags":"FX","name":"MNEMONIC","location":"0;3","type":"4","inputTransform":"K:$L(X)>4!($L(X)<1)!(+X=X&($L(X,\".\")>1))!($$CHKMNE^ORUTL(X)) X","description":{"fmId":"-1","fmType":"5","type":"typed-literal","datatype":"http://www.w3.org/1999/02/22-rdf-syntax-ns#XMLLiteral","value":"This is a short abbreviation for this item dialog to be used when this\rdialog is displayed for selection."}},{"number":"4","flags":"FX","name":"DISPLAY TEXT","location":"0;4","type":"4","inputTransform":"K:$L(X)>80!($L(X)<1)!($$CHKNAM^ORUTL(X)) X","description":{"fmId":"-1","fmType":"5","type":"typed-literal","datatype":"http://www.w3.org/1999/02/22-rdf-syntax-ns#XMLLiteral","value":"This field allows the text that normally appears for this item to be\rreplaced with alternate text for use in this dialog or menu."}},{"number":"5","flags":"S","name":"DISPLAY ONLY?","location":"0;5","type":"3","details":"0:NO;1:YES;2:YES-HEADER;","description":{"fmId":"-1","fmType":"5","type":"typed-literal","datatype":"http://www.w3.org/1999/02/22-rdf-syntax-ns#XMLLiteral","value":"This field identifies an item as being free text for display purposes\ronly.  The text in the Display Text field will be displayed, but it\ris not selectable; if designated as a header, the text will be underlined."}},{"number":"6","flags":"S","name":"REQUIRED","location":"0;6","type":"3","details":"1:YES;0:NO;","description":{"fmId":"-1","fmType":"5","type":"typed-literal","datatype":"http://www.w3.org/1999/02/22-rdf-syntax-ns#XMLLiteral","value":"This field indicates that the user must enter a response to this prompt."}},{"number":"7","flags":"S","name":"MULTIPLE VALUED","location":"0;7","type":"3","details":"1:YES;0:NO;","description":{"fmId":"-1","fmType":"5","type":"typed-literal","datatype":"http://www.w3.org/1999/02/22-rdf-syntax-ns#XMLLiteral","value":"This field determines if this prompt will be allowed to have multiple\rvalues, or be prompted for only once; if this prompt is a sub-dialog,\rthe entire dialog will be asked once or many times, as a group."}},{"number":"7.1","flags":"NJ2,0","name":"MAX NUMBER OF MULTIPLES","location":"0;12","type":"2","inputTransform":"K:+X'=X!(X>99)!(X<2)!(X?.E1\".\"1N.N) X","description":{"fmId":"-1","fmType":"5","type":"typed-literal","datatype":"http://www.w3.org/1999/02/22-rdf-syntax-ns#XMLLiteral","value":"This is the maximum number of values that may be entered for this prompt,\rif it is flagged as being multiple-valued.  For example, a diet order may\rhave up to 5 diet modifications entered, where 5 is the maximum allowed\rthat would be entered here."}},{"number":"7.2","flags":"F","name":"TITLE","location":"0;13","type":"4","inputTransform":"K:$L(X)>30!($L(X)<3) X","description":{"fmId":"-1","fmType":"5","type":"typed-literal","datatype":"http://www.w3.org/1999/02/22-rdf-syntax-ns#XMLLiteral","value":"This is text that will be used in place of the prompt when the order is\rdisplayed for place, edit, or cancel, or at the top of a multiple-valued\rprompt.  The Display Text for the prompt will be used together with the\rinstance number to prompt for user input; for example if Title=\"Lab Tests:\"\rand Display Text=\"Test:\" the user would see\r  Lab Tests:\r  1. Test:\r  2. Test:"}},{"number":"7.3","flags":"F","name":"PROMPT","location":"0;14","type":"4","inputTransform":"K:$L(X)>10!($L(X)<1) X","description":{"fmId":"-1","fmType":"5","type":"typed-literal","datatype":"http://www.w3.org/1999/02/22-rdf-syntax-ns#XMLLiteral","value":"This field contains text that will be appended to the beginning of the\rdisplay text when prompting for additional values; if this field is\rempty, then \"Another \" will be used."}},{"number":"8","flags":"S","name":"ASK ON EDIT ONLY","location":"0;8","type":"3","details":"1:YES;0:NO;","description":{"fmId":"-1","fmType":"5","type":"typed-literal","datatype":"http://www.w3.org/1999/02/22-rdf-syntax-ns#XMLLiteral","value":"This field determines the behaviour of the dialog driver for this prompt;\rif no value or the defined default is usually correct for this prompt,\renter YES here to have this prompt skipped on the first pass through this\rdialog when creating an order."}},{"number":"9","flags":"F","name":"ASK ON ACTION","location":"0;9","type":"4","inputTransform":"K:$L(X)>3!($L(X)<1) X","description":{"fmId":"-1","fmType":"5","type":"typed-literal","datatype":"http://www.w3.org/1999/02/22-rdf-syntax-ns#XMLLiteral","value":"This field determines the behaviour of the dialog driver for this prompt\rwhen taking a particular action on an order created by this dialog.  If\rthis string contains \"R\", this prompt will be asked when renewing an order;\rif this string contains \"C\", this prompt will be asked when changing an\rorder; if this string contains \"W\", this prompt will be asked when\rrewriting an order."}},{"number":"10","flags":"F","name":"INDEX","location":"0;10","type":"4","inputTransform":"K:$L(X)>25!($L(X)<1) X","description":{"fmId":"-1","fmType":"5","type":"typed-literal","datatype":"http://www.w3.org/1999/02/22-rdf-syntax-ns#XMLLiteral","value":"For pointer-type prompts, this is the index to use when searching the file;\rit must be in the form of a regular cross-reference.  To search on multiple\rindices, enter a string of index names separated by semi-colons, i.e. \"B;C\"."}},{"number":"11","flags":"F","name":"HELP MESSAGE","location":"1;1","type":"4","inputTransform":"K:$L(X)>160!($L(X)<1) X","description":{"fmId":"-1","fmType":"5","type":"typed-literal","datatype":"http://www.w3.org/1999/02/22-rdf-syntax-ns#XMLLiteral","value":"This field contains the help message to be presented when the user enters\ra question mark at this prompt."}},{"number":"12","flags":"F","name":"SPECIAL LOOKUP ROUTINE","location":"1;2","type":"4","inputTransform":"K:$L(X)>20!($L(X)<3) X","description":{"fmId":"-1","fmType":"5","type":"typed-literal","datatype":"http://www.w3.org/1999/02/22-rdf-syntax-ns#XMLLiteral","value":"This field contains a routine to execute that will replace the standard\rDIC lookup for this prompt; it must be entered here as LINETAG;ROUTINE\rusing a ; instead of ^ and where LINETAG is optional."}},{"number":"13","flags":"K","name":"ASK ON CONDITION","location":"3;E1,245","type":"10","inputTransform":"K:$L(X)>245 X D:$D(X) ^DIM","description":{"fmId":"-1","fmType":"5","type":"typed-literal","datatype":"http://www.w3.org/1999/02/22-rdf-syntax-ns#XMLLiteral","value":"This is MUMPS code that sets $T to determine if this prompt should be asked\ror simply given a default value and presented to the user for acceptance\ror editing.  For example, the prompt \"Pregnant: \" may have code here to\rcheck the sex of the current patient, i.e. I ORSEX=\"F\" will allow it to be\rasked only for female patients."}},{"number":"14","flags":"K","name":"SCREEN","location":"4;E1,245","type":"10","inputTransform":"K:$L(X)>245 X D:$D(X) ^DIM","description":{"fmId":"-1","fmType":"5","type":"typed-literal","datatype":"http://www.w3.org/1999/02/22-rdf-syntax-ns#XMLLiteral","value":"For pointer-type prompts, this field may contain MUMPS code that will be\rset into DIC(\"S\") to screen the possible choices in the pointed-to file."}},{"number":"15","flags":"K","name":"POST-SELECTION ACTION","location":"5;E1,245","type":"10","inputTransform":"K:$L(X)>245 X D:$D(X) ^DIM","description":{"fmId":"-1","fmType":"5","type":"typed-literal","datatype":"http://www.w3.org/1999/02/22-rdf-syntax-ns#XMLLiteral","value":"This is code that will be executed after a response is entered to this\rprompt; if this prompt should be re-asked, kill the variable DONE.\rIf execution of the ordering dialog should be stopped, set ORQUIT=1."}},{"number":"16","flags":"K","name":"XECUTABLE HELP","location":"6;E1,245","type":"10","inputTransform":"K:$L(X)>245 X D:$D(X) ^DIM","description":{"fmId":"-1","fmType":"5","type":"typed-literal","datatype":"http://www.w3.org/1999/02/22-rdf-syntax-ns#XMLLiteral","value":"This is code that is to be executed when the user enters two or more\rquestion marks at this prompt."}},{"number":"17","flags":"K","name":"DEFAULT","location":"7;E1,245","type":"10","inputTransform":"K:$L(X)>245 X D:$D(X) ^DIM","description":{"fmId":"-1","fmType":"5","type":"typed-literal","datatype":"http://www.w3.org/1999/02/22-rdf-syntax-ns#XMLLiteral","value":"This is code that is to be executed to determine the appropriate default\rvalue for this prompt, setting Y=internal form of this value."}},{"number":"18","flags":"101.41218","name":"DEFAULT WORD-PROCESSING TEXT","location":"8;0","type":"5","description":{"fmId":"-1","fmType":"5","type":"typed-literal","datatype":"http://www.w3.org/1999/02/22-rdf-syntax-ns#XMLLiteral","value":"This is default text to be stuffed into this word-processing prompt."}},{"number":"19","flags":"K","name":"ENTRY ACTION","location":"9;E1,245","type":"10","inputTransform":"K:$L(X)>245 X D:$D(X) ^DIM","description":{"fmId":"-1","fmType":"5","type":"typed-literal","datatype":"http://www.w3.org/1999/02/22-rdf-syntax-ns#XMLLiteral","value":"This is code that will be executed at the beginning of the processing of\rthis prompt, before the Default and Ask on Condition fields are executed;\rany special setup required for this field should be done here."}},{"number":"20","flags":"K","name":"EXIT ACTION","location":"10;E1,245","type":"10","inputTransform":"K:$L(X)>245 X D:$D(X) ^DIM","description":{"fmId":"-1","fmType":"5","type":"typed-literal","datatype":"http://www.w3.org/1999/02/22-rdf-syntax-ns#XMLLiteral","value":"This is code that will be executed at the very end of the processing of\rthis prompt, after prompting and the Validation field is executed;\rany special cleanup should be done here."}},{"number":"21","flags":"NJ5,2","name":"ORDER TEXT SEQUENCE","location":"2;1","index":"ATXT","type":"2","inputTransform":"K:+X'=X!(X>99.99)!(X<1)!(X?.E1\".\"3N.N) X","description":{"fmId":"-1","fmType":"5","type":"typed-literal","datatype":"http://www.w3.org/1999/02/22-rdf-syntax-ns#XMLLiteral","value":"This field indicates the order in which values will be concatenated\rtogether to build the order text; this may differ from the prompting\rorder defined in the .01 Sequence field."}},{"number":"22","flags":"F","name":"FORMAT","location":"2;2","type":"4","inputTransform":"K:$L(X)>10!($L(X)<1) X","description":{"fmId":"-1","fmType":"5","type":"typed-literal","datatype":"http://www.w3.org/1999/02/22-rdf-syntax-ns#XMLLiteral","value":"This is a string of characters that will define any exceptions to how\rthe external form of this value is generated.  Possible values include:\r  Pointer         -> <field #>~<piece in RPC list of field #>, default =.01\r  Set of Codes    -> 1~<piece in RPC list of code> to use code for name\r  Date/Time       -> Format string to pass $$FMTE^XLFDT (default = 2)\r  \r  Suppress value  -> @\r  Replace value   -> @<ptr> where ptr is the Dialog IEN of the prompt\r                      whose value, when present, supersedes this value\r  Required value  -> *<ptr> where ptr is the Dialog IEN of the prompt\r                      whose value is required to be present to include\r                      this value\r  Ignore if same  -> =<ptr> where ptr is the Dialog IEN of the prompt\r                      whose value, if the external form is the same,\r                      supersedes this value"}},{"number":"23","flags":"F","name":"OMIT TEXT","location":"2;3","type":"4","inputTransform":"K:$L(X)>30!($L(X)<1) X","description":{"fmId":"-1","fmType":"5","type":"typed-literal","datatype":"http://www.w3.org/1999/02/22-rdf-syntax-ns#XMLLiteral","value":"This is the external form of a value that is not to be included when building\rthe order text.  E.g. to include the urgency in the order text unless it\ris routine, enter \"ROUTINE\" here."}},{"number":"24","flags":"F","name":"LEADING TEXT","location":"2;4","type":"4","inputTransform":"K:$L(X)>80!($L(X)<1) X","description":{"fmId":"-1","fmType":"5","type":"typed-literal","datatype":"http://www.w3.org/1999/02/22-rdf-syntax-ns#XMLLiteral","value":"This field contains text that will be appended to the order text\rimmediately in front of this value, e.g. \"Instructions:\".  If this text\ris contained in a variable, enter @NAME where NAME is the variable name."}},{"number":"25","flags":"F","name":"TRAILING TEXT","location":"2;5","type":"4","inputTransform":"K:$L(X)>80!($L(X)<1) X","description":{"fmId":"-1","fmType":"5","type":"typed-literal","datatype":"http://www.w3.org/1999/02/22-rdf-syntax-ns#XMLLiteral","value":"This field contains text that will be appended to the order text\rimmediately following this value, e.g. \"refills\".  If this text is\rcontained in a variable, enter @NAME where NAME is the variable name."}},{"number":"26","flags":"S","name":"START NEW LINE","location":"2;6","type":"3","details":"1:YES;0:NO;","description":{"fmId":"-1","fmType":"5","type":"typed-literal","datatype":"http://www.w3.org/1999/02/22-rdf-syntax-ns#XMLLiteral","value":"This field determines if this value is concatenated onto the current line\rwhen building the order text, or if a new line is started with this value."}},{"number":"27","flags":"S","name":"WORD-WRAP","location":"2;7","type":"3","details":"1:DON'T WRAP;0:WRAP;","description":{"fmId":"-1","fmType":"5","type":"typed-literal","datatype":"http://www.w3.org/1999/02/22-rdf-syntax-ns#XMLLiteral","value":"This field determines if this text should be wrapped when added to the\rorder text, or appended line by line as stored in the file; this is only\rused for word-processing type prompts."}},{"number":"101","flags":"F","name":"WINDOWS CONTROL","location":"W;1","type":"4","inputTransform":"K:$L(X)>30!($L(X)<1) X","description":{"fmId":"-1","fmType":"5","type":"typed-literal","datatype":"http://www.w3.org/1999/02/22-rdf-syntax-ns#XMLLiteral","value":"Stores the type of Windows control necessary to get the data for this\rprompt."}},{"number":"102","flags":"F","name":"API NAME","location":"W;2","type":"4","inputTransform":"K:$L(X)>30!($L(X)<1) X","description":{"fmId":"-1","fmType":"5","type":"typed-literal","datatype":"http://www.w3.org/1999/02/22-rdf-syntax-ns#XMLLiteral","value":"This is the API that should be called when the control is used.  How the API\ris used varys with the control.  Examples are: filling list boxes, getting\rboilerplate text, etc."}},{"number":"103","flags":"F","name":"API PARAMETER #1","location":"W;3","type":"4","inputTransform":"K:$L(X)>30!($L(X)<1) X","description":{"fmId":"-1","fmType":"5","type":"typed-literal","datatype":"http://www.w3.org/1999/02/22-rdf-syntax-ns#XMLLiteral","value":"A parameter that is used by the API call may be stored here."}},{"number":"113","flags":"K","name":"WINDOWS CONDITION","location":"W3;E1,245","type":"10","inputTransform":"K:$L(X)>245 X D:$D(X) ^DIM","description":{"fmId":"-1","fmType":"5","type":"typed-literal","datatype":"http://www.w3.org/1999/02/22-rdf-syntax-ns#XMLLiteral","value":"This is silent code that is executed when building the dialog for windows.\rIt identifies which prompts should be included in the dialog.  The condition\rshould leave $T false if the prompt should not be asked."}},{"number":"117","flags":"K","name":"WINDOWS DEFAULT","location":"W7;E1,245","type":"10","inputTransform":"K:$L(X)>245 X D:$D(X) ^DIM","description":{"fmId":"-1","fmType":"5","type":"typed-literal","datatype":"http://www.w3.org/1999/02/22-rdf-syntax-ns#XMLLiteral","value":"This code should silently set the default value of a prompt when it is \rselected."}}],"fmql":{"OP":"DESCRIBE TYPE","TYPE":"101_412","TYPELABEL":"ITEMS"}}