{"name":"PROBLEM SELECTION CATEGORY","number":"125.11","location":"^GMPL(125.11,","description":{"fmId":"-1","fmType":"5","type":"typed-literal","datatype":"http://www.w3.org/1999/02/22-rdf-syntax-ns#XMLLiteral","value":"This file contains problems categorized into groups for inclusion in\ra Selection List.  Items within a category will be ordered according to\rthe Sequence number; up to two decimal digits may be used."},"version":"2.0","fields":[{"number":".01","flags":"RF","name":"NAME","location":"0;1","index":"B","type":"4","inputTransform":"K:$L(X)>30!(X?.N)!($L(X)<3)!'(X'?1P.E) X","description":{"fmId":"-1","fmType":"5","type":"typed-literal","datatype":"http://www.w3.org/1999/02/22-rdf-syntax-ns#XMLLiteral","value":"This is the name given to this problem group to identify and describe it."}},{"number":"1","flags":"D","name":"DATE LAST MODIFIED","location":"0;2","type":"1","inputTransform":"S %DT=\"ETX\" D ^%DT S X=Y K:Y<1 X","description":{"fmId":"-1","fmType":"5","type":"typed-literal","datatype":"http://www.w3.org/1999/02/22-rdf-syntax-ns#XMLLiteral","value":"This is the date/time this group was last changed; it is stuffed in\rby the Problem List pkg utilities."}}],"fmql":{"OP":"DESCRIBE TYPE","TYPE":"125_11","TYPELABEL":"PROBLEM SELECTION CATEGORY"}}