{"name":"INTAKE","number":"126.01","parent":"126","fields":[{"number":".01","flags":"RDX","name":"INTAKE DATE/TIME","location":"0;1","index":"B","type":"1","inputTransform":"S %DT=\"ETXRS\",%DT(0)=\"-NOW\" D ^%DT S X=Y K:Y<1 X K %DT(0)","description":{"fmId":"-1","fmType":"5","type":"typed-literal","datatype":"http://www.w3.org/1999/02/22-rdf-syntax-ns#XMLLiteral","value":"This field stores the end date/time point for this intake measurement.\rNO FUTURE DATE/TIME ALLOWED !!!"}},{"number":"1","flags":"RP126.56'X","name":"INTAKE TYPE","location":"0;2","type":"7","details":"126.56","description":{"fmId":"-1","fmType":"5","type":"typed-literal","datatype":"http://www.w3.org/1999/02/22-rdf-syntax-ns#XMLLiteral","value":"This field identifies the major intake categories such as PO, TUBE FEEDING\retc."}},{"number":"3","flags":"126.13PA","name":"INTAKE ITEM","location":"1;0","type":"9","details":"126.13","description":{"fmId":"-1","fmType":"5","type":"typed-literal","datatype":"http://www.w3.org/1999/02/22-rdf-syntax-ns#XMLLiteral","value":"This multiple identifies the fluid intake absorbed by the patient."}},{"number":"4","flags":"NJ4,0","name":"TOTAL AMOUNT","location":"0;5","type":"2","inputTransform":"K:+X'=X!(X>9999)!(X<0)!(X?.E1\".\"1N.N) X","description":{"fmId":"-1","fmType":"5","type":"typed-literal","datatype":"http://www.w3.org/1999/02/22-rdf-syntax-ns#XMLLiteral","value":"This field stores the cumulative intake measurement in milliliters (ml)\rfor this period.  Numeric example: 240."}},{"number":"5","flags":"F","name":"COMMENT","location":"0;6","type":"4","inputTransform":"K:$L(X)>60!($L(X)<1) X","description":{"fmId":"-1","fmType":"5","type":"typed-literal","datatype":"http://www.w3.org/1999/02/22-rdf-syntax-ns#XMLLiteral","value":"This field permits the caregiver to describe additional observations.\rThis field will be used in the next version."}},{"number":"6","flags":"RP200'X","name":"ENTERED BY","location":"0;7","type":"7","details":"200","description":{"fmId":"-1","fmType":"5","type":"typed-literal","datatype":"http://www.w3.org/1999/02/22-rdf-syntax-ns#XMLLiteral","value":"This field contains the name of the user who enters this record.\rPointer to the New Person file ^VA(200)."}},{"number":"7","flags":"R*P44'X","name":"HOSPITAL LOCATION","location":"0;4","type":"7","details":"44","inputTransform":"S DIC(\"S\")=\"I $P(^(0),U,3)'=\"\"Z\"\"\" D ^DIC K DIC S DIC=DIE,X=+Y K:Y<0 X","description":{"fmId":"-1","fmType":"5","type":"typed-literal","datatype":"http://www.w3.org/1999/02/22-rdf-syntax-ns#XMLLiteral","value":"This field identifies the patient's hospital location.\rPointer to the Hospital Location file (#44)."}}],"fmql":{"OP":"DESCRIBE TYPE","TYPE":"126_01","TYPELABEL":"INTAKE"}}