{"name":"OR CIRC SUPPORT","number":"130.28","parent":"130","fields":[{"number":".01","flags":"*P200'","name":"OR CIRC SUPPORT","location":"0;1","type":"7","details":"200","inputTransform":"S DIC(\"S\")=\"S RESTRICT=\"\"130.28,.01\"\" D KEY^SROXPR I $D(SROK)\" D ^DIC K DIC S DIC=DIE,X=+Y K:Y<0 X","description":{"fmId":"-1","fmType":"5","type":"typed-literal","datatype":"http://www.w3.org/1999/02/22-rdf-syntax-ns#XMLLiteral","value":"This is the person with the circulating role responsibilities.  This\rinformation will appear on the Nurse Intraoperative Report.\r "}},{"number":"2","flags":"130.29DA","name":"TIME ON","location":"1;0","type":"9","details":"130.29","description":{"fmId":"-1","fmType":"5","type":"typed-literal","datatype":"http://www.w3.org/1999/02/22-rdf-syntax-ns#XMLLiteral","value":"This is the date and time that this person's circulating role\rresponsibilities began.  (Both date and time should be entered).\r "}},{"number":"3","flags":"SX","name":"STATUS","location":"0;3","type":"3","details":"O:ORIENTEE;F:FULLY TRAINED;","description":{"fmId":"-1","fmType":"5","type":"typed-literal","datatype":"http://www.w3.org/1999/02/22-rdf-syntax-ns#XMLLiteral","value":"Enter the code corresponding to the educational preparation of the\rregistered nurse assuming circulating role responsibilities."}}],"fmql":{"OP":"DESCRIBE TYPE","TYPE":"130_28","TYPELABEL":"OR CIRC SUPPORT"}}