{"name":"BULK NOURISHMENTS","number":"119.61","parent":"119.6","fields":[{"number":".01","flags":"MP118'","name":"BULK NOURISHMENTS","location":"0;1","type":"7","details":"118","description":{"fmId":"-1","fmType":"5","type":"typed-literal","datatype":"http://www.w3.org/1999/02/22-rdf-syntax-ns#XMLLiteral","value":"This field contains the name of the bulk nourishment (supplemental\rfeeding) item to be delivered to the ward."}},{"number":"1","flags":"RNJ2,0","name":"QUANTITY","location":"0;2","type":"2","inputTransform":"K:+X'=X!(X>99)!(X<0)!(X?.E1\".\"1N.N) X","description":{"fmId":"-1","fmType":"5","type":"typed-literal","datatype":"http://www.w3.org/1999/02/22-rdf-syntax-ns#XMLLiteral","value":"This field represents the quantity of the bulk nourishment\ritem to be delivered."}}],"fmql":{"OP":"DESCRIBE TYPE","TYPE":"119_61","TYPELABEL":"BULK NOURISHMENTS"}}