{"count": "0", "description": {"datatype": "http://www.w3.org/1999/02/22-rdf-syntax-ns#XMLLiteral", "fmType": "5", "fmId": "-1", "value": "This file contains the products commonly used for tube-feedings\ras well as their characteristics such as Kcals/ml, cost, and\rsynonyms.", "type": "typed-literal"}, "fields": [{"index": "B", "name": "name", "number": ".01", "flags": "RF", "location": "0;1", "type": "4", "description": {"datatype": "http://www.w3.org/1999/02/22-rdf-syntax-ns#XMLLiteral", "fmType": "5", "fmId": "-1", "value": "This is the name of the tubefeeding product as it will appear\ron all lists and displays.", "type": "typed-literal"}}, {"description": {"datatype": "http://www.w3.org/1999/02/22-rdf-syntax-ns#XMLLiteral", "fmType": "5", "fmId": "-1", "value": "This field contains a title for the dispensing unit such\ras bottle, can or package.", "type": "typed-literal"}, "number": "1", "flags": "RF", "location": "0;2", "type": "4", "name": "dispensing_unit"}, {"description": {"datatype": "http://www.w3.org/1999/02/22-rdf-syntax-ns#XMLLiteral", "fmType": "5", "fmId": "-1", "value": "This is the number of ml's or grams of product contained in the\rdispensing unit. For products which require reconstitution\rwith water, it is the number of ml's after reconstitution.", "type": "typed-literal"}, "number": "2", "flags": "RFX", "location": "0;3", "type": "4", "name": "amt_unit"}, {"description": {"datatype": "http://www.w3.org/1999/02/22-rdf-syntax-ns#XMLLiteral", "fmType": "5", "fmId": "-1", "value": "This field contains the number of KiloCalories per ml of\rproduct.", "type": "typed-literal"}, "number": "3", "flags": "RNJ7,2", "location": "0;4", "type": "2", "name": "kcal_ml"}, {"type": "6", "description": {"datatype": "http://www.w3.org/1999/02/22-rdf-syntax-ns#XMLLiteral", "fmType": "5", "fmId": "-1", "value": "This is the portion cost of the tubefeeding and is a\rcomputed field which obtains the value from the recipe file based\rupon the 'Corresponding Recipe' pointer.", "type": "typed-literal"}, "flags": "CJ8,2", "number": "5", "name": "cost"}, {"name": "synonym", "description": {"datatype": "http://www.w3.org/1999/02/22-rdf-syntax-ns#XMLLiteral", "fmType": "5", "fmId": "-1", "value": "This multiple contains alternate names or synonyms for the\rproduct. These names should include any names commonly known\ror used by ward/medical personnel.", "type": "typed-literal"}, "number": "10", "flags": "118.21", "details": "118.21", "type": "9", "location": "1;0"}, {"name": "corresponding_recipe", "description": {"datatype": "http://www.w3.org/1999/02/22-rdf-syntax-ns#XMLLiteral", "fmType": "5", "fmId": "-1", "value": "This field is a pointer to the recipe in file 114 (the Recipe file)\rwhich contains the ingredients for this feeding. Cost and other data\rfor this feeding will be retrieved from the recipe file.", "type": "typed-literal"}, "number": "11", "flags": "P114'", "details": "114", "type": "7", "location": "0;7"}, {"name": "inactive", "description": {"datatype": "http://www.w3.org/1999/02/22-rdf-syntax-ns#XMLLiteral", "fmType": "5", "fmId": "-1", "value": "This field, if answered YES, prohibits further selection of\rthis item by ward or dietetic personnel.", "type": "typed-literal"}, "number": "99", "flags": "S", "details": "Y:YES;N:NO;", "type": "3", "location": "I;1"}], "fmql": {"TYPELABEL": "TUBEFEEDING", "TYPE": "118_2", "OP": "DESCRIBE TYPE"}, "number": "118.2", "location": "^FH(118.2,", "name": "TUBEFEEDING"}