{"name":"DIETETIC COST OF MEALS","number":"117.2","location":"^FH(117.2,","description":{"fmId":"-1","fmType":"5","type":"typed-literal","datatype":"http://www.w3.org/1999/02/22-rdf-syntax-ns#XMLLiteral","value":"This file is used to store the monthly costs of the various\rfood groups. Data is used to calculate the cost of meals\rserved as well as ensure an adequate distribution of\rfood across the food groups."},"version":"5.5","vpackage":"DIETETICS","fields":[{"number":".01","flags":"RDX","name":"MONTH/YEAR","location":"0;1","index":"B","type":"1","inputTransform":"S %DT=\"E\" D ^%DT S X=$E(Y,1,5)_\"00\" K:Y<1 X I $D(X) S DINUM=X","description":{"fmId":"-1","fmType":"5","type":"typed-literal","datatype":"http://www.w3.org/1999/02/22-rdf-syntax-ns#XMLLiteral","value":"Enter Month and Year."}},{"number":"1","flags":"NJ6,0","name":"BEG INV GRP 1","location":"0;2","type":"2","inputTransform":"K:+X'=X!(X>999999)!(X<0)!(X?.E1\".\"1N.N) X","description":{"fmId":"-1","fmType":"5","type":"typed-literal","datatype":"http://www.w3.org/1999/02/22-rdf-syntax-ns#XMLLiteral","value":"Enter Beginning Inventory Cost for Food Group I."}},{"number":"2","flags":"NJ6,0","name":"BEG INV GRP 2","location":"0;3","type":"2","inputTransform":"K:+X'=X!(X>999999)!(X<0)!(X?.E1\".\"1N.N) X","description":{"fmId":"-1","fmType":"5","type":"typed-literal","datatype":"http://www.w3.org/1999/02/22-rdf-syntax-ns#XMLLiteral","value":"Enter Beginning Inventory Cost For Food Group II."}},{"number":"3","flags":"NJ6,0","name":"BEG INV GRP 3","location":"0;4","type":"2","inputTransform":"K:+X'=X!(X>999999)!(X<0)!(X?.E1\".\"1N.N) X","description":{"fmId":"-1","fmType":"5","type":"typed-literal","datatype":"http://www.w3.org/1999/02/22-rdf-syntax-ns#XMLLiteral","value":"Enter the Beginning Inventory Cost of Food Group III."}},{"number":"4","flags":"NJ6,0","name":"BEG INV GRP 4","location":"0;5","type":"2","inputTransform":"K:+X'=X!(X>999999)!(X<0)!(X?.E1\".\"1N.N) X","description":{"fmId":"-1","fmType":"5","type":"typed-literal","datatype":"http://www.w3.org/1999/02/22-rdf-syntax-ns#XMLLiteral","value":"Enter the Beginning Inventory Cost for Food Group IV."}},{"number":"5","flags":"NJ6,0","name":"BEG INV GRP 5","location":"0;6","type":"2","inputTransform":"K:+X'=X!(X>999999)!(X<0)!(X?.E1\".\"1N.N) X","description":{"fmId":"-1","fmType":"5","type":"typed-literal","datatype":"http://www.w3.org/1999/02/22-rdf-syntax-ns#XMLLiteral","value":"Enter the Beginning Inventory Cost for Food Group V."}},{"number":"6","flags":"NJ6,0","name":"BEG INV GRP 6","location":"0;7","type":"2","inputTransform":"K:+X'=X!(X>999999)!(X<0)!(X?.E1\".\"1N.N) X","description":{"fmId":"-1","fmType":"5","type":"typed-literal","datatype":"http://www.w3.org/1999/02/22-rdf-syntax-ns#XMLLiteral","value":"Enter the Beginning Inventory Cost for Food Group VI."}},{"number":"7","flags":"NJ7,0","name":"ISSUE COST GRP 1","location":"0;8","type":"2","inputTransform":"K:+X'=X!(X>9999999)!(X<0)!(X?.E1\".\"1N.N) X","description":{"fmId":"-1","fmType":"5","type":"typed-literal","datatype":"http://www.w3.org/1999/02/22-rdf-syntax-ns#XMLLiteral","value":"Enter the Issue Cost For Food Group I."}},{"number":"8","flags":"NJ7,0","name":"ISSUE COST GRP 2","location":"0;9","type":"2","inputTransform":"K:+X'=X!(X>9999999)!(X<0)!(X?.E1\".\"1N.N) X","description":{"fmId":"-1","fmType":"5","type":"typed-literal","datatype":"http://www.w3.org/1999/02/22-rdf-syntax-ns#XMLLiteral","value":"Enter The Issue Cost for Food Group II."}},{"number":"9","flags":"NJ7,0","name":"ISSUE COST GRP 3","location":"0;10","type":"2","inputTransform":"K:+X'=X!(X>9999999)!(X<0)!(X?.E1\".\"1N.N) X","description":{"fmId":"-1","fmType":"5","type":"typed-literal","datatype":"http://www.w3.org/1999/02/22-rdf-syntax-ns#XMLLiteral","value":"Enter the Issue Cost for Food Group III."}},{"number":"10","flags":"NJ7,0","name":"ISSUE COST GRP 4","location":"0;11","type":"2","inputTransform":"K:+X'=X!(X>9999999)!(X<0)!(X?.E1\".\"1N.N) X","description":{"fmId":"-1","fmType":"5","type":"typed-literal","datatype":"http://www.w3.org/1999/02/22-rdf-syntax-ns#XMLLiteral","value":"Enter the Issue Cost for food Group IV."}},{"number":"11","flags":"NJ7,0","name":"ISSUE COST GRP 5","location":"0;12","type":"2","inputTransform":"K:+X'=X!(X>9999999)!(X<0)!(X?.E1\".\"1N.N) X","description":{"fmId":"-1","fmType":"5","type":"typed-literal","datatype":"http://www.w3.org/1999/02/22-rdf-syntax-ns#XMLLiteral","value":"Enter the Issue Cost of Food Group V."}},{"number":"12","flags":"NJ7,0","name":"ISSUE COST GRP 6","location":"0;13","type":"2","inputTransform":"K:+X'=X!(X>9999999)!(X<0)!(X?.E1\".\"1N.N) X","description":{"fmId":"-1","fmType":"5","type":"typed-literal","datatype":"http://www.w3.org/1999/02/22-rdf-syntax-ns#XMLLiteral","value":"Enter the Issue Cost of Food Group VI."}},{"number":"13","flags":"NJ6,0","name":"CLOS INV GRP 1","location":"0;14","type":"2","inputTransform":"K:+X'=X!(X>999999)!(X<0)!(X?.E1\".\"1N.N) X","description":{"fmId":"-1","fmType":"5","type":"typed-literal","datatype":"http://www.w3.org/1999/02/22-rdf-syntax-ns#XMLLiteral","value":"Enter the Closing Inventory Cost for Food Group I."}},{"number":"14","flags":"NJ6,0","name":"CLOS INV GRP 2","location":"0;15","type":"2","inputTransform":"K:+X'=X!(X>999999)!(X<0)!(X?.E1\".\"1N.N) X","description":{"fmId":"-1","fmType":"5","type":"typed-literal","datatype":"http://www.w3.org/1999/02/22-rdf-syntax-ns#XMLLiteral","value":"Enter the Closing Inventory Cost for Food Group II."}},{"number":"15","flags":"NJ6,0","name":"CLOS INV GRP 3","location":"0;16","type":"2","inputTransform":"K:+X'=X!(X>999999)!(X<0)!(X?.E1\".\"1N.N) X","description":{"fmId":"-1","fmType":"5","type":"typed-literal","datatype":"http://www.w3.org/1999/02/22-rdf-syntax-ns#XMLLiteral","value":"Enter the Closing Inventory Cost for Food Group III."}},{"number":"16","flags":"NJ6,0","name":"CLOS INV GRP 4","location":"0;17","type":"2","inputTransform":"K:+X'=X!(X>999999)!(X<0)!(X?.E1\".\"1N.N) X","description":{"fmId":"-1","fmType":"5","type":"typed-literal","datatype":"http://www.w3.org/1999/02/22-rdf-syntax-ns#XMLLiteral","value":"Enter the Closing Inventory Cost for Food Group IV."}},{"number":"17","flags":"NJ6,0","name":"CLOS INV GRP 5","location":"0;18","type":"2","inputTransform":"K:+X'=X!(X>999999)!(X<0)!(X?.E1\".\"1N.N) X","description":{"fmId":"-1","fmType":"5","type":"typed-literal","datatype":"http://www.w3.org/1999/02/22-rdf-syntax-ns#XMLLiteral","value":"Enter the Closing Inventory Cost for Food Group V."}},{"number":"18","flags":"NJ6,0","name":"CLOS INV GRP 6","location":"0;19","type":"2","inputTransform":"K:+X'=X!(X>999999)!(X<0)!(X?.E1\".\"1N.N) X","description":{"fmId":"-1","fmType":"5","type":"typed-literal","datatype":"http://www.w3.org/1999/02/22-rdf-syntax-ns#XMLLiteral","value":"Enter the Closing Inventory Cost for Food Group VI."}},{"number":"19","flags":"NJ2,0","name":"% COST GRP 1","location":"0;20","type":"2","inputTransform":"K:+X'=X!(X>99)!(X<1)!(X?.E1\".\"1N.N) X","description":{"fmId":"-1","fmType":"5","type":"typed-literal","datatype":"http://www.w3.org/1999/02/22-rdf-syntax-ns#XMLLiteral","value":"The Percent Cost Recommended for Food Group I."}},{"number":"20","flags":"NJ2,0","name":"% COST GRP 2","location":"0;21","type":"2","inputTransform":"K:+X'=X!(X>99)!(X<1)!(X?.E1\".\"1N.N) X","description":{"fmId":"-1","fmType":"5","type":"typed-literal","datatype":"http://www.w3.org/1999/02/22-rdf-syntax-ns#XMLLiteral","value":"The Percent Cost Recommended for Food Group II."}},{"number":"21","flags":"NJ2,0","name":"% COST GRP 3","location":"0;22","type":"2","inputTransform":"K:+X'=X!(X>99)!(X<1)!(X?.E1\".\"1N.N) X","description":{"fmId":"-1","fmType":"5","type":"typed-literal","datatype":"http://www.w3.org/1999/02/22-rdf-syntax-ns#XMLLiteral","value":"The Percent Cost Recommended for Food Group III."}},{"number":"22","flags":"NJ2,0","name":"% COST GRP 4","location":"0;23","type":"2","inputTransform":"K:+X'=X!(X>99)!(X<1)!(X?.E1\".\"1N.N) X","description":{"fmId":"-1","fmType":"5","type":"typed-literal","datatype":"http://www.w3.org/1999/02/22-rdf-syntax-ns#XMLLiteral","value":"The Percent Cost Recommended for Food Group IV."}},{"number":"23","flags":"NJ2,0","name":"% COST GRP 5","location":"0;24","type":"2","inputTransform":"K:+X'=X!(X>99)!(X<1)!(X?.E1\".\"1N.N) X","description":{"fmId":"-1","fmType":"5","type":"typed-literal","datatype":"http://www.w3.org/1999/02/22-rdf-syntax-ns#XMLLiteral","value":"The % Cost Recommended for Food Group V."}},{"number":"24","flags":"NJ2,0","name":"% COST GRP 6","location":"0;25","type":"2","inputTransform":"K:+X'=X!(X>99)!(X<1)!(X?.E1\".\"1N.N) X","description":{"fmId":"-1","fmType":"5","type":"typed-literal","datatype":"http://www.w3.org/1999/02/22-rdf-syntax-ns#XMLLiteral","value":"The % Cost Recommended for Food Group VI."}}],"fmql":{"OP":"DESCRIBE TYPE","TYPE":"117_2","TYPELABEL":"DIETETIC COST OF MEALS"}}