{"name":"CODING COMPLETED BY","number":"136.011","parent":"136","fields":[{"number":".01","flags":"P200'I","name":"CODING COMPLETED BY","location":"0;1","type":"7","details":"200","description":{"fmId":"-1","fmType":"5","type":"typed-literal","datatype":"http://www.w3.org/1999/02/22-rdf-syntax-ns#XMLLiteral","value":"This is the name of the person who completed the coding of this case."}},{"number":"1","flags":"DI","name":"DATE CODING COMPLETED","location":"0;2","type":"1","inputTransform":"S %DT=\"ETX\" D ^%DT S X=Y K:Y<1 X","description":{"fmId":"-1","fmType":"5","type":"typed-literal","datatype":"http://www.w3.org/1999/02/22-rdf-syntax-ns#XMLLiteral","value":"This is the date and time the coding of this case was completed and was \rsent to PCE."}}],"fmql":{"OP":"DESCRIBE TYPE","TYPE":"136_011","TYPELABEL":"CODING COMPLETED BY"}}