{"name":"SYNONYM","number":"123.52","parent":"123.5","fields":[{"number":".01","flags":"MF","name":"SYNONYM","location":"0;1","index":"B","type":"4","inputTransform":"K:X[\"\"\"\"!($A(X)=45) X I $D(X) K:$L(X)>45!($L(X)<2) X","description":{"fmId":"-1","fmType":"5","type":"typed-literal","datatype":"http://www.w3.org/1999/02/22-rdf-syntax-ns#XMLLiteral","value":"This multiple field identifies the commonly known names and abbreviations\rfor the Service named in the .01 Name field.  Synonyms identified here\rare used in the look-up of services at 'Select Service/Specialty: '\rprompts."}}],"fmql":{"OP":"DESCRIBE TYPE","TYPE":"123_52","TYPELABEL":"SYNONYM"}}