{"fields": [{"index": "B", "name": "preferences_discussed_number", "number": ".01", "flags": "NJ3,0X", "location": "0;1", "type": "2", "description": {"datatype": "http://www.w3.org/1999/02/22-rdf-syntax-ns#XMLLiteral", "fmType": "5", "fmId": "-1", "value": "This field contains a sequential number assigned to the sixth question\rof the Patient Satisfaction Survey and has no meaning.", "type": "typed-literal"}}, {"description": {"datatype": "http://www.w3.org/1999/02/22-rdf-syntax-ns#XMLLiteral", "fmType": "5", "fmId": "-1", "value": "This is a rating string containing numbers surveyed in GM&S with the \rratings specified in front of them, for question #6 of the survey.", "type": "typed-literal"}, "number": "1", "flags": "FX", "location": "0;2", "type": "4", "name": "gms"}, {"description": {"datatype": "http://www.w3.org/1999/02/22-rdf-syntax-ns#XMLLiteral", "fmType": "5", "fmId": "-1", "value": "This is a rating string containing numbers surveyed in NHCU with the \rratings specified in front of them, for question #6 of the survey.", "type": "typed-literal"}, "number": "2", "flags": "FX", "location": "0;3", "type": "4", "name": "nhcu"}, {"description": {"datatype": "http://www.w3.org/1999/02/22-rdf-syntax-ns#XMLLiteral", "fmType": "5", "fmId": "-1", "value": "This is a rating string containing numbers surveyed in PSYCH with the \rratings specified in front of them, for question #6 of the survey.", "type": "typed-literal"}, "number": "3", "flags": "FX", "location": "0;4", "type": "4", "name": "psych"}, {"description": {"datatype": "http://www.w3.org/1999/02/22-rdf-syntax-ns#XMLLiteral", "fmType": "5", "fmId": "-1", "value": "This is a rating string containing numbers surveyed in DOM with the \rratings specified in front of them, for question #6 of the survey.", "type": "typed-literal"}, "number": "4", "flags": "FX", "location": "0;5", "type": "4", "name": "dom"}, {"description": {"datatype": "http://www.w3.org/1999/02/22-rdf-syntax-ns#XMLLiteral", "fmType": "5", "fmId": "-1", "value": "This is a rating string containing numbers surveyed in SCI with the \rratings specified in front of them, for question #6 of the survey.", "type": "typed-literal"}, "number": "5", "flags": "FX", "location": "0;6", "type": "4", "name": "sci"}, {"description": {"datatype": "http://www.w3.org/1999/02/22-rdf-syntax-ns#XMLLiteral", "fmType": "5", "fmId": "-1", "value": "This is a rating string containing numbers surveyed in OTHER with the \rratings specified in front of them, for question #6 of the survey.", "type": "typed-literal"}, "number": "6", "flags": "FX", "location": "0;7", "type": "4", "name": "other"}], "fmql": {"TYPELABEL": "PREFERENCES DISCUSSED", "TYPE": "117_375", "OP": "DESCRIBE TYPE"}, "name": "PREFERENCES DISCUSSED", "parent": "117.3", "number": "117.375"}