{"fields": [{"name": "monitors", "description": {"datatype": "http://www.w3.org/1999/02/22-rdf-syntax-ns#XMLLiteral", "fmType": "5", "fmId": "-1", "value": "This is the physiologic monitor used during this case.  More than one\rmonitor may be entered.  The information entered appears as part of the\ranesthesia record.\r ", "type": "typed-literal"}, "number": ".01", "flags": "*P133.4'X", "details": "133.4", "type": "7", "location": "0;1"}, {"description": {"datatype": "http://www.w3.org/1999/02/22-rdf-syntax-ns#XMLLiteral", "fmType": "5", "fmId": "-1", "value": "This is the time that the monitor was applied to the patient.  Times\rentered without a date will be converted to the date of operation at\rthat time.\r ", "type": "typed-literal"}, "number": "1", "flags": "DX", "location": "0;2", "type": "1", "name": "time_installed"}, {"description": {"datatype": "http://www.w3.org/1999/02/22-rdf-syntax-ns#XMLLiteral", "fmType": "5", "fmId": "-1", "value": "This is the date and time that the monitor was removed from the\rpatient.  Times entered without a date will be converted to the\rdate of operation at that time.\r ", "type": "typed-literal"}, "number": "2", "flags": "DX", "location": "0;3", "type": "1", "name": "time_removed"}, {"name": "applied_by", "description": {"datatype": "http://www.w3.org/1999/02/22-rdf-syntax-ns#XMLLiteral", "fmType": "5", "fmId": "-1", "value": "This is the name of the person responsible for applying the monitor\rto the patient.  Although optional, this information may be useful\rin documentation for this case.\r ", "type": "typed-literal"}, "number": "3", "flags": "*P200'", "details": "200", "type": "7", "location": "0;4"}], "fmql": {"TYPELABEL": "MONITORS", "TYPE": "130_41", "OP": "DESCRIBE TYPE"}, "name": "MONITORS", "parent": "130", "number": "130.41"}