{"name":"OE/RR ERRORS","number":"100.4","location":"^ORYX(\"ORERR\",","description":{"fmId":"-1","fmType":"5","type":"typed-literal","datatype":"http://www.w3.org/1999/02/22-rdf-syntax-ns#XMLLiteral","value":"This file contains a record of events that failed or errored out\rduring the use of OE/RR.  This file is not to be edited. It is\rfor debugging purposes.\rEntries in this file are automatically purged.  The life of an\rentry depends on the parameter ERROR DAYS in the ORDER PARAMETERS\rfile (100.99)."},"version":"3.0","vpackage":"ORDER ENTRY/RESULTS REPORTING","fields":[{"number":".01","flags":"MRDI","name":"DATE/TIME","location":"0;1","type":"1","inputTransform":"S %DT=\"EST\" D ^%DT S X=Y K:Y<1 X","description":{"fmId":"-1","fmType":"5","type":"typed-literal","datatype":"http://www.w3.org/1999/02/22-rdf-syntax-ns#XMLLiteral","value":"This is the date/time the error occurred."}},{"number":"1","flags":"FI","name":"ION","location":"0;2","type":"4","inputTransform":"K:$L(X)>20!($L(X)<1) X","description":{"fmId":"-1","fmType":"5","type":"typed-literal","datatype":"http://www.w3.org/1999/02/22-rdf-syntax-ns#XMLLiteral","value":"This is the name of the device that the error occurred on."}},{"number":"2","flags":"P200'I","name":"DUZ","location":"0;3","type":"7","details":"200","description":{"fmId":"-1","fmType":"5","type":"typed-literal","datatype":"http://www.w3.org/1999/02/22-rdf-syntax-ns#XMLLiteral","value":"This is a pointer to the user that was signed on when the error occurred."}},{"number":"3","flags":"FI","name":"ERROR TYPE","location":"0;4","type":"4","inputTransform":"K:$L(X)>80!($L(X)<1) X","description":{"fmId":"-1","fmType":"5","type":"typed-literal","datatype":"http://www.w3.org/1999/02/22-rdf-syntax-ns#XMLLiteral","value":"This is the type of error that caused the failure."}},{"number":"4","flags":"RNJ11,0I","name":"TASK","location":"0;5","type":"2","inputTransform":"K:+X'=X!(X>99999999999)!(X<1)!(X?.E1\".\"1N.N) X","description":{"fmId":"-1","fmType":"5","type":"typed-literal","datatype":"http://www.w3.org/1999/02/22-rdf-syntax-ns#XMLLiteral","value":"This is a pointer to the task in ^%ZTSK that will purge this entry from\rthis file."}},{"number":"5","flags":"100.45","name":"ERROR TEXT","location":"1;0","type":"5","description":{"fmId":"-1","fmType":"5","type":"typed-literal","datatype":"http://www.w3.org/1999/02/22-rdf-syntax-ns#XMLLiteral","value":"This contains a description of the error; if the error occurred within\rthe processing of HL7 messages, the message itself may be stored here."}}],"fmql":{"OP":"DESCRIBE TYPE","TYPE":"100_4","TYPELABEL":"OE/RR ERRORS"}}