{"name":"TO SPECIALTY","number":"100.641","parent":"100.64","fields":[{"number":".01","flags":"MP45.7'X","name":"TO SPECIALTY","location":"0;1","index":"B","type":"7","details":"45.7","inputTransform":"S:$G(X) DINUM=X","description":{"fmId":"-1","fmType":"5","type":"typed-literal","datatype":"http://www.w3.org/1999/02/22-rdf-syntax-ns#XMLLiteral","value":"This is a treating specialty that will prevent this rule from being\rapplied; specialty transfer rules will discontinue active orders unless\rthe patient is being transferred to this specialty from the EXCEPT FROM\rSPECIALTY."}}],"fmql":{"OP":"DESCRIBE TYPE","TYPE":"100_641","TYPELABEL":"TO SPECIALTY"}}