{"name":"IV MAINTENANCE","number":"126.04","parent":"126","fields":[{"number":".01","flags":"RFX","name":"IV SITE","location":"0;1","index":"B","type":"4","inputTransform":"D EN2^GMRYUT5 K:$L(X)>50!($L(X)<3) X","description":{"fmId":"-1","fmType":"5","type":"typed-literal","datatype":"http://www.w3.org/1999/02/22-rdf-syntax-ns#XMLLiteral","value":"This field contains the IV's location such as LEFT HAND, RIGHT HAND and LEFT\rARM, etc.  The user is allowed to select from the IV SITE file (#126.7) by\rentering a number or a combination of numbers.  The software then transforms\rthe number(s) into text."}},{"number":"1","flags":"126.41DA","name":"MAINTENANCE DATE/TIME","location":"1;0","type":"9","details":"126.41","description":{"fmId":"-1","fmType":"5","type":"typed-literal","datatype":"http://www.w3.org/1999/02/22-rdf-syntax-ns#XMLLiteral","value":"This multiple stores the DATE/TIME the IV infusion was performed along with\rthe specific tasks associated with the maintenance."}}],"fmql":{"OP":"DESCRIBE TYPE","TYPE":"126_04","TYPELABEL":"IV MAINTENANCE"}}