{"name":"ASSOCIATED HOSPITAL LOCATION","number":"119.64","parent":"119.6","fields":[{"number":".01","flags":"MRP44'X","name":"ASSOCIATED HOSPITAL LOCATION","location":"0;1","index":"B","type":"7","details":"44","inputTransform":"I $D(X) S Y=$O(^FH(119.6,\"AL\",X,0)) I Y>0,Y-DA(1) W \"  Hospital location already assigned to \",$P($G(^FH(119.6,+Y,0)),\"^\",1) K X","description":{"fmId":"-1","fmType":"5","type":"typed-literal","datatype":"http://www.w3.org/1999/02/22-rdf-syntax-ns#XMLLiteral","value":"This is a pointer to the Hospital Location file to store the hospital\rlocation(s) associated with this Nutrition Location.  Outpatient\rLocations MUST have an Associated Hospital Location set up."}}],"fmql":{"OP":"DESCRIBE TYPE","TYPE":"119_64","TYPELABEL":"ASSOCIATED HOSPITAL LOCATION"}}