{"fields": [{"index": "B", "name": "equipment", "description": {"datatype": "http://www.w3.org/1999/02/22-rdf-syntax-ns#XMLLiteral", "fmType": "5", "fmId": "-1", "value": "This field contains a pointer to the Equipment file (114.4) and\rindicates an item of equipment used in the production of this\rrecipe.", "type": "typed-literal"}, "number": ".01", "flags": "MP114.4", "location": "0;1", "type": "7", "details": "114.4"}], "fmql": {"TYPELABEL": "EQUIPMENT", "TYPE": "114_05", "OP": "DESCRIBE TYPE"}, "name": "EQUIPMENT", "parent": "114", "number": "114.05"}