{"count": "0", "description": {"datatype": "http://www.w3.org/1999/02/22-rdf-syntax-ns#XMLLiteral", "fmType": "5", "fmId": "-1", "value": "This file contains site specific parameters for OE/RR.  It has only\rone entry.", "type": "typed-literal"}, "fields": [{"description": {"datatype": "http://www.w3.org/1999/02/22-rdf-syntax-ns#XMLLiteral", "fmType": "5", "fmId": "-1", "value": "This is the internal number of this file.", "type": "typed-literal"}, "number": ".001", "flags": "NJ1,0I", "location": " ", "type": "2", "name": "number"}, {"index": "B", "name": "name", "number": ".01", "flags": "RFX", "location": "0;1", "type": "4", "description": {"datatype": "http://www.w3.org/1999/02/22-rdf-syntax-ns#XMLLiteral", "fmType": "5", "fmId": "-1", "value": "This is an arbitrary name for the single entry in this file.", "type": "typed-literal"}}, {"description": {"datatype": "http://www.w3.org/1999/02/22-rdf-syntax-ns#XMLLiteral", "fmType": "5", "fmId": "-1", "value": "This is the current order # on the system.", "type": "typed-literal"}, "number": "1", "flags": "NJ10,0I", "location": "0;2", "type": "2", "name": "current_order_"}, {"name": "system_parameters", "description": {"datatype": "http://www.w3.org/1999/02/22-rdf-syntax-ns#XMLLiteral", "fmType": "5", "fmId": "-1", "value": "This is the name of the system as found in the global node\r^%ZOSF(\"VOL\").  An entry should be made here for each CPU\rsystem that generates orders.", "type": "typed-literal"}, "number": "2", "flags": "100.992", "details": "100.992", "type": "9", "location": "1;0"}, {"name": "treating_specialty", "description": {"datatype": "http://www.w3.org/1999/02/22-rdf-syntax-ns#XMLLiteral", "fmType": "5", "fmId": "-1", "value": "This is a site parameter which controls the prompt for TREATING SPECIALTY\rwhen defining patient demographics.  If set to NOT ASK, the prompt will\rnot be displayed; and TREATING SPECIALTY will only be defined for the order\rif it can be found.", "type": "typed-literal"}, "number": "3", "flags": "S", "details": "0:NOT ASK;1:ASK;", "type": "3", "location": "0;3"}, {"name": "or3_conversion_complete", "description": {"datatype": "http://www.w3.org/1999/02/22-rdf-syntax-ns#XMLLiteral", "fmType": "5", "fmId": "-1", "value": "This field is maintained by the Order Entry/Results Reporting version 3.0\rconversion of orders.  It will be initialized to 0 at the start of the\rconversion and updated to 1 when the conversion is complete.  It is\rimportant that this field not be edited.", "type": "typed-literal"}, "number": "3.01", "flags": "RS", "details": "0:NO;1:YES;", "type": "3", "location": "CONV;1"}, {"description": {"datatype": "http://www.w3.org/1999/02/22-rdf-syntax-ns#XMLLiteral", "fmType": "5", "fmId": "-1", "value": "This field will be maintained by the OE/RR version 3 conversion.  It will\rbe set to the time the conversion of orders for inpatients started.", "type": "typed-literal"}, "number": "3.02", "flags": "RD", "location": "CONV;2", "type": "1", "name": "or3_inpatient_conversion_start"}, {"description": {"datatype": "http://www.w3.org/1999/02/22-rdf-syntax-ns#XMLLiteral", "fmType": "5", "fmId": "-1", "value": "This field will be maintained by the OE/RR version 3 order conversion.  It\rwill contain the time the conversion of orders for inpatients completed.", "type": "typed-literal"}, "number": "3.03", "flags": "RD", "location": "CONV;3", "type": "1", "name": "or3_inpatient_conversion_stop"}, {"description": {"datatype": "http://www.w3.org/1999/02/22-rdf-syntax-ns#XMLLiteral", "fmType": "5", "fmId": "-1", "value": "This field will contain the name of the location the conversion is\rcurrently up to if still converting orders for current inpatients.  If\rthat step is complete, this field will be blank.", "type": "typed-literal"}, "number": "3.04", "flags": "F", "location": "CONV;4", "type": "4", "name": "or3_inpatient_location_up_to"}, {"name": "or3_inpatient_dfn_up_to", "description": {"datatype": "http://www.w3.org/1999/02/22-rdf-syntax-ns#XMLLiteral", "fmType": "5", "fmId": "-1", "value": "If the OE/RR version 3.0 order conversion is converting orders for\rinpatients, this field will contain the patient the conversion is\rcurrently up to.  If the inpatient order conversion is complete, this\rfield will be null.", "type": "typed-literal"}, "number": "3.05", "flags": "P2'", "details": "2", "type": "7", "location": "CONV;5"}, {"description": {"datatype": "http://www.w3.org/1999/02/22-rdf-syntax-ns#XMLLiteral", "fmType": "5", "fmId": "-1", "value": "This field is maintained by the OE/RR version 3 orders conversion.  If the\rconversion is up to phase 2 (which converts orders for recently seen\rpatients and those scheduled to be seen in the near future), this field\rwill contain the date phase 2 of the conversion started.", "type": "typed-literal"}, "number": "3.06", "flags": "RD", "location": "CONV;6", "type": "1", "name": "or3_background_job_start"}, {"description": {"datatype": "http://www.w3.org/1999/02/22-rdf-syntax-ns#XMLLiteral", "fmType": "5", "fmId": "-1", "value": "This field is maintained by the OE/RR version 3 orders conversion.  If the\rconversion has completed phase 2 (which converts orders for recently seen\rpatients and those scheduled to be seen in the near future), this field\rwill contain the date phase 2 of the conversion completed.", "type": "typed-literal"}, "number": "3.07", "flags": "RD", "location": "CONV;7", "type": "1", "name": "or3_background_job_stop"}, {"description": {"datatype": "http://www.w3.org/1999/02/22-rdf-syntax-ns#XMLLiteral", "fmType": "5", "fmId": "-1", "value": "This field is maintained by the OE/RR version 3 conversion.  If the\rconversion is in the background job, this will keep track of the stage of\rthe background process it is on.  Once the background job is complete,\rthis field will be deleted.  The stages are:\r \r  0.  Populate multiple of patient orders to convert \r  1.  Current inpatients.\r  2.  Patients with future scheduled admissions\r  3.  patients on waiting list\r  4.  patients with discharges in the last 4 weeks\r  5.  patients with appointments in last 4 weeks and next 4 weeks\r  6.  all remaining patients in DPT\r  7.  orders not associated with DPT", "type": "typed-literal"}, "number": "3.08", "flags": "NJ1,0", "location": "CONV;8", "type": "2", "name": "or3_background_job_stage"}, {"description": {"datatype": "http://www.w3.org/1999/02/22-rdf-syntax-ns#XMLLiteral", "fmType": "5", "fmId": "-1", "value": "This field is maintained by the OE/RR orders conversion.  If the\rbackground job process is running, this will keep track of the last value\rprocessed for the current stage.  If the background job stops and needs to\rbe restarted, this field will allow restart from where the process left\roff.", "type": "typed-literal"}, "number": "3.09", "flags": "F", "location": "CONV;9", "type": "4", "name": "or3_background_job_up_to"}, {"description": {"datatype": "http://www.w3.org/1999/02/22-rdf-syntax-ns#XMLLiteral", "fmType": "5", "fmId": "-1", "value": "This field is maintained by the OE/RR orders conversion.  If the\rconversion is in the background job portion, this field will contain the\rtask number (ZTSK) of the background process job.  This will assist in\rproviding the status of the job and allowing restart should the job stop.", "type": "typed-literal"}, "number": "3.1", "flags": "NJ15,0", "location": "CONV;10", "type": "2", "name": "or3_background_job_task"}, {"name": "or3_background_job_stop", "description": {"datatype": "http://www.w3.org/1999/02/22-rdf-syntax-ns#XMLLiteral", "fmType": "5", "fmId": "-1", "value": "Should you wish to stop the background job process for any reason during\rthe OE/RR version 3.0 orders conversion, you can call STOP^OR3CONV and\rthis field will be set to yes.  The conversion will check for this field\rand when it finds it set, it will allow the conversion to make a clean\rstop.  RESTART^OR3CONV may be used to restart the task.", "type": "typed-literal"}, "number": "3.11", "flags": "S", "details": "1:YES;0:NO;", "type": "3", "location": "CONV;11"}, {"description": {"datatype": "http://www.w3.org/1999/02/22-rdf-syntax-ns#XMLLiteral", "fmType": "5", "fmId": "-1", "value": "This field will be maintained by the Order Entry/Results Reporting version\r3.0 orders conversion.  It will keep a counter of the number of patients\rthat have been converted.", "type": "typed-literal"}, "number": "3.12", "flags": "NJ15,0", "location": "CONV;12", "type": "2", "name": "or3_patients_converted"}, {"name": "add_menu_default", "description": {"datatype": "http://www.w3.org/1999/02/22-rdf-syntax-ns#XMLLiteral", "fmType": "5", "fmId": "-1", "value": "This field is the default menu used to add orders.  If this field has no\rentry, then the ORADD menu will be used as the default.  This field is\rfor sites that wish to customize the ORADD menu by creating another menu\rin a local namespace (ORZADD) so that local changes won't be overwritten\rwhen new versions of OE/RR are installed.  When a customized menu structure\rhas been created for local use of OE/RR, it should be put in this field.\r \rStarting with Version II of OE/RR, menus can be set up in file 101 for\rspecific users or groups of users and assigned on an individual basis via\rthe Clinical Coordinators menu.", "type": "typed-literal"}, "number": "4", "flags": "V", "details": "101;19", "type": "8", "location": "0;9"}, {"name": "package_parameters", "description": {"datatype": "http://www.w3.org/1999/02/22-rdf-syntax-ns#XMLLiteral", "fmType": "5", "fmId": "-1", "value": "This field allows each package to define its own set of parameters.\rThe entries in this multiple field are exported much the same as\rentries in the PACKAGE File are exported when a package is initialized.", "type": "typed-literal"}, "number": "5", "flags": "100.995P", "details": "100.995", "type": "9", "location": "5;0"}, {"name": "show_status_description", "description": {"datatype": "http://www.w3.org/1999/02/22-rdf-syntax-ns#XMLLiteral", "fmType": "5", "fmId": "-1", "value": "This field allows the description associated with a status to be\rdisplayed with the current status of an order when a detailed\rdisplay is requested.", "type": "typed-literal"}, "number": "6", "flags": "S", "details": "0:NO;1:YES;", "type": "3", "location": "0;10"}, {"name": "show_patient_name", "description": {"datatype": "http://www.w3.org/1999/02/22-rdf-syntax-ns#XMLLiteral", "fmType": "5", "fmId": "-1", "value": "This field allows the patient name to be displayed each time an order\raction is executed after the subheader during ADD NEW ORDERS option.", "type": "typed-literal"}, "number": "7", "flags": "S", "details": "0:NO;1:YES;", "type": "3", "location": "0;11"}, {"description": {"datatype": "http://www.w3.org/1999/02/22-rdf-syntax-ns#XMLLiteral", "fmType": "5", "fmId": "-1", "value": "This field defines the number of hours that orders remain in the\r\"Current Orders\" context after they have been completed.", "type": "typed-literal"}, "number": "8", "flags": "NJ2,0", "location": "0;12", "type": "2", "name": "active_orders_context_hours"}, {"name": "review_on_patient_mvmt", "description": {"datatype": "http://www.w3.org/1999/02/22-rdf-syntax-ns#XMLLiteral", "fmType": "5", "fmId": "-1", "value": "This field allows orders to be reviewed when a patient is transferred\ror discharged, and when a clinic appointment is made or cancelled.", "type": "typed-literal"}, "number": "9", "flags": "S", "details": "0:NO;1:YES;", "type": "3", "location": "0;13"}, {"name": "single_user_suspend_filer", "description": {"datatype": "http://www.w3.org/1999/02/22-rdf-syntax-ns#XMLLiteral", "fmType": "5", "fmId": "-1", "value": "This is a parameter that can be set for single user systems (PC's) that\rdo not allow multiple jobs to run simultaneously.  This is needed since\rOE/RR uses a background filer.  If this field is set to YES then tasks\rthat normally are run in the background will run in real time.  For\rdemo/training purposes, not to be used in a production environment.\r \rThis field is also used to shut down or suspend the background filer.\rThe filer needs to be suspended when the ^ORYX global is being moved\ror a new version of OE/RR is being installed.", "type": "typed-literal"}, "number": "10", "flags": "S", "details": "1:YES;0:NO;", "type": "3", "location": "0;4"}, {"name": "initials_on_summary", "description": {"datatype": "http://www.w3.org/1999/02/22-rdf-syntax-ns#XMLLiteral", "fmType": "5", "fmId": "-1", "value": "This field allows the initials of the person who entered the order to\rbe displayed on the OE/RR summary reports.  The initials take up an\radditional line on the display and are shown just below the Ord'd date\rtime.", "type": "typed-literal"}, "number": "11", "flags": "S", "details": "1:YES;0:NO;", "type": "3", "location": "0;14"}, {"name": "default_provider", "description": {"datatype": "http://www.w3.org/1999/02/22-rdf-syntax-ns#XMLLiteral", "fmType": "5", "fmId": "-1", "value": "This field allows the attending physician to be prompted as a default\rwhen adding new orders.", "type": "typed-literal"}, "number": "12", "flags": "S", "details": "0:NO;1:YES;", "type": "3", "location": "0;15"}, {"description": {"datatype": "http://www.w3.org/1999/02/22-rdf-syntax-ns#XMLLiteral", "fmType": "5", "fmId": "-1", "value": "This field contains the date that the OE/RR purge utility was\rlast started.", "type": "typed-literal"}, "number": "13", "flags": "DI", "location": "0;5", "type": "1", "name": "last_purge_date"}, {"name": "last_order_purged", "description": {"datatype": "http://www.w3.org/1999/02/22-rdf-syntax-ns#XMLLiteral", "fmType": "5", "fmId": "-1", "value": "This field contains the last order number purged by the OE/RR\rpurge utility.", "type": "typed-literal"}, "number": "14", "flags": "P100'I", "details": "100", "type": "7", "location": "0;6"}, {"description": {"datatype": "http://www.w3.org/1999/02/22-rdf-syntax-ns#XMLLiteral", "fmType": "5", "fmId": "-1", "value": "This field tells OE/RR how long to keep the record of failed\rtasks in the OE/RR ERROR file.\rIf no entry is put in this field then errors are kept for 2 days.", "type": "typed-literal"}, "number": "15", "flags": "NJ2,0", "location": "0;7", "type": "2", "name": "error_days"}, {"name": "debug", "description": {"datatype": "http://www.w3.org/1999/02/22-rdf-syntax-ns#XMLLiteral", "fmType": "5", "fmId": "-1", "value": "This field is used by package developers to help debug transaction\rfailures with their package and OE/RR.  If this field is turned ON,\rthen transactions are not processed thru the background filer and\ra message is displayed when a transaction fails.  This field should\rbe turned OFF at all other times.", "type": "typed-literal"}, "number": "16", "flags": "S", "details": "0:OFF;1:ON;", "type": "3", "location": "0;8"}, {"description": {"datatype": "http://www.w3.org/1999/02/22-rdf-syntax-ns#XMLLiteral", "fmType": "5", "fmId": "-1", "value": "This field is used during installation to disable OE/RR protocols.\rThere should only be an entry here during OE/RR installation. \rThe entry is provided by the OE/RR installation process.", "type": "typed-literal"}, "number": "17", "flags": "D", "location": "0;16", "type": "1", "name": "installation_flag"}, {"name": "confirm_provider", "description": {"datatype": "http://www.w3.org/1999/02/22-rdf-syntax-ns#XMLLiteral", "fmType": "5", "fmId": "-1", "value": "This field will allow an additional prompt to confirm the provider\rselection when adding new orders.\rEntering 2 in this field will exclude holders of the ORES key\r(providers) from this check.\rNotice that these parameters also control the default presented to the user:\r'Are you sure? <no -or- yes>'", "type": "typed-literal"}, "number": "18", "flags": "S", "details": "0:NO;1:YES (Default NO);2:YES (Exclude ORES);3:YES (Default YES);", "type": "3", "location": "0;17"}, {"name": "show_lab_", "description": {"datatype": "http://www.w3.org/1999/02/22-rdf-syntax-ns#XMLLiteral", "fmType": "5", "fmId": "-1", "value": "This field controls the listing of lab orders for holders\rof the ORES key, after the electronic signature has been\rentered when entering new orders.  If Physicians want to\rsee the lab order # with the order after entering and signing\rthe orders, this parameter must be set to YES. \rThe Lab Order # is not displayed on the new orders screen.\rOnly after the order is released to Lab service is the number\rassigned.  All other users get the listing regardless of\rwhat this parameter is set to.", "type": "typed-literal"}, "number": "19", "flags": "S", "details": "0:NO;1:YES;", "type": "3", "location": "0;18"}, {"name": "package_site_parameters", "description": {"datatype": "http://www.w3.org/1999/02/22-rdf-syntax-ns#XMLLiteral", "fmType": "5", "fmId": "-1", "value": "Here are the package specific parameters that can be modified by\rthe installation site.", "type": "typed-literal"}, "number": "20", "flags": "100.9901P", "details": "100.9901", "type": "9", "location": "20;0"}, {"name": "electronic_signature", "description": {"datatype": "http://www.w3.org/1999/02/22-rdf-syntax-ns#XMLLiteral", "fmType": "5", "fmId": "-1", "value": "This field allows electronic signature functionality to be used.\rUse of this functionality requires some initial setup before it can\rbe turned on.  Users have to be assigned keys that allow them to\rperform verification steps in the order entry process.  They also\rhave to be given an electronic signature code.  This also has an \reffect on who can be selected as the person requesting the order.", "type": "typed-literal"}, "number": "21", "flags": "S", "details": "0:NO;1:YES;", "type": "3", "location": "2;1"}, {"name": "electronic_record", "description": {"datatype": "http://www.w3.org/1999/02/22-rdf-syntax-ns#XMLLiteral", "fmType": "5", "fmId": "-1", "value": "A site can use this field to select 1 of 4 modes for Electronic Signature:\r0>No change from current Electronic Signature functionality.\r1>Yes  All orders must be signed online.\rSignature on chart is not allowed\rAll orders are filed initially with a signature status of Unsigned and\ra notification for electronic signature is sent to the ordering provider.\r2>Yes (Allow S.O.C)  All orders are signed online, but for\rthose cases where an order is written and signed on the paper chart,\ryou can so specify.  Backdoor orders send a notification for electronic\rsignature and require a signature, unless the order has a Nature of \rOrder set to null.\r3>Yes (Allow S.O.C. & Written)  Is the same as option 2 except that it\rwill allow orders sent from the ancillary packages with a nature of\rorder of Written to be entered without requiring an electronic signature.\r4>Yes (Exempt Service Entered)  Is the same as option 2 except that it\rwill allow orders sent from the ancillary packages that have not defined\ra nature of order to be entered without requiring an electronic signature.\rThis is the way 'backdoor' orders were handled before the changes \rintroduced with this new field (added with patch OR*2.5*46) were added.\rAs of the release of patch OR*2.5*46 only Pharmacy and Lab have a way\rof dealing with the nature of order from the backdoor.  So until the\rrest of the backdoor interfaces can deal with this, option 4 is the \rleast disruptive method of evolution, and still get the enhancements for\rnotification and signing of verbal orders.\r   \rFor options 1,2,3 & 4, the default for the prompt \"Do you want to mark\rthese orders as 'Signed on Chart'\" is changed to NO.", "type": "typed-literal"}, "number": "22", "flags": "S", "details": "0:NO;1:YES;2:YES (ALLOW S.O.C.);3:YES (ALLOW S.O.C & WRITTEN);4:YES (Exempt Service Entered);", "type": "3", "location": "2;2"}, {"name": "unsigned_orders_screen", "description": {"datatype": "http://www.w3.org/1999/02/22-rdf-syntax-ns#XMLLiteral", "fmType": "5", "fmId": "-1", "value": "This field controls the type of review screen that is used\rfor new/unsigned orders. \rWithout this parameter, the user has to sign all orders when entering \rnew orders or presented with new /unsigned orders when\rleaving the review screen.  Setting this parameter to 1 (Select) will force\rthe use of the standard review screen of unsigned orders.  This 'new' screen\rallow the user to select the order sign by number, range of numbers or all\rorders by entering the keyword \"all\"\r  \rIf a site sets the UNSIGNED ORDERS SCREEN parameter to Select, the default\rprompt for all users will be 'Accept Orders'.  This default can be overridden\rfor physicians (holders of the ORES key), by appropriately setting a new\rparameter, NEW ORDERS DEFAULT - PROVIDER to 1 - SIGN & RELEASE.", "type": "typed-literal"}, "number": "23", "flags": "S", "details": "0:All;1:Select;", "type": "3", "location": "2;3"}, {"name": "new_orders_default__provider", "description": {"datatype": "http://www.w3.org/1999/02/22-rdf-syntax-ns#XMLLiteral", "fmType": "5", "fmId": "-1", "value": "This parameter determines the default prompt for providers\rwhen the UNSIGNED ORDERS SCREEN parameter is set to SELECT.\rThe default is ACCEPT ORDERS.", "type": "typed-literal"}, "number": "24", "flags": "S", "details": "0:ACCEPT ORDERS;1:SIGN & RELEASE;", "type": "3", "location": "2;4"}, {"name": "hospital_site", "description": {"datatype": "http://www.w3.org/1999/02/22-rdf-syntax-ns#XMLLiteral", "fmType": "5", "fmId": "-1", "value": "This field allows parameters to be set up for each location in the \rhospital that uses OE/RR.", "type": "typed-literal"}, "number": "25", "flags": "100.9925P", "details": "100.9925", "type": "9", "location": "25;0"}, {"name": "chart_copy_format", "description": {"datatype": "http://www.w3.org/1999/02/22-rdf-syntax-ns#XMLLiteral", "fmType": "5", "fmId": "-1", "value": "This is the format used when printing chart copies of the orders for the\rhospital.", "type": "typed-literal"}, "number": "26", "flags": "P100.23'", "details": "100.23", "type": "7", "location": "2;6"}, {"name": "chart_copy_header", "description": {"datatype": "http://www.w3.org/1999/02/22-rdf-syntax-ns#XMLLiteral", "fmType": "5", "fmId": "-1", "value": "This is the format used to print the header of the chart copies of orders\rfor the hospital.", "type": "typed-literal"}, "number": "27", "flags": "P100.23'", "details": "100.23", "type": "7", "location": "2;7"}, {"name": "chart_copy_footer", "description": {"datatype": "http://www.w3.org/1999/02/22-rdf-syntax-ns#XMLLiteral", "fmType": "5", "fmId": "-1", "value": "This is the format used to print the footer of the chart copies of orders\rfor the hospital.", "type": "typed-literal"}, "number": "28", "flags": "P100.23'", "details": "100.23", "type": "7", "location": "2;8"}, {"name": "expand_continuous_orders", "description": {"datatype": "http://www.w3.org/1999/02/22-rdf-syntax-ns#XMLLiteral", "fmType": "5", "fmId": "-1", "value": "This is a site parameter to enable continuous orders (i.e., orders with a\rcontinuous schedule, e.g., QD or Q4H) to be expanded or not on the chart\rcopy.  If set to 1 (EXPAND ON CHART) an order for GLUCOSE BLOOD SERUM with\rthe schedule QD would appear on the chart as:\r \r05/17 11:04  GLUCOSE BLOOD SERUM                            Marcus Welby, MD\r              LB #805    WC   ROUTINE\r \r05/18 11:04  GLUCOSE BLOOD SERUM                            Marcus Welby, MD\r              LB #806    WC   ROUTINE\r \r05/19 11:04  GLUCOSE BLOOD SERUM                            Marcus Welby, MD\r              LB #807    WC   ROUTINE\r \rIf instead, the field is set to 0 (DON'T EXPAND ON CHART) the same order\rwould appear as:\r \r05/17 11:04  GLUCOSE BLOOD SERUM     QD                     Marcus Welby, MD\r05/19 11:04   LB #805    WC   ROUTINE", "type": "typed-literal"}, "number": "29", "flags": "S", "details": "1:EXPAND ON CHART;0:DON'T EXPAND ON CHART;", "type": "3", "location": "2;5"}, {"name": "stop_dates_for_generic_orders", "description": {"datatype": "http://www.w3.org/1999/02/22-rdf-syntax-ns#XMLLiteral", "fmType": "5", "fmId": "-1", "value": "This field will be checked to decide whether stop dates should be prompted\rfor when generic text orders are entered through OE/RR.\rAn entry of YES will cause users to be prompted.", "type": "typed-literal"}, "number": "30", "flags": "S", "details": "1:YES;0:NO;", "type": "3", "location": "2;9"}, {"description": {"datatype": "http://www.w3.org/1999/02/22-rdf-syntax-ns#XMLLiteral", "fmType": "5", "fmId": "-1", "value": "This field will accept the number of days in the future that will\rdetermine the default stop date presented to users when placing generic\rorders.  \r \rExample: An entry of 5 will cause the stop date presented to users to be 5\rdays from today.", "type": "typed-literal"}, "number": "31", "flags": "NJ3,0", "location": "2;10", "type": "2", "name": "default_generic_stop_date"}, {"name": "notification_to_physician", "description": {"datatype": "http://www.w3.org/1999/02/22-rdf-syntax-ns#XMLLiteral", "fmType": "5", "fmId": "-1", "value": "This field controls the sending of notifications to attending\rand primary physicians.  Set this field to 0 to have both the\rattending an primary physicians receive alerts for both inpatients\rand outpatients.  Set this field to 1 to have only the attending\rphysician receive alerts for only inpatients.  The default is to\rhave both attending and primary physician receive all alerts (0).\r \rIn any case the ordering provider will always get the alert.", "type": "typed-literal"}, "number": "32", "flags": "S", "details": "0:ALL;1:INPAT ATTENDING;", "type": "3", "location": "2;11"}, {"description": {"datatype": "http://www.w3.org/1999/02/22-rdf-syntax-ns#XMLLiteral", "fmType": "5", "fmId": "-1", "value": "This is the last order number that was processed as part of the\rLab order cleanup option.", "type": "typed-literal"}, "number": "33", "flags": "NJ13,1", "location": "2;12", "type": "2", "name": "last_lab_cleanup_"}, {"name": "allow_dc_reason", "description": {"datatype": "http://www.w3.org/1999/02/22-rdf-syntax-ns#XMLLiteral", "fmType": "5", "fmId": "-1", "value": "This field allows the user to enter a reason for entering a DC\rorder.  If the reason is DUPLICATE ORDER, then the order is\rsimply DC'ed and no chart copies are printed or notifications\rsent.  If the reason is CHANGE IN THERAPY, then chart copies\rand notifications are sent.  DC's resulting from a CHANGE IN\rTHERAPY are so noted in the text of the DC order.  The\rorder DC'ed will show the name & title of the user that DC'ed\rthe order.\r \rThere are 2 cases where the DC Reason prompt does not apply.\rDC'ing any Generic (text) order will not get the DC Reason prompt.\rHolders of the ORES key will not get the DC Reason prompt.", "type": "typed-literal"}, "number": "34", "flags": "S", "details": "0:NO;1:YES;", "type": "3", "location": "2;13"}, {"name": "allow_dc_reason_backdoor", "description": {"datatype": "http://www.w3.org/1999/02/22-rdf-syntax-ns#XMLLiteral", "fmType": "5", "fmId": "-1", "value": "This field allows the same functionality as the parameter:\rALLOW DC REASON for orders DC'ed from the ancillary packages\r(backdoor).\r \r ", "type": "typed-literal"}, "number": "35", "flags": "S", "details": "0:NO;1:YES;", "type": "3", "location": "2;14"}, {"name": "dc_of_generic_orders", "description": {"datatype": "http://www.w3.org/1999/02/22-rdf-syntax-ns#XMLLiteral", "fmType": "5", "fmId": "-1", "value": "This field controls the DC'ing of Generic orders.  If this field\ris set to 1, then Generic orders are DC'ed only when a patient's\rTreating Specialty changes.  If set to 0, then the Generic orders\rare DC'ed when the patient's Ward Location changes.\r   \rThe automatic DC'ing of orders only happens when one of the protocols\rOR GUA DC GEN ORD ON TRANS* are placed on the DGPM MOVEMENT EVENTS\rprotocol.", "type": "typed-literal"}, "number": "36", "flags": "S", "details": "0:WARD TRANSFER;1:SPECIALTY TRANSFER;", "type": "3", "location": "2;15"}, {"description": {"datatype": "http://www.w3.org/1999/02/22-rdf-syntax-ns#XMLLiteral", "fmType": "5", "fmId": "-1", "value": "The Lab Order clean-up utility on the ORE MGR menu looks at this field\rto decide when to put pending lab orders with old start dates in\ra lapsed state.  Orders with a Lapsed status (l) are no longer shown\rin the current orders context.\rThis is used as a default for order clean-up.  A new menu of\rclean-up utilities (ORE MGR) is being exported with items ORE XREF and ORE\rLAB ORDER CLEANUP.  The ORE XREF (Clean-up OE/RR Cross References) option\rwill check cross references in file 100 for accuracy.  The ORE LAB ORDER\rCLEANUP (Clean-up Lab Orders in OE/RR and Lab files) option will check for\rinconsistencies between OR/RR and Lab files and attempts to correct them.\rThe Lab Order clean-up utility on the ORE MGR menu looks at LAPSE DAYS to\rdecide when to put pending lab orders with old start dates in a lapsed state.\rOrders with a Lapsed status (l) are no longer shown in the current orders\rcontext.  Another parameters is being exported called LAST LAB CLEAN-UP.\rThis holds the last ORIFN that was processed during the last clean-up, and is\rused as a default number to start with the next time the option is run.", "type": "typed-literal"}, "number": "37", "flags": "NJ3,0", "location": "2;16", "type": "2", "name": "lapse_days"}, {"name": "restrict_requestor", "description": {"datatype": "http://www.w3.org/1999/02/22-rdf-syntax-ns#XMLLiteral", "fmType": "5", "fmId": "-1", "value": "This field allows a site to restrict the selection of providers\rwhen adding new orders at the 'Requesting CLINICIAN: ' prompt for\rholders of the ORELSE and OREMAS key.  The restriction being that\rthey cannot select themselves as the requestor even though they may\ralso hold the PROVIDER key.\r \r  1 YES (ORELSE)          -restricts only holders of the ORELSE key.\r  2 YES (ORELSE & OREMAS) -restricts holders of either key.", "type": "typed-literal"}, "number": "38", "flags": "S", "details": "0:NO;1:YES (ORELSE);2:YES (ORELSE & OREMAS);", "type": "3", "location": "2;17"}, {"name": "auto_unflag", "description": {"datatype": "http://www.w3.org/1999/02/22-rdf-syntax-ns#XMLLiteral", "fmType": "5", "fmId": "-1", "value": "This parameter, when set to YES, will automatically cancel\rthe Flag Orders Notification and unflag all orders for a\rpatient when a user process a Flagged Orders Notification.", "type": "typed-literal"}, "number": "39", "flags": "S", "details": "0:NO;1:YES;", "type": "3", "location": "2;18"}, {"name": "converted_protocols", "description": {"datatype": "http://www.w3.org/1999/02/22-rdf-syntax-ns#XMLLiteral", "fmType": "5", "fmId": "-1", "value": "This is a list of the protocols for which corresponding entries have been\rcreated in the Order Dialog file.", "type": "typed-literal"}, "number": "101", "flags": "100.99101P", "details": "100.99101", "type": "9", "location": "101;0"}, {"name": "unsuccessful_dialogs", "description": {"datatype": "http://www.w3.org/1999/02/22-rdf-syntax-ns#XMLLiteral", "fmType": "5", "fmId": "-1", "value": "This is a list of the protocols for which corresponding entries were not\rsuccessfully created in the Order Dialog file.", "type": "typed-literal"}, "number": "101.41", "flags": "100.99141P", "details": "100.99141", "type": "9", "location": "101.41;0"}, {"description": {"datatype": "http://www.w3.org/1999/02/22-rdf-syntax-ns#XMLLiteral", "fmType": "5", "fmId": "-1", "value": "This field contains the last entry processed in the New Person file #200\rwhen converting Add Orders menus in the post-init of CPRS.", "type": "typed-literal"}, "number": "200", "flags": "NJ7,0", "location": "200;1", "type": "2", "name": "last_user_preference_converted"}, {"name": "conversion_completed", "description": {"datatype": "http://www.w3.org/1999/02/22-rdf-syntax-ns#XMLLiteral", "fmType": "5", "fmId": "-1", "value": "This field is a flag to determine if the conversion of the Add Orders\rmenus from the Protocol file to the Order Dialog file is completed.", "type": "typed-literal"}, "number": "201", "flags": "S", "details": "1:YES;", "type": "3", "location": "200;2"}, {"name": "or3_patients_to_convert", "description": {"datatype": "http://www.w3.org/1999/02/22-rdf-syntax-ns#XMLLiteral", "fmType": "5", "fmId": "-1", "value": "This multiple will store patients that have not yet been converted by the\rOE/RR version 3.0 (CPRS) orders conversion.  It is maintained by the\rconversion and should not be edited or updated.", "type": "typed-literal"}, "number": "300", "flags": "100.9903PA", "details": "100.9903", "type": "9", "location": "PTCONV;0"}], "fmql": {"TYPELABEL": "ORDER PARAMETERS", "TYPE": "100_99", "OP": "DESCRIBE TYPE"}, "number": "100.99", "location": "^ORD(100.99,", "name": "ORDER PARAMETERS"}