{"fields": [{"name": "surgery_position", "description": {"datatype": "http://www.w3.org/1999/02/22-rdf-syntax-ns#XMLLiteral", "fmType": "5", "fmId": "-1", "value": "This is the position in which the patient is placed for this operative\rprocedure.  More than one position may be entered for each case.\r ", "type": "typed-literal"}, "number": ".01", "flags": "*P132'", "details": "132", "type": "7", "location": "0;1"}, {"description": {"datatype": "http://www.w3.org/1999/02/22-rdf-syntax-ns#XMLLiteral", "fmType": "5", "fmId": "-1", "value": "This is the date/time that the patient was placed in this position.\rTimes without a date can be entered.\r ", "type": "typed-literal"}, "number": "1", "flags": "DX", "location": "0;2", "type": "1", "name": "time_placed"}], "fmql": {"TYPELABEL": "SURGERY POSITION", "TYPE": "130_065", "OP": "DESCRIBE TYPE"}, "name": "SURGERY POSITION", "parent": "130", "number": "130.065"}