{"name":"SUSPECTED AGENT","number":"120.8503","parent":"120.85","fields":[{"number":".01","flags":"MFX","name":"SUSPECTED AGENT","location":"0;1","index":"B","type":"4","inputTransform":"X ^DD(120.8503,.01,9.2) D DO^DIC1 K:X?1P.E!(X'?.ANP)!($L(X)>64)!($L(X)<1) X","description":{"fmId":"-1","fmType":"5","type":"typed-literal","datatype":"http://www.w3.org/1999/02/22-rdf-syntax-ns#XMLLiteral","value":"This field indicates one of the suspected agents for this observed reaction."}},{"number":"1","flags":"F","name":"DAILY DOSE","location":"0;2","type":"4","inputTransform":"K:$L(X)>20!($L(X)<1) X","description":{"fmId":"-1","fmType":"5","type":"typed-literal","datatype":"http://www.w3.org/1999/02/22-rdf-syntax-ns#XMLLiteral","value":"This field contains the daily dosage for this suspected agent."}},{"number":"1.5","flags":"F","name":"SIG","location":"1;5","type":"4","inputTransform":"K:$L(X)>30!($L(X)<3) X","description":{"fmId":"-1","fmType":"5","type":"typed-literal","datatype":"http://www.w3.org/1999/02/22-rdf-syntax-ns#XMLLiteral","value":"This file contains the SIG code that indicates how this drug is to be given."}},{"number":"2","flags":"FX","name":"ROUTE OF ADMINISTRATION","location":"0;3","type":"4","inputTransform":"X ^DD(120.8503,2,9.2) D DO^DIC1 K:X?1P.E!(X'?.ANP)!($L(X)>45)!($L(X)<1) X Q","description":{"fmId":"-1","fmType":"5","type":"typed-literal","datatype":"http://www.w3.org/1999/02/22-rdf-syntax-ns#XMLLiteral","value":"This is the route of administration for this suspected agent."}},{"number":"3","flags":"F","name":"INDICATIONS FOR USE","location":"0;4","type":"4","inputTransform":"K:$L(X)>30!($L(X)<3) X","description":{"fmId":"-1","fmType":"5","type":"typed-literal","datatype":"http://www.w3.org/1999/02/22-rdf-syntax-ns#XMLLiteral","value":"This field indicates the reasoning for a particular agent."}},{"number":"4","flags":"DX","name":"START DATE OF ADMINISTRATION","location":"1;1","type":"1","inputTransform":"S %DT=\"EPSTX\",%DT(0)=\"-NOW\" D ^%DT K %DT(0) S X=Y K:Y<1 X","description":{"fmId":"-1","fmType":"5","type":"typed-literal","datatype":"http://www.w3.org/1999/02/22-rdf-syntax-ns#XMLLiteral","value":"This field contains the date a patient was first given the suspected agent."}},{"number":"5","flags":"D","name":"STOP DATE OF ADMINISTRATION","location":"1;2","type":"1","inputTransform":"S %DT=\"ESTX\" D ^%DT S X=Y K:Y<1 X I $G(X,0) K:X<$P($G(^GMR(120.85,DA(1),3,DA,1)),U) X","description":{"fmId":"-1","fmType":"5","type":"typed-literal","datatype":"http://www.w3.org/1999/02/22-rdf-syntax-ns#XMLLiteral","value":"This field contains the stop date for a suspected agent."}},{"number":"6","flags":"CJ8","name":"DURATION OF ADMINISTRATION","type":"6","computation":"S Y(120.8503,6,1)=$S($D(^GMR(120.85,D0,3,D1,1)):^(1),1:\"\") S X=$P(Y(120.8503,6,1),U,2),X1=X,X2=$P(Y(120.8503,6,1),U,1),X=\"\" D:X2 ^%DTC:X1","description":{"fmId":"-1","fmType":"5","type":"typed-literal","datatype":"http://www.w3.org/1999/02/22-rdf-syntax-ns#XMLLiteral","value":"This field contains the total time the suspected agent was given to a\rpatient."}},{"number":"7","flags":"FX","name":"MANUFACTURER","location":"0;7","type":"4","inputTransform":"X ^DD(120.8503,7,9.2) K:X?1P.E!(X'?.ANP)!($L(X)>25)!($L(X)<2) X","description":{"fmId":"-1","fmType":"5","type":"typed-literal","datatype":"http://www.w3.org/1999/02/22-rdf-syntax-ns#XMLLiteral","value":"This field contains the name of the manufacturer of the suspected agent."}},{"number":"8","flags":"F","name":"LOT #","location":"0;8","type":"4","inputTransform":"K:$L(X)>30!($L(X)<2) X","description":{"fmId":"-1","fmType":"5","type":"typed-literal","datatype":"http://www.w3.org/1999/02/22-rdf-syntax-ns#XMLLiteral","value":"This field contains the lot # for a suspected agent."}},{"number":"9","flags":"NJ9,0","name":"NUMBER OF PREVIOUS DOSES","location":"0;9","type":"2","inputTransform":"K:+X'=X!(X>100000000)!(X<0)!(X?.E1\".\"1N.N) X","description":{"fmId":"-1","fmType":"5","type":"typed-literal","datatype":"http://www.w3.org/1999/02/22-rdf-syntax-ns#XMLLiteral","value":"This field contains the total number of doses of this suspected agent that\rwere given to the patient prior to the reaction."}},{"number":"10","flags":"DX","name":"LAST FILL DT","location":"0;10","type":"1","inputTransform":"S %DT=\"EPSTX\",%DT(0)=\"-NOW\" D ^%DT K %DT(0) S X=Y K:Y<1 X","description":{"fmId":"-1","fmType":"5","type":"typed-literal","datatype":"http://www.w3.org/1999/02/22-rdf-syntax-ns#XMLLiteral","value":"This field is the date that this agent was last filled."}},{"number":"10.1","flags":"D","name":"EXPIRATION DATE","location":"1;3","type":"1","inputTransform":"S %DT=\"E\" D ^%DT S X=Y K:Y<1 X","description":{"fmId":"-1","fmType":"5","type":"typed-literal","datatype":"http://www.w3.org/1999/02/22-rdf-syntax-ns#XMLLiteral","value":"This is the date that the suspected agent is to expire."}},{"number":"10.2","flags":"F","name":"NDC #","location":"1;4","type":"4","inputTransform":"K:$L(X)>20!($L(X)<1) X","description":{"fmId":"-1","fmType":"5","type":"typed-literal","datatype":"http://www.w3.org/1999/02/22-rdf-syntax-ns#XMLLiteral","value":"This is the NDC (National Drug Code) of this agent."}},{"number":"11","flags":"S","name":"LIKE QUESTION #1","location":"LIKE;1","type":"3","details":"y:YES;n:NO;","description":{"fmId":"-1","fmType":"5","type":"typed-literal","datatype":"http://www.w3.org/1999/02/22-rdf-syntax-ns#XMLLiteral","value":"This question determines whether this reaction normally occurs with this reactant.\rreactant."}},{"number":"12","flags":"S","name":"LIKE QUESTION #2","location":"LIKE;2","type":"3","details":"y:YES;n:NO;","description":{"fmId":"-1","fmType":"5","type":"typed-literal","datatype":"http://www.w3.org/1999/02/22-rdf-syntax-ns#XMLLiteral","value":"This question determines whether administration of the reactant was stopped."}},{"number":"13","flags":"S","name":"LIKE QUESTION #3","location":"LIKE;3","type":"3","details":"y:YES;n:NO;","description":{"fmId":"-1","fmType":"5","type":"typed-literal","datatype":"http://www.w3.org/1999/02/22-rdf-syntax-ns#XMLLiteral","value":"This question determines if the reaction stopped when the administration of the reactant was terminated.\rthe reactant was terminated."}},{"number":"14","flags":"S","name":"LIKE QUESTION #4","location":"LIKE;4","type":"3","details":"y:YES;n:NO;","description":{"fmId":"-1","fmType":"5","type":"typed-literal","datatype":"http://www.w3.org/1999/02/22-rdf-syntax-ns#XMLLiteral","value":"This question determines whether the reactant was readministered."}},{"number":"15","flags":"S","name":"LIKE QUESTION #5","location":"LIKE;5","type":"3","details":"y:YES;n:NO;","description":{"fmId":"-1","fmType":"5","type":"typed-literal","datatype":"http://www.w3.org/1999/02/22-rdf-syntax-ns#XMLLiteral","value":"This question determines whether the reaction could be due to the patient current clinical condition."}},{"number":"16","flags":"S","name":"LIKE QUESTION #6","location":"LIKE;6","type":"3","details":"y:YES;n:NO;","description":{"fmId":"-1","fmType":"5","type":"typed-literal","datatype":"http://www.w3.org/1999/02/22-rdf-syntax-ns#XMLLiteral","value":"This question determines if the reaction reappeared after the reactant was readministered.\rwas readministered."}},{"number":"17","flags":"S","name":"LIKELIHOOD","location":"LIKE;7","type":"3","details":"1:REMOTE;2:POSSIBLE;3:PROBABLE;4:HIGHLY PROBABLE;","description":{"fmId":"-1","fmType":"5","type":"typed-literal","datatype":"http://www.w3.org/1999/02/22-rdf-syntax-ns#XMLLiteral","value":"If this is an observed drug allergy/adverse reaction, then this is the\rlikelihood that this is an adverse reaction.  The data for this field is\rbased on an algorithm used by the FDA."}}],"fmql":{"OP":"DESCRIBE TYPE","TYPE":"120_8503","TYPELABEL":"SUSPECTED AGENT"}}