{"fields": [{"description": {"datatype": "http://www.w3.org/1999/02/22-rdf-syntax-ns#XMLLiteral", "fmType": "5", "fmId": "-1", "value": "This field contains the sequence number of the standing order\rand has no meaning beyond that.", "type": "typed-literal"}, "number": ".01", "flags": "NJ4,0", "location": "0;1", "type": "2", "name": "standing_orders"}, {"name": "order", "description": {"datatype": "http://www.w3.org/1999/02/22-rdf-syntax-ns#XMLLiteral", "fmType": "5", "fmId": "-1", "value": "This field contains the standing order (from the Standing Orders\rfile, 118.3).", "type": "typed-literal"}, "number": "1", "flags": "RP118.3'", "details": "118.3", "type": "7", "location": "0;2"}, {"description": {"datatype": "http://www.w3.org/1999/02/22-rdf-syntax-ns#XMLLiteral", "fmType": "5", "fmId": "-1", "value": "This field contains the meals to which this standing order\ris applicable.", "type": "typed-literal"}, "number": "2", "flags": "RFX", "location": "0;3", "type": "4", "name": "meals"}, {"description": {"datatype": "http://www.w3.org/1999/02/22-rdf-syntax-ns#XMLLiteral", "fmType": "5", "fmId": "-1", "value": "This field contains the date/time at which the standing\rorder was entered.", "type": "typed-literal"}, "number": "3", "flags": "RD", "location": "0;4", "type": "1", "name": "date_time_ordered"}, {"name": "entering_clerk", "description": {"datatype": "http://www.w3.org/1999/02/22-rdf-syntax-ns#XMLLiteral", "fmType": "5", "fmId": "-1", "value": "This field contains the user who entered the order and is\rautomatically captured at the time of entry.", "type": "typed-literal"}, "number": "4", "flags": "RP200'", "details": "200", "type": "7", "location": "0;5"}, {"description": {"datatype": "http://www.w3.org/1999/02/22-rdf-syntax-ns#XMLLiteral", "fmType": "5", "fmId": "-1", "value": "This field contains the date/time the standing order was\rcancelled and is automatically captured at time of\rcancellation.", "type": "typed-literal"}, "number": "5", "flags": "D", "location": "0;6", "type": "1", "name": "date_time_cancelled"}, {"name": "cancelling_clerk", "description": {"datatype": "http://www.w3.org/1999/02/22-rdf-syntax-ns#XMLLiteral", "fmType": "5", "fmId": "-1", "value": "This field contains the user who entered the cancellation\rand is automatically captured at time of cancellation.", "type": "typed-literal"}, "number": "6", "flags": "P200'", "details": "200", "type": "7", "location": "0;7"}, {"description": {"datatype": "http://www.w3.org/1999/02/22-rdf-syntax-ns#XMLLiteral", "fmType": "5", "fmId": "-1", "value": "This is the quantity of the Standing Order.", "type": "typed-literal"}, "number": "7", "flags": "NJ1,0", "location": "0;8", "type": "2", "name": "quantity"}, {"name": "diet_associated", "description": {"datatype": "http://www.w3.org/1999/02/22-rdf-syntax-ns#XMLLiteral", "fmType": "5", "fmId": "-1", "value": "This field, if answered Yes, means this Standing Order is associated\rwith a diet order else if answered No, means it is not.", "type": "typed-literal"}, "number": "8", "flags": "S", "details": "Y:YES;N:NO;", "type": "3", "location": "0;9"}], "fmql": {"TYPELABEL": "STANDING ORDERS", "TYPE": "115_08", "OP": "DESCRIBE TYPE"}, "name": "STANDING ORDERS", "parent": "115.01", "number": "115.08"}