{"name":"DIETETIC EQUIPMENT","number":"117.338","parent":"117.3","fields":[{"number":".01","flags":"M*P117.4'","name":"DIETETIC EQUIPMENT","location":"0;1","index":"B","type":"7","details":"117.4","inputTransform":"S DIC(\"S\")=\"I $P(^(0),U,2)=\"\"E\"\"\" D ^DIC K DIC S DIC=DIE,X=+Y K:Y<0 X","description":{"fmId":"-1","fmType":"5","type":"typed-literal","datatype":"http://www.w3.org/1999/02/22-rdf-syntax-ns#XMLLiteral","value":"This field contains the pointer to The Dietetic Report Category file."}},{"number":"1","flags":"F","name":"BRAND","location":"0;2","type":"4","inputTransform":"K:$L(X)>45!($L(X)<3) X","description":{"fmId":"-1","fmType":"5","type":"typed-literal","datatype":"http://www.w3.org/1999/02/22-rdf-syntax-ns#XMLLiteral","value":"This field contains the Brand of the Dietetic Equipment Service."}}],"fmql":{"OP":"DESCRIBE TYPE","TYPE":"117_338","TYPELABEL":"DIETETIC EQUIPMENT"}}