{"name":"ITEM","number":"119.01","parent":"119","fields":[{"number":".01","flags":"MDX","name":"ITEM","location":"0;1","index":"C","type":"1","inputTransform":"S %DT=\"EST\" D ^%DT S X=Y K:Y<1 X I $D(X) S DINUM=X","description":{"fmId":"-1","fmType":"5","type":"typed-literal","datatype":"http://www.w3.org/1999/02/22-rdf-syntax-ns#XMLLiteral","value":"This field contains the date/time at which the item\rhas or will become active."}},{"number":"1","flags":"S","name":"ITEM TYPE","location":"0;2","type":"3","details":"C:CONSULT;D:DIET REVIEW;S:SUPP. FDG. REVIEW;X:PERSONAL;T:TUBEFEED;N:NUT. STATUS;O:ADDITIONAL ORDER;M:MONITOR;","description":{"fmId":"-1","fmType":"5","type":"typed-literal","datatype":"http://www.w3.org/1999/02/22-rdf-syntax-ns#XMLLiteral","value":"This field indicates the nature of the item."}},{"number":"2","flags":"F","name":"ITEM TEXT","location":"0;3","type":"4","inputTransform":"K:$L(X)>80!($L(X)<3) X","description":{"fmId":"-1","fmType":"5","type":"typed-literal","datatype":"http://www.w3.org/1999/02/22-rdf-syntax-ns#XMLLiteral","value":"This field contains a free-text description of the item."}},{"number":"101","flags":"P2'","name":"PATIENT","location":"0;4","index":"C","type":"7","details":"2","description":{"fmId":"-1","fmType":"5","type":"typed-literal","datatype":"http://www.w3.org/1999/02/22-rdf-syntax-ns#XMLLiteral","value":"This field is a pointer to the patient to which the item is applicable."}},{"number":"102","flags":"P405'","name":"ADMISSION","location":"0;5","type":"7","details":"405","description":{"fmId":"-1","fmType":"5","type":"typed-literal","datatype":"http://www.w3.org/1999/02/22-rdf-syntax-ns#XMLLiteral","value":"This field is a pointer to the admission movement in File 405 to which\rthe item is applicable."}},{"number":"103","flags":"NJ5,0","name":"ENTRY #","location":"0;6","type":"2","inputTransform":"K:+X'=X!(X>99999)!(X<1)!(X?.E1\".\"1N.N) X","description":{"fmId":"-1","fmType":"5","type":"typed-literal","datatype":"http://www.w3.org/1999/02/22-rdf-syntax-ns#XMLLiteral","value":"This is a pointer to the order number for the appropriate Type of\rTicker File item."}}],"fmql":{"OP":"DESCRIBE TYPE","TYPE":"119_01","TYPELABEL":"ITEM"}}