{"count": "0", "description": {"datatype": "http://www.w3.org/1999/02/22-rdf-syntax-ns#XMLLiteral", "fmType": "5", "fmId": "-1", "value": "This file holds the set of parameters which modify the operation of the \rMRSA Program Tools to suit the needs of your site. For multi-divisional \rfacilities, each division should have a separate entry in this file.", "type": "typed-literal"}, "fields": [{"index": "B", "name": "division", "description": {"datatype": "http://www.w3.org/1999/02/22-rdf-syntax-ns#XMLLiteral", "fmType": "5", "fmId": "-1", "value": "This field contains the division the parameters are defined for.", "type": "typed-literal"}, "number": ".01", "flags": "RP40.8'", "location": "0;1", "type": "7", "details": "40.8"}, {"name": "receiving_unit_screen", "description": {"datatype": "http://www.w3.org/1999/02/22-rdf-syntax-ns#XMLLiteral", "fmType": "5", "fmId": "-1", "value": "This field should be set to 'Yes' if at your site the admitting (or \rreceiving) unit screens patients on unit-to-unit transfers.", "type": "typed-literal"}, "number": "1", "flags": "S", "details": "0:NO;1:YES;", "type": "3", "location": "0;2"}, {"name": "discharging_unit_screen", "description": {"datatype": "http://www.w3.org/1999/02/22-rdf-syntax-ns#XMLLiteral", "fmType": "5", "fmId": "-1", "value": "This field should be set to 'Yes' if at your site the discharging unit \rscreens patients on unit-to-unit transfers.", "type": "typed-literal"}, "number": "2", "flags": "S", "details": "0:NO;1:YES;", "type": "3", "location": "0;3"}, {"name": "screen_pos_on_transfer_in", "description": {"datatype": "http://www.w3.org/1999/02/22-rdf-syntax-ns#XMLLiteral", "fmType": "5", "fmId": "-1", "value": "This field should be set to 'Yes' if at your site you are screening all \rpatients on transfers into the unit, regardless of MRSA status. This field\rshould be set to 'No' if you only screen patients not known to be infected\rand/or colonized with MRSA on transfers into the unit.", "type": "typed-literal"}, "number": "3", "flags": "S", "details": "0:NO;1:YES;", "type": "3", "location": "0;4"}, {"name": "screen_pos_on_discharge", "description": {"datatype": "http://www.w3.org/1999/02/22-rdf-syntax-ns#XMLLiteral", "fmType": "5", "fmId": "-1", "value": "This field should be set to 'Yes' if at your site you are screening \rpatients on discharge, death, or transfer out from the unit, regardless of\rMRSA status.\r \rThis field should be set to 'No' if you only screen patients not known to\rbe infected and/or colonized with MRSA on discharge, death, or transfer\rout from the unit.", "type": "typed-literal"}, "number": "4", "flags": "S", "details": "0:NO;1:YES;", "type": "3", "location": "0;5"}, {"name": "isolation_orders", "number": "5", "flags": "104.05PA", "details": "104.05", "type": "9", "location": "1;0"}], "fmql": {"TYPELABEL": "MRSA SITE PARAMETERS", "TYPE": "104", "OP": "DESCRIBE TYPE"}, "number": "104", "location": "^MMRS(104,", "name": "MRSA SITE PARAMETERS"}