{"count": "0", "description": {"datatype": "http://www.w3.org/1999/02/22-rdf-syntax-ns#XMLLiteral", "fmType": "5", "fmId": "-1", "value": "This file is used to maintain a log of transmissions of inter-facility \rconsult activities to a remote VistA system. The file will record the \rrecord and activity that triggered the transmission as well as the \rfacility to which the transmission was directed. Any transmission that \rreceives a negative acknowledgement from the remote system will have an \rerror code recorded. \r \rUpon successful completion of a transmission with successful \racknowledgement, entries will be deleted after approximately one week.", "type": "typed-literal"}, "fields": [{"index": "B", "name": "date_time_of_entry", "number": ".01", "flags": "RD", "location": "0;1", "type": "1", "description": {"datatype": "http://www.w3.org/1999/02/22-rdf-syntax-ns#XMLLiteral", "fmType": "5", "fmId": "-1", "value": "This is the date time an HL7 message was directed to another VistA system\rcontaining an inter-facility consult update.", "type": "typed-literal"}}, {"name": "facility", "description": {"datatype": "http://www.w3.org/1999/02/22-rdf-syntax-ns#XMLLiteral", "fmType": "5", "fmId": "-1", "value": "This field contains the institution to which an HL7 message was sent. The \rmessages contain updates to an inter-facility consult. ", "type": "typed-literal"}, "number": ".02", "flags": "P4'", "details": "4", "type": "7", "location": "0;2"}, {"index": "AM", "name": "message_", "number": ".03", "flags": "F", "location": "0;3", "type": "4", "description": {"datatype": "http://www.w3.org/1999/02/22-rdf-syntax-ns#XMLLiteral", "fmType": "5", "fmId": "-1", "value": "This is the HL7 message number generated by the VistA HL7 package. This \rmessage number is used to match up the application acknowledgement from \rthe remote system to the event that generated it. ", "type": "typed-literal"}}, {"description": {"datatype": "http://www.w3.org/1999/02/22-rdf-syntax-ns#XMLLiteral", "fmType": "5", "fmId": "-1", "value": "This is the numeric respresentation of the REQUEST/CONSULTATION file \rentry that generated this message activity.", "type": "typed-literal"}, "number": ".04", "flags": "NJ7,0", "location": "0;4", "type": "2", "name": "consult_request_"}, {"description": {"datatype": "http://www.w3.org/1999/02/22-rdf-syntax-ns#XMLLiteral", "fmType": "5", "fmId": "-1", "value": "This is the numeric representation of the ien within the REQUEST \rPROCESSING ACTIVITY multiple for the consult entry referenced in the \rCONSULT # field.", "type": "typed-literal"}, "number": ".05", "flags": "NJ3,0", "location": "0;5", "type": "2", "name": "activity_"}, {"index": "AI", "name": "incomplete", "description": {"datatype": "http://www.w3.org/1999/02/22-rdf-syntax-ns#XMLLiteral", "fmType": "5", "fmId": "-1", "value": "This field is set to YES until a successful application accept \racknowledgement is received from the remote VistA system.", "type": "typed-literal"}, "number": ".06", "flags": "S", "location": "0;6", "type": "3", "details": "1:YES;"}, {"description": {"datatype": "http://www.w3.org/1999/02/22-rdf-syntax-ns#XMLLiteral", "fmType": "5", "fmId": "-1", "value": "This field contains the number of times an HL7 message containing a \rparticular consult activity was transmitted to a remote VistA system.", "type": "typed-literal"}, "number": ".07", "flags": "NJ2,0", "location": "0;7", "type": "2", "name": "trans_attempts"}, {"description": {"datatype": "http://www.w3.org/1999/02/22-rdf-syntax-ns#XMLLiteral", "fmType": "5", "fmId": "-1", "value": "This field contains the error condition noted on the receiving site\rwhen receiving an IFC HL7 message.\r \rThe error code numbers are defined and maintained within package \rdocumentation. ", "type": "typed-literal"}, "number": ".08", "flags": "NJ4,0O", "location": "0;8", "type": "2", "name": "error"}], "fmql": {"TYPELABEL": "IFC MESSAGE LOG", "TYPE": "123_6", "OP": "DESCRIBE TYPE"}, "number": "123.6", "location": "^GMR(123.6,", "name": "IFC MESSAGE LOG"}