{"name":"ORAM FLOWSHEET","number":"103","location":"^ORAM(103,","description":{"fmId":"-1","fmType":"5","type":"typed-literal","datatype":"http://www.w3.org/1999/02/22-rdf-syntax-ns#XMLLiteral","value":"This file captures flowsheet data in support of the the Anticoagulation \rManagement Program (AMP), which is a Joint Commission National Patient\rSafety Goal initiative to use a standardized process for the management of\rtheir patients on extended anticoagulation therapy.\r \rAMP runs as a Windows Application from the CPRS Tools menu, and assists \rClinicians with the expeditious documentation of visits to Anticoagulation\rClinics."},"version":"3.0","vpackage":"OR","fields":[{"number":".01","flags":"P2X","name":"PATIENT","location":"0;1","index":"B","type":"7","details":"2","inputTransform":"S DINUM=X","description":{"fmId":"-1","fmType":"5","type":"typed-literal","datatype":"http://www.w3.org/1999/02/22-rdf-syntax-ns#XMLLiteral","value":"Patient DFN from file 2"}},{"number":"1","flags":"F","name":"GOAL INR","location":"0;2","type":"4","inputTransform":"K:$L(X)>10!($L(X)<1) X","description":{"fmId":"-1","fmType":"5","type":"typed-literal","datatype":"http://www.w3.org/1999/02/22-rdf-syntax-ns#XMLLiteral","value":"Stores the INR GOAL RANGE set by the user in the ANTICOAGULATOR.  \rContains a free text range, like: 2.0-3.0"}},{"number":"2","flags":"F","name":"INDICATION","location":"0;3","type":"4","inputTransform":"K:$L(X)>50!($L(X)<1) X","description":{"fmId":"-1","fmType":"5","type":"typed-literal","datatype":"http://www.w3.org/1999/02/22-rdf-syntax-ns#XMLLiteral","value":"Stores indication set in the Anticoagulator and ICD9 code for the \rindication.\rExample: A Flutter=427.32"}},{"number":"3","flags":"D","name":"NEXT LAB","location":"0;4","index":"L","type":"1","inputTransform":"S %DT=\"ETX\" D ^%DT S X=Y K:X<1 X","description":{"fmId":"-1","fmType":"5","type":"typed-literal","datatype":"http://www.w3.org/1999/02/22-rdf-syntax-ns#XMLLiteral","value":"Fileman date of the next scheduled INR draw."}},{"number":"4","flags":"F","name":"START DATE","location":"0;5","type":"4","inputTransform":"K:$L(X)>15!($L(X)<1) X","description":{"fmId":"-1","fmType":"5","type":"typed-literal","datatype":"http://www.w3.org/1999/02/22-rdf-syntax-ns#XMLLiteral","value":"Date patient was started in Anticoagulation clinic; in free text format \r(request from the field); contains whatever the operator entered.\rexample: 09/26/08\rexample: unknown"}},{"number":"5","flags":"F","name":"STOP DATE","location":"0;6","type":"4","inputTransform":"K:$L(X)>15!($L(X)<1) X","description":{"fmId":"-1","fmType":"5","type":"typed-literal","datatype":"http://www.w3.org/1999/02/22-rdf-syntax-ns#XMLLiteral","value":"Date patient was stopped OR expected to be stopped from needing followup\rin Anticoagulation clinic; in free text format\r(request from the field); contains whatever the operator entered.\rexample: 09/26/08\rexample: indefinite"}},{"number":"6","flags":"F","name":"DURATION","location":"0;7","type":"4","inputTransform":"K:$L(X)>40!($L(X)<1) X","description":{"fmId":"-1","fmType":"5","type":"typed-literal","datatype":"http://www.w3.org/1999/02/22-rdf-syntax-ns#XMLLiteral","value":"Expected length of time patient will be followed in Anticoagulation \rclinic.\rExample: 6 months"}},{"number":"7","flags":"103.07","name":"SPECIAL INSTRUCTIONS","location":"1;0","type":"5","description":{"fmId":"-1","fmType":"5","type":"typed-literal","datatype":"http://www.w3.org/1999/02/22-rdf-syntax-ns#XMLLiteral","value":"Word processing set of special instrections inputted into the\rAnticoagulator.\rVisible in the Anticoagulator and in the Header of the flow sheet on the \rREPORTS tab."}},{"number":"8","flags":"103.08","name":"RISK FACTORS","location":"2;0","type":"5","description":{"fmId":"-1","fmType":"5","type":"typed-literal","datatype":"http://www.w3.org/1999/02/22-rdf-syntax-ns#XMLLiteral","value":"Word processing set of risk factors inputted into the Anticoagulator.  \rVisible in the Anticoagulator and in the Header of the flow sheet on the \rREPORTS tab."}},{"number":"9","flags":"S","name":"SIGNED AGREEMENT","location":"0;8","type":"3","details":"Y:yes;N:no;","description":{"fmId":"-1","fmType":"5","type":"typed-literal","datatype":"http://www.w3.org/1999/02/22-rdf-syntax-ns#XMLLiteral","value":"Stores if patient has a signed agreement\rY=yes; N or \"\"=No."}},{"number":"10","flags":"F","name":"ORIENTATION","location":"0;9","type":"4","inputTransform":"K:$L(X)>8!($L(X)<1) X","description":{"fmId":"-1","fmType":"5","type":"typed-literal","datatype":"http://www.w3.org/1999/02/22-rdf-syntax-ns#XMLLiteral","value":"Free text entry for date of orientation classs."}},{"number":"11","flags":"103.011DA","name":"FS DATE","location":"3;0","type":"9","details":"103.011"},{"number":"15","flags":"S","name":"COMPLEXITY","location":"0;10","type":"3","details":"0:STANDARD PT;1:COMPLEX PT;2:INACTIVE PT;","description":{"fmId":"-1","fmType":"5","type":"typed-literal","datatype":"http://www.w3.org/1999/02/22-rdf-syntax-ns#XMLLiteral","value":"INDICATES IF PATIENT IS CURRENTLY COMPLEX, STANDARD OR INACTIVE"}},{"number":"25","flags":"S","name":"MSG-PHONE","location":"0;11","type":"3","details":"0:NOT ASKED;1:NO MSGS;2:OK MSG;","description":{"fmId":"-1","fmType":"5","type":"typed-literal","datatype":"http://www.w3.org/1999/02/22-rdf-syntax-ns#XMLLiteral","value":"PT PRIVACY ISSUE; indicates if pt approved leaving of msg on phone \ranswering machine."}},{"number":"35","flags":"103.035","name":"MSG WITH","location":"4;0","type":"5","description":{"fmId":"-1","fmType":"5","type":"typed-literal","datatype":"http://www.w3.org/1999/02/22-rdf-syntax-ns#XMLLiteral","value":"If patient allows leaving of anticoagulation messages with others at \rhis/her phone number, this indicates WHO is allowed to receive the \rmessages."}},{"number":"45","flags":"S","name":"AM MEDS","location":"0;12","type":"3","details":"0:PM MEDS;1:AM MEDS;2:UNKNOWN;"},{"number":"55","flags":"F","name":"SAVE STATUS","location":"0;13","type":"4","inputTransform":"K:$L(X)>8!($L(X)<1) X","description":{"fmId":"-1","fmType":"5","type":"typed-literal","datatype":"http://www.w3.org/1999/02/22-rdf-syntax-ns#XMLLiteral","value":"Indicates if this entry is complete (\"SAVE\") or incomplete (\"TEMPSAVE\")."}},{"number":"60","flags":"S","name":"FEE BASIS","location":"0;14","type":"3","details":"0:NO;1:PRIMARY;2:SECONDARY;","description":{"fmId":"-1","fmType":"5","type":"typed-literal","datatype":"http://www.w3.org/1999/02/22-rdf-syntax-ns#XMLLiteral","value":" \r****Not in use for export version; here for legacy systems*****\r \rRECORDS IF FEE BASIS IS AUTHORIZED AND IF PRIMARY OR SECONDARY STATUS"}},{"number":"65","flags":"D","name":"FEE BASIS EXPIRATION","location":"0;15","type":"1","inputTransform":"S %DT=\"E\" D ^%DT S X=Y K:Y<1 X","description":{"fmId":"-1","fmType":"5","type":"typed-literal","datatype":"http://www.w3.org/1999/02/22-rdf-syntax-ns#XMLLiteral","value":"****Not in use for export version; here for legacy systems*****\r \rDATE WHICH FEE BASIS QUALIFICATION EXPIRES AND NEEDS TO BE REASSESSED."}},{"number":"70","flags":"F","name":"FEE BASIS EVALUATED BY","location":"0;16","type":"4","inputTransform":"K:$L(X)>30!($L(X)<1) X","description":{"fmId":"-1","fmType":"5","type":"typed-literal","datatype":"http://www.w3.org/1999/02/22-rdf-syntax-ns#XMLLiteral","value":"****Not in use for export version; here for legacy systems*****\r \rPERSON WHO EVALUATED PATIENT FOR FEE BASIS"}},{"number":"75","flags":"D","name":"OUTSIDE LAB","location":"0;17","type":"1","inputTransform":"S %DT=\"E\" D ^%DT S X=Y K:Y<1 X","description":{"fmId":"-1","fmType":"5","type":"typed-literal","datatype":"http://www.w3.org/1999/02/22-rdf-syntax-ns#XMLLiteral","value":"*****Note in use for exported version*******************\r \rexpiration date for outside lab agreement."}},{"number":"80","flags":"D","name":"Reminder Date","location":"0;18","type":"1","inputTransform":"S %DT=\"E\" D ^%DT S X=Y K:Y<1 X","description":{"fmId":"-1","fmType":"5","type":"typed-literal","datatype":"http://www.w3.org/1999/02/22-rdf-syntax-ns#XMLLiteral","value":"If reminder is set; this is the first date it will begin to appear when \rthe Anticoagulator is accessed.  It is only viewable in the \rAnticoagulator."}},{"number":"85","flags":"103.085","name":"REMINDER","location":"5;0","type":"5","description":{"fmId":"-1","fmType":"5","type":"typed-literal","datatype":"http://www.w3.org/1999/02/22-rdf-syntax-ns#XMLLiteral","value":"Free text item to remind person who is accessing the Anticoagulator on a \rspecific patient that something needs to be done.  Will only appear at or \rafter the reminder date (field 80).\rexample: \"CBC due\""}},{"number":"90","flags":"S","name":"LOCK","location":"0;19","type":"3","details":"0:OPEN;1:LOCKED;","description":{"fmId":"-1","fmType":"5","type":"typed-literal","datatype":"http://www.w3.org/1999/02/22-rdf-syntax-ns#XMLLiteral","value":"IF 1; CHART IS IN USE BY SOMEONE ELSE."}},{"number":"91","flags":"S","name":"NEXT DAY CALLBACK","location":"0;20","type":"3","details":"0:NO;1:YES;","description":{"fmId":"-1","fmType":"5","type":"typed-literal","datatype":"http://www.w3.org/1999/02/22-rdf-syntax-ns#XMLLiteral","value":"This Boolean field indicates whether the Clinician should wait until the \rday after the next INR Draw to call the patient."}},{"number":"95","flags":"F","name":"RESTRICT LAB DRAWS","location":"6;1","type":"4","inputTransform":"K:$L(X)>5!($L(X)<1) X","description":{"fmId":"-1","fmType":"5","type":"typed-literal","datatype":"http://www.w3.org/1999/02/22-rdf-syntax-ns#XMLLiteral","value":"Indicates days the patient does not want lab drawn. Represented by a \rstring, example: 135 means Mon,Wed,Friday"}},{"number":"101","flags":"*P44'","name":"CLINIC","location":"6;2","index":"CL","type":"7","details":"44","inputTransform":"S DIC(\"S\")=\"I $$GOODLOC^ORAMSET(Y)\" D ^DIC K DIC S DIC=DIE,X=+Y K:Y<0 X","description":{"fmId":"-1","fmType":"5","type":"typed-literal","datatype":"http://www.w3.org/1999/02/22-rdf-syntax-ns#XMLLiteral","value":"Clinic which is currently following the patient.\r \rClinic determines many of the parameters which will determine the \rbehavior of the Anticoagulation Management Application (e.g., Team \rList membership, Letterhead values, Visit locations for PCE, etc.).\rIf clinic is missing, it will be assigned when the user files the first \rflowsheet entry."}},{"number":"102","flags":"P100.21'","name":"CMPLX","location":"6;3","type":"7","details":"100.21","description":{"fmId":"-1","fmType":"5","type":"typed-literal","datatype":"http://www.w3.org/1999/02/22-rdf-syntax-ns#XMLLiteral","value":"THIS FIELD IS NOT IN USE AT THIS TIME."}},{"number":"110","flags":"F","name":"OUTSIDE HCT","location":"6;4","type":"4","inputTransform":"K:$L(X)>20!($L(X)<1) X","description":{"fmId":"-1","fmType":"5","type":"typed-literal","datatype":"http://www.w3.org/1999/02/22-rdf-syntax-ns#XMLLiteral","value":"Outside HCT lab value, entered by the pharmacist through the GUI, is \rstored here in the following format:\rvalue | DATE \rdate is not in fileman format\rexample: 21.6|9/19/2008"}},{"number":"111","flags":"S","name":"ELIGIBLE FOR LMWH BRIDGING","location":"6;5","type":"3","details":"1:YES;0:NO;","description":{"fmId":"-1","fmType":"5","type":"typed-literal","datatype":"http://www.w3.org/1999/02/22-rdf-syntax-ns#XMLLiteral","value":"Please indicate whether the patient is eligible for perioperative Low\rMolecular Weight Heparin bridging."}},{"number":"112","flags":"103.0112","name":"BRIDGING COMMENTS","location":"7;0","type":"5"}],"fmql":{"OP":"DESCRIBE TYPE","TYPE":"103","TYPELABEL":"ORAM FLOWSHEET"}}