{"fields": [{"index": "B", "name": "prev3_action_iens_from_1231", "number": ".01", "flags": "MNJ3,0X", "location": "0;1", "type": "2", "description": {"datatype": "http://www.w3.org/1999/02/22-rdf-syntax-ns#XMLLiteral", "fmType": "5", "fmId": "-1", "value": "This is a temporary holding place for actions so we can debug problems if\rneeded.", "type": "typed-literal"}}, {"type": "4", "location": "0;2", "flags": "F", "number": "1", "name": "old_action_name"}, {"type": "4", "location": "0;3", "flags": "F", "number": "2", "name": "old_related_status"}], "fmql": {"TYPELABEL": "PRE-V3 ACTION IENS FROM 123.1", "TYPE": "123_9999", "OP": "DESCRIBE TYPE"}, "name": "PRE-V3 ACTION IENS FROM 123.1", "parent": "123.9", "number": "123.9999"}