{"count": "0", "description": {"datatype": "http://www.w3.org/1999/02/22-rdf-syntax-ns#XMLLiteral", "fmType": "5", "fmId": "-1", "value": "This file contains reasons for cancelling a scheduled operative\rprocedure.  It is pointed to by the CANCEL REASON field in the\rSurgery file.  The Surgery Cancellation Reason file is distributed\rwith pre-supplied entries, however sites may wish to add to it.", "type": "typed-literal"}, "fields": [{"index": "B", "name": "name", "number": ".01", "flags": "RF", "location": "0;1", "type": "4", "description": {"datatype": "http://www.w3.org/1999/02/22-rdf-syntax-ns#XMLLiteral", "fmType": "5", "fmId": "-1", "value": "This is the name of the cancellation reason.\r ", "type": "typed-literal"}}, {"index": "C", "name": "code", "number": "1", "flags": "RF", "location": "0;2", "type": "4", "description": {"datatype": "http://www.w3.org/1999/02/22-rdf-syntax-ns#XMLLiteral", "fmType": "5", "fmId": "-1", "value": "This is the code corresponding to the cancellation reason.\r ", "type": "typed-literal"}}, {"name": "avoidable", "description": {"datatype": "http://www.w3.org/1999/02/22-rdf-syntax-ns#XMLLiteral", "fmType": "5", "fmId": "-1", "value": "This field will be used as the default for the CANCELLATION AVOIDABLE\rfield in the SURGERY file (130).\r ", "type": "typed-literal"}, "number": "2", "flags": "S", "details": "Y:YES;N:NO;", "type": "3", "location": "0;3"}, {"name": "inactive", "description": {"datatype": "http://www.w3.org/1999/02/22-rdf-syntax-ns#XMLLiteral", "fmType": "5", "fmId": "-1", "value": "Enter 'YES' to inactivate this entry to prevent its selection by\rSurgery users.", "type": "typed-literal"}, "number": "10", "flags": "S", "details": "1:YES;", "type": "3", "location": "0;4"}], "fmql": {"TYPELABEL": "SURGERY CANCELLATION REASON", "TYPE": "135", "OP": "DESCRIBE TYPE"}, "number": "135", "location": "^SRO(135,", "name": "SURGERY CANCELLATION REASON"}