{"fields": [{"index": "B", "name": "related_services", "description": {"datatype": "http://www.w3.org/1999/02/22-rdf-syntax-ns#XMLLiteral", "fmType": "5", "fmId": "-1", "value": "This field will indicate which Consult services from the REQUEST\rSERVICES (#123.5) file are responsible for the processing of requests for\rthis procedure.", "type": "typed-literal"}, "number": ".01", "flags": "MP123.5'X", "location": "0;1", "type": "7", "details": "123.5"}], "fmql": {"TYPELABEL": "RELATED SERVICES", "TYPE": "123_32", "OP": "DESCRIBE TYPE"}, "name": "RELATED SERVICES", "parent": "123.3", "number": "123.32"}