{"name":"TIME TOURNIQUET APPLIED","number":"130.02","parent":"130","fields":[{"number":".01","flags":"DX","name":"TIME TOURNIQUET APPLIED","location":"0;1","type":"1","inputTransform":"S Z=$E($P(^SRF($S($D(SRTN):SRTN,1:DA(1)),0),\"^\",9),1,7),X=$S(X?1.4N.A!(X?1.2N1\":\"2N.A):Z_\"@\"_X,1:X) K %DT,Z S %DT=\"ERTX\" D ^%DT S X=Y K:Y<1 X","description":{"fmId":"-1","fmType":"5","type":"typed-literal","datatype":"http://www.w3.org/1999/02/22-rdf-syntax-ns#XMLLiteral","value":"This is the date and time that the tourniquet was applied.  If entered,\rthis information will appear on the Nurse Intraoperative Report.\r "}},{"number":"1","flags":"S","name":"SITE APPLIED","location":"0;2","type":"3","details":"RL:RIGHT UPPER LEG;RA:RIGHT UPPER ARM;LG:LEFT UPPER LEG;LA:LEFT UPPER ARM;AR:RIGHT ANKLE;AL:LEFT ANKLE;RW:RIGHT LOWER ARM;LW:LEFT LOWER ARM;O:OTHER;","description":{"fmId":"-1","fmType":"5","type":"typed-literal","datatype":"http://www.w3.org/1999/02/22-rdf-syntax-ns#XMLLiteral","value":"This is the code corresponding to the location on the body where\rthe tourniquet is applied.\r "}},{"number":"2","flags":"*P200'","name":"TOURNIQUET APPL. BY","location":"0;3","type":"7","details":"200","inputTransform":"S DIC(\"S\")=\"S RESTRICT=\"\"130.02,2\"\" D KEY^SROXPR I $D(SROK)\" D ^DIC K DIC S DIC=DIE,X=+Y K:Y<0 X","description":{"fmId":"-1","fmType":"5","type":"typed-literal","datatype":"http://www.w3.org/1999/02/22-rdf-syntax-ns#XMLLiteral","value":"This is the person responsible for the application of the tourniquet\rcuff at this time.  Although optional, this information may be useful\rin documentation of this case.\r "}},{"number":"3","flags":"DX","name":"TIME TOURNIQUET REL.","location":"0;4","type":"1","inputTransform":"S SRSUB=2,SRP=1 D OFF1^SROVAR S %DT=\"ERTX\" D ^%DT S X=Y K:Y<1 X","description":{"fmId":"-1","fmType":"5","type":"typed-literal","datatype":"http://www.w3.org/1999/02/22-rdf-syntax-ns#XMLLiteral","value":"This is the date and time that the tourniquet was released.  Times\rentered without a date will be converted to the date of operation\rat that time.\r "}},{"number":"4","flags":"F","name":"PRESSURE","location":"0;5","type":"4","inputTransform":"K:$L(X)>12!($L(X)<1) X","description":{"fmId":"-1","fmType":"5","type":"typed-literal","datatype":"http://www.w3.org/1999/02/22-rdf-syntax-ns#XMLLiteral","value":"This is the amount of pressure (in TORR) applied to the cuff.  This \rinformation is optional, but may be useful in documentation of the\rcase.\r "}}],"fmql":{"OP":"DESCRIBE TYPE","TYPE":"130_02","TYPELABEL":"TIME TOURNIQUET APPLIED"}}