{"name":"SURGERY DISPOSITION","number":"131.6","location":"^SRO(131.6,","count":"9","lastIEN":"9","description":{"fmId":"-1","fmType":"5","type":"typed-literal","datatype":"http://www.w3.org/1999/02/22-rdf-syntax-ns#XMLLiteral","value":"This file contains entries describing the destination of the patient\rupon completion of the procedure: requested disposition, postoperative\rdisposition or post-anesthesia care disposition."},"version":"3.0","vpackage":"SR","fields":[{"number":".01","flags":"RF","name":"DISPOSITION","location":"0;1","index":"B","type":"4","inputTransform":"K:$L(X)>30!($L(X)<3)!'(X'?1P.E) X","description":{"fmId":"-1","fmType":"5","type":"typed-literal","datatype":"http://www.w3.org/1999/02/22-rdf-syntax-ns#XMLLiteral","value":"This is the name of the surgery disposition."}},{"number":"1","flags":"F","name":"CODE","location":"0;2","index":"C","type":"4","inputTransform":"K:X[\"\"\"\"!($A(X)=45) X I $D(X) K:$L(X)>5!($L(X)<1) X","description":{"fmId":"-1","fmType":"5","type":"typed-literal","datatype":"http://www.w3.org/1999/02/22-rdf-syntax-ns#XMLLiteral","value":"This optional code is used to facilitate disposition selection and lookup."}},{"number":"2","flags":"S","name":"INACTIVE?","location":"0;3","type":"3","details":"1:YES;","description":{"fmId":"-1","fmType":"5","type":"typed-literal","datatype":"http://www.w3.org/1999/02/22-rdf-syntax-ns#XMLLiteral","value":"Enter 'YES' to inactivate this file entry and to prevent its selection\rby Surgery users."}},{"number":"3","flags":"131.63","name":"SYNONYM","location":"1;0","type":"9","details":"131.63"}],"fmql":{"OP":"DESCRIBE TYPE","TYPE":"131_6","TYPELABEL":"SURGERY DISPOSITION"}}