{"count": "0", "description": {"datatype": "http://www.w3.org/1999/02/22-rdf-syntax-ns#XMLLiteral", "fmType": "5", "fmId": "-1", "value": "This file contains the orderables and methods for accomplishing orders\r(protocols) within OE/RR.", "type": "typed-literal"}, "fields": [{"index": "B", "name": "name", "number": ".01", "flags": "FX", "location": "0;1", "type": "4", "description": {"datatype": "http://www.w3.org/1999/02/22-rdf-syntax-ns#XMLLiteral", "fmType": "5", "fmId": "-1", "value": "A unique name, which is preceded by the package namespace.", "type": "typed-literal"}}, {"index": "C", "name": "item_text", "number": "1", "flags": "FX", "location": "0;2", "type": "4", "description": {"datatype": "http://www.w3.org/1999/02/22-rdf-syntax-ns#XMLLiteral", "fmType": "5", "fmId": "-1", "value": "The protocol's text as it appears to the user on the menu or subheader.", "type": "typed-literal"}}, {"name": "synonym", "description": {"datatype": "http://www.w3.org/1999/02/22-rdf-syntax-ns#XMLLiteral", "fmType": "5", "fmId": "-1", "value": "This is another name for the protocol that may be used on lookup.", "type": "typed-literal"}, "number": "1.1", "flags": "101.02A", "details": "101.02", "type": "9", "location": "2;0"}, {"description": {"datatype": "http://www.w3.org/1999/02/22-rdf-syntax-ns#XMLLiteral", "fmType": "5", "fmId": "-1", "value": "This is a shortened version of the item text to be used on print-outs\rwhere the name must be abbreviated.", "type": "typed-literal"}, "number": "1.11", "flags": "F", "location": ".1;1", "type": "4", "name": "print_name"}, {"description": {"datatype": "http://www.w3.org/1999/02/22-rdf-syntax-ns#XMLLiteral", "fmType": "5", "fmId": "-1", "value": "This field disables use of the protocol when there is text in it.  The\rtext should be a short message explaining why use of the protocol has\rbeen disabled, as it will be displayed if the protocol is selected.", "type": "typed-literal"}, "number": "2", "flags": "F", "location": "0;3", "type": "4", "name": "disable"}, {"description": {"datatype": "http://www.w3.org/1999/02/22-rdf-syntax-ns#XMLLiteral", "fmType": "5", "fmId": "-1", "value": "This field is used to deny access to users who have this option\ras part of their menu. If an option has a lock, then only users\rwho hold the matching key can access it.", "type": "typed-literal"}, "number": "3", "flags": "FX", "location": "0;6", "type": "4", "name": "lock"}, {"description": {"datatype": "http://www.w3.org/1999/02/22-rdf-syntax-ns#XMLLiteral", "fmType": "5", "fmId": "-1", "value": "This field contains a brief explanation of the protocol.", "type": "typed-literal"}, "number": "3.5", "flags": "101.06", "location": "1;0", "type": "5", "name": "description"}, {"description": {"datatype": "http://www.w3.org/1999/02/22-rdf-syntax-ns#XMLLiteral", "fmType": "5", "fmId": "-1", "value": "This specifies a time range during which this option cannot be accessed.\rThe time should be entered in military format. For example, to\rprohibit an option from running between 9 AM and 2 PM, enter 0900-1400.", "type": "typed-literal"}, "number": "3.9", "flags": "F", "location": "0;9", "type": "4", "name": "prohibited_times"}, {"name": "type", "description": {"datatype": "http://www.w3.org/1999/02/22-rdf-syntax-ns#XMLLiteral", "fmType": "5", "fmId": "-1", "value": "This field defines the type of protocol to be executed.  Types Q, O, and\rL are strictly related to the 'Add orders' function.\r  Q = Protocol menu - used for displaying and selecting orderable items\rduring the add sequence. When this type of protocol is encountered\rOE/RR will ask the 'Select PATIENT:,' 'LOCATION:,' 'Provider:'\rprompts and execute the transaction logic for the new orders\rscreen.  This is also true for type O and L.\rO = Protocol - same as Q but the protocol is the item selected.\rProtocols are directly executed when encountered.\rL = Limited protocol - same as O but any existing sub-items are\rnot executed.\rM = Menu - used for displaying and selecting items.\rX = Extended action - protocols of this type execute the entry action\rplus all sub-items.\r  A = Action - same as X but any existing sub-items are\rnot executed.\r  X = Extended action - protocols of this type execute the entry action\r      plus all sub-items.\r \r  A = Action - same as X but any existing sub-items are\r      not executed.", "type": "typed-literal"}, "number": "4", "flags": "RS", "details": "A:action;M:menu;O:protocol;Q:protocol menu;L:limited protocol;X:extended action;D:dialog;T:term;E:event driver;S:subscriber;", "type": "3", "location": "0;4"}, {"name": "creator", "description": {"datatype": "http://www.w3.org/1999/02/22-rdf-syntax-ns#XMLLiteral", "fmType": "5", "fmId": "-1", "value": "This field identifies who created the protocol.", "type": "typed-literal"}, "number": "5", "flags": "RP200'", "details": "200", "type": "7", "location": "0;5"}, {"index": "AE", "name": "file_link", "description": {"datatype": "http://www.w3.org/1999/02/22-rdf-syntax-ns#XMLLiteral", "fmType": "5", "fmId": "-1", "value": "This field is a variable pointer which may point to the entry in a file\rto which a protocol is linked.\r", "type": "typed-literal"}, "number": "6", "flags": "V", "location": "5;1", "type": "8", "details": "19;60;62;61;71;62.05;62.07;123.5;123.1"}, {"description": {"datatype": "http://www.w3.org/1999/02/22-rdf-syntax-ns#XMLLiteral", "fmType": "5", "fmId": "-1", "value": "This is the cost of filling the order associated with this protocol.", "type": "typed-literal"}, "number": "8", "flags": "NJ10,2", "location": "5;2", "type": "2", "name": "cost"}, {"name": "item", "description": {"datatype": "http://www.w3.org/1999/02/22-rdf-syntax-ns#XMLLiteral", "fmType": "5", "fmId": "-1", "value": "This is the item multiple for a protocol", "type": "typed-literal"}, "number": "10", "flags": "101.01PA", "details": "101.01", "type": "9", "location": "10;0"}, {"name": "package", "description": {"datatype": "http://www.w3.org/1999/02/22-rdf-syntax-ns#XMLLiteral", "fmType": "5", "fmId": "-1", "value": "Pointer to Package File (#9.4).", "type": "typed-literal"}, "number": "12", "flags": "P9.4'", "details": "9.4", "type": "7", "location": "0;12"}, {"description": {"datatype": "http://www.w3.org/1999/02/22-rdf-syntax-ns#XMLLiteral", "fmType": "5", "fmId": "-1", "value": "This field contains MUMPS code which will be executed on leaving\rthis option.  It is only applicable to Menu types.", "type": "typed-literal"}, "number": "15", "flags": "K", "location": "15;E1,245", "type": "10", "name": "exit_action"}, {"description": {"datatype": "http://www.w3.org/1999/02/22-rdf-syntax-ns#XMLLiteral", "fmType": "5", "fmId": "-1", "value": "This field contains MUMPS code which will be executed on entering\rthis option.  It is applicable to Menu and Action types.", "type": "typed-literal"}, "number": "20", "flags": "K", "location": "20;E1,245", "type": "10", "name": "entry_action"}, {"name": "required_variables", "description": {"datatype": "http://www.w3.org/1999/02/22-rdf-syntax-ns#XMLLiteral", "fmType": "5", "fmId": "-1", "value": "This lists the variables that must be defined for the proper execution of\rthis protocol.  This aids in documenting the protocol.  Also, in the case\rof ';' jumping, the variables defined as required may be newed before\rjumping, thus preserving the context when returning from the jump.", "type": "typed-literal"}, "number": "21", "flags": "101.021A", "details": "101.021", "type": "9", "location": "21;0"}, {"description": {"datatype": "http://www.w3.org/1999/02/22-rdf-syntax-ns#XMLLiteral", "fmType": "5", "fmId": "-1", "value": "This field contains MUMPS code that screens out menu items or the\rexecution of particular items in a protocol.  Before each item is\rdisplayed or executed, the screen is executed and the item is only\rprocessed if $T is true.", "type": "typed-literal"}, "number": "24", "flags": "K", "location": "24;E1,245", "type": "10", "name": "screen"}, {"description": {"datatype": "http://www.w3.org/1999/02/22-rdf-syntax-ns#XMLLiteral", "fmType": "5", "fmId": "-1", "value": "In the case of menus (type M or Q), this contains MUMPS code that is \rexecuted to display a header for the menu.", "type": "typed-literal"}, "number": "26", "flags": "K", "location": "26;E1,245", "type": "10", "name": "header"}, {"description": {"datatype": "http://www.w3.org/1999/02/22-rdf-syntax-ns#XMLLiteral", "fmType": "5", "fmId": "-1", "value": "This contains MUMPS code that displays additional help to that already\rgiven with the menu.", "type": "typed-literal"}, "number": "27", "flags": "K", "location": "27;E1,245", "type": "10", "name": "menu_help"}, {"description": {"datatype": "http://www.w3.org/1999/02/22-rdf-syntax-ns#XMLLiteral", "fmType": "5", "fmId": "-1", "value": "This contains text to replace the standard \"Select Item: \" prompt normally\rgiven with a menu.", "type": "typed-literal"}, "number": "28", "flags": "F", "location": "28;E1,245", "type": "4", "name": "menu_prompt"}, {"description": {"datatype": "http://www.w3.org/1999/02/22-rdf-syntax-ns#XMLLiteral", "fmType": "5", "fmId": "-1", "value": "This field contains a default response (i.e., default selection from the\rmenu), if desired.", "type": "typed-literal"}, "number": "29", "flags": "F", "location": "29;E1,245", "type": "4", "name": "menu_default"}, {"description": {"datatype": "http://www.w3.org/1999/02/22-rdf-syntax-ns#XMLLiteral", "fmType": "5", "fmId": "-1", "value": "This field is used as the global reference passed to ^DIC for a file\rlook-up.  The entry should be in the regular format for a call to ^DIC\ri.e. ^GL(41,", "type": "typed-literal"}, "number": "30", "flags": "F", "location": "30;E1,64", "type": "4", "name": "dic_dic"}, {"description": {"datatype": "http://www.w3.org/1999/02/22-rdf-syntax-ns#XMLLiteral", "fmType": "5", "fmId": "-1", "value": "This is the width, in characters, for each column on a menu.  For example,\rto have 3 columns on an 80 character device, enter a column width of 26.", "type": "typed-literal"}, "number": "41", "flags": "NJ3,0", "location": "4;1", "type": "2", "name": "column_width"}, {"description": {"datatype": "http://www.w3.org/1999/02/22-rdf-syntax-ns#XMLLiteral", "fmType": "5", "fmId": "-1", "value": "This field allows the width allowed for mnemonics to be varied.  The\rdefault width is 5.", "type": "typed-literal"}, "number": "42", "flags": "NJ1,0", "location": "4;2", "type": "2", "name": "mnemonic_width"}, {"name": "path_switch", "description": {"datatype": "http://www.w3.org/1999/02/22-rdf-syntax-ns#XMLLiteral", "fmType": "5", "fmId": "-1", "value": "This allows the user, when traversing back UP the tree of protocols, to\rselect a new path back down the tree.  In other words, the menu is\rredisplayed when returning to that menu's level in the tree, and processing\rback down the tree is possible from that point.  If nothing is selected\rfrom the menu, the path continues back up the tree.", "type": "typed-literal"}, "number": "43", "flags": "S", "details": "Y:YES;N:NO;", "type": "3", "location": "4;3"}, {"description": {"datatype": "http://www.w3.org/1999/02/22-rdf-syntax-ns#XMLLiteral", "fmType": "5", "fmId": "-1", "value": "Entries into this file can be given identifiers to show context, function\rand/or relationships.  For example, Digoxin may exist in the file as three\rdifferent entries with identifiers of SERUM, PLASMA and Drug.", "type": "typed-literal"}, "number": "44", "flags": "F", "location": "4;4", "type": "4", "name": "identifier"}, {"description": {"datatype": "http://www.w3.org/1999/02/22-rdf-syntax-ns#XMLLiteral", "fmType": "5", "fmId": "-1", "value": "This contains the $H time that fields which are necessary to menu display\rwere last changed.", "type": "typed-literal"}, "number": "99", "flags": "F", "location": "99;1", "type": "4", "name": "timestamp"}, {"description": {"datatype": "http://www.w3.org/1999/02/22-rdf-syntax-ns#XMLLiteral", "fmType": "5", "fmId": "-1", "value": "***NOTICE- THIS FIELD WILL BE REMOVED IN A FUTURE VERSION***\rPackage action when a detailed listing of an order is requested.\rIncluded in this file for backward compatability with earlier versions\rof OE/RR.", "type": "typed-literal"}, "number": "100", "flags": "K", "location": "100;E1,245", "type": "10", "name": "order_print_action"}, {"description": {"datatype": "http://www.w3.org/1999/02/22-rdf-syntax-ns#XMLLiteral", "fmType": "5", "fmId": "-1", "value": "***NOTICE- THIS FIELD WILL BE REMOVED IN A FUTURE VERSION***\rPackage action when an order is cancelled or discontinued.  Included in\rthis file for backward compatability with earlier versions of OE/RR.", "type": "typed-literal"}, "number": "100.1", "flags": "K", "location": "100.1;E1,245", "type": "10", "name": "order_cancel_action"}, {"description": {"datatype": "http://www.w3.org/1999/02/22-rdf-syntax-ns#XMLLiteral", "fmType": "5", "fmId": "-1", "value": "***NOTICE- THIS FIELD WILL BE REMOVED IN A FUTURE VERSION***\rPackage action when an order is to be purged from file 100.  Included in\rthis file for backward compatability with earlier versions of OE/RR.", "type": "typed-literal"}, "number": "100.2", "flags": "K", "location": "100.2;E1,245", "type": "10", "name": "order_purge_action"}, {"name": "access", "description": {"datatype": "http://www.w3.org/1999/02/22-rdf-syntax-ns#XMLLiteral", "fmType": "5", "fmId": "-1", "value": "This multiple contains the list of security keys which allow access to\rthe protocol.  If there are no keys, all users have access.", "type": "typed-literal"}, "number": "100.3", "flags": "101.03P", "details": "101.03", "type": "9", "location": "3;0"}, {"name": "requires_signature", "description": {"datatype": "http://www.w3.org/1999/02/22-rdf-syntax-ns#XMLLiteral", "fmType": "5", "fmId": "-1", "value": "This field is used to specify an orderable/protocol that does not\rrequire a physician signature in OE/RR.  Some of the things entered\rin OE/RR are considered instructions and don't require physician\rsignature.  An example of this might be an entry for an Early/Late tray.", "type": "typed-literal"}, "number": "101.01", "flags": "S", "details": "0:PHYSICIAN SIGNATURE;1:NO SIGNATURE REQUIRED;", "type": "3", "location": "101.01;1"}, {"name": "domain_data_type", "description": {"datatype": "http://www.w3.org/1999/02/22-rdf-syntax-ns#XMLLiteral", "fmType": "5", "fmId": "-1", "value": "This is the data type of a term (i.e. protocol of type term) used in a\rdialog.", "type": "typed-literal"}, "number": "101.041", "flags": "S", "details": "D:date/time;F:free text;L:list or range;N:numeric;S:set of codes;Y:yes/no;P:pointer;M:menu;W:word processing;", "type": "3", "location": "101.04;1"}, {"description": {"datatype": "http://www.w3.org/1999/02/22-rdf-syntax-ns#XMLLiteral", "fmType": "5", "fmId": "-1", "value": "For this term, this is the prompt that is automatically used when the\rterm is used as an item in a dialog.  The prompt may be modified at the\ritem level.", "type": "typed-literal"}, "number": "101.042", "flags": "F", "location": "101.04;2", "type": "4", "name": "default_prompt"}, {"description": {"datatype": "http://www.w3.org/1999/02/22-rdf-syntax-ns#XMLLiteral", "fmType": "5", "fmId": "-1", "value": "For a term protocol, this is the default answer that is automatically used\rwhen the term is used as an item in a dialog.  The default may be modified\rat the item level.", "type": "typed-literal"}, "number": "101.043", "flags": "F", "location": "101.04;3", "type": "4", "name": "default_answer"}, {"description": {"datatype": "http://www.w3.org/1999/02/22-rdf-syntax-ns#XMLLiteral", "fmType": "5", "fmId": "-1", "value": "This is text used as a template for an item in a dialog that is a word\rprocessing type.", "type": "typed-literal"}, "number": "101.0431", "flags": "101.0431", "location": "101.0431;0", "type": "5", "name": "default_word_processing_answer"}, {"description": {"datatype": "http://www.w3.org/1999/02/22-rdf-syntax-ns#XMLLiteral", "fmType": "5", "fmId": "-1", "value": "For a term protocol, this is the help text that is automatically used when\rthe term is used as an item in a dialog.  The help text may be replaced at\rthe item level.", "type": "typed-literal"}, "number": "101.044", "flags": "F", "location": "101.04;4", "type": "4", "name": "default_help"}, {"description": {"datatype": "http://www.w3.org/1999/02/22-rdf-syntax-ns#XMLLiteral", "fmType": "5", "fmId": "-1", "value": "This is a parameter that may be used to further specify the data type\r(i.e. input transform) for a term protocol.  The parameter is what would\rbe placed in the second up-arrow piece of DIR(0) when calling the reader.", "type": "typed-literal"}, "number": "101.045", "flags": "F", "location": "101.04;5", "type": "4", "name": "domain_parameter"}, {"name": "method", "description": {"datatype": "http://www.w3.org/1999/02/22-rdf-syntax-ns#XMLLiteral", "fmType": "5", "fmId": "-1", "value": "This number identifies individual methods (actions) that may be invoked\rfor this protocol.", "type": "typed-literal"}, "number": "101.05", "flags": "101.05I", "details": "101.05", "type": "9", "location": "101.05;0"}, {"name": "set_membership", "description": {"datatype": "http://www.w3.org/1999/02/22-rdf-syntax-ns#XMLLiteral", "fmType": "5", "fmId": "-1", "value": "This is a namespaced name of a set.  If this is entered, a cross reference\rof the format \"S.set membership\" is created.  This allows rapid lookups on\rsubsets of the Protocol file.", "type": "typed-literal"}, "number": "101.07", "flags": "101.07", "details": "101.07", "type": "9", "location": "101.07;0"}, {"name": "sending_application", "description": {"datatype": "http://www.w3.org/1999/02/22-rdf-syntax-ns#XMLLiteral", "fmType": "5", "fmId": "-1", "value": "Enter the name of the application that initiates a transaction. It\ris required only when defining an EVENT POINT protocol.", "type": "typed-literal"}, "number": "770.1", "flags": "P771", "details": "771", "type": "7", "location": "770;1"}, {"name": "response_message_type", "description": {"datatype": "http://www.w3.org/1999/02/22-rdf-syntax-ns#XMLLiteral", "fmType": "5", "fmId": "-1", "value": "Enter the message type of the expected RESPONSE. It should only be defined\ron a SUBSCRIBER PROTOCOL.\r \rNOTE:\rIn a contract between the initiating system and the responding system, the\rEvent Driver protocol defines the characteristics of the INITIATING\rSYSTEM. The Initiating System initiates either queries or unsolicited\rupdate messages. A Subscriber Protocol defines the characteristics of the\rRESPONDING SYSTEM. The responding system completes a transaction by\rreturning either an acknowledgement and/or a response to the specific\rquery message.", "type": "typed-literal"}, "number": "770.11", "flags": "P771.2'", "details": "771.2", "type": "7", "location": "770;11"}, {"name": "batch_file_message_commit_ack", "description": {"datatype": "http://www.w3.org/1999/02/22-rdf-syntax-ns#XMLLiteral", "fmType": "5", "fmId": "-1", "value": "In a bi-directional interface, this field will be used \rto determine whether or not a Batch or File message should\rsend or receive a Commit Acknowledgement.  A Batch or File\rmessage will always send/receive an Application Ack. This\rfeature is non-standard according to HL7.  It is needed to\rinsure the receipt of a message.", "type": "typed-literal"}, "number": "770.14", "flags": "S", "details": "1:YES;0:NO;", "type": "3", "location": "770;14"}, {"index": "AHL2", "name": "receiving_application", "description": {"datatype": "http://www.w3.org/1999/02/22-rdf-syntax-ns#XMLLiteral", "fmType": "5", "fmId": "-1", "value": "This is the application that receives a message. It is otherwise known as\rthe \"responding\" application when a transaction takes place. This\rinformation is required for SUBSCRIBER protocols only.", "type": "typed-literal"}, "number": "770.2", "flags": "P771", "location": "770;2", "type": "7", "details": "771"}, {"name": "transaction_message_type", "description": {"datatype": "http://www.w3.org/1999/02/22-rdf-syntax-ns#XMLLiteral", "fmType": "5", "fmId": "-1", "value": "Enter the name of the message type for the the message that is sent from\rthe initiating system. When initiating a new transaction, this field is\rreferenced when generating the header for the outbound message.\r \rNOTE:\rIn a contract between the initiating system and the responding system, the\rEvent Driver protocol defines the characteristics of the INITIATING\rSYSTEM. The Initiating System initiates either queries or unsolicited\rupdate messages. A Subscriber Protocol defines the characteristics of the\rRESPONDING SYSTEM. The responding system completes a transaction by\rreturning either an acknowledgement and/or a response to the specific\rquery message.", "type": "typed-literal"}, "number": "770.3", "flags": "P771.2'", "details": "771.2", "type": "7", "location": "770;3"}, {"name": "event_type", "description": {"datatype": "http://www.w3.org/1999/02/22-rdf-syntax-ns#XMLLiteral", "fmType": "5", "fmId": "-1", "value": "This is the HL7 Event Type code for the message represented by this\rprotocol. In HL7, the message type and event type of an application\rresponse message may be different from the original message.\r \rIf this is an event point protocol, enter the event type\rcorresponding to the initial message generated by the SENDING APPLICATION.\r \r \rIf this is a subscriber protocol, then enter the event type corresponding\rto the RECEIVING APPLICATION response. Note that an event type is not\rrequired when responding with a general acknowledgement (ACK) and the\rreceiving application does not always need to generate a response.\r \rNOTE:\r \r1. In \"original acknowledgement mode\" the receiving application always\rgenerates the response.\r2. In \"enhanced acknowledgement mode\" the HL7 package may be configured to\rproduce a \"commit ack\" before the application receives the message. If the\rreceiving application does not need to generate a response in addition to\rthe ack, then the event type is the same as the original message (and the\rmessage type would be ACK)\r3. In \"enhanced acknowledgement mode with two-phase commit\" the HL7\rpackage generates a commit ack, and passes the message to the application.\rThe second phase of the transaction occurs when the application is ready\rto initiate a response. This is interpreted as the start of a new\rtransaction and may require a commit ack itself.", "type": "typed-literal"}, "number": "770.4", "flags": "P779.001'", "details": "779.001", "type": "7", "location": "770;4"}, {"name": "message_structure", "description": {"datatype": "http://www.w3.org/1999/02/22-rdf-syntax-ns#XMLLiteral", "fmType": "5", "fmId": "-1", "value": "The message structure is associated with the message type and event type defined by HL7 v2.3.1 and beyond.", "type": "typed-literal"}, "number": "770.5", "flags": "P779.005'", "details": "779.005", "type": "7", "location": "770;5"}, {"name": "processing_id", "description": {"datatype": "http://www.w3.org/1999/02/22-rdf-syntax-ns#XMLLiteral", "fmType": "5", "fmId": "-1", "value": "This field describes how a message should be processed once it is handed\roff to the receiving application. \r \rPROCESSING ID is a required field in the HL7 message header. However, the\rEvent Driver protocol entry is only used whenset to DEBUG. Data for the\rheader is normally derived from the HL COMMUNICATION SERVER FILE. If\rtesting a transaction in Debug mode, make sure it is changed on both the\rsending and receiving system.\r \r \rThe receiving application developer should consider checking this portion\rof the header before filing data on a production system. Training and\rDebug messages may not be suitable for filing.", "type": "typed-literal"}, "number": "770.6", "flags": "S", "details": "D:debug;", "type": "3", "location": "770;6"}, {"name": "logical_link", "description": {"datatype": "http://www.w3.org/1999/02/22-rdf-syntax-ns#XMLLiteral", "fmType": "5", "fmId": "-1", "value": "This field is used with a SUBSCRIBER PROTOCOL to describe the network path\rto the subscriber. It is most often used with a fixed point-to-point\rinterface between Vista and another system, e.g., a local COTS application\ror another Vista facility. See the documentation on use of the ROUTING\rLOGIC field and \"dynamic addressing\" for more complex routing scenarios.", "type": "typed-literal"}, "number": "770.7", "flags": "P870'", "details": "870", "type": "7", "location": "770;7"}, {"name": "accept_ack_code", "description": {"datatype": "http://www.w3.org/1999/02/22-rdf-syntax-ns#XMLLiteral", "fmType": "5", "fmId": "-1", "value": "This field defines whether or not a COMMIT ACK will be generated by the\rHL7 package. This only applies to transactions using version 2.2 and\rhigher of the HL7 Standard. See Chapter 2 of the HL7 Standard for details\rof Enhanced Mode Acknowledgements.", "type": "typed-literal"}, "number": "770.8", "flags": "P779.003'", "details": "779.003", "type": "7", "location": "770;8"}, {"name": "application_ack_type", "description": {"datatype": "http://www.w3.org/1999/02/22-rdf-syntax-ns#XMLLiteral", "fmType": "5", "fmId": "-1", "value": "For transactions using versions 2.2 and higher of the HL7 standard, this\rfield defines whether or not the receiving application is expected to\rreturn an acknowledgement. Enhanced Mode Application Acks are always\rinitiated as a new transaction. The following is an example of a 2-phased\racknowledgement over a tcp connection.\r \r \r(A)INITIATING SYSTEM         (B)RESPONDING SYSTEM\r \rPHASE I\rOpen connection to B\rsend ADT/A04----------------->receive ADT/A04\r                              validate header\r                              commit to safe storage\rreceive CA<-------------------send CA to A\rClose connection\r \rPHASE II\r                              handoff to receiving Application\r                              parse and validate message content\r                              generate APPLICATION ACCEPT ACK\r                              Open connection to A\rreceive AA<-------------------send AA\rvalidate header\rcommit to safe storage\rsend CA to B------------------>receive CA\r                               close connection", "type": "typed-literal"}, "number": "770.9", "flags": "P779.003'", "details": "779.003", "type": "7", "location": "770;9"}, {"name": "version_id", "description": {"datatype": "http://www.w3.org/1999/02/22-rdf-syntax-ns#XMLLiteral", "fmType": "5", "fmId": "-1", "value": "Enter the version of the HL7 standard used to implement this transaction.\r \rNote that a screen has been added to insure that the version selected\rcorresponds to the appropriate version of the Message Type defined.", "type": "typed-literal"}, "number": "770.95", "flags": "P771.5'", "details": "771.5", "type": "7", "location": "770;10"}, {"description": {"datatype": "http://www.w3.org/1999/02/22-rdf-syntax-ns#XMLLiteral", "fmType": "5", "fmId": "-1", "value": "This field is executed on the receiving system. It defines the routine\rused to process the original inbound message in a transaction and to\rGENERATE and APPLICATION response/ACK back to the sending system using the\rentry point, GENACK^HLMA1.", "type": "typed-literal"}, "number": "771", "flags": "K", "location": "771;E1,245", "type": "10", "name": "processing_routine"}, {"description": {"datatype": "http://www.w3.org/1999/02/22-rdf-syntax-ns#XMLLiteral", "fmType": "5", "fmId": "-1", "value": "This field is executed on the sending system when an Acknowledgement or\rQuery response is received. The message ID of the original message is\ralways contained within the response. This is used to identify the\rlocation of the original message and the corresponding event point\rprotocol. Note that this pertains to Original and Enhanced Mode\rApplication Acks only. The HL7 package generates and processes\rEnhanced mode Commit Accepts internally.", "type": "typed-literal"}, "number": "772", "flags": "K", "location": "772;E1,245", "type": "10", "name": "response_processing_routine"}, {"name": "sending_facility_required", "number": "773.1", "flags": "S", "details": "1:YES;0:NO;", "type": "3", "location": "773;1"}, {"name": "receiving_facility_required", "number": "773.2", "flags": "S", "details": "1:YES;0:NO;", "type": "3", "location": "773;2"}, {"name": "security_required", "number": "773.3", "flags": "S", "details": "1:YES;0:NO;", "type": "3", "location": "773;3"}, {"name": "date_time_of_message_required", "number": "773.4", "flags": "S", "details": "1:YES;0:NO;", "type": "3", "location": "773;4"}, {"name": "ack_mode_set_in_subscriber", "description": {"datatype": "http://www.w3.org/1999/02/22-rdf-syntax-ns#XMLLiteral", "fmType": "5", "fmId": "-1", "value": "A 'YES' of this field will indicate that MSH-15 and MSH-16 will be taken\rfrom Subscriber protocol instead of the value(s) defined in Event driver \rprotocol.", "type": "typed-literal"}, "number": "773.5", "flags": "S", "details": "1:YES;0:NO;", "type": "3", "location": "773;5"}, {"description": {"datatype": "http://www.w3.org/1999/02/22-rdf-syntax-ns#XMLLiteral", "fmType": "5", "fmId": "-1", "value": "M code in this field is executed only when a message is in an OUTBOUND\rstate. Normally, Vista HL7 'broadcasts' a message to all subscribers\rwhenever a message is generated. However, in some cases, a client may need\rto receive the message only if it matches a particular condition. This\rfield allows you to set up screening logic to interpret the message and\rdynamically address the message to those interested in the data when it\rmeets these conditions. The output of your routing logic routine should be\rthe creation of a list of additional message recipients set into the\rHLL(\"LINKS\") array.\r \rFor details on dynamic addressing, see the documentation for HL*1.6*14.", "type": "typed-literal"}, "number": "774", "flags": "K", "location": "774;E1,245", "type": "10", "name": "routing_logic"}, {"name": "subscribers", "number": "775", "flags": "101.0775PA", "details": "101.0775", "type": "9", "location": "775;0"}], "fmql": {"TYPELABEL": "PROTOCOL", "TYPE": "101", "OP": "DESCRIBE TYPE"}, "number": "101", "location": "^ORD(101,", "name": "PROTOCOL"}