{"name":"UNITS","number":"119.1","location":"^FH(119.1,","count":"204","lastIEN":"207","description":{"fmId":"-1","fmType":"5","type":"typed-literal","datatype":"http://www.w3.org/1999/02/22-rdf-syntax-ns#XMLLiteral","value":"This file consists of a list of units used by the ingredient file\rto indicate the dietetic issue unit."},"version":"5.5","vpackage":"DIETETICS","fields":[{"number":".01","flags":"RF","name":"NAME","location":"0;1","index":"B","type":"4","inputTransform":"K:$L(X)>12!($L(X)<2) X","description":{"fmId":"-1","fmType":"5","type":"typed-literal","datatype":"http://www.w3.org/1999/02/22-rdf-syntax-ns#XMLLiteral","value":"This field contains the name of a unit which can be selected\ras the dietetic 'unit of issue' in the ingredient file."}}],"fmql":{"OP":"DESCRIBE TYPE","TYPE":"119_1","TYPELABEL":"UNITS"}}