{"fields": [{"index": "B", "name": "except_from_specialty", "description": {"datatype": "http://www.w3.org/1999/02/22-rdf-syntax-ns#XMLLiteral", "fmType": "5", "fmId": "-1", "value": "This is a treating specialty that will prevent this rule from being\rapplied; specialty transfer rules will discontinue active orders unless\rthe patient is being transferred from this specialty to one listed in \rthe TO SPECIALTY multiple.", "type": "typed-literal"}, "number": ".01", "flags": "MP45.7'X", "location": "0;1", "type": "7", "details": "45.7"}, {"name": "to_specialty", "description": {"datatype": "http://www.w3.org/1999/02/22-rdf-syntax-ns#XMLLiteral", "fmType": "5", "fmId": "-1", "value": "These are treating specialties that will cause this rule to not be\rprocessed, if the EXCEPT FROM and TO specialties match the patient's\rtransfer.", "type": "typed-literal"}, "number": "1", "flags": "100.641P", "details": "100.641", "type": "9", "location": "1;0"}], "fmql": {"TYPELABEL": "EXCLUDED TREATING SPECIALTIES", "TYPE": "100_64", "OP": "DESCRIBE TYPE"}, "name": "EXCLUDED TREATING SPECIALTIES", "parent": "100.6", "number": "100.64"}