{"count": "0", "description": {"datatype": "http://www.w3.org/1999/02/22-rdf-syntax-ns#XMLLiteral", "fmType": "5", "fmId": "-1", "value": "This file contains display fields that may be selected.  Each display \rfield may be a column in the results of a query.  For each display field, \rthe file contains information about how the column should be sorted when \rclicked and some sample data to assist the user when setting up the \rcolumns.", "type": "typed-literal"}, "fields": [{"index": "B", "name": "name", "number": ".01", "flags": "RF", "location": "0;1", "type": "4", "description": {"datatype": "http://www.w3.org/1999/02/22-rdf-syntax-ns#XMLLiteral", "fmType": "5", "fmId": "-1", "value": "Reference field name (used by software).", "type": "typed-literal"}}, {"description": {"datatype": "http://www.w3.org/1999/02/22-rdf-syntax-ns#XMLLiteral", "fmType": "5", "fmId": "-1", "value": "This is the text that is displayed in the listbox when selecting fields\rfor the report.", "type": "typed-literal"}, "number": "2", "flags": "RF", "location": "0;2", "type": "4", "name": "display_text"}, {"description": {"datatype": "http://www.w3.org/1999/02/22-rdf-syntax-ns#XMLLiteral", "fmType": "5", "fmId": "-1", "value": "This is the default text to be used in the header of the report.", "type": "typed-literal"}, "number": "3", "flags": "F", "location": "0;3", "type": "4", "name": "header_text"}, {"name": "sort_type", "description": {"datatype": "http://www.w3.org/1999/02/22-rdf-syntax-ns#XMLLiteral", "fmType": "5", "fmId": "-1", "value": "Specifies the type of sort when the column is sorted.  Date/Time sorts\ruse the internal date/time to sort.  Free text sorts use the visible\rtext for the sort.", "type": "typed-literal"}, "number": "4", "flags": "S", "details": "D:date/time;F:free text;N:numeric;", "type": "3", "location": "0;4"}, {"name": "sample_data", "description": {"datatype": "http://www.w3.org/1999/02/22-rdf-syntax-ns#XMLLiteral", "fmType": "5", "fmId": "-1", "value": "This multiple contains sample data for this type of field that may be\rin a preview report.", "type": "typed-literal"}, "number": "10", "flags": "102.241", "details": "102.241", "type": "9", "location": "1;0"}], "fmql": {"TYPELABEL": "CPRS QUERY DISPLAY FIELDS", "TYPE": "102_24", "OP": "DESCRIBE TYPE"}, "number": "102.24", "location": "^ORD(102.24,", "name": "CPRS QUERY DISPLAY FIELDS"}