{"name":"ASSOCIATED STOP CODE","number":"123.5688","parent":"123.5","fields":[{"number":".01","flags":"M*P40.7'","name":"ASSOCIATED STOP CODE","location":"0;1","index":"B","type":"7","details":"40.7","inputTransform":"S DIC(\"S\")=\"I $P(^(0),U,2)>100\" D ^DIC K DIC S DIC=DIE,X=+Y K:Y<0 X","description":{"fmId":"-1","fmType":"5","type":"typed-literal","datatype":"http://www.w3.org/1999/02/22-rdf-syntax-ns#XMLLiteral","value":"This field is used to associate consult request service to clinics.\r \rIf the stopcode attached to the REQUEST SERVICE is the same as the stop \rcode of the clinic profiles into which a procedure of the parent service\rwould be scheduled, then both consults and procedures would display for\rthe clerk to make a link at the time the appointment was made.  However,\rif the stopcode of the REQUEST SERVICE is different than the stop code of\rthe clinic into which the procedure is scheduled, it would be necessary to\rput both stopcodes into the REQUEST SERVICE to allow both consults and\rprocedure requests to display for scheduling clerks.\r \rThe stop code of the chosen clinic during the scheduling process is \rcompared to the stop codes of any consult which could be linked to the\rappointment.  If there is a match, and the current status of the consult\rmeets the criteria listed below, the clerk will be presented with the\rfollowing query:\r                \"Will this appointment be for a CONSULT/ PROCEDURE? NO//\"\rThis query allows the scheduling clerk to first display, and then link, \rthe appointment to the consult."}}],"fmql":{"OP":"DESCRIBE TYPE","TYPE":"123_5688","TYPELABEL":"ASSOCIATED STOP CODE"}}