{"name":"DISCONTINUED ORDERS","number":"100.27","parent":"100.2","fields":[{"number":".01","flags":"MP100'X","name":"DISCONTINUED ORDER","location":"0;1","type":"7","details":"100","inputTransform":"S:$D(X) DINUM=X","description":{"fmId":"-1","fmType":"5","type":"typed-literal","datatype":"http://www.w3.org/1999/02/22-rdf-syntax-ns#XMLLiteral","value":"This field is the number of the order in the Orders file #100."}},{"number":"2","flags":"S","name":"BY PACKAGE","location":"0;2","type":"3","details":"FH:DIETETICS;LR:LABORATORY;PS:PHARMACY;","description":{"fmId":"-1","fmType":"5","type":"typed-literal","datatype":"http://www.w3.org/1999/02/22-rdf-syntax-ns#XMLLiteral","value":"This is the VistA package whose protocol on the DGPM MOVEMENT EVENTS\rdriver caused this order to auto-dc, instead of the OE/RR AUTO-DC RULE.\rThese orders are tracked here so that they can all be displayed in the\r\"Auto-DC/Release Events\" view, including the complete movement data in\rthe Detailed Display."}}],"fmql":{"OP":"DESCRIBE TYPE","TYPE":"100_27","TYPELABEL":"DISCONTINUED ORDERS"}}