{"name":"PACKAGE SITE PARAMETERS","number":"100.9901","parent":"100.99","fields":[{"number":".01","flags":"MP9.4'X","name":"PACKAGE SITE PARAMETERS","location":"0;1","type":"7","details":"9.4","inputTransform":"S DINUM=X","description":{"fmId":"-1","fmType":"5","type":"typed-literal","datatype":"http://www.w3.org/1999/02/22-rdf-syntax-ns#XMLLiteral","value":"This field is a pointer to the PACKAGE file and is used to define\rpackage parameters at the site."}},{"number":".02","flags":"S","name":"ON","location":"0;2","type":"3","details":"0:NO;1:YES;","description":{"fmId":"-1","fmType":"5","type":"typed-literal","datatype":"http://www.w3.org/1999/02/22-rdf-syntax-ns#XMLLiteral","value":"This field is used to turn on or off order entry for a given package.\rIf turned off, the OE/RR routines will not create new entries in File\r100 for this package.\r \rOnce a package is turned on, it should be left on to keep the ancillary\rpackage and the OE/RR package concurrent."}},{"number":".03","flags":"P100.23'","name":"WARD LABEL FORMAT","location":"0;3","type":"7","details":"100.23","description":{"fmId":"-1","fmType":"5","type":"typed-literal","datatype":"http://www.w3.org/1999/02/22-rdf-syntax-ns#XMLLiteral","value":"This is the label format to be used when printing labels for this\rpackage."}},{"number":".04","flags":"P100.23'","name":"WARD REQUISITION FORMAT","location":"0;4","type":"7","details":"100.23","description":{"fmId":"-1","fmType":"5","type":"typed-literal","datatype":"http://www.w3.org/1999/02/22-rdf-syntax-ns#XMLLiteral","value":"This is the requisition format to be used when printing requisitions\rfor this package."}},{"number":".05","flags":"P3.5'","name":"SERVICE COPY DEFAULT DEVICE","location":"0;5","type":"7","details":"3.5","description":{"fmId":"-1","fmType":"5","type":"typed-literal","datatype":"http://www.w3.org/1999/02/22-rdf-syntax-ns#XMLLiteral","value":"This is the printer that is to be used when printing order copies\rto the service for this package.  NOTE:  If SERVICE COPY PRINT DEVICE(s)\rare defined in the HOSPITAL SITE multiple for this package, then copies \rwill be printed to THOSE devices, overriding the DEFAULT."}},{"number":".06","flags":"P100.23'","name":"SERVICE COPY FORMAT","location":"0;6","type":"7","details":"100.23","description":{"fmId":"-1","fmType":"5","type":"typed-literal","datatype":"http://www.w3.org/1999/02/22-rdf-syntax-ns#XMLLiteral","value":"This is the format to be used when printing order copies to the\rservice for this package."}},{"number":".07","flags":"P100.23'","name":"SERVICE COPY HEADER","location":"0;7","type":"7","details":"100.23","description":{"fmId":"-1","fmType":"5","type":"typed-literal","datatype":"http://www.w3.org/1999/02/22-rdf-syntax-ns#XMLLiteral","value":"This is the format to be used for the header portion of the order \rcopy to the service for this package."}},{"number":".08","flags":"P100.23'","name":"SERVICE COPY FOOTER","location":"0;8","type":"7","details":"100.23","description":{"fmId":"-1","fmType":"5","type":"typed-literal","datatype":"http://www.w3.org/1999/02/22-rdf-syntax-ns#XMLLiteral","value":"This is the format to be used for the footer portion of the order\rcopy to the service for this package."}},{"number":"1","flags":"100.99011P","name":"HOSPITAL SITE","location":"1;0","type":"9","details":"100.99011","description":{"fmId":"-1","fmType":"5","type":"typed-literal","datatype":"http://www.w3.org/1999/02/22-rdf-syntax-ns#XMLLiteral","value":"This multiple allows each package to have multiple service copy print\rdevices.  Such a model is often necessary at multidivisional sites, or\rfor DHCP packages which serve multiple hospital services."}}],"fmql":{"OP":"DESCRIBE TYPE","TYPE":"100_9901","TYPELABEL":"PACKAGE SITE PARAMETERS"}}