{"fields": [{"name": "hospital_site", "description": {"datatype": "http://www.w3.org/1999/02/22-rdf-syntax-ns#XMLLiteral", "fmType": "5", "fmId": "-1", "value": "This is the PATIENT's location within the hospital at the time when the\rorder is placed.  Inpatient locations are known to the system, whereas\routpatient ordering locations are asked of the user at the time when the\rorder is entered.", "type": "typed-literal"}, "number": ".01", "flags": "MP44'X", "details": "44", "type": "7", "location": "0;1"}, {"name": "service_copy_print_device", "description": {"datatype": "http://www.w3.org/1999/02/22-rdf-syntax-ns#XMLLiteral", "fmType": "5", "fmId": "-1", "value": "This is the device to which service copies will be printed for the\rcorresponding hospital location.  (e.g., if the patient is admitted\rto ward 1A, for which the SERVICE COPY PRINT DEVICE is called P1A,\rfor the IV MEDICATIONS package, then service copies of all of that\rpatient's IV orders will be printed to P1A, overriding the SERVICE \rCOPY DEFAULT DEVICE, if one has been defined.", "type": "typed-literal"}, "number": ".02", "flags": "P3.5'", "details": "3.5", "type": "7", "location": "0;2"}], "fmql": {"TYPELABEL": "HOSPITAL SITE", "TYPE": "100_99011", "OP": "DESCRIBE TYPE"}, "name": "HOSPITAL SITE", "parent": "100.9901", "number": "100.99011"}