{"name":"GMRY INTAKE ITEMS","number":"126.8","location":"^GMRD(126.8,","count":"10","lastIEN":"11","description":{"fmId":"-1","fmType":"5","type":"typed-literal","datatype":"http://www.w3.org/1999/02/22-rdf-syntax-ns#XMLLiteral","value":"This file contains NON-IV intake items such as tea, coffee, etc.  The ADP\rcoordinator is allowed to configure the file."},"version":"4.0","vpackage":"GEN. MED. REC. - I/O","fields":[{"number":".01","flags":"RF","name":"NAME","location":"0;1","index":"B","type":"4","inputTransform":"K:X[\"\"\"\"!($A(X)=45) X I $D(X) K:$L(X)>30!($L(X)<1)!'(X'?1P.E) X","description":{"fmId":"-1","fmType":"5","type":"typed-literal","datatype":"http://www.w3.org/1999/02/22-rdf-syntax-ns#XMLLiteral","value":"This field contains the name of intake item (excluding the IV related\ritems) such as tea, coffee, etc."}},{"number":"1","flags":"NJ3,0X","name":"VOLUME","location":"0;2","type":"2","inputTransform":"K:+X'=X!(X>9999)!(X<0)!(X?.E1\".\"1N.N) X","description":{"fmId":"-1","fmType":"5","type":"typed-literal","datatype":"http://www.w3.org/1999/02/22-rdf-syntax-ns#XMLLiteral","value":"This field stores the volume of the food container.\rFor example:\r  large glass .. 240 ml  small glass .. 125 ml\r  cup .......... 150 ml  milk carton .. 240 ml\r  soup/cereal .. 120 ml  jello ........  75 ml\r  ice cream ....  50 ml"}},{"number":"2","flags":"126.82P","name":"INPUT TYPE","location":"1;0","type":"9","details":"126.82","description":{"fmId":"-1","fmType":"5","type":"typed-literal","datatype":"http://www.w3.org/1999/02/22-rdf-syntax-ns#XMLLiteral","value":"This multiple screens the possible input items for a given NON-IV input type."}}],"fmql":{"OP":"DESCRIBE TYPE","TYPE":"126_8","TYPELABEL":"GMRY INTAKE ITEMS"}}