{"fields": [{"name": "coding_completed_by", "description": {"datatype": "http://www.w3.org/1999/02/22-rdf-syntax-ns#XMLLiteral", "fmType": "5", "fmId": "-1", "value": "This is the name of the person who completed the coding of this case.", "type": "typed-literal"}, "number": ".01", "flags": "P200'I", "details": "200", "type": "7", "location": "0;1"}, {"description": {"datatype": "http://www.w3.org/1999/02/22-rdf-syntax-ns#XMLLiteral", "fmType": "5", "fmId": "-1", "value": "This is the date and time the coding of this case was completed and was \rsent to PCE.", "type": "typed-literal"}, "number": "1", "flags": "DI", "location": "0;2", "type": "1", "name": "date_coding_completed"}], "fmql": {"TYPELABEL": "CODING COMPLETED BY", "TYPE": "136_011", "OP": "DESCRIBE TYPE"}, "name": "CODING COMPLETED BY", "parent": "136", "number": "136.011"}