{"fields": [{"description": {"datatype": "http://www.w3.org/1999/02/22-rdf-syntax-ns#XMLLiteral", "fmType": "5", "fmId": "-1", "value": "This is the date/time of admission. The admission has the same\rdate/time and internal number as the corresponding MAS\radmission stored in ^DPT.", "type": "typed-literal"}, "number": ".01", "flags": "D", "location": "0;1", "type": "1", "name": "admission"}, {"description": {"datatype": "http://www.w3.org/1999/02/22-rdf-syntax-ns#XMLLiteral", "fmType": "5", "fmId": "-1", "value": "This field is actually a pointer to the current diet order\rstored in Field 3.", "type": "typed-literal"}, "number": "1.1", "flags": "NJ5,0I", "location": "0;2", "type": "2", "name": "current_diet_order"}, {"description": {"datatype": "http://www.w3.org/1999/02/22-rdf-syntax-ns#XMLLiteral", "fmType": "5", "fmId": "-1", "value": "This field contains the date/time of expiration of the current\rdiet pointed to by Field 1.1. If null, the current diet has\rno expiration date/time.", "type": "typed-literal"}, "number": "1.2", "flags": "DI", "location": "0;3", "type": "1", "name": "diet_order_expiration"}, {"description": {"datatype": "http://www.w3.org/1999/02/22-rdf-syntax-ns#XMLLiteral", "fmType": "5", "fmId": "-1", "value": "This field is actually a pointer to the current Tubefeeding Order\rstored in Field 40. If null, no current tubefeeding order\rexists.", "type": "typed-literal"}, "number": "1.3", "flags": "NJ5,0I", "location": "0;4", "type": "2", "name": "current_tf_order"}, {"name": "current_service", "description": {"datatype": "http://www.w3.org/1999/02/22-rdf-syntax-ns#XMLLiteral", "fmType": "5", "fmId": "-1", "value": "This field contains the most recent type of service (tray,\rcafeteria or dining room) selected for the patient. It is\rused as a default for future orders.", "type": "typed-literal"}, "number": "2.1", "flags": "SI", "details": "C:CAFETERIA;T:TRAY;D:DINING ROOM;", "type": "3", "location": "0;5"}, {"name": "diet", "description": {"datatype": "http://www.w3.org/1999/02/22-rdf-syntax-ns#XMLLiteral", "fmType": "5", "fmId": "-1", "value": "This multiple contains the individual diet orders which have\rbeen entered during this admission.", "type": "typed-literal"}, "number": "3", "flags": "115.02A", "details": "115.02", "type": "9", "location": "DI;0"}, {"name": "diet_sequence", "description": {"datatype": "http://www.w3.org/1999/02/22-rdf-syntax-ns#XMLLiteral", "fmType": "5", "fmId": "-1", "value": "This multiple indicates the sequence in which the diet orders\ractually become effective. Since orders entered later supercede\rearlier orders, the sequence times may not be the same as those\rof the original order. This multiple is the outcome of a\rrecursive templating schemata.", "type": "typed-literal"}, "number": "4", "flags": "115.14DA", "details": "115.14", "type": "9", "location": "AC;0"}, {"description": {"datatype": "http://www.w3.org/1999/02/22-rdf-syntax-ns#XMLLiteral", "fmType": "5", "fmId": "-1", "value": "This field is actually a pointer to the Supplemental Feeding\rmultiple (Field 20) and, if present, indicates which order\ris presently in effect. It is updated any time any diet\ractivity involving supplemental feedings takes place.", "type": "typed-literal"}, "number": "6", "flags": "NJ4,0I", "location": "0;7", "type": "2", "name": "current_sf_order"}, {"name": "isolation_precaution", "description": {"datatype": "http://www.w3.org/1999/02/22-rdf-syntax-ns#XMLLiteral", "fmType": "5", "fmId": "-1", "value": "This field, if present, indicates that the patient is presently\ron isolation or special precautions.", "type": "typed-literal"}, "number": "9", "flags": "P119.4'", "details": "119.4", "type": "7", "location": "0;10"}, {"name": "oe_rr_isolation_order", "description": {"datatype": "http://www.w3.org/1999/02/22-rdf-syntax-ns#XMLLiteral", "fmType": "5", "fmId": "-1", "value": "This field contains the OE/RR file order pointer corresponding\rto the current Isolation/Precautions.", "type": "typed-literal"}, "number": "10", "flags": "P100", "details": "100", "type": "7", "location": "0;13"}, {"name": "last_label_ward", "description": {"datatype": "http://www.w3.org/1999/02/22-rdf-syntax-ns#XMLLiteral", "fmType": "5", "fmId": "-1", "value": "This field contains the internal number of the ward (from File 42)\rfor which the last diet card label was prepared. Whenever a\rlabel run is made, this field is compared with the current ward\rand, if different, a new label is prepared.", "type": "typed-literal"}, "number": "11", "flags": "P119.6'I", "details": "119.6", "type": "7", "location": "0;11"}, {"description": {"datatype": "http://www.w3.org/1999/02/22-rdf-syntax-ns#XMLLiteral", "fmType": "5", "fmId": "-1", "value": "This field contains the room-bed for which the last diet card\rlabel was prepared. Whenever a label run is made, this field\ris compared with the current room-bed and, if different, a new\rlabel is prepared.", "type": "typed-literal"}, "number": "12", "flags": "FI", "location": "0;12", "type": "4", "name": "last_label_room"}, {"name": "dietetic_ward", "description": {"datatype": "http://www.w3.org/1999/02/22-rdf-syntax-ns#XMLLiteral", "fmType": "5", "fmId": "-1", "value": "This field indicates the Dietetic Ward on which the patient is currently\rresiding.", "type": "typed-literal"}, "number": "13", "flags": "P119.6'", "details": "119.6", "type": "7", "location": "0;8"}, {"name": "roombed", "description": {"datatype": "http://www.w3.org/1999/02/22-rdf-syntax-ns#XMLLiteral", "fmType": "5", "fmId": "-1", "value": "This field contains the free-text room-bed in which the patient is\rcurrently residing.", "type": "typed-literal"}, "number": "14", "flags": "P405.4'", "details": "405.4", "type": "7", "location": "0;9"}, {"description": {"datatype": "http://www.w3.org/1999/02/22-rdf-syntax-ns#XMLLiteral", "fmType": "5", "fmId": "-1", "value": "This is the date/time a discharge was processed. It may differ from the\rdate/time selected by the MAS clerk. It is used if the discharge is\rdeleted.", "type": "typed-literal"}, "number": "18", "flags": "D", "location": "0;14", "type": "1", "name": "discharge_date_time"}, {"name": "supplemental_feeding", "description": {"datatype": "http://www.w3.org/1999/02/22-rdf-syntax-ns#XMLLiteral", "fmType": "5", "fmId": "-1", "value": "This multiple contains the various supplemental feeding orders\rwhich have been entered for the patient.", "type": "typed-literal"}, "number": "20", "flags": "115.07", "details": "115.07", "type": "9", "location": "SF;0"}, {"name": "standing_orders", "description": {"datatype": "http://www.w3.org/1999/02/22-rdf-syntax-ns#XMLLiteral", "fmType": "5", "fmId": "-1", "value": "This field contains standing orders entered for the patient\rduring this admission.", "type": "typed-literal"}, "number": "30", "flags": "115.08", "details": "115.08", "type": "9", "location": "SP;0"}, {"name": "tubefeeding", "description": {"datatype": "http://www.w3.org/1999/02/22-rdf-syntax-ns#XMLLiteral", "fmType": "5", "fmId": "-1", "value": "This multiple contains all tubefeeding orders entered during\rthis admission.", "type": "typed-literal"}, "number": "40", "flags": "115.04D", "details": "115.04", "type": "9", "location": "TF;0"}, {"name": "early_late_tray", "description": {"datatype": "http://www.w3.org/1999/02/22-rdf-syntax-ns#XMLLiteral", "fmType": "5", "fmId": "-1", "value": "This multiple contains all early/late tray requests ordered\rfor this patient.", "type": "typed-literal"}, "number": "50", "flags": "115.05D", "details": "115.05", "type": "9", "location": "EL;0"}, {"name": "consultation", "description": {"datatype": "http://www.w3.org/1999/02/22-rdf-syntax-ns#XMLLiteral", "fmType": "5", "fmId": "-1", "value": "This multiple contains all of the dietetic consults ordered\rduring this admission.", "type": "typed-literal"}, "number": "80", "flags": "115.03IDA", "details": "115.03", "type": "9", "location": "DR;0"}, {"name": "additional_orders", "description": {"datatype": "http://www.w3.org/1999/02/22-rdf-syntax-ns#XMLLiteral", "fmType": "5", "fmId": "-1", "value": "This multiple contains all Additional Orders entered during this admission.\radmission.", "type": "typed-literal"}, "number": "85", "flags": "115.06A", "details": "115.06", "type": "9", "location": "OO;0"}, {"name": "monitors", "number": "90", "flags": "115.11", "details": "115.11", "type": "9", "location": "MO;0"}, {"description": {"datatype": "http://www.w3.org/1999/02/22-rdf-syntax-ns#XMLLiteral", "fmType": "5", "fmId": "-1", "value": "This is the date/time of the last Tray Ticket generated for this\rpatient.  It is used, when the user only want to print the ticket\rfor the patient when there is a diet order, supplemental feeding,\rfood preference, isolation, standing order, or location change after\rthis date/time.", "type": "typed-literal"}, "number": "99", "flags": "D", "location": "0;15", "type": "1", "name": "date_time_ticket_last_printed"}, {"description": {"datatype": "http://www.w3.org/1999/02/22-rdf-syntax-ns#XMLLiteral", "fmType": "5", "fmId": "-1", "value": "This is the date/time of the last diet card generated for this\rpatient.  It is used, when the user only want to print the card\rfor the patient when there is a diet order, supplemental feeding,\rfood preference, isolation, standing order, or location change after\rthis date/time.", "type": "typed-literal"}, "number": "100", "flags": "D", "location": "0;16", "type": "1", "name": "date_time_card_last_printed"}], "fmql": {"TYPELABEL": "ADMISSION", "TYPE": "115_01", "OP": "DESCRIBE TYPE"}, "name": "ADMISSION", "parent": "115", "number": "115.01"}