{"name":"CELL SAVER","number":"130.013","parent":"130","fields":[{"number":".01","flags":"MF","name":"CELL SAVER ID","location":"0;1","index":"B","type":"4","inputTransform":"K:$L(X)>30!($L(X)<1) X","description":{"fmId":"-1","fmType":"5","type":"typed-literal","datatype":"http://www.w3.org/1999/02/22-rdf-syntax-ns#XMLLiteral","value":"This field identifies the cell saver that was used during this procedure."}},{"number":"1","flags":"P200'","name":"CELL SAVER OPERATOR","location":"0;2","type":"7","details":"200","description":{"fmId":"-1","fmType":"5","type":"typed-literal","datatype":"http://www.w3.org/1999/02/22-rdf-syntax-ns#XMLLiteral","value":"This is the authorized cell saver operator during this procedure.  If\rthe person cannot be entered in this field, enter the name in the CELL\rSAVER COMMENTS field (#5) for this cell saver."}},{"number":"2","flags":"NJ6,0","name":"AMT SALVAGED (ML)","location":"0;3","type":"2","inputTransform":"K:+X'=X!(X>999999)!(X<0)!(X?.E1\".\"1N.N) X","description":{"fmId":"-1","fmType":"5","type":"typed-literal","datatype":"http://www.w3.org/1999/02/22-rdf-syntax-ns#XMLLiteral","value":"This is the amount of fluid in milliliters collected during the procedure."}},{"number":"3","flags":"NJ6,0","name":"AMT REINFUSED (ML)","location":"0;4","type":"2","inputTransform":"K:+X'=X!(X>999999)!(X<0)!(X?.E1\".\"1N.N) X","description":{"fmId":"-1","fmType":"5","type":"typed-literal","datatype":"http://www.w3.org/1999/02/22-rdf-syntax-ns#XMLLiteral","value":"This is the amount of fluid in milliliters that was reinfused into the\rpatient during this procedure."}},{"number":"4","flags":"130.0134A","name":"DISPOSABLES USED","location":"1;0","type":"9","details":"130.0134","description":{"fmId":"-1","fmType":"5","type":"typed-literal","datatype":"http://www.w3.org/1999/02/22-rdf-syntax-ns#XMLLiteral","value":"These are the disposable items used with this cell saver during this\rprocedure."}},{"number":"5","flags":"130.0135","name":"CELL SAVER COMMENTS","location":"2;0","type":"5","description":{"fmId":"-1","fmType":"5","type":"typed-literal","datatype":"http://www.w3.org/1999/02/22-rdf-syntax-ns#XMLLiteral","value":"These comments contain additional information related to the use of this\rcell saver during this procedure."}}],"fmql":{"OP":"DESCRIBE TYPE","TYPE":"130_013","TYPELABEL":"CELL SAVER"}}