{"name":"HOLIDAY MEALS","number":"116.3","location":"^FH(116.3,","description":{"fmId":"-1","fmType":"5","type":"typed-literal","datatype":"http://www.w3.org/1999/02/22-rdf-syntax-ns#XMLLiteral","value":"This file consists of a list of holiday dates for which special\rmeals are prepared. It consists of the holiday date, name, and\rallows for entry of a breakfast, noon, and/or evening meal\rwhich, if present, will override the normal menu cycle meals\ron that date."},"version":"5.5","vpackage":"DIETETICS","fields":[{"number":".01","flags":"RD","name":"DATE","location":"0;1","index":"B","type":"1","inputTransform":"S %DT=\"EX\" D ^%DT S X=Y,DINUM=X K:Y<1 X,DINUM","description":{"fmId":"-1","fmType":"5","type":"typed-literal","datatype":"http://www.w3.org/1999/02/22-rdf-syntax-ns#XMLLiteral","value":"This is the date of a holiday. A holiday, for purposes of this\rprogram, is a date upon which one or more of the normal cycle\rmeals are suspended and other special meals substituted."}},{"number":"1","flags":"RF","name":"HOLIDAY NAME","location":"0;5","type":"4","inputTransform":"K:$L(X)>30!($L(X)<1) X","description":{"fmId":"-1","fmType":"5","type":"typed-literal","datatype":"http://www.w3.org/1999/02/22-rdf-syntax-ns#XMLLiteral","value":"This field represents the name of the holiday."}},{"number":"2","flags":"P116.1'","name":"BREAKFAST MEAL","location":"0;2","type":"7","details":"116.1","description":{"fmId":"-1","fmType":"5","type":"typed-literal","datatype":"http://www.w3.org/1999/02/22-rdf-syntax-ns#XMLLiteral","value":"This field, if present, contains the meal which will override\rthe normal cycle breakfast meal."}},{"number":"3","flags":"P116.1'","name":"NOON MEAL","location":"0;3","type":"7","details":"116.1","description":{"fmId":"-1","fmType":"5","type":"typed-literal","datatype":"http://www.w3.org/1999/02/22-rdf-syntax-ns#XMLLiteral","value":"This field, if present, contains the meal which will override\rthe normal cycle noon meal."}},{"number":"4","flags":"P116.1'","name":"EVENING MEAL","location":"0;4","type":"7","details":"116.1","description":{"fmId":"-1","fmType":"5","type":"typed-literal","datatype":"http://www.w3.org/1999/02/22-rdf-syntax-ns#XMLLiteral","value":"This field, if present, contains the meal which will override\rthe normal cycle evening meal."}}],"fmql":{"OP":"DESCRIBE TYPE","TYPE":"116_3","TYPELABEL":"HOLIDAY MEALS"}}