{"name":"RACE AND ETHNICITY COLLECTION METHOD","number":"10.3","location":"^DIC(10.3,","count":"4","lastIEN":"4","description":{"fmId":"-1","fmType":"5","type":"typed-literal","datatype":"http://www.w3.org/1999/02/22-rdf-syntax-ns#XMLLiteral","value":"This file contains the list of valid collection methods for race and \rethnicity.  The allowable entries are maintained by VA Central Office and,\ras such, alteration and/or addition of entries is not allowed."},"applicationGroups":"VA","version":"5.3","vpackage":"DG","fields":[{"number":".01","flags":"RF","name":"NAME","location":"0;1","index":"B","type":"4","inputTransform":"K:$L(X)>30!($L(X)<3)!'(X'?1P.E) X","description":{"fmId":"-1","fmType":"5","type":"typed-literal","datatype":"http://www.w3.org/1999/02/22-rdf-syntax-ns#XMLLiteral","value":"This field contains the name of a collection method used to obtain a value\rfor race and ethnicity during enter/edit of patient data information.\r \rThese entries are maintained by VA Central Office and entry/edit of\rentries is not allowed."}},{"number":".02","flags":"F","name":"ABBREVIATION","location":"0;2","index":"C","type":"4","inputTransform":"K:$L(X)>5!($L(X)<1) X","description":{"fmId":"-1","fmType":"5","type":"typed-literal","datatype":"http://www.w3.org/1999/02/22-rdf-syntax-ns#XMLLiteral","value":"This field contains the abbreviation for this collection method entry.  \rThis may appear on various outputs where there is insufficient room to\rprint the entire name of the collection method."}},{"number":".03","flags":"RF","name":"HL7 VALUE","location":"0;3","index":"AHL7","type":"4","inputTransform":"K:$L(X)>3!($L(X)<1) X","description":{"fmId":"-1","fmType":"5","type":"typed-literal","datatype":"http://www.w3.org/1999/02/22-rdf-syntax-ns#XMLLiteral","value":"HL7 representation of this collection method"}},{"number":".05","flags":"RF","name":"PTF VALUE","location":"0;5","type":"4","inputTransform":"K:$L(X)>1!($L(X)<1) X","description":{"fmId":"-1","fmType":"5","type":"typed-literal","datatype":"http://www.w3.org/1999/02/22-rdf-syntax-ns#XMLLiteral","value":"PTF representation of this collection method"}}],"fmql":{"OP":"DESCRIBE TYPE","TYPE":"10_3","TYPELABEL":"RACE AND ETHNICITY COLLECTION METHOD"}}