{"count": "0", "description": {"datatype": "http://www.w3.org/1999/02/22-rdf-syntax-ns#XMLLiteral", "fmType": "5", "fmId": "-1", "value": "The purpose of this file is to create a repository for instances of order \rchecks that are presented to the users of VISTA across all applications.  ", "type": "typed-literal"}, "fields": [{"index": "B", "name": "order", "description": {"datatype": "http://www.w3.org/1999/02/22-rdf-syntax-ns#XMLLiteral", "fmType": "5", "fmId": "-1", "value": "This gives the order that the Order Check is related to.", "type": "typed-literal"}, "number": ".01", "flags": "RP100'", "location": "0;1", "type": "7", "details": "100"}, {"name": "status", "description": {"datatype": "http://www.w3.org/1999/02/22-rdf-syntax-ns#XMLLiteral", "fmType": "5", "fmId": "-1", "value": "This is the status of the order when the Order Check occurred.", "type": "typed-literal"}, "number": "1", "flags": "P100.01'", "details": "100.01", "type": "7", "location": "0;2"}, {"description": {"datatype": "http://www.w3.org/1999/02/22-rdf-syntax-ns#XMLLiteral", "fmType": "5", "fmId": "-1", "value": "This is a description field that the application where the order check \roccurred can use to describe where/when the order check took place.  For \rinstance, CPRS will use ACCEPTANCE_CPRS when the order check happened at \rorder acceptance inside of the CPRS application. CPRS will use \rSIGNATURE_CPRS when the order check happened at order signature inside of \rthe CPRS application.", "type": "typed-literal"}, "number": "2", "flags": "F", "location": "0;3", "type": "4", "name": "occurrence"}, {"name": "user", "description": {"datatype": "http://www.w3.org/1999/02/22-rdf-syntax-ns#XMLLiteral", "fmType": "5", "fmId": "-1", "value": "This is the user that saw the order checks.", "type": "typed-literal"}, "number": "3", "flags": "P200'", "details": "200", "type": "7", "location": "0;4"}, {"description": {"datatype": "http://www.w3.org/1999/02/22-rdf-syntax-ns#XMLLiteral", "fmType": "5", "fmId": "-1", "value": "This is the date/time that the order checks happened.", "type": "typed-literal"}, "number": "4", "flags": "D", "location": "0;5", "type": "1", "name": "occurrence_d_t"}, {"name": "order_check", "description": {"datatype": "http://www.w3.org/1999/02/22-rdf-syntax-ns#XMLLiteral", "fmType": "5", "fmId": "-1", "value": "This field represents what type of order check took place", "type": "typed-literal"}, "number": "5", "flags": "P100.8'", "details": "100.8", "type": "7", "location": "1;1"}, {"name": "clinical_danger_level", "description": {"datatype": "http://www.w3.org/1999/02/22-rdf-syntax-ns#XMLLiteral", "fmType": "5", "fmId": "-1", "value": "This is the clinical danger of the Order Check type (file 100.8) at the \rtime this order check was seen.", "type": "typed-literal"}, "number": "6", "flags": "S", "details": "1:HIGH;2:MODERATE;3:LOW;", "type": "3", "location": "1;2"}, {"description": {"datatype": "http://www.w3.org/1999/02/22-rdf-syntax-ns#XMLLiteral", "fmType": "5", "fmId": "-1", "value": "This field represents the reason that the provider is overriding the \rorder check and continuing with placing the order.", "type": "typed-literal"}, "number": "7", "flags": "100.57", "location": "3;0", "type": "5", "name": "override_reason"}, {"description": {"datatype": "http://www.w3.org/1999/02/22-rdf-syntax-ns#XMLLiteral", "fmType": "5", "fmId": "-1", "value": "This field stores the text of the order check that was presented to the \ruser.", "type": "typed-literal"}, "number": "8", "flags": "100.58", "location": "2;0", "type": "5", "name": "order_check_message"}, {"type": "4", "location": "10;1", "flags": "F", "number": "9", "name": "severity_level"}, {"name": "intervention_ien", "number": "10", "flags": "P9009032.4'", "details": "9009032.4", "type": "7", "location": "10;2"}, {"type": "4", "location": "10;3", "flags": "F", "number": "11", "name": "dosage_ordered"}, {"name": "order_check_database", "number": "12", "flags": "S", "details": "V:VISTA;F:FDB;", "type": "3", "location": "10;4"}, {"description": {"datatype": "http://www.w3.org/1999/02/22-rdf-syntax-ns#XMLLiteral", "fmType": "5", "fmId": "-1", "value": "This field represents the reason that the Pharmacist is overriding the \rOrder Check and continuing with placing the order.", "type": "typed-literal"}, "number": "13", "flags": "F", "location": "11;1", "type": "4", "name": "pharmacist_override_comments"}, {"name": "pharmacist", "description": {"datatype": "http://www.w3.org/1999/02/22-rdf-syntax-ns#XMLLiteral", "fmType": "5", "fmId": "-1", "value": "This is the Pharmacist who entered the Pharmacist Override Comments", "type": "typed-literal"}, "number": "14", "flags": "P200'", "details": "200", "type": "7", "location": "11;2"}, {"description": {"datatype": "http://www.w3.org/1999/02/22-rdf-syntax-ns#XMLLiteral", "fmType": "5", "fmId": "-1", "value": "This field represents the Date and Time that the Pharmacist Override \rComments were entered.", "type": "typed-literal"}, "number": "14.1", "flags": "D", "location": "15;1", "type": "1", "name": "pharmacist_comments_d_t"}, {"description": {"datatype": "http://www.w3.org/1999/02/22-rdf-syntax-ns#XMLLiteral", "fmType": "5", "fmId": "-1", "value": "This field stores the monograph for Drug-Drug Interactions.", "type": "typed-literal"}, "number": "15", "flags": "100.515", "location": "16;0", "type": "5", "name": "monograph"}, {"description": {"datatype": "http://www.w3.org/1999/02/22-rdf-syntax-ns#XMLLiteral", "fmType": "5", "fmId": "-1", "value": "This is the term that will be displayed to the user when selecting from a \rlist of monographs to view.", "type": "typed-literal"}, "number": "16", "flags": "F", "location": "17;1", "type": "4", "name": "monograph_term"}, {"name": "dispense_frequency", "number": "17", "flags": "S", "details": "W:WEEKLY;B:BI-WEEKLY;M:MONTHLY;", "type": "3", "location": "13;2"}, {"name": "lab_results", "number": "18", "flags": "100.518D", "details": "100.518", "type": "9", "location": "14;0"}], "fmql": {"TYPELABEL": "ORDER CHECK INSTANCES", "TYPE": "100_05", "OP": "DESCRIBE TYPE"}, "number": "100.05", "location": "^ORD(100.05,", "name": "ORDER CHECK INSTANCES"}