{"fields": [{"name": "replacement_fluid_type", "description": {"datatype": "http://www.w3.org/1999/02/22-rdf-syntax-ns#XMLLiteral", "fmType": "5", "fmId": "-1", "value": "This is the type of replacement fluid given intravascularly during the\roperative procedure.\r \rEach unique blood product should be entered separately.  This field is\rconsidered optional, but is a significant element of the Nurse's \rIntraoperative Report.  The definition of this field may vary according\rto local policy.", "type": "typed-literal"}, "number": ".01", "flags": "*P133.7'", "details": "133.7", "type": "7", "location": "0;1"}, {"description": {"datatype": "http://www.w3.org/1999/02/22-rdf-syntax-ns#XMLLiteral", "fmType": "5", "fmId": "-1", "value": "This is the number of milliliters of replacement fluid given to the\rpatient intravascularly during the operative procedure.\r ", "type": "typed-literal"}, "number": "1", "flags": "NJ6,0", "location": "0;2", "type": "2", "name": "qty_of_fluid_ml"}, {"description": {"datatype": "http://www.w3.org/1999/02/22-rdf-syntax-ns#XMLLiteral", "fmType": "5", "fmId": "-1", "value": "This is the unique identification number or code provided by the\rsupplier of this replacement fluid.  Although optional, this \rinformation may be useful in documentation of this case.\r ", "type": "typed-literal"}, "number": "3", "flags": "F", "location": "0;4", "type": "4", "name": "source_id"}, {"description": {"datatype": "http://www.w3.org/1999/02/22-rdf-syntax-ns#XMLLiteral", "fmType": "5", "fmId": "-1", "value": "This is the unique identification characters assigned by the local\rblood bank for type specific blood components.", "type": "typed-literal"}, "number": "4", "flags": "F", "location": "0;5", "type": "4", "name": "va_ident"}, {"description": {"datatype": "http://www.w3.org/1999/02/22-rdf-syntax-ns#XMLLiteral", "fmType": "5", "fmId": "-1", "value": "These are comments related to this specific fluid type.  This\rinformation will be used in documentation of the case.\r ", "type": "typed-literal"}, "number": "5", "flags": "130.12", "location": "1;0", "type": "5", "name": "replacement_fluid_comments"}], "fmql": {"TYPELABEL": "REPLACEMENT FLUID TYPE", "TYPE": "130_04", "OP": "DESCRIBE TYPE"}, "name": "REPLACEMENT FLUID TYPE", "parent": "130", "number": "130.04"}