{"count": "0", "description": {"datatype": "http://www.w3.org/1999/02/22-rdf-syntax-ns#XMLLiteral", "fmType": "5", "fmId": "-1", "value": "This file contains the set of laboratory tests tracked by the Surgery Risk \rAssessment Module along with the corresponding local data names in file 63 \rpointed to by these tests and the appropriate specimens for these tests.", "type": "typed-literal"}, "fields": [{"index": "B", "name": "name", "number": ".01", "flags": "RF", "location": "0;1", "type": "4", "description": {"datatype": "http://www.w3.org/1999/02/22-rdf-syntax-ns#XMLLiteral", "fmType": "5", "fmId": "-1", "value": "This is the laboratory test which will be tracked using the Surgery Risk\rAssessment Module.", "type": "typed-literal"}}, {"name": "laboratory_data_name", "description": {"datatype": "http://www.w3.org/1999/02/22-rdf-syntax-ns#XMLLiteral", "fmType": "5", "fmId": "-1", "value": "These are the local Data Names in file 63 pointed to by this lab test.", "type": "typed-literal"}, "number": "1", "flags": "139.21P", "details": "139.21", "type": "9", "location": "1;0"}, {"name": "specimen", "description": {"datatype": "http://www.w3.org/1999/02/22-rdf-syntax-ns#XMLLiteral", "fmType": "5", "fmId": "-1", "value": "This is the specimen associated with this laboratory test.", "type": "typed-literal"}, "number": "2", "flags": "RP61'", "details": "61", "type": "7", "location": "2;1"}, {"description": {"datatype": "http://www.w3.org/1999/02/22-rdf-syntax-ns#XMLLiteral", "fmType": "5", "fmId": "-1", "value": "This field determines the reference \"low value\" for the laboratory \rtest. This value is derived from the usual distribution of cardiac \rrisk assessment test values reported nationally. Test values less \rthan the reference low are permitted but should be verified for\raccuracy.", "type": "typed-literal"}, "number": "3", "flags": "NJ8,2", "location": "2;2", "type": "2", "name": "vasqip_reference_low"}, {"description": {"datatype": "http://www.w3.org/1999/02/22-rdf-syntax-ns#XMLLiteral", "fmType": "5", "fmId": "-1", "value": "This field determines the \"reference high\" value for the laboratory \rtest. This value is derived from the usual distribution of cardiac \rrisk assessment test values reported nationally. Test values higher \rthan the reference high are permitted but should be verified for\raccuracy.", "type": "typed-literal"}, "number": "4", "flags": "NJ8,2", "location": "2;3", "type": "2", "name": "vasqip_reference_high"}], "fmql": {"TYPELABEL": "RISK MODEL LAB TEST", "TYPE": "139_2", "OP": "DESCRIBE TYPE"}, "number": "139.2", "location": "^SRO(139.2,", "name": "RISK MODEL LAB TEST"}