{"name":"MEMBER","number":"100.2101","parent":"100.21","fields":[{"number":".01","flags":"MV","name":"MEMBER","location":"0;1","index":"B","type":"8","details":"2","description":{"fmId":"-1","fmType":"5","type":"typed-literal","datatype":"http://www.w3.org/1999/02/22-rdf-syntax-ns#XMLLiteral","value":"An item on the list, member is a patient if the list type is P or T."}},{"number":"1","flags":"D","name":"VIEW DATE/TIME","location":"0;2","type":"1","inputTransform":"S %DT=\"ESTXR\" D ^%DT S X=Y K:Y<1 X","description":{"fmId":"-1","fmType":"5","type":"typed-literal","datatype":"http://www.w3.org/1999/02/22-rdf-syntax-ns#XMLLiteral","value":"This is the date/time this item was last viewed."}},{"number":"2","flags":"100.21019P","name":"*NOTIFICATION SELECTION","location":"100.9;0","type":"9","details":"100.21019","description":{"fmId":"-1","fmType":"5","type":"typed-literal","datatype":"http://www.w3.org/1999/02/22-rdf-syntax-ns#XMLLiteral","value":"This field is unused and will be deleted post-CPRS 1."}}],"fmql":{"OP":"DESCRIBE TYPE","TYPE":"100_2101","TYPELABEL":"MEMBER"}}