{"name":"ASSESSMENT TF PRODUCT","number":"115.031","parent":"115.011","fields":[{"number":".01","flags":"P118.2'","name":"ASSESSMENT TF PRODUCT","location":"0;1","index":"B","type":"7","details":"118.2","description":{"fmId":"-1","fmType":"5","type":"typed-literal","datatype":"http://www.w3.org/1999/02/22-rdf-syntax-ns#XMLLiteral","value":"Patient's Tubefeeding Product(s) at the time the\rNutrition Assessment was created."}},{"number":"1","flags":"RS","name":"ASSESSMENT TF STRENGTH","location":"0;2","type":"3","details":"1:1/4;2:1/2;3:3/4;4:FULL;","description":{"fmId":"-1","fmType":"5","type":"typed-literal","datatype":"http://www.w3.org/1999/02/22-rdf-syntax-ns#XMLLiteral","value":"Patient's Tubefeeding Product Strength at the time the\rNutrition Assessment was created."}},{"number":"2","flags":"RF","name":"ASSESSMENT TF QUANTITY","location":"0;3","type":"4","inputTransform":"K:$L(X)>50!($L(X)<3) X","description":{"fmId":"-1","fmType":"5","type":"typed-literal","datatype":"http://www.w3.org/1999/02/22-rdf-syntax-ns#XMLLiteral","value":"Patient's Tubefeeding Product Quantity at the time the\rNutrition Assessment was created."}}],"fmql":{"OP":"DESCRIBE TYPE","TYPE":"115_031","TYPELABEL":"ASSESSMENT TF PRODUCT"}}