{"name":"ASSOCIATED RESULTS","number":"123.03","parent":"123","fields":[{"number":".01","flags":"MV","name":"ASSOCIATED RESULTS","location":"0;1","index":"B","type":"8","details":"8925;691;691.1;691.5;691.6;691.7;691.8;694;698;698.1;698.2;698.3;699;699.5;700;701","description":{"fmId":"-1","fmType":"5","type":"typed-literal","datatype":"http://www.w3.org/1999/02/22-rdf-syntax-ns#XMLLiteral","value":"This multiple allows one or more results to be associated with a consult.\r \rThis field invokes IA #147"}}],"fmql":{"OP":"DESCRIBE TYPE","TYPE":"123_03","TYPELABEL":"ASSOCIATED RESULTS"}}