{"count": "0", "description": {"datatype": "http://www.w3.org/1999/02/22-rdf-syntax-ns#XMLLiteral", "fmType": "5", "fmId": "-1", "value": "File that contains the aggregate terms which makes up the prime document\rcontent.", "type": "typed-literal"}, "fields": [{"index": "B", "name": "name", "number": ".01", "flags": "RF", "location": "0;1", "type": "4", "description": {"datatype": "http://www.w3.org/1999/02/22-rdf-syntax-ns#XMLLiteral", "fmType": "5", "fmId": "-1", "value": "Text that composes the Aggregate Term", "type": "typed-literal"}}, {"index": "ATY", "name": "type_of_term", "description": {"datatype": "http://www.w3.org/1999/02/22-rdf-syntax-ns#XMLLiteral", "fmType": "5", "fmId": "-1", "value": "Set of codes that identifies the basic types of text.", "type": "typed-literal"}, "number": ".02", "flags": "R*S", "location": "0;2", "type": "3", "details": "2:FRAME;3:TERM;"}, {"index": "PK", "name": "package", "number": ".03", "flags": "RF", "location": "0;3", "type": "4", "description": {"datatype": "http://www.w3.org/1999/02/22-rdf-syntax-ns#XMLLiteral", "fmType": "5", "fmId": "-1", "value": "The DHCP package associated with this aggregate term.\r \rIf an application wants to allow site configuration of its care plans,\rthe changes made by the site should be given 'ZZ' as a package.  In\rother words calls made to the Generic Input Utility routine (GMRGTGIF)\rfor site configuration options should set the variable GMRGPK=\"ZZ\".\rset the variable GMRGPK=\"ZZ\".", "type": "typed-literal"}}, {"index": "CL", "name": "classification", "description": {"datatype": "http://www.w3.org/1999/02/22-rdf-syntax-ns#XMLLiteral", "fmType": "5", "fmId": "-1", "value": "Special classification that further identifies an aggregate term.", "type": "typed-literal"}, "number": ".04", "flags": "P124.25'", "location": "0;4", "type": "7", "details": "124.25"}, {"description": {"datatype": "http://www.w3.org/1999/02/22-rdf-syntax-ns#XMLLiteral", "fmType": "5", "fmId": "-1", "value": "Identification which separates this Aggregate Term NODE from another\rAggregate Term NODE that has the same NAME(.01), but different logical\rparent NODE.", "type": "typed-literal"}, "number": ".05", "flags": "RNJ5,0I", "location": "0;5", "type": "2", "name": "node_identification"}, {"description": {"datatype": "http://www.w3.org/1999/02/22-rdf-syntax-ns#XMLLiteral", "fmType": "5", "fmId": "-1", "value": "If further clarification of this term is needed, it may be added here.\rThe definition of the term displays when a user types '???' while\rselecting terms through the Patient Data Enter/Edit module.\radded here, and when selecting terms in the patient edit, if the user\rtypes in '???' then this definition will appear in conjunction with this\rterm.", "type": "typed-literal"}, "number": ".1", "flags": "124.22", "location": "TD;0", "type": "5", "name": "term_definition"}, {"name": "children", "description": {"datatype": "http://www.w3.org/1999/02/22-rdf-syntax-ns#XMLLiteral", "fmType": "5", "fmId": "-1", "value": "Children are aggregate terms that are under this frame/document.", "type": "typed-literal"}, "number": "1", "flags": "124.21IP", "details": "124.21", "type": "9", "location": "1;0"}, {"description": {"datatype": "http://www.w3.org/1999/02/22-rdf-syntax-ns#XMLLiteral", "fmType": "5", "fmId": "-1", "value": "The minimum number of selections allowed under this frame/document.\rNull entry means zero.", "type": "typed-literal"}, "number": "2", "flags": "NJ2,0", "location": "0;6", "type": "2", "name": "min"}, {"description": {"datatype": "http://www.w3.org/1999/02/22-rdf-syntax-ns#XMLLiteral", "fmType": "5", "fmId": "-1", "value": "The maximum number of selections allowed under this frame/document.  A\rnull entry means there is no maximum.", "type": "typed-literal"}, "number": "3", "flags": "NJ2,0", "location": "0;7", "type": "2", "name": "max"}, {"name": "supress_min_max_message", "description": {"datatype": "http://www.w3.org/1999/02/22-rdf-syntax-ns#XMLLiteral", "fmType": "5", "fmId": "-1", "value": "This field determines whether the MIN and MAX messages should be supressed\rfor this frame.", "type": "typed-literal"}, "number": "3.5", "flags": "S", "details": "0:NO SUPRESSION;1:SUPRESS MIN MESSAGE;2:SUPRESS MAX MESSAGE;3:SUPRESS BOTH MESSAGES;", "type": "3", "location": "0;12"}, {"description": {"datatype": "http://www.w3.org/1999/02/22-rdf-syntax-ns#XMLLiteral", "fmType": "5", "fmId": "-1", "value": "Text that precedes the text of this frame/document in displays.", "type": "typed-literal"}, "number": "4", "flags": "F", "location": "4;1", "type": "4", "name": "lead_text"}, {"description": {"datatype": "http://www.w3.org/1999/02/22-rdf-syntax-ns#XMLLiteral", "fmType": "5", "fmId": "-1", "value": "Text that follows the text of this frame/document in displays.", "type": "typed-literal"}, "number": "5", "flags": "F", "location": "5;1", "type": "4", "name": "trail_text"}, {"name": "format_of_output", "description": {"datatype": "http://www.w3.org/1999/02/22-rdf-syntax-ns#XMLLiteral", "fmType": "5", "fmId": "-1", "value": "This is the format of the frame/document display.  Tabular, and brief\rtabular displays in an outline format; tabular uses lead and trail texts,\rand brief tabular does not.  Sentence creates paragraphs using lead and\rtrail texts, and ends sentences with periods.", "type": "typed-literal"}, "number": "6", "flags": "S", "details": "S:SENTENCE;T:TABULAR;B:BRIEF TABULAR;", "type": "3", "location": "0;8"}, {"name": "ask_additional_text", "description": {"datatype": "http://www.w3.org/1999/02/22-rdf-syntax-ns#XMLLiteral", "fmType": "5", "fmId": "-1", "value": "A flag determining whether Additional Text can be entered for an\raggregate term or not.", "type": "typed-literal"}, "number": "6.5", "flags": "*S", "details": "0:NO;1:YES;", "type": "3", "location": "0;9"}, {"description": {"datatype": "http://www.w3.org/1999/02/22-rdf-syntax-ns#XMLLiteral", "fmType": "5", "fmId": "-1", "value": "This is valid MUMPS code that is executed upon entering the screen of \ran Aggregate Term in the General Medical Record Generator patient edit.\r \r    The variables that the programmer can rely on being set and the\r    programmer should not kill are:\r       DFN and arrays from DEM^VADPT and INP^VADPT\r \r       GMRGRT=Prime document data for this term in the following format:\r              AGGY IEN^Term text\r \r       GMRGPDA=ENTRY IN GMR TEXT (124.3) FILE\r \r       GMRGTERM=Data on term being processed in the following format:\r                124.2 FILE IEN^Term text^IEN in 124.31 multiple if exists.\r \r       GMRGTERM(0)=^GMRD(124.2,+GMRGTERM,0)", "type": "typed-literal"}, "number": "7", "flags": "FX", "location": "7;E1,245", "type": "4", "name": "action_on_entering_selection"}, {"description": {"datatype": "http://www.w3.org/1999/02/22-rdf-syntax-ns#XMLLiteral", "fmType": "5", "fmId": "-1", "value": "This is valid MUMPS code that will be executed upon the filing of an\rAggregate Term in the General Medical Record Treatment Planner.\r \r    The variables that the programmer can rely on being set and the\r    programmer should not kill are:\r       DFN and arrays from DEM^VADPT and INP^VADPT\r \r       GMRGRT=Prime document data for this term in the following format:\r              AGGY IEN^Term text\r \r       GMRGPDA = ENTRY IN GMR TEXT (124.3) FILE\r \r       GMRGTERM=Data on term being filed in the following format:\r                124.2 FILE IEN^Term text^IEN in 124.31 multiple if exists.\r \r       GMRGTERM(0)=^GMRD(124.2,+GMRGTERM,0)\r \r       GMRGART=$S(0:if term is being deleted,1:if term is being added)", "type": "typed-literal"}, "number": "8", "flags": "FX", "location": "8;E1,245", "type": "4", "name": "action_on_filing"}, {"description": {"datatype": "http://www.w3.org/1999/02/22-rdf-syntax-ns#XMLLiteral", "fmType": "5", "fmId": "-1", "value": "This is valid MUMPS code that will be executed upon the leaving of this\raggregate term screen from the General Medical Record Generator patient\redit.\r \r   The variables that the programmer can rely on being set, and that the\r   programmer should not kill are:\r \r      DFN and arrays from DEM^VADPT and INP^VADPT\r \r      GMRGRT=Prime document data for this term in the following format:\r             AGGY IEN^Term text\r \r      GMRGPDA= ENTRY IN GMR TEXT (124.3) FILE\r \r      GMRGTERM=Data on term being processed in the following format:\r               124.2 FILE IEN^Term text^IEN in 124.31 multiple if exist.\r \r      GMRGTERM(0)=^GMRD(124.2,+GMRGTERM,0)", "type": "typed-literal"}, "number": "9", "flags": "FX", "location": "9;E1,245", "type": "4", "name": "action_on_leaving_selection"}, {"description": {"datatype": "http://www.w3.org/1999/02/22-rdf-syntax-ns#XMLLiteral", "fmType": "5", "fmId": "-1", "value": "An action that occurs when an aggregate term is printed as a selection\ron the screen.\r \r   The variables that the programmer can rely on being set, and that the\r   programmer should not kill are:\r      DFN and arrays from DEM^VADPT and INP^VADPT\r \r      GMRGRT=Prime document data for this term in the following format:\r             AGGY IEN^Term text\r \r      GMRGPDA= ENTRY IN GMR TEXT (124.3) FILE\r \r      GMRGTERM=Term data whose selections are being printed as follows:\r               124.2 FILE IEN^Term text^IEN in 124.31 multiple if exists\r \r      GMRGTERM(0)=^GMRD(124.2,GMRGTERM,0)\r \r      GMRGSEL=Selection being printed for term in GMRGTERM\r              124.2 FILE IEN^Term text^$S(1:data is active for term\r                                          ,0:data is not active for term)\r \rIf there is other information that needs to be printed with a selection\rfor a particular package, this is a way to get this information to print.", "type": "typed-literal"}, "number": "10", "flags": "FX", "location": "10;E1,245", "type": "4", "name": "action_on_printing_selection"}], "fmql": {"TYPELABEL": "AGGREGATE TERM", "TYPE": "124_2", "OP": "DESCRIBE TYPE"}, "number": "124.2", "location": "^GMRD(124.2,", "name": "AGGREGATE TERM"}