{"count": "0", "description": {"datatype": "http://www.w3.org/1999/02/22-rdf-syntax-ns#XMLLiteral", "fmType": "5", "fmId": "-1", "value": "This file allows services and specialties to be grouped in a hierarchy \rrepresenting the sites services available.  This grouping capability\rmay be used with Review screens to filter out consults to a \rservice, sub-service, specialty, or sub-specialty of consults/requests.\r  \rThe main entry in this file is the \"ALL SERVICES\" entry.  Other entries\rshould be subordinate in its hierarchy.\r \rThe \"ALL SERVICES\" entry is used to display the hierarchy of the hospital\rservices when the Clinician ordering a consult is prompted for\r\"Select TO Service/Specialty:\" to send the consult to.", "type": "typed-literal"}, "fields": [{"index": "B", "name": "service_name", "number": ".01", "flags": "RFX", "location": "0;1", "type": "4", "description": {"datatype": "http://www.w3.org/1999/02/22-rdf-syntax-ns#XMLLiteral", "fmType": "5", "fmId": "-1", "value": "This is the Name of a service or specialty which may receive consult/\rrequests.  This may also be a name which represents a group of services", "type": "typed-literal"}}, {"name": "unrestricted_access", "description": {"datatype": "http://www.w3.org/1999/02/22-rdf-syntax-ns#XMLLiteral", "fmType": "5", "fmId": "-1", "value": "This field, if set to yes will allow all users to perform the full range\rof update activities on consult or procedure requests directed to this\rservice. If this field is set to yes, all other fields related to\rassignment of update users are ignored. \r \rThe SERVICE INDIVIDUAL TO NOTIFY and the SERVICE TEAM(S) TO NOTIFY fields\rwill still be used to determine notification recipients for each\rindividual service. ", "type": "typed-literal"}, "number": ".06", "flags": "S", "details": "1:YES;0:NO;", "type": "3", "location": "0;6"}, {"name": "process_parents_for_updates", "description": {"datatype": "http://www.w3.org/1999/02/22-rdf-syntax-ns#XMLLiteral", "fmType": "5", "fmId": "-1", "value": "This field, if set to YES will cause the parent services of the this \rservice to be screened to determine update authority for a given user. ", "type": "typed-literal"}, "number": ".07", "flags": "S", "details": "1:YES;0:NO;", "type": "3", "location": "0;7"}, {"name": "process_parents_for_notifs", "description": {"datatype": "http://www.w3.org/1999/02/22-rdf-syntax-ns#XMLLiteral", "fmType": "5", "fmId": "-1", "value": "This field, if set to YES will cause the parent services of this service\rto be processed when determining notification recipients. ", "type": "typed-literal"}, "number": ".08", "flags": "S", "details": "1:YES;0:NO;", "type": "3", "location": "0;8"}, {"name": "provisional_dx_prompt", "description": {"datatype": "http://www.w3.org/1999/02/22-rdf-syntax-ns#XMLLiteral", "fmType": "5", "fmId": "-1", "value": "This field will be used by CPRS to determine how to prompt for the\rprovisional diagnosis when ordering consults for this service. If this\rfield is set to OPTIONAL, the user will be prompted for the provisional\rdiagnosis but may bypass answering the prompt. If the field is set to\rSUPPRESS, the user will not be presented with the provisional diagnosis\rprompt. If set to REQUIRED, the user must answer the prompt to continue\rplacing the order.", "type": "typed-literal"}, "number": "1.01", "flags": "S", "details": "O:OPTIONAL;R:REQUIRE;S:SUPPRESS;", "type": "3", "location": "1;1"}, {"name": "provisional_dx_input", "description": {"datatype": "http://www.w3.org/1999/02/22-rdf-syntax-ns#XMLLiteral", "fmType": "5", "fmId": "-1", "value": "This field will determine the method that CPRS will use to prompt the user\rfor input of the provisional diagnosis when ordering. If set to FREE TEXT,\rthe user may type any text from 2-80 characters in length. If set to\rLEXICON, the user will be required to select a coded diagnosis from the\rClinical Lexicon.", "type": "typed-literal"}, "number": "1.02", "flags": "S", "details": "F:FREE TEXT;L:LEXICON;", "type": "3", "location": "1;2"}, {"name": "restrict_default_reason_edit", "description": {"datatype": "http://www.w3.org/1999/02/22-rdf-syntax-ns#XMLLiteral", "fmType": "5", "fmId": "-1", "value": "If a DEFAULT REASON FOR REQUEST exists for this service this field affects\rthe ordering person's ability to edit the default reason while placing an\rorder.\r \r        0 - UNRESTRICTED\r            User will be able to edit the default text at any time.\r \r        1 - ASK ON EDIT ONLY\r            User will only be allowed to edit the default reason if the\r            order is edited before releasing to the service.\r \r        2 - NO EDITING\r            User will not be allowed to edit the default reason at any\r            time.\r \rThe value of this field will be ignored if no DEFAULT REASON FOR REQUEST\rexists for this service.", "type": "typed-literal"}, "number": "1.03", "flags": "S", "details": "0:UNRESTRICTED;1:ASK ON EDIT ONLY;2:NO EDITING;", "type": "3", "location": "1;3"}, {"name": "notify_service_on_dc", "description": {"datatype": "http://www.w3.org/1999/02/22-rdf-syntax-ns#XMLLiteral", "fmType": "5", "fmId": "-1", "value": "This field controls when members configured to receive notifications for\rthis service in the Consult hierarchy will be alerted to a consult being\rdiscontinued.\r \r0 - ALWAYS\r    service update users will receive notification of a discontinue\r    regardless of who DC's the order\r \r1 - REQUESTOR ACTION\r    service update users will receive notification of a discontinue only\r    if the user discontinuing the consult is not an update user for the\r    service\r \r2 - NEVER\r    service update users will never receive notification of a discontinued\r    consult", "type": "typed-literal"}, "number": "1.04", "flags": "S", "details": "0:ALWAYS;1:REQUESTOR ACTION;2:NEVER;", "type": "3", "location": "1;4"}, {"name": "reprint_513_on_dc", "description": {"datatype": "http://www.w3.org/1999/02/22-rdf-syntax-ns#XMLLiteral", "fmType": "5", "fmId": "-1", "value": "This field will determine if the SF-513 should reprint to the consulting\rservice when a consult is discontinued.\r \r0 - ALWAYS\r    the SF-513 will always reprint to the SERVICE PRINTER when a consult\r    is discontinued\r \r1 - REQUESTOR ACTION\r    the SF-513 will reprint to the SERVICE PRINTER only when a consult is\r    discontinued by a user that is not an update user for the service in\r    \r2 - NEVER\r    the SF-513 will never reprint to the SERVICE printer regardless of who\r    discontinued the consult ", "type": "typed-literal"}, "number": "1.05", "flags": "S", "details": "0:ALWAYS;1:REQUESTOR ACTION;2:NEVER;", "type": "3", "location": "1;5"}, {"name": "result_mgmt_user_class", "description": {"datatype": "http://www.w3.org/1999/02/22-rdf-syntax-ns#XMLLiteral", "fmType": "5", "fmId": "-1", "value": "This field defines the Authorization/Subscription User Class that is\rpermitted to disassociate a Medicine result from a Consult request. It is\rrecommended that this function be restricted to a very select group of\rindividuals.\r \rThis field invokes IA #3008", "type": "typed-literal"}, "number": "1.06", "flags": "*P8930'", "details": "8930", "type": "7", "location": "1;6"}, {"name": "synonym", "description": {"datatype": "http://www.w3.org/1999/02/22-rdf-syntax-ns#XMLLiteral", "fmType": "5", "fmId": "-1", "value": "This multiple field identifies the commonly known names and abbreviations\rfor the Service named in the .01 Name field.  Synonyms identified here\rare used in the look-up of services at 'Select Service/Specialty: '\rprompts.", "type": "typed-literal"}, "number": "1.1", "flags": "123.52", "details": "123.52", "type": "9", "location": "2;0"}, {"description": {"datatype": "http://www.w3.org/1999/02/22-rdf-syntax-ns#XMLLiteral", "fmType": "5", "fmId": "-1", "value": "This is a commonly known Abbreviation for this Service/Specialty.  \rThis name is used to build Consult Notifications when a consult/request\ris ordered in OE/RR.\r  \rIf not defined, the NAME (.01) is used.", "type": "typed-literal"}, "number": "1.11", "flags": "F", "location": ".1;1", "type": "4", "name": "print_name"}, {"name": "service_usage", "description": {"datatype": "http://www.w3.org/1999/02/22-rdf-syntax-ns#XMLLiteral", "fmType": "5", "fmId": "-1", "value": "Whenever a value is defined in the SERVICE USAGE field, the Service\rentry will NOT be selectable to send consults TO in the OE/RR ordering\rprocess.  \r  \rService Usages cause functioning as follows:\rGROUPER ONLY - Allows a service to be used for grouping other \rservices together for review purposes, and aids in defining the \rservice hierarchy (e.g., ALL SERVICES, INPATIENT SERVICES, OUTSIDE\rSERVICES).  During the order process, a user selecting a grouper only\rservice will be shown the service hierarchy under that service grouper.\rA Grouper ONLY service should never be a \"TO\" Service on a consult.\r  \rTRACKING ONLY - Allows a service to be defined in a hierarchy,\rbut will not allow users ordering consults in OE/RR to be able to see\ror select a service marked for TRACKING ONLY.  (e.g., Psychology\rmay be defined with its Service Usage blank, and its Sub-specialty\rmultiple defined with services of which some or all may be \"TRACKING\rONLY\" services.  This hierarchy facilitates the situation when a\rservice, such as Psychology, prefers a common location for all related\rconsults to be sent to. A Tracking user at the common location then \r\"Forwards\" the request to one of the sub-service TRACKING ONLY services\rfor completion.)\r \rDISABLED - Disabled services are not selectable for ordering or tracking.", "type": "typed-literal"}, "number": "2", "flags": "SX", "details": "1:GROUPER ONLY;2:TRACKING ONLY;9:DISABLED;", "type": "3", "location": "0;2"}, {"description": {"datatype": "http://www.w3.org/1999/02/22-rdf-syntax-ns#XMLLiteral", "fmType": "5", "fmId": "-1", "value": "If a service is disabled, a DISABLED message will be displayed on\rthe screen.", "type": "typed-literal"}, "number": "3", "flags": "F", "location": "0;3", "type": "4", "name": "disable_message"}, {"name": "creator", "description": {"datatype": "http://www.w3.org/1999/02/22-rdf-syntax-ns#XMLLiteral", "fmType": "5", "fmId": "-1", "value": "This field identifies who created the service entry.", "type": "typed-literal"}, "number": "5", "flags": "P200'", "details": "200", "type": "7", "location": "0;5"}, {"name": "subservice", "description": {"datatype": "http://www.w3.org/1999/02/22-rdf-syntax-ns#XMLLiteral", "fmType": "5", "fmId": "-1", "value": "This is the set of services or specialties that may be grouped under\rthe Service/Specialty.  A member of this sub-service may also be defined\rto have its own sub-service/specialties. There is no limit to the\rdepth of the hierarchy beneath ALL SERVICES.", "type": "typed-literal"}, "number": "10", "flags": "123.51P", "details": "123.51", "type": "9", "location": "10;0"}, {"index": "E", "name": "internal_name", "number": "11", "flags": "F", "location": "11;1", "type": "4", "description": {"datatype": "http://www.w3.org/1999/02/22-rdf-syntax-ns#XMLLiteral", "fmType": "5", "fmId": "-1", "value": "This field holds a name that can be used for internal name-spacing. \rThis name will not be viewable to users when selecting a service. \rThis name may be used to look up entries in the file via VA Fileman \rand the Setup Consult Services option.", "type": "typed-literal"}}, {"description": {"datatype": "http://www.w3.org/1999/02/22-rdf-syntax-ns#XMLLiteral", "fmType": "5", "fmId": "-1", "value": "This field contains MUMPS code that will be executed when someone\renters this option for CPRS Detailed and Results displays.", "type": "typed-literal"}, "number": "20", "flags": "K", "location": "20;E1,245", "type": "10", "name": "entry_action"}, {"name": "procedure_type", "number": "101", "flags": "123.5101P", "details": "123.5101", "type": "9", "location": "101;0"}, {"name": "oe_rr_display_group", "description": {"datatype": "http://www.w3.org/1999/02/22-rdf-syntax-ns#XMLLiteral", "fmType": "5", "fmId": "-1", "value": "The display group will automatically default to CONSULTS if there is no\rother display group defined as a sub-group of CONSULTS.", "type": "typed-literal"}, "number": "123.01", "flags": "P100.98'", "details": "100.98", "type": "7", "location": "123;1"}, {"name": "service_update_option", "description": {"datatype": "http://www.w3.org/1999/02/22-rdf-syntax-ns#XMLLiteral", "fmType": "5", "fmId": "-1", "value": "This field provides security by defining who can actually perform tracking \ractivities for a service/specialty's consults, based on the Option used.\r  \rThis field works in conjunction with the PROTOCOL ACTION MENU BY OPTION\rfield.\rIf an option is identified here, and the user selects this option to\rreview consults/requests, the user will be given access to the Protocol\raction menu defined in the PROTOCOL ACTION MENU BY OPTION field.  \rIf this option was not used to access the consult/request tracking data,\rthe user will only see the actions defined in the\rGMRCACTM USER REVIEW SCREEN protocol menu.", "type": "typed-literal"}, "number": "123.011", "flags": "P19'", "details": "19", "type": "7", "location": "123;10"}, {"name": "protocol_menu_of_request_items", "description": {"datatype": "http://www.w3.org/1999/02/22-rdf-syntax-ns#XMLLiteral", "fmType": "5", "fmId": "-1", "value": "This field is being used primarily for the Medicine Package Interface to\rlink the Medicine Service to a Protocol Menu representing the Procedure\rTypes of the Medicine Package.  The GMRC MEDICINE PKG INTERFACE option\ruses this entry to determine the service and the type of results the \rMedicine Personnel may be associating results with.", "type": "typed-literal"}, "number": "123.02", "flags": "P101'", "details": "101", "type": "7", "location": "123;2"}, {"name": "protocol_action_menu_by_users", "description": {"datatype": "http://www.w3.org/1999/02/22-rdf-syntax-ns#XMLLiteral", "fmType": "5", "fmId": "-1", "value": "This is the Protocol menu of actions in the Protocol file which may be\rused by users identified in the \"Service Individual to Notify,\"\r\"Service Teams to Notify,\" and \"Update Users w/o Notification\" fields\rfor a Service.  \r \rTwo generic protocol action menus are exported, GMRCACTM USER REVIEW \rSCREEN and GMRCACTM SERVICE ACTION MENU.  The GMRCACTM USER REVIEW SCREEN is\rthe default protocol menu of actions which will be used when no other\rprotocol is defined.  This default menu of actions contains inquiry only \rkinds of actions.  The GMRCACTM SERVICE ACTION MENU contains actions\rwhich allow the consult/request to be tracked to its final resolution\rof Denied, Discontinued, or Completed.", "type": "typed-literal"}, "number": "123.03", "flags": "P101'", "details": "101", "type": "7", "location": "123;3"}, {"name": "protocol_action_menu_by_option", "description": {"datatype": "http://www.w3.org/1999/02/22-rdf-syntax-ns#XMLLiteral", "fmType": "5", "fmId": "-1", "value": "This is the menu of protocol actions in the Protocol File that may be\rused when the option named in the SERVICE UPDATE OPTION field \ris the option used to review the consults/requests.\r  \rThis field is only used when the IRM service wants to establish\rsecurity BY SERVICE via site-specific options.\r  \rIf neither the PROTOCOL ACTION MENU BY OPTION or the SERVICE UPDATE\rOPTION are used to specify service security, then the PROTOCOL ACTION MENU \rBY KEY and SERVICE UPDATE SECURITY KEY are checked to establish the correct\rmenu of actions allowed for the user BY SERVICE.\r \rThe \"GMRCACTM USER REVIEW SCREEN\" protocol menu of actions will \rbe used for all users as a default.  This default menu of actions\rcontains inquiry only kinds of actions.\r \rSites that are using the Medicine Package to enter procedure results may\rspecify GMRCACTM MEDICINE PKG MENU as the Protocol Action Menu By Option\rfield and the GMRC MEDICINE PKG INTERFACE option as the Security Update\rOptifor field.  This should only be specified on those services that are\rlinked to a \"GMRCR \" protocol via the FILE LINK field in the Protocol \rFile.  The exported Medicine sub-services are already defined for use with\rthe GMRC MEDICINE PKG INTERFACE option.\r \rPharmacy Services should specify GMRCACTM PHARMACY PKG MENU in the\rProtocol Action Menu By Option field and the GMRC PHARMACY TPN CONSULTS\roption in the Service Update Option field.", "type": "typed-literal"}, "number": "123.04", "flags": "P101'", "details": "101", "type": "7", "location": "123;4"}, {"index": "C", "name": "related_treating_specialty", "description": {"datatype": "http://www.w3.org/1999/02/22-rdf-syntax-ns#XMLLiteral", "fmType": "5", "fmId": "-1", "value": "This field may be defined for use in Fileman reporting \r via the Relational Jumping capabilities.", "type": "typed-literal"}, "number": "123.06", "flags": "P45.7'", "location": "123;6", "type": "7", "details": "45.7"}, {"name": "related_service_section", "number": "123.07", "flags": "P49'", "details": "49", "type": "7", "location": "123;7"}, {"name": "service_individual_to_notify", "description": {"datatype": "http://www.w3.org/1999/02/22-rdf-syntax-ns#XMLLiteral", "fmType": "5", "fmId": "-1", "value": "A user may be identified in this field as having primary responsibility for\rreceiving consults and tracking them through to completion or \rdiscontinuance.  This individual will receive a \"NEW SERVICE CONSULT\"\rnotification type when a new order is released to the service\rthrough CPRS.  The notification will appear in the following\rformat:\r  NIVEK,ALP (N8976): New Psychology Consult ordered\r  JONES,GEO (J4552): New Psychology consult forwarded - Stat\r  \rThe user must have the \"NEW SERVICE CONSULT/REQUEST\" notification type\renabled.", "type": "typed-literal"}, "number": "123.08", "flags": "*P200'", "details": "200", "type": "7", "location": "123;8"}, {"name": "service_printer", "description": {"datatype": "http://www.w3.org/1999/02/22-rdf-syntax-ns#XMLLiteral", "fmType": "5", "fmId": "-1", "value": "This field allows the service/specialty to identify a device that \rwill be used for printing Consult Forms (513) 'automatically' at the \rservice when the consult/request order is released by CPRS.\r  \rIf the device is not defined, the Consult Form will print at the location\rwhere the order was placed, bypassing the electronic relay functionality.\rThe order text in CPRS for an order to a service with no device is\rprefixed with \">>.\"  This indicates to the ordering clerks/clinician\rthat the consult form needs manual processing or a call to the service to\rhave the service use the \"PS\" action to print the service copy.", "type": "typed-literal"}, "number": "123.09", "flags": "P3.5'", "details": "3.5", "type": "7", "location": "123;9"}, {"name": "service_teams_to_notify", "description": {"datatype": "http://www.w3.org/1999/02/22-rdf-syntax-ns#XMLLiteral", "fmType": "5", "fmId": "-1", "value": "A service can have teams of users associated with the Service.  Any users\rdefined in a team related to the Service will receive Notifications.", "type": "typed-literal"}, "number": "123.1", "flags": "123.53P", "details": "123.53", "type": "9", "location": "123.1;0"}, {"name": "notification_by_pt_location", "description": {"datatype": "http://www.w3.org/1999/02/22-rdf-syntax-ns#XMLLiteral", "fmType": "5", "fmId": "-1", "value": "A service may send notifications about new consults to an individual or\rteams, depending on the patient's location.  Each hospital/ward location\rfor patients may be defined here.  For each location, an individual or \rteam(s) may be specified to receive notifications for orders based \ron the patient's location at the time the order was placed.", "type": "typed-literal"}, "number": "123.2", "flags": "123.54AV", "details": "123.54", "type": "9", "location": "123.2;0"}, {"name": "update_users_w_o_notifications", "description": {"datatype": "http://www.w3.org/1999/02/22-rdf-syntax-ns#XMLLiteral", "fmType": "5", "fmId": "-1", "value": "Service users who are able to perform update tracking actions,\rbut DO NOT receive \"NEW SERVICE CONSULT\" notifications, should be defined\rhere.  The update tracking capabilities are based on the Protocol\rAction Menu by Users field.", "type": "typed-literal"}, "number": "123.3", "flags": "123.55P", "details": "123.55", "type": "9", "location": "123.3;0"}, {"name": "update_teams_w_o_notifications", "description": {"datatype": "http://www.w3.org/1999/02/22-rdf-syntax-ns#XMLLiteral", "fmType": "5", "fmId": "-1", "value": "This field will allow teams of users to be assigned as update users. Team\rmembers will not receive notifications as a result of the team being\rentered in this field. ", "type": "typed-literal"}, "number": "123.31", "flags": "123.57P", "details": "123.57", "type": "9", "location": "123.31;0"}, {"name": "administrative_update_users", "number": "123.33", "flags": "123.555P", "details": "123.555", "type": "9", "location": "123.33;0"}, {"name": "administrative_update_teams", "number": "123.34", "flags": "123.58P", "details": "123.58", "type": "9", "location": "123.34;0"}, {"name": "update_user_classes_w_o_notifs", "number": "123.35", "flags": "123.59P", "details": "123.59", "type": "9", "location": "123.35;0"}, {"name": "related_hospital_location", "number": "123.4", "flags": "123.56P", "details": "123.56", "type": "9", "location": "123.4;0"}, {"name": "special_updates_individual", "description": {"datatype": "http://www.w3.org/1999/02/22-rdf-syntax-ns#XMLLiteral", "fmType": "5", "fmId": "-1", "value": "This individual will have privileges to perform group status updates for\rthis service or any of the entries in the SUB-SERVICE/SPECIALTY field. \r \rIt is recommended that this individual be a responsible service update\ruser or a Clinical Application Coordinator. If given the option GMRCSTSU,\rthe user will be able to choose all requests within a date range that are\rpending, active or both and update the request to discontinued or\rcomplete. This will also update the related order in CPRS to the same\rstatus.", "type": "typed-literal"}, "number": "123.5", "flags": "*P200'", "details": "200", "type": "7", "location": "0;4"}, {"description": {"datatype": "http://www.w3.org/1999/02/22-rdf-syntax-ns#XMLLiteral", "fmType": "5", "fmId": "-1", "value": "This field will allow a boilerplate of text to be imported into the reason\rfor request when placing consult or procedure orders for this service. If\rthe user places an order using a quick order having boilerplate text, that\rtext will supersede any default text stored. \r \rThis field may contain any text including TIU objects. TIU Objects must be\renclosed in vertical bars (e.g. |PATIENT NAME| ).", "type": "typed-literal"}, "number": "124", "flags": "123.5124", "location": "124;0", "type": "5", "name": "default_reason_for_request"}, {"type": "5", "location": "125;0", "flags": "123.5125", "number": "125", "name": "prerequisite"}, {"name": "prosthetics_service", "description": {"datatype": "http://www.w3.org/1999/02/22-rdf-syntax-ns#XMLLiteral", "fmType": "5", "fmId": "-1", "value": "This field is used to flag those services that are part of the interface\rbetween Consult/Request Tracking and the Prosthetics package. \r \rThis field is set by a package option. It is not intended to be modified\rvia VA FileMan.", "type": "typed-literal"}, "number": "131", "flags": "S", "details": "1:YES;0:NO;", "type": "3", "location": "INT;1"}, {"name": "ifc_routing_site", "description": {"datatype": "http://www.w3.org/1999/02/22-rdf-syntax-ns#XMLLiteral", "fmType": "5", "fmId": "-1", "value": "This field contains the VA facility that will perform consults \rrequested for this service. When a consult for this service is \rordered, it will automatically be routed to the VA facility in \rthis field.", "type": "typed-literal"}, "number": "132", "flags": "*P4'", "details": "4", "type": "7", "location": "IFC;1"}, {"description": {"datatype": "http://www.w3.org/1999/02/22-rdf-syntax-ns#XMLLiteral", "fmType": "5", "fmId": "-1", "value": "This field contains the name of the service that will be requested at \rthe VAMC defined in the IFC ROUTING SITE field.\r \rEnter the name of the service exactly as it is named at the remote\rfacility. If this name does not match the name of the service at the\rrouting site, the request will fail to be filed at the remote site. \rThis will delay or prohibit the performance and processing of this\rrequest.", "type": "typed-literal"}, "number": "133", "flags": "F", "location": "IFC;2", "type": "4", "name": "ifc_remote_name"}, {"name": "ifc_sending_facility", "number": "134", "flags": "123.5134P", "details": "123.5134", "type": "9", "location": "IFCS;0"}, {"name": "ifc_coordinator", "description": {"datatype": "http://www.w3.org/1999/02/22-rdf-syntax-ns#XMLLiteral", "fmType": "5", "fmId": "-1", "value": "The person entered in this field will have the ability to act on consults\rthat would not otherwise be accessible to other update users for this \rservice. This user will also be able to rectify certain communication \rfailures with Inter-facility Consults.", "type": "typed-literal"}, "number": "135", "flags": "P200'", "details": "200", "type": "7", "location": "IFC;3"}, {"name": "administrative", "description": {"datatype": "http://www.w3.org/1999/02/22-rdf-syntax-ns#XMLLiteral", "fmType": "5", "fmId": "-1", "value": "Entering 'YES\" here will cause any orders placed to this service to have \ra corresponding entry of 'YES' in the ADMINISTRATIVE field of the REQUEST \rCONSULTATION FILE, #123.  Administrative requests are to be excluded from \rthe CONSULTS PERFORMANCE MONITOR report [GMRC RPT PERF MONITOR].", "type": "typed-literal"}, "number": "150", "flags": "S", "details": "0:NO;1:YES;", "type": "3", "location": "30;1"}, {"name": "associated_stop_code", "number": "688", "flags": "123.5688P", "details": "123.5688", "type": "9", "location": "688;0"}], "fmql": {"TYPELABEL": "REQUEST SERVICES", "TYPE": "123_5", "OP": "DESCRIBE TYPE"}, "number": "123.5", "location": "^GMR(123.5,", "name": "REQUEST SERVICES"}