{"name":"ADDITIONAL MEALS","number":"119.721","parent":"119.72","fields":[{"number":".01","flags":"MP116.2'X","name":"ADD. MEALS PRODUCTION DIET","location":"0;1","index":"B","type":"7","details":"116.2","inputTransform":"I $D(X) S DINUM=X","description":{"fmId":"-1","fmType":"5","type":"typed-literal","datatype":"http://www.w3.org/1999/02/22-rdf-syntax-ns#XMLLiteral","value":"This is the name of the production diet for which additional meals\rare to be added."}},{"number":"10","flags":"NJ4,0","name":"ADD. SUNDAY BREAKFAST","location":"0;2","type":"2","inputTransform":"K:+X'=X!(X>1000)!(X<0)!(X?.E1\".\"1N.N) X","description":{"fmId":"-1","fmType":"5","type":"typed-literal","datatype":"http://www.w3.org/1999/02/22-rdf-syntax-ns#XMLLiteral","value":"This is the number of additional Sunday breakfast meals which are\rto be added to the inpatient forecast."}},{"number":"11","flags":"NJ4,0","name":"ADD. SUNDAY NOON","location":"0;3","type":"2","inputTransform":"K:+X'=X!(X>1000)!(X<0)!(X?.E1\".\"1N.N) X","description":{"fmId":"-1","fmType":"5","type":"typed-literal","datatype":"http://www.w3.org/1999/02/22-rdf-syntax-ns#XMLLiteral","value":"This is the number of additional Sunday noon meals which are\rto be added to the inpatient forecast."}},{"number":"12","flags":"NJ4,0","name":"ADD. SUNDAY EVENING","location":"0;4","type":"2","inputTransform":"K:+X'=X!(X>1000)!(X<0)!(X?.E1\".\"1N.N) X","description":{"fmId":"-1","fmType":"5","type":"typed-literal","datatype":"http://www.w3.org/1999/02/22-rdf-syntax-ns#XMLLiteral","value":"This is the number of additional Sunday evening meals which are\rto be added to the inpatient forecast."}},{"number":"13","flags":"NJ4,0","name":"ADD. MONDAY BREAKFAST","location":"0;5","type":"2","inputTransform":"K:+X'=X!(X>1000)!(X<0)!(X?.E1\".\"1N.N) X","description":{"fmId":"-1","fmType":"5","type":"typed-literal","datatype":"http://www.w3.org/1999/02/22-rdf-syntax-ns#XMLLiteral","value":"This is the number of additional Monday breakfast meals which are\rto be added to the inpatient forecast."}},{"number":"14","flags":"NJ4,0","name":"ADD. MONDAY NOON","location":"0;6","type":"2","inputTransform":"K:+X'=X!(X>1000)!(X<0)!(X?.E1\".\"1N.N) X","description":{"fmId":"-1","fmType":"5","type":"typed-literal","datatype":"http://www.w3.org/1999/02/22-rdf-syntax-ns#XMLLiteral","value":"This is the number of additional Monday noon meals which are\rto be added to the inpatient forecast."}},{"number":"15","flags":"NJ4,0","name":"ADD. MONDAY EVENING","location":"0;7","type":"2","inputTransform":"K:+X'=X!(X>1000)!(X<0)!(X?.E1\".\"1N.N) X","description":{"fmId":"-1","fmType":"5","type":"typed-literal","datatype":"http://www.w3.org/1999/02/22-rdf-syntax-ns#XMLLiteral","value":"This is the number of additional Monday evening meals which are\rto be added to the inpatient forecast."}},{"number":"16","flags":"NJ4,0","name":"ADD. TUESDAY BREAKFAST","location":"0;8","type":"2","inputTransform":"K:+X'=X!(X>1000)!(X<0)!(X?.E1\".\"1N.N) X","description":{"fmId":"-1","fmType":"5","type":"typed-literal","datatype":"http://www.w3.org/1999/02/22-rdf-syntax-ns#XMLLiteral","value":"This is the number of additional Tuesday breakfast meals which are\rto be added to the inpatient forecast."}},{"number":"17","flags":"NJ4,0","name":"ADD. TUESDAY NOON","location":"0;9","type":"2","inputTransform":"K:+X'=X!(X>1000)!(X<0)!(X?.E1\".\"1N.N) X","description":{"fmId":"-1","fmType":"5","type":"typed-literal","datatype":"http://www.w3.org/1999/02/22-rdf-syntax-ns#XMLLiteral","value":"This is the number of additional Tuesday noon meals which are\rto be added to the inpatient forecast."}},{"number":"18","flags":"NJ4,0","name":"ADD. TUESDAY EVENING","location":"0;10","type":"2","inputTransform":"K:+X'=X!(X>1000)!(X<0)!(X?.E1\".\"1N.N) X","description":{"fmId":"-1","fmType":"5","type":"typed-literal","datatype":"http://www.w3.org/1999/02/22-rdf-syntax-ns#XMLLiteral","value":"This is the number of additional Tuesday evening meals which are\rto be added to the inpatient forecast."}},{"number":"19","flags":"NJ4,0","name":"ADD. WEDNESDAY BREAKFAST","location":"0;11","type":"2","inputTransform":"K:+X'=X!(X>1000)!(X<0)!(X?.E1\".\"1N.N) X","description":{"fmId":"-1","fmType":"5","type":"typed-literal","datatype":"http://www.w3.org/1999/02/22-rdf-syntax-ns#XMLLiteral","value":"This is the number of additional Wednesday breakfast meals which are\rto be added to the inpatient forecast."}},{"number":"20","flags":"NJ4,0","name":"ADD. WEDNESDAY NOON","location":"0;12","type":"2","inputTransform":"K:+X'=X!(X>1000)!(X<0)!(X?.E1\".\"1N.N) X","description":{"fmId":"-1","fmType":"5","type":"typed-literal","datatype":"http://www.w3.org/1999/02/22-rdf-syntax-ns#XMLLiteral","value":"This is the number of additional Wednesday noon meals which are\rto be added to the inpatient forecast."}},{"number":"21","flags":"NJ4,0","name":"ADD. WEDNESDAY EVENING","location":"0;13","type":"2","inputTransform":"K:+X'=X!(X>1000)!(X<0)!(X?.E1\".\"1N.N) X","description":{"fmId":"-1","fmType":"5","type":"typed-literal","datatype":"http://www.w3.org/1999/02/22-rdf-syntax-ns#XMLLiteral","value":"This is the number of additional Wednesday evening meals which are\rto be added to the inpatient forecast."}},{"number":"22","flags":"NJ4,0","name":"ADD. THURSDAY BREAKFAST","location":"0;14","type":"2","inputTransform":"K:+X'=X!(X>1000)!(X<0)!(X?.E1\".\"1N.N) X","description":{"fmId":"-1","fmType":"5","type":"typed-literal","datatype":"http://www.w3.org/1999/02/22-rdf-syntax-ns#XMLLiteral","value":"This is the number of additional Thursday breakfast meals which are\rto be added to the inpatient forecast."}},{"number":"23","flags":"NJ4,0","name":"ADD. THURSDAY NOON","location":"0;15","type":"2","inputTransform":"K:+X'=X!(X>1000)!(X<0)!(X?.E1\".\"1N.N) X","description":{"fmId":"-1","fmType":"5","type":"typed-literal","datatype":"http://www.w3.org/1999/02/22-rdf-syntax-ns#XMLLiteral","value":"This is the number of additional Thursday noon meals which are\rto be added to the inpatient forecast."}},{"number":"24","flags":"NJ4,0","name":"ADD. THURSDAY EVENING","location":"0;16","type":"2","inputTransform":"K:+X'=X!(X>1000)!(X<0)!(X?.E1\".\"1N.N) X","description":{"fmId":"-1","fmType":"5","type":"typed-literal","datatype":"http://www.w3.org/1999/02/22-rdf-syntax-ns#XMLLiteral","value":"This is the number of additional Thursday evening meals which are\rto be added to the inpatient forecast."}},{"number":"25","flags":"NJ4,0","name":"ADD. FRIDAY BREAKFAST","location":"0;17","type":"2","inputTransform":"K:+X'=X!(X>1000)!(X<0)!(X?.E1\".\"1N.N) X","description":{"fmId":"-1","fmType":"5","type":"typed-literal","datatype":"http://www.w3.org/1999/02/22-rdf-syntax-ns#XMLLiteral","value":"This is the number of additional Friday breakfast meals which are\rto be added to the inpatient forecast."}},{"number":"26","flags":"NJ4,0","name":"ADD. FRIDAY NOON","location":"0;18","type":"2","inputTransform":"K:+X'=X!(X>1000)!(X<0)!(X?.E1\".\"1N.N) X","description":{"fmId":"-1","fmType":"5","type":"typed-literal","datatype":"http://www.w3.org/1999/02/22-rdf-syntax-ns#XMLLiteral","value":"This is the number of additional Friday noon meals which are\rto be added to the inpatient forecast."}},{"number":"27","flags":"NJ4,0","name":"ADD. FRIDAY EVENING","location":"0;19","type":"2","inputTransform":"K:+X'=X!(X>1000)!(X<0)!(X?.E1\".\"1N.N) X","description":{"fmId":"-1","fmType":"5","type":"typed-literal","datatype":"http://www.w3.org/1999/02/22-rdf-syntax-ns#XMLLiteral","value":"This is the number of additional Friday evening meals which are\rto be added to the inpatient forecast."}},{"number":"28","flags":"NJ4,0","name":"ADD. SATURDAY BREAKFAST","location":"0;20","type":"2","inputTransform":"K:+X'=X!(X>1000)!(X<0)!(X?.E1\".\"1N.N) X","description":{"fmId":"-1","fmType":"5","type":"typed-literal","datatype":"http://www.w3.org/1999/02/22-rdf-syntax-ns#XMLLiteral","value":"This is the number of additional Saturday breakfast meals which are\rto be added to the inpatient forecast."}},{"number":"29","flags":"NJ4,0","name":"ADD. SATURDAY NOON","location":"0;21","type":"2","inputTransform":"K:+X'=X!(X>1000)!(X<0)!(X?.E1\".\"1N.N) X","description":{"fmId":"-1","fmType":"5","type":"typed-literal","datatype":"http://www.w3.org/1999/02/22-rdf-syntax-ns#XMLLiteral","value":"This is the number of additional Saturday noon meals which are\rto be added to the inpatient forecast."}},{"number":"30","flags":"NJ4,0","name":"ADD. SATURDAY EVENING","location":"0;22","type":"2","inputTransform":"K:+X'=X!(X>1000)!(X<0)!(X?.E1\".\"1N.N) X","description":{"fmId":"-1","fmType":"5","type":"typed-literal","datatype":"http://www.w3.org/1999/02/22-rdf-syntax-ns#XMLLiteral","value":"This is the number of additional Saturday evening meals which are\rto be added to the inpatient forecast."}}],"fmql":{"OP":"DESCRIBE TYPE","TYPE":"119_721","TYPELABEL":"ADDITIONAL MEALS"}}