{"count": "0", "description": {"datatype": "http://www.w3.org/1999/02/22-rdf-syntax-ns#XMLLiteral", "fmType": "5", "fmId": "-1", "value": "This file is a list of wards in the hospital and associated room-beds\rand contains various dietetic specific information such\ras the assigned clinician, bulk nourishments for the ward, and\rwhich Service Point, Communication Office, and Supplemental Feeding\rSite is assigned responsibility for the ward.\r\rThis file will also be used to store outpatient locations necessary\rfor the outpatient meals enhancement.", "type": "typed-literal"}, "fields": [{"index": "B", "name": "name", "number": ".01", "flags": "RF", "location": "0;1", "type": "4", "description": {"datatype": "http://www.w3.org/1999/02/22-rdf-syntax-ns#XMLLiteral", "fmType": "5", "fmId": "-1", "value": "This is the name of a ward on which dietetic activity occurs.\rIt is selected from a list of MAS wards.", "type": "typed-literal"}}, {"name": "clinician", "description": {"datatype": "http://www.w3.org/1999/02/22-rdf-syntax-ns#XMLLiteral", "fmType": "5", "fmId": "-1", "value": "This field contains the clinician(s) assigned to the ward and the\rone(s) to whom dietetic consults will be routed and notification\rmade of special diet orders and tubefeedings.", "type": "typed-literal"}, "number": "1", "flags": "RP200'", "details": "200", "type": "7", "location": "0;2"}, {"name": "roombed", "description": {"datatype": "http://www.w3.org/1999/02/22-rdf-syntax-ns#XMLLiteral", "fmType": "5", "fmId": "-1", "value": "This is a pointer to File 405.4 and indicates that that room-bed\ris to be considered part of this Dietetic Ward.", "type": "typed-literal"}, "number": "2", "flags": "119.62P", "details": "119.62", "type": "9", "location": "R;0"}, {"name": "associated_mas_ward", "description": {"datatype": "http://www.w3.org/1999/02/22-rdf-syntax-ns#XMLLiteral", "fmType": "5", "fmId": "-1", "value": "This is a list of MAS wards which are to be used as defaults to this\rDietetic ward for purposes of patient location when the room-bed is\runknown and for purposes of forecasting.", "type": "typed-literal"}, "number": "2.5", "flags": "119.63P", "details": "119.63", "type": "9", "location": "W;0"}, {"name": "associated_hospital_location", "description": {"datatype": "http://www.w3.org/1999/02/22-rdf-syntax-ns#XMLLiteral", "fmType": "5", "fmId": "-1", "value": "This multiple contains the hospital location(s)/clinic(s) associated with\rthis outpatient nutrition location.", "type": "typed-literal"}, "number": "2.6", "flags": "119.64P", "details": "119.64", "type": "9", "location": "L;0"}, {"name": "tray_service_point", "description": {"datatype": "http://www.w3.org/1999/02/22-rdf-syntax-ns#XMLLiteral", "fmType": "5", "fmId": "-1", "value": "This field, if used, indicates that tray service is available to this\rward and is provided by the indicated Service Point. Note: if a Dining\rRoom is also available, then a Tray Service Point must be specified\ras Dining Room trays are prepared there.\r\rFor outpatient nutrition locations this field indicates the tray Service\rPoint available for the location.", "type": "typed-literal"}, "number": "3", "flags": "*P119.72'", "details": "119.72", "type": "7", "location": "0;5"}, {"description": {"datatype": "http://www.w3.org/1999/02/22-rdf-syntax-ns#XMLLiteral", "fmType": "5", "fmId": "-1", "value": "This is the % of patients on the ward typically receiving tray service.", "type": "typed-literal"}, "number": "3.5", "flags": "NJ3,0", "location": "0;17", "type": "2", "name": "tray_forecast_"}, {"name": "cafeteria_service_point", "description": {"datatype": "http://www.w3.org/1999/02/22-rdf-syntax-ns#XMLLiteral", "fmType": "5", "fmId": "-1", "value": "This field, if used, indicates that cafeteria service is available\rto this ward and is provided by the indicated Service Point.\r\rFor outpatient nutrition locations this field indicates the cafeteria\rService Point available for the location.", "type": "typed-literal"}, "number": "4", "flags": "*P119.72'", "details": "119.72", "type": "7", "location": "0;6"}, {"description": {"datatype": "http://www.w3.org/1999/02/22-rdf-syntax-ns#XMLLiteral", "fmType": "5", "fmId": "-1", "value": "This is the % of patients on the ward typically receiving cafeteria\rservice.", "type": "typed-literal"}, "number": "4.5", "flags": "NJ3,0", "location": "0;18", "type": "2", "name": "cafeteria_forecast_"}, {"name": "dining_room_tray_service", "description": {"datatype": "http://www.w3.org/1999/02/22-rdf-syntax-ns#XMLLiteral", "fmType": "5", "fmId": "-1", "value": "A YES means that Dining Room tray service is available to this ward.\r\rFor outpatient nutrition locations a YES in this field indicates that\rDining Room tray service is available for this location.", "type": "typed-literal"}, "number": "5", "flags": "S", "details": "1:YES;0:NO;", "type": "3", "location": "0;7"}, {"description": {"datatype": "http://www.w3.org/1999/02/22-rdf-syntax-ns#XMLLiteral", "fmType": "5", "fmId": "-1", "value": "This is the % of patients on the ward typically receiving dining room\rservice.", "type": "typed-literal"}, "number": "5.5", "flags": "NJ3,0", "location": "0;19", "type": "2", "name": "dining_room_forecast_"}, {"index": "CO", "name": "communication_office", "description": {"datatype": "http://www.w3.org/1999/02/22-rdf-syntax-ns#XMLLiteral", "fmType": "5", "fmId": "-1", "value": "This field indicates which Communication Office is responsible for\rprocessing diet requests from this ward or outpatient location.", "type": "typed-literal"}, "number": "6", "flags": "RP119.73'", "location": "0;8", "type": "7", "details": "119.73"}, {"name": "supp_fdg_site", "description": {"datatype": "http://www.w3.org/1999/02/22-rdf-syntax-ns#XMLLiteral", "fmType": "5", "fmId": "-1", "value": "This field indicates which Supplemental Feeding Site is responsible for\rpreparing Supplemental Feedings and Bulk Nourishments for this ward.", "type": "typed-literal"}, "number": "7", "flags": "P119.74'", "details": "119.74", "type": "7", "location": "0;9"}, {"index": "AP", "name": "print_order", "number": "11", "flags": "RNJ2,0", "location": "0;4", "type": "2", "description": {"datatype": "http://www.w3.org/1999/02/22-rdf-syntax-ns#XMLLiteral", "fmType": "5", "fmId": "-1", "value": "This field represents the print order of this ward. It is used\rto sort the wards for delivery purposes which are then printed\rfrom low print order to high print order.", "type": "typed-literal"}}, {"name": "default_admission_diet", "description": {"datatype": "http://www.w3.org/1999/02/22-rdf-syntax-ns#XMLLiteral", "fmType": "5", "fmId": "-1", "value": "This field is optional. It may contain a diet from the Diets\rfile (111) and, if so, the diet will automatically be ordered\rfor each patient at the time of admission.", "type": "typed-literal"}, "number": "15", "flags": "P111'", "details": "111", "type": "7", "location": "0;15"}, {"name": "no_order_diet_on_admission", "description": {"datatype": "http://www.w3.org/1999/02/22-rdf-syntax-ns#XMLLiteral", "fmType": "5", "fmId": "-1", "value": "This field is used to indicate whether a 'No Order' Diet\rorder should be generated upon admission; this field is\rapplicable only if no default admission diet is specified.", "type": "typed-literal"}, "number": "16", "flags": "S", "details": "Y:YES;N:NO;", "type": "3", "location": "0;16"}, {"name": "bulk_nourishments", "description": {"datatype": "http://www.w3.org/1999/02/22-rdf-syntax-ns#XMLLiteral", "fmType": "5", "fmId": "-1", "value": "This multiple represents bulk nourishments (supplemental feedings)\rdelivered to this ward.", "type": "typed-literal"}, "number": "20", "flags": "119.61P", "details": "119.61", "type": "9", "location": "BN;0"}, {"description": {"datatype": "http://www.w3.org/1999/02/22-rdf-syntax-ns#XMLLiteral", "fmType": "5", "fmId": "-1", "value": "This field indicates the number of days following an NPO order after\rwhich the patient should be reviewed.", "type": "typed-literal"}, "number": "21", "flags": "NJ1,0", "location": "0;11", "type": "2", "name": "_days_to_review_npo"}, {"description": {"datatype": "http://www.w3.org/1999/02/22-rdf-syntax-ns#XMLLiteral", "fmType": "5", "fmId": "-1", "value": "This field indicates the number of days following a Tubefeeding order\rafter which the patient should be reviewed.", "type": "typed-literal"}, "number": "22", "flags": "NJ2,0", "location": "0;12", "type": "2", "name": "_days_to_review_tf"}, {"description": {"datatype": "http://www.w3.org/1999/02/22-rdf-syntax-ns#XMLLiteral", "fmType": "5", "fmId": "-1", "value": "This field indicates the number of days following a Supplemental Feeding\rorder after which the patient should be reviewed.", "type": "typed-literal"}, "number": "23", "flags": "NJ2,0", "location": "0;13", "type": "2", "name": "_days_to_review_sf"}, {"description": {"datatype": "http://www.w3.org/1999/02/22-rdf-syntax-ns#XMLLiteral", "fmType": "5", "fmId": "-1", "value": "This field indicates the number of days following admission after which\ra Nutrition Status evaluation should have been performed.", "type": "typed-literal"}, "number": "24", "flags": "NJ2,0", "location": "0;14", "type": "2", "name": "_days_for_status_after_admit"}, {"description": {"datatype": "http://www.w3.org/1999/02/22-rdf-syntax-ns#XMLLiteral", "fmType": "5", "fmId": "-1", "value": "This is the number of days after which a patient in this Nutrition\rStatus category should be reviewed.", "type": "typed-literal"}, "number": "25", "flags": "NJ3,0", "location": "0;20", "type": "2", "name": "_days_to_review_status_i"}, {"description": {"datatype": "http://www.w3.org/1999/02/22-rdf-syntax-ns#XMLLiteral", "fmType": "5", "fmId": "-1", "value": "This is the number of days after which a patient in this Nutrition\rStatus category should be reviewed.", "type": "typed-literal"}, "number": "26", "flags": "NJ3,0", "location": "0;21", "type": "2", "name": "_days_to_review_status_ii"}, {"description": {"datatype": "http://www.w3.org/1999/02/22-rdf-syntax-ns#XMLLiteral", "fmType": "5", "fmId": "-1", "value": "This is the number of days after which a patient in this Nutrition\rStatus category should be reviewed.", "type": "typed-literal"}, "number": "27", "flags": "NJ3,0", "location": "0;22", "type": "2", "name": "_days_to_review_status_iii"}, {"description": {"datatype": "http://www.w3.org/1999/02/22-rdf-syntax-ns#XMLLiteral", "fmType": "5", "fmId": "-1", "value": "This is the number of days after which a patient in this Nutrition\rStatus category should be reviewed.", "type": "typed-literal"}, "number": "28", "flags": "NJ3,0", "location": "0;23", "type": "2", "name": "_days_to_review_status_iv"}, {"name": "cafeteria_on_tray_ticket", "description": {"datatype": "http://www.w3.org/1999/02/22-rdf-syntax-ns#XMLLiteral", "fmType": "5", "fmId": "-1", "value": "This field is optional and it is used to indicate whether patients\rthat go to the cafeteria should be included on the tray ticket.", "type": "typed-literal"}, "number": "29", "flags": "S", "details": "Y:YES;N:NO;", "type": "3", "location": "0;24"}, {"name": "inactive", "description": {"datatype": "http://www.w3.org/1999/02/22-rdf-syntax-ns#XMLLiteral", "fmType": "5", "fmId": "-1", "value": "This field, if answered YES, will prohibit\rfurther selection of this entry.", "type": "typed-literal"}, "number": "99", "flags": "S", "details": "Y:YES;N:NO;", "type": "3", "location": "I;1"}, {"description": {"datatype": "http://www.w3.org/1999/02/22-rdf-syntax-ns#XMLLiteral", "fmType": "5", "fmId": "-1", "value": "This field contains one or more of the characters T, C or D indicating\rtray service, cafeteria service, and/or dining room service is available.", "type": "typed-literal"}, "number": "101", "flags": "F", "location": "0;10", "type": "4", "name": "services"}, {"index": "C", "name": "outpatient_location", "description": {"datatype": "http://www.w3.org/1999/02/22-rdf-syntax-ns#XMLLiteral", "fmType": "5", "fmId": "-1", "value": "This field is a variable pointer to either the Ward Location (#42) file\ror the Hospital Location (#44) file.  This will be used for outpatient\rlocations.", "type": "typed-literal"}, "number": "102", "flags": "V", "location": "1;1", "type": "8", "details": "44;42"}, {"description": {"datatype": "http://www.w3.org/1999/02/22-rdf-syntax-ns#XMLLiteral", "fmType": "5", "fmId": "-1", "value": "This field is optional.  If used it will be set to the maximum number of\rdays ahead a recurring meal plan can be ordered, ie, if this field is set to\r365 then when ordering a recurring meal it cannot be ordered past one year\rfrom the ordering date.  If the field is left NULL then a default of 999\rdays is assumed.  This field will be checked upon entering the FROM/TO dates\rin the Order/Edit Outpatient Meals option.", "type": "typed-literal"}, "number": "103", "flags": "NJ3,0", "location": "1;2", "type": "2", "name": "max__of_days"}, {"description": {"datatype": "http://www.w3.org/1999/02/22-rdf-syntax-ns#XMLLiteral", "fmType": "5", "fmId": "-1", "value": "This field will be used for the Outpatient Meals Print Meal Plan Expiration\rList option.  It may be set to a number of days which will be used for\rreview by the above option, ie, if this field is set to 7 then when the\rPrint Meal Plan Expiration List option is run it will check for recurring\rmeal plans that will be expiring within the next 7 days.", "type": "typed-literal"}, "number": "104", "flags": "RNJ2,0", "location": "1;3", "type": "2", "name": "number_of_days_for_review"}, {"name": "nonva_facility", "description": {"datatype": "http://www.w3.org/1999/02/22-rdf-syntax-ns#XMLLiteral", "fmType": "5", "fmId": "-1", "value": "This will be an optional YES/NO field that may be set when setting up\rnew outpatient locations.  If the field is set to YES the Order/Edit\rRecurring Meal option will use this flag to allow selection of up to 5\rdiets from any diet in the Diets (#111) file.  If the field is blank or\rset to NO then the Order/Edit option will only allow selection of 1 diet\rfrom the 5 allowable diets set up in the site parameters.", "type": "typed-literal"}, "number": "105", "flags": "S", "details": "Y:Yes;N:No;", "type": "3", "location": "1;4"}, {"name": "inpatient_outpatient", "description": {"datatype": "http://www.w3.org/1999/02/22-rdf-syntax-ns#XMLLiteral", "fmType": "5", "fmId": "-1", "value": "This field will serve as a flag to determine whether the location is an\rinpatient or an outpatient location.  This will be required with the\rOutpatient Meals functionality, since it will be necessary to store \rinpatient and outpatient locations in this file.\r\rFor all outpatient locations this field should be set to OUTPATIENT.", "type": "typed-literal"}, "number": "106", "flags": "RS", "details": "I:Inpatient;O:Outpatient;", "type": "3", "location": "0;3"}, {"name": "alert_bmi", "description": {"datatype": "http://www.w3.org/1999/02/22-rdf-syntax-ns#XMLLiteral", "fmType": "5", "fmId": "-1", "value": "This field, if set to YES, indicates that a clinicians will be alerted if \rthe Body Mass Index (BMI) is below its level.", "type": "typed-literal"}, "number": "107", "flags": "S", "details": "Y:YES;N:NO;", "type": "3", "location": "1;5"}, {"name": "alert_tubefeeding", "description": {"datatype": "http://www.w3.org/1999/02/22-rdf-syntax-ns#XMLLiteral", "fmType": "5", "fmId": "-1", "value": "This field, if set to YES, indicates that a clinician will be alerted if \rtubefeeding needs to be reviewed.", "type": "typed-literal"}, "number": "108", "flags": "S", "details": "Y:YES;N:NO;", "type": "3", "location": "1;6"}, {"name": "alert_hyperals", "description": {"datatype": "http://www.w3.org/1999/02/22-rdf-syntax-ns#XMLLiteral", "fmType": "5", "fmId": "-1", "value": "This field, if set to YES, indicates that a clinician will be alerted if \rcertain patient is in hyperals.", "type": "typed-literal"}, "number": "109", "flags": "S", "details": "Y:YES;N:NO;", "type": "3", "location": "1;7"}, {"name": "alert_albumin", "description": {"datatype": "http://www.w3.org/1999/02/22-rdf-syntax-ns#XMLLiteral", "fmType": "5", "fmId": "-1", "value": "This field, if set to YES, indicates that a clinician will be alerted if \rthe albumin value is below the designated level.", "type": "typed-literal"}, "number": "110", "flags": "S", "details": "Y:YES;N:NO;", "type": "3", "location": "1;8"}, {"name": "alert_npoclrliq", "description": {"datatype": "http://www.w3.org/1999/02/22-rdf-syntax-ns#XMLLiteral", "fmType": "5", "fmId": "-1", "value": "This field, if set to YES, indicates that a clinician will be \ralerted if certain patient with Nothing by Mouth (NPO) + Clear Liquid\r(CLRLIQ) diet needs to be reviewed.", "type": "typed-literal"}, "number": "111", "flags": "S", "details": "Y:YES;N:NO;", "type": "3", "location": "1;9"}, {"name": "clinicians", "number": "112", "flags": "119.66P", "details": "119.66", "type": "9", "location": "2;0"}], "fmql": {"TYPELABEL": "NUTRITION LOCATION", "TYPE": "119_6", "OP": "DESCRIBE TYPE"}, "number": "119.6", "location": "^FH(119.6,", "name": "NUTRITION LOCATION"}