{"name":"MEALS SERVED","number":"117","location":"^FH(117,","description":{"fmId":"-1","fmType":"5","type":"typed-literal","datatype":"http://www.w3.org/1999/02/22-rdf-syntax-ns#XMLLiteral","value":"This file contains the statistical data necessary to prepare the\rServed Meals Report and the Staffing Data Report. Data\ris saved for each date."},"version":"5.5","vpackage":"DIETETICS","fields":[{"number":".01","flags":"RDX","name":"CENSUS DATE","location":"0;1","index":"B","type":"1","inputTransform":"S %DT=\"EX\" D ^%DT S X=Y K:Y<1 X","description":{"fmId":"-1","fmType":"5","type":"typed-literal","datatype":"http://www.w3.org/1999/02/22-rdf-syntax-ns#XMLLiteral","value":"This is the date for which various dietetic census and performance\rstandards data are entered."}},{"number":"1","flags":"NJ4,0","name":"DOM MEMBERS","location":"0;2","type":"2","inputTransform":"K:+X'=X!(X>9999)!(X<0)!(X?.E1\".\"1N.N) X","description":{"fmId":"-1","fmType":"5","type":"typed-literal","datatype":"http://www.w3.org/1999/02/22-rdf-syntax-ns#XMLLiteral","value":"This field contains the number of Domiciliary members shown by MAS\ras being admitted patients on the census date."}},{"number":"2","flags":"NJ4,0","name":"DOM ABSENCES","location":"0;3","type":"2","inputTransform":"K:+X'=X!(X>9999)!(X<0)!(X?.E1\".\"1N.N) X","description":{"fmId":"-1","fmType":"5","type":"typed-literal","datatype":"http://www.w3.org/1999/02/22-rdf-syntax-ns#XMLLiteral","value":"This field contains the number of Domiciliary members on\rauthorized or unauthorized absence on the census date."}},{"number":"4","flags":"NJ4,0","name":"NHCU PATIENTS","location":"0;4","type":"2","inputTransform":"K:+X'=X!(X>9999)!(X<0)!(X?.E1\".\"1N.N) X","description":{"fmId":"-1","fmType":"5","type":"typed-literal","datatype":"http://www.w3.org/1999/02/22-rdf-syntax-ns#XMLLiteral","value":"This field contains the number of Nursing Home Care Unit patients\rbeing shown by MAS as admitted patients on the census date."}},{"number":"5","flags":"NJ4,0","name":"NHCU ABSENCES","location":"0;5","type":"2","inputTransform":"K:+X'=X!(X>9999)!(X<0)!(X?.E1\".\"1N.N) X","description":{"fmId":"-1","fmType":"5","type":"typed-literal","datatype":"http://www.w3.org/1999/02/22-rdf-syntax-ns#XMLLiteral","value":"This field contains the number of Nursing Home Care Unit patients\ron authorized or unauthorized absence on the census date."}},{"number":"6","flags":"117.06P","name":"COMM OFFICE","location":"2;0","type":"9","details":"117.06"},{"number":"7","flags":"NJ4,0","name":"HOSP INPATIENTS","location":"0;6","type":"2","inputTransform":"K:+X'=X!(X>9999)!(X<0)!(X?.E1\".\"1N.N) X","description":{"fmId":"-1","fmType":"5","type":"typed-literal","datatype":"http://www.w3.org/1999/02/22-rdf-syntax-ns#XMLLiteral","value":"This field contains the number of Hospital inpatients being shown\rby MAS as admitted patients on the census date."}},{"number":"8","flags":"NJ4,0","name":"HOSP ABSENCES","location":"0;7","type":"2","inputTransform":"K:+X'=X!(X>9999)!(X<0)!(X?.E1\".\"1N.N) X","description":{"fmId":"-1","fmType":"5","type":"typed-literal","datatype":"http://www.w3.org/1999/02/22-rdf-syntax-ns#XMLLiteral","value":"This field contains the number of Hospital inpatients on\rauthorized or unauthorized absence on the census date."}},{"number":"30","flags":"NJ4,0","name":"OUTPATIENT BREAKFAST","location":"1;1","type":"2","inputTransform":"K:+X'=X!(X>9999)!(X<0)!(X?.E1\".\"1N.N) X","description":{"fmId":"-1","fmType":"5","type":"typed-literal","datatype":"http://www.w3.org/1999/02/22-rdf-syntax-ns#XMLLiteral","value":"This field contains the number of breakfast meals served to\routpatients on the census date."}},{"number":"31","flags":"NJ4,0","name":"OUTPATIENT NOON","location":"1;2","type":"2","inputTransform":"K:+X'=X!(X>9999)!(X<0)!(X?.E1\".\"1N.N) X","description":{"fmId":"-1","fmType":"5","type":"typed-literal","datatype":"http://www.w3.org/1999/02/22-rdf-syntax-ns#XMLLiteral","value":"This field contains the number of noon meals served to\routpatients on the census date."}},{"number":"32","flags":"NJ4,0","name":"OUTPATIENT EVENING","location":"1;3","type":"2","inputTransform":"K:+X'=X!(X>9999)!(X<0)!(X?.E1\".\"1N.N) X","description":{"fmId":"-1","fmType":"5","type":"typed-literal","datatype":"http://www.w3.org/1999/02/22-rdf-syntax-ns#XMLLiteral","value":"This field contains the number of evening meals served to\routpatients on the census date."}},{"number":"33","flags":"NJ4,0","name":"EMPLOYEE BREAKFAST","location":"1;4","type":"2","inputTransform":"K:+X'=X!(X>9999)!(X<0)!(X?.E1\".\"1N.N) X","description":{"fmId":"-1","fmType":"5","type":"typed-literal","datatype":"http://www.w3.org/1999/02/22-rdf-syntax-ns#XMLLiteral","value":"This field contains the number of breakfast meals served\runder contract on the census date."}},{"number":"34","flags":"NJ4,0","name":"EMPLOYEE NOON","location":"1;5","type":"2","inputTransform":"K:+X'=X!(X>9999)!(X<0)!(X?.E1\".\"1N.N) X","description":{"fmId":"-1","fmType":"5","type":"typed-literal","datatype":"http://www.w3.org/1999/02/22-rdf-syntax-ns#XMLLiteral","value":"This field contains the number of noon meals served\runder contract on the census date."}},{"number":"35","flags":"NJ4,0","name":"EMPLOYEE EVENING","location":"1;6","type":"2","inputTransform":"K:+X'=X!(X>9999)!(X<0)!(X?.E1\".\"1N.N) X","description":{"fmId":"-1","fmType":"5","type":"typed-literal","datatype":"http://www.w3.org/1999/02/22-rdf-syntax-ns#XMLLiteral","value":"This field contains the number of evening meals served\runder contract on the census date."}},{"number":"36","flags":"NJ4,0","name":"PAID BREAKFAST","location":"1;7","type":"2","inputTransform":"K:+X'=X!(X>9999)!(X<0)!(X?.E1\".\"1N.N) X","description":{"fmId":"-1","fmType":"5","type":"typed-literal","datatype":"http://www.w3.org/1999/02/22-rdf-syntax-ns#XMLLiteral","value":"This field contains the number of breakfast meals served\rto other paid individuals on the census date."}},{"number":"37","flags":"NJ4,0","name":"PAID NOON","location":"1;8","type":"2","inputTransform":"K:+X'=X!(X>9999)!(X<0)!(X?.E1\".\"1N.N) X","description":{"fmId":"-1","fmType":"5","type":"typed-literal","datatype":"http://www.w3.org/1999/02/22-rdf-syntax-ns#XMLLiteral","value":"This field contains the number of noon meals served\rto other paid individuals on the census date."}},{"number":"38","flags":"NJ4,0","name":"PAID EVENING","location":"1;9","type":"2","inputTransform":"K:+X'=X!(X>9999)!(X<0)!(X?.E1\".\"1N.N) X","description":{"fmId":"-1","fmType":"5","type":"typed-literal","datatype":"http://www.w3.org/1999/02/22-rdf-syntax-ns#XMLLiteral","value":"This field contains the number of evening meals served\rto other paid individuals on the census date."}},{"number":"39","flags":"NJ4,0","name":"OOD BREAKFAST","location":"1;10","type":"2","inputTransform":"K:+X'=X!(X>9999)!(X<0)!(X?.E1\".\"1N.N) X","description":{"fmId":"-1","fmType":"5","type":"typed-literal","datatype":"http://www.w3.org/1999/02/22-rdf-syntax-ns#XMLLiteral","value":"This field contains the number of breakfast meals served\rto OOD personnel on the census date."}},{"number":"40","flags":"NJ4,0","name":"OOD NOON","location":"1;11","type":"2","inputTransform":"K:+X'=X!(X>9999)!(X<0)!(X?.E1\".\"1N.N) X","description":{"fmId":"-1","fmType":"5","type":"typed-literal","datatype":"http://www.w3.org/1999/02/22-rdf-syntax-ns#XMLLiteral","value":"This field contains the number of noon meals served\rto OOD personnel on the census date."}},{"number":"41","flags":"NJ4,0","name":"OOD EVENING","location":"1;12","type":"2","inputTransform":"K:+X'=X!(X>9999)!(X<0)!(X?.E1\".\"1N.N) X","description":{"fmId":"-1","fmType":"5","type":"typed-literal","datatype":"http://www.w3.org/1999/02/22-rdf-syntax-ns#XMLLiteral","value":"This field contains the number of evening meals served\rto OOD personnel on the census date."}},{"number":"42","flags":"NJ4,0","name":"VOLUNTEER BREAKFAST","location":"1;13","type":"2","inputTransform":"K:+X'=X!(X>9999)!(X<0)!(X?.E1\".\"1N.N) X","description":{"fmId":"-1","fmType":"5","type":"typed-literal","datatype":"http://www.w3.org/1999/02/22-rdf-syntax-ns#XMLLiteral","value":"This field contains the number of breakfast meals served to\rvolunteers on the census date."}},{"number":"43","flags":"NJ4,0","name":"VOLUNTEER NOON","location":"1;14","type":"2","inputTransform":"K:+X'=X!(X>9999)!(X<0)!(X?.E1\".\"1N.N) X","description":{"fmId":"-1","fmType":"5","type":"typed-literal","datatype":"http://www.w3.org/1999/02/22-rdf-syntax-ns#XMLLiteral","value":"This field contains the number of noon meals served to\rvolunteers on the census date."}},{"number":"44","flags":"NJ4,0","name":"VOLUNTEER EVENING","location":"1;15","type":"2","inputTransform":"K:+X'=X!(X>9999)!(X<0)!(X?.E1\".\"1N.N) X","description":{"fmId":"-1","fmType":"5","type":"typed-literal","datatype":"http://www.w3.org/1999/02/22-rdf-syntax-ns#XMLLiteral","value":"This field contains the number of evening meals served to\rvolunteers on the census date."}},{"number":"45","flags":"NJ4,0","name":"GRATUITOUS BREAKFAST","location":"1;16","type":"2","inputTransform":"K:+X'=X!(X>9999)!(X<0)!(X?.E1\".\"1N.N) X","description":{"fmId":"-1","fmType":"5","type":"typed-literal","datatype":"http://www.w3.org/1999/02/22-rdf-syntax-ns#XMLLiteral","value":"This field contains the number of breakfast meals served\rgratuitously to others on the census date."}},{"number":"46","flags":"NJ4,0","name":"GRATUITOUS NOON","location":"1;17","type":"2","inputTransform":"K:+X'=X!(X>9999)!(X<0)!(X?.E1\".\"1N.N) X","description":{"fmId":"-1","fmType":"5","type":"typed-literal","datatype":"http://www.w3.org/1999/02/22-rdf-syntax-ns#XMLLiteral","value":"This field contains the number of noon meals served\rgratuitously to others on the census date."}},{"number":"47","flags":"NJ4,0","name":"GRATUITOUS EVENING","location":"1;18","type":"2","inputTransform":"K:+X'=X!(X>9999)!(X<0)!(X?.E1\".\"1N.N) X","description":{"fmId":"-1","fmType":"5","type":"typed-literal","datatype":"http://www.w3.org/1999/02/22-rdf-syntax-ns#XMLLiteral","value":"This field contains the number of evening meals served\rgratuitously to others on the census date."}},{"number":"50","flags":"NJ4,0","name":"CAFETERIA MEALS","location":"1;19","type":"2","inputTransform":"K:+X'=X!(X>9999)!(X<0)!(X?.E1\".\"1N.N) X","description":{"fmId":"-1","fmType":"5","type":"typed-literal","datatype":"http://www.w3.org/1999/02/22-rdf-syntax-ns#XMLLiteral","value":"This field contains the number of cafeteria meals served\ron the census date."}},{"number":"51","flags":"NJ4,0","name":"NPO MEALS","location":"1;20","type":"2","inputTransform":"K:+X'=X!(X>9999)!(X<0)!(X?.E1\".\"1N.N) X","description":{"fmId":"-1","fmType":"5","type":"typed-literal","datatype":"http://www.w3.org/1999/02/22-rdf-syntax-ns#XMLLiteral","value":"This field contains the number of NPO meals for the\rcensus date."}},{"number":"52","flags":"NJ4,0","name":"# PATIENTS STATUS I","location":"1;21","type":"2","inputTransform":"K:+X'=X!(X>9999)!(X<0)!(X?.E1\".\"1N.N) X","description":{"fmId":"-1","fmType":"5","type":"typed-literal","datatype":"http://www.w3.org/1999/02/22-rdf-syntax-ns#XMLLiteral","value":"This field represents the number of patients for which the Nutrition\rStatus was I on the given date."}},{"number":"53","flags":"NJ4,0","name":"# PATIENTS STATUS II","location":"1;22","type":"2","inputTransform":"K:+X'=X!(X>9999)!(X<0)!(X?.E1\".\"1N.N) X","description":{"fmId":"-1","fmType":"5","type":"typed-literal","datatype":"http://www.w3.org/1999/02/22-rdf-syntax-ns#XMLLiteral","value":"This field represents the number of patients for which the Nutrition\rStatus was II on the given date."}},{"number":"54","flags":"NJ4,0","name":"# PATIENTS STATUS III","location":"1;23","type":"2","inputTransform":"K:+X'=X!(X>9999)!(X<0)!(X?.E1\".\"1N.N) X","description":{"fmId":"-1","fmType":"5","type":"typed-literal","datatype":"http://www.w3.org/1999/02/22-rdf-syntax-ns#XMLLiteral","value":"This field represents the number of patients for which the Nutrition\rStatus was III on the given date."}},{"number":"55","flags":"NJ4,0","name":"# PATIENTS STATUS IV","location":"1;24","type":"2","inputTransform":"K:+X'=X!(X>9999)!(X<0)!(X?.E1\".\"1N.N) X","description":{"fmId":"-1","fmType":"5","type":"typed-literal","datatype":"http://www.w3.org/1999/02/22-rdf-syntax-ns#XMLLiteral","value":"This field represents the number of patients for which the Nutrition\rStatus was IV on the given date."}},{"number":"56","flags":"NJ4,0","name":"# PATIENTS STATUS UNC","location":"1;25","type":"2","inputTransform":"K:+X'=X!(X>9999)!(X<0)!(X?.E1\".\"1N.N) X","description":{"fmId":"-1","fmType":"5","type":"typed-literal","datatype":"http://www.w3.org/1999/02/22-rdf-syntax-ns#XMLLiteral","value":"This field represents the number of patients for which the Nutrition\rStatus was not available, or invalid, on the given date."}},{"number":"57","flags":"NJ9,0","name":"# DAILY MODIFIED DIETS","location":"1;26","type":"2","inputTransform":"K:+X'=X!(X>999999999)!(X<0)!(X?.E1\".\"1N.N) X","description":{"fmId":"-1","fmType":"5","type":"typed-literal","datatype":"http://www.w3.org/1999/02/22-rdf-syntax-ns#XMLLiteral","value":"This is the number of modified (non-regular) diets served. It\ralso includes NPOs and Passes."}},{"number":"58","flags":"NJ10,0","name":"# OF TOTAL DIETS","location":"1;27","type":"2","inputTransform":"K:+X'=X!(X>9999999999)!(X<0)!(X?.E1\".\"1N.N) X","description":{"fmId":"-1","fmType":"5","type":"typed-literal","datatype":"http://www.w3.org/1999/02/22-rdf-syntax-ns#XMLLiteral","value":"This field contains the number of total Diets."}}],"fmql":{"OP":"DESCRIBE TYPE","TYPE":"117","TYPELABEL":"MEALS SERVED"}}