{"count": "0", "description": {"datatype": "http://www.w3.org/1999/02/22-rdf-syntax-ns#XMLLiteral", "fmType": "5", "fmId": "-1", "value": "This file identifies the action types which may be used by a service to \rtrack activity related to a consult or request.\r  \rCertain action types may have a \"GMRCACT \" protocol entry in the Protocol\rFile (101) which corresponds to the action type.  Two actions should not \rpoint to the same protocol.", "type": "typed-literal"}, "fields": [{"description": {"datatype": "http://www.w3.org/1999/02/22-rdf-syntax-ns#XMLLiteral", "fmType": "5", "fmId": "-1", "value": "The internal entry number of the Request Action Type.", "type": "typed-literal"}, "number": ".001", "flags": "NJ6,0", "location": " ", "type": "2", "name": "number"}, {"index": "B", "name": "action_type", "number": ".01", "flags": "RFX", "location": "0;1", "type": "4", "description": {"datatype": "http://www.w3.org/1999/02/22-rdf-syntax-ns#XMLLiteral", "fmType": "5", "fmId": "-1", "value": "This file contains the tracking actions which may be taken to track\ra Consult or Request order from its entry in CPRS through its\rresolution.\r \rThis file also contains relationships of CPRS statuses which are the\rresult of the action taken.", "type": "typed-literal"}}, {"index": "AC", "name": "related_oe_rr_status", "description": {"datatype": "http://www.w3.org/1999/02/22-rdf-syntax-ns#XMLLiteral", "fmType": "5", "fmId": "-1", "value": "This is the CPRS status which will be used to update the order in OE/RR\rwhen this action is taken.", "type": "typed-literal"}, "number": "1", "flags": "*P100.01'", "location": "0;2", "type": "7", "details": "100.01"}, {"description": {"datatype": "http://www.w3.org/1999/02/22-rdf-syntax-ns#XMLLiteral", "fmType": "5", "fmId": "-1", "value": "This field displays a 'DISABLED' message when this CPRS status has been\rdisabled.", "type": "typed-literal"}, "number": "3", "flags": "F", "location": "0;4", "type": "4", "name": "disabled_message"}, {"description": {"datatype": "http://www.w3.org/1999/02/22-rdf-syntax-ns#XMLLiteral", "fmType": "5", "fmId": "-1", "value": "This field indicates what HL7 control code is passed to CPRS from\rConsults.\r    Example: \r             \"SN\"=Service entered, backdoor consult, automatically\rreleased from CPRS, though signatures may still be required depending on\rnature of order\r             \"OD\"=Discontinued\r             \"OC\"=Denied by service (Cancelled)\r             \"SC\"=Service status update (generic status change) for active\rand partial results\r             \"XX\"=Forwarded\r             \"RE\"=Completed", "type": "typed-literal"}, "number": "4", "flags": "F", "location": "0;5", "type": "4", "name": "hl7_control_code_from_consults"}, {"index": "D", "name": "hl7_control_code_from_cprs", "number": "5", "flags": "F", "location": "0;6", "type": "4", "description": {"datatype": "http://www.w3.org/1999/02/22-rdf-syntax-ns#XMLLiteral", "fmType": "5", "fmId": "-1", "value": "This field indicates what HL7 control code is passed from CPRS to\rConsults.\r    Example: \"NW\"=New consult entered and released through CPRS\r             \"CA\"=Cancelled via the orders tab\r             \"DC\"=Discontinued", "type": "typed-literal"}}, {"description": {"datatype": "http://www.w3.org/1999/02/22-rdf-syntax-ns#XMLLiteral", "fmType": "5", "fmId": "-1", "value": "This field is for documenting purposes and contains the related Table 38\rorder status from HL7 for each activity.", "type": "typed-literal"}, "number": "6", "flags": "F", "location": "0;7", "type": "4", "name": "hl7_table_38_order_status"}, {"description": {"datatype": "http://www.w3.org/1999/02/22-rdf-syntax-ns#XMLLiteral", "fmType": "5", "fmId": "-1", "value": "This field is used on the 513 Form as a header for comments.", "type": "typed-literal"}, "number": "7", "flags": "F", "location": "0;8", "type": "4", "name": "action_print_name"}], "fmql": {"TYPELABEL": "REQUEST ACTION TYPES", "TYPE": "123_1", "OP": "DESCRIBE TYPE"}, "number": "123.1", "location": "^GMR(123.1,", "name": "REQUEST ACTION TYPES"}