{"fields": [{"index": "B", "name": "combination_item", "description": {"datatype": "http://www.w3.org/1999/02/22-rdf-syntax-ns#XMLLiteral", "fmType": "5", "fmId": "-1", "value": "This variable-pointer multiple stores the combination source entries.", "type": "typed-literal"}, "number": ".01", "flags": "MV", "location": "0;1", "type": "8", "details": "42;200;45.7;100.21;44"}], "fmql": {"TYPELABEL": "COMBINATION ITEM", "TYPE": "100_241", "OP": "DESCRIBE TYPE"}, "name": "COMBINATION ITEM", "parent": "100.24", "number": "100.241"}