{"name":"SCD (SPINAL CORD) REGISTRY","number":"154","location":"^SPNL(154,","description":{"fmId":"-1","fmType":"5","type":"typed-literal","datatype":"http://www.w3.org/1999/02/22-rdf-syntax-ns#XMLLiteral","value":"This is the local registry file for SCD.  It contains the main data\rfor a SCD patient.  Once a patient is entered in this file, the\rpatient can not be removed.  This file points to the patient file \rbecause a patient must exist in the patient file in order for an entry \rto be made in this file.  The IEN for a patient in this file will be \rthe same as the IEN in the patient file because the pointer number \ris used as the IEN in the this file."},"version":"2.0","vpackage":"SPN","fields":[{"number":".01","flags":"R*P2'X","name":"PATIENT","location":"0;1","index":"B","type":"7","details":"2","inputTransform":"S DIC(\"S\")=\"I 1\" D ^DIC K DIC S DIC=DIE,X=+Y S DINUM=+Y K:Y<0 X","description":{"fmId":"-1","fmType":"5","type":"typed-literal","datatype":"http://www.w3.org/1999/02/22-rdf-syntax-ns#XMLLiteral","value":"This field points to the Patient file. A patient must exist in the\rpatient file before an entry can be made in this file."}},{"number":".02","flags":"D","name":"REGISTRATION DATE","location":"0;2","index":"C","type":"1","inputTransform":"S %DT=\"E\" D ^%DT S X=Y K:Y<1 X","description":{"fmId":"-1","fmType":"5","type":"typed-literal","datatype":"http://www.w3.org/1999/02/22-rdf-syntax-ns#XMLLiteral","value":"This date is automatically entered when a patient is added to this file.\rThis field may not be changed."}},{"number":".03","flags":"RS","name":"REGISTRATION STATUS","location":"0;3","index":"AD","type":"3","details":"0:NOT SCD;1:SCD - CURRENTLY SERVED;2:SCD - NOT CURRENTLY SERVED;X:EXPIRED;","description":{"fmId":"-1","fmType":"5","type":"typed-literal","datatype":"http://www.w3.org/1999/02/22-rdf-syntax-ns#XMLLiteral","value":"SCD - CURRENTLY SERVED designates a patient to be a true SCD patient who\ris seen at the facility on a continuing basis.  SCD - NOT CURRENTLY SERVED\rdesignates a patient to be a true SCD patient who is not being seen at the\rfacility on a continuing basis.  NOT SCD designates a patient who is not a\rtrue SCD patient."}},{"number":".05","flags":"D","name":"DATE OF LAST REVIEW","location":"0;5","type":"1","inputTransform":"S %DT=\"ET\" D ^%DT S X=Y K:Y<1 X","description":{"fmId":"-1","fmType":"5","type":"typed-literal","datatype":"http://www.w3.org/1999/02/22-rdf-syntax-ns#XMLLiteral","value":"This is the date this file was last edited."}},{"number":".06","flags":"P200'","name":"LAST UPDATED BY","location":"0;6","type":"7","details":"200","description":{"fmId":"-1","fmType":"5","type":"typed-literal","datatype":"http://www.w3.org/1999/02/22-rdf-syntax-ns#XMLLiteral","value":"This field contains the name of the last user to edit this record.  This\rfield is automatically updated whenever an edit is performed."}},{"number":"1.1","flags":"S","name":"SCI NETWORK","location":"1;1","type":"3","details":"1:YES;0:NO;","description":{"fmId":"-1","fmType":"5","type":"typed-literal","datatype":"http://www.w3.org/1999/02/22-rdf-syntax-ns#XMLLiteral","value":"When SCI NETWORK is Yes, the patient is (or was, if expired) being\rclinically treated and followed for an SCD condition within the SCI Hub\rand Spoke system and is either being offered or referred for annual rehab\revaluations."}},{"number":"2.1","flags":"P154.01'X","name":"SCI LEVEL","location":"2;1","type":"7","details":"154.01","description":{"fmId":"-1","fmType":"5","type":"typed-literal","datatype":"http://www.w3.org/1999/02/22-rdf-syntax-ns#XMLLiteral","value":"This is a pointer to the SCD NLOI Category file."}},{"number":"2.2","flags":"S","name":"MS SUBTYPE","location":"2;2","type":"3","details":"UN:UNKNOWN;RR:RELAPSING-REMITTING;PP:PRIMARY PROGRESSIVE;SP:SECONDARY PROGRESSIVE;PR:PROGRESSIVE RELAPSING;","description":{"fmId":"-1","fmType":"5","type":"typed-literal","datatype":"http://www.w3.org/1999/02/22-rdf-syntax-ns#XMLLiteral","value":"MS Subtype field."}},{"number":"2.4","flags":"F","name":"DESCRIBE CAUSE OTHER","location":"2;4","type":"4","inputTransform":"K:$L(X)>30!($L(X)<3) X","description":{"fmId":"-1","fmType":"5","type":"typed-literal","datatype":"http://www.w3.org/1999/02/22-rdf-syntax-ns#XMLLiteral","value":"If the cause of injury is listed as 'other', you may enter a description\rof the cause here."}},{"number":"2.5","flags":"F","name":"DESCRIBE OTHER BODY PART","location":"2;5","type":"4","inputTransform":"K:$L(X)>30!($L(X)<3) X","description":{"fmId":"-1","fmType":"5","type":"typed-literal","datatype":"http://www.w3.org/1999/02/22-rdf-syntax-ns#XMLLiteral","value":"If other body part affected is answered 'yes', you may enter a description\rof the part of the body affected here."}},{"number":"2.6","flags":"S","name":"VA SCI STATUS","location":"2;6","type":"3","details":"1:PARAPLEGIA-TRAUMATIC;2:QUADRIPLEGIA-TRAUMATIC;3:PARAPLEGIA-NONTRAUMATIC;4:QUADRIPLEGIA-NONTRAUMATIC;X:NOT APPLICABLE;","description":{"fmId":"-1","fmType":"5","type":"typed-literal","datatype":"http://www.w3.org/1999/02/22-rdf-syntax-ns#XMLLiteral","value":"This field is used to describe the patient's level and type of injury."}},{"number":"3.1","flags":"S","name":"RECEIVED MOST MEDICAL CARE","location":"3;1","type":"3","details":"1:VA ONLY;2:MOSTLY VA/SOME NON-VA;3:HALF VA/HALF NON-VA;4:SOME VA/MOSTLY NON-VA;5:NON-VA ONLY;6:DID NOT SEE DOCTOR/NURSE LAST 5 YRS;","description":{"fmId":"-1","fmType":"5","type":"typed-literal","datatype":"http://www.w3.org/1999/02/22-rdf-syntax-ns#XMLLiteral","value":"Where does the patient receive most of his medical care?\rIs most of the care at a VA or Non-VA facility?"}},{"number":"3.2","flags":"P4'","name":"PRIMARY CARE VAMC","location":"3;2","type":"7","details":"4","description":{"fmId":"-1","fmType":"5","type":"typed-literal","datatype":"http://www.w3.org/1999/02/22-rdf-syntax-ns#XMLLiteral","value":"Where does the patient receive most of his medical care?"}},{"number":"3.3","flags":"P4'","name":"ANNUAL REHAB VAMC","location":"3;3","type":"7","details":"4","description":{"fmId":"-1","fmType":"5","type":"typed-literal","datatype":"http://www.w3.org/1999/02/22-rdf-syntax-ns#XMLLiteral","value":"At what facility did the patient receive his annual rehab eval?"}},{"number":"3.4","flags":"P4'","name":"ADDITIONAL CARE VAMC","location":"3;4","type":"7","details":"4","description":{"fmId":"-1","fmType":"5","type":"typed-literal","datatype":"http://www.w3.org/1999/02/22-rdf-syntax-ns#XMLLiteral","value":"Where did the patient receive additional care?"}},{"number":"3.5","flags":"F","name":"NON-VA CARE","location":"3;5","type":"4","inputTransform":"K:$L(X)>35!($L(X)<1) X","description":{"fmId":"-1","fmType":"5","type":"typed-literal","datatype":"http://www.w3.org/1999/02/22-rdf-syntax-ns#XMLLiteral","value":"The Non-VA site that gave the patient care."}},{"number":"4","flags":"154.004P","name":"ETIOLOGY","location":"E;0","type":"9","details":"154.004"},{"number":"5.01","flags":"*P154.03'","name":"CAUSE OF INJURY","location":"5;1","type":"7","details":"154.03","inputTransform":"S DIC(\"S\")=\"I $E($P(^(0),U))'=\"\" \"\",$P(^(0),U,2)=\"\"TC\"\"\" D ^DIC K DIC S DIC=DIE,X=+Y K:Y<0 X","description":{"fmId":"-1","fmType":"5","type":"typed-literal","datatype":"http://www.w3.org/1999/02/22-rdf-syntax-ns#XMLLiteral","value":"If the patient has a spinal cord injury, enter the patient's cause of\rinjury."}},{"number":"5.02","flags":"S","name":"HAD BRAIN INJURY?","location":"5;2","type":"3","details":"0:NO;1:YES;","description":{"fmId":"-1","fmType":"5","type":"typed-literal","datatype":"http://www.w3.org/1999/02/22-rdf-syntax-ns#XMLLiteral","value":"If the patient had a spinal cord injury, did he also have a head injury at\rthe same time?"}},{"number":"5.03","flags":"S","name":"HAD AMPUTATION?","location":"5;3","type":"3","details":"0:NO;1:YES;","description":{"fmId":"-1","fmType":"5","type":"typed-literal","datatype":"http://www.w3.org/1999/02/22-rdf-syntax-ns#XMLLiteral","value":"Has the patient ever had an amputation."}},{"number":"5.04","flags":"S","name":"MEMORY/THINKING AFFECTED","location":"5;4","type":"3","details":"0:NO;1:YES;","description":{"fmId":"-1","fmType":"5","type":"typed-literal","datatype":"http://www.w3.org/1999/02/22-rdf-syntax-ns#XMLLiteral","value":"Spinal cord injury or disease can affect different areas of the body.\rAnswer yes if the patient's memory/thinking are affected."}},{"number":"5.05","flags":"S","name":"EYES AFFECTED","location":"5;5","type":"3","details":"0:NO;1:YES;","description":{"fmId":"-1","fmType":"5","type":"typed-literal","datatype":"http://www.w3.org/1999/02/22-rdf-syntax-ns#XMLLiteral","value":"Spinal cord injury or disease can affect different areas of the body.\rAnswer yes if the patient's eyes are affected."}},{"number":"5.06","flags":"S","name":"ONE ARM AFFECTED","location":"5;6","type":"3","details":"0:NO;1:YES;","description":{"fmId":"-1","fmType":"5","type":"typed-literal","datatype":"http://www.w3.org/1999/02/22-rdf-syntax-ns#XMLLiteral","value":"Spinal cord injury or disease can affect different areas of the body.\rAnswer yes if one of the patient's arms is affected."}},{"number":"5.07","flags":"S","name":"ONE LEG AFFECTED","location":"5;7","type":"3","details":"0:NO;1:YES;","description":{"fmId":"-1","fmType":"5","type":"typed-literal","datatype":"http://www.w3.org/1999/02/22-rdf-syntax-ns#XMLLiteral","value":"Spinal cord injury or disease can affect different areas of the body.\rAnswer yes if one of the patient's legs is affected.            "}},{"number":"5.08","flags":"S","name":"BOTH ARMS AFFECTED","location":"5;8","type":"3","details":"0:NO;1:YES;","description":{"fmId":"-1","fmType":"5","type":"typed-literal","datatype":"http://www.w3.org/1999/02/22-rdf-syntax-ns#XMLLiteral","value":"Spinal cord injury or disease can affect different areas of the body.\rAnswer yes if both of the patient's arms are affected.            "}},{"number":"5.09","flags":"S","name":"BOTH LEGS AFFECTED","location":"5;9","type":"3","details":"0:NO;1:YES;","description":{"fmId":"-1","fmType":"5","type":"typed-literal","datatype":"http://www.w3.org/1999/02/22-rdf-syntax-ns#XMLLiteral","value":"Spinal cord injury or disease can affect different areas of the body.\rAnswer yes if both of the patient's legs are affected.            "}},{"number":"5.1","flags":"S","name":"OTHER BODY PART AFFECTED","location":"5;10","type":"3","details":"0:NO;1:YES;","description":{"fmId":"-1","fmType":"5","type":"typed-literal","datatype":"http://www.w3.org/1999/02/22-rdf-syntax-ns#XMLLiteral","value":"Spinal cord injury or disease can affect different areas of the body.\rAnswer yes if another part of the patient's body is affected.  If you\ranswer yes, a free text description may be entered."}},{"number":"5.11","flags":"S","name":"EXTENT OF MOVEMENT","location":"5;11","type":"3","details":"1:FULL USEFUL MOVEMENT;2:SOME USEFUL MOVEMENT;3:NO USEFUL MOVEMENT;","description":{"fmId":"-1","fmType":"5","type":"typed-literal","datatype":"http://www.w3.org/1999/02/22-rdf-syntax-ns#XMLLiteral","value":"Sometimes spinal cord injury or disease causes loss of movement in the\rarms or legs.  If the patient has any loss of movement in the body part\raffected, enter it here."}},{"number":"5.12","flags":"S","name":"EXTENT OF FEELING","location":"5;12","type":"3","details":"1:FULL FEELING;2:SOME FEELING;3:NO FEELING;","description":{"fmId":"-1","fmType":"5","type":"typed-literal","datatype":"http://www.w3.org/1999/02/22-rdf-syntax-ns#XMLLiteral","value":"Sometimes spinal cord injury or disease causes loss of feeling in the\rarms or legs.  If the patient has any loss of feeling in the body parts\raffected, enter it here."}},{"number":"5.13","flags":"S","name":"BOWEL AFFECTED","location":"5;13","type":"3","details":"0:NO;1:YES;"},{"number":"5.14","flags":"S","name":"BLADDER AFFECTED","location":"5;14","type":"3","details":"0:NO;1:YES;"},{"number":"6.09","flags":"S","name":"EXTENT OF SCI","location":"6;9","type":"3","details":"C:COMPLETE;I:INCOMPLETE;","description":{"fmId":"-1","fmType":"5","type":"typed-literal","datatype":"http://www.w3.org/1999/02/22-rdf-syntax-ns#XMLLiteral","value":"C (complete) means that the neurological level of injury is complete and I\r(incomplete) means that the neurological level of injury is not complete."}},{"number":"7","flags":"154.07D","name":"ANNUAL REHAB EVAL OFFERED","location":"REHAB;0","type":"9","details":"154.07"},{"number":"8.1","flags":"P200'","name":"PRIMARY CARE PROVIDER","location":"CARE;1","type":"7","details":"200","description":{"fmId":"-1","fmType":"5","type":"typed-literal","datatype":"http://www.w3.org/1999/02/22-rdf-syntax-ns#XMLLiteral","value":"ENTER THE VA PRIMARY CARE PROVIDER FOR THIS PATIENT."}},{"number":"8.2","flags":"P200'","name":"SCI/SCD COORDINATOR","location":"CARE;2","type":"7","details":"200","description":{"fmId":"-1","fmType":"5","type":"typed-literal","datatype":"http://www.w3.org/1999/02/22-rdf-syntax-ns#XMLLiteral","value":"Enter the SCD-Registry Coordinator at your site."}},{"number":"8.3","flags":"S","name":"REFERRAL SOURCE","location":"CARE;3","type":"3","details":"1:OTHER VA;2:COMMUNITY HOSPITAL;3:NURSING HOME;4:PVA;5:SELF;6:DEPARTMENT OF DEFENSE;7:NON-VA CARE;8:OTHER;"},{"number":"8.4","flags":"P4'","name":"REFERRAL VA","location":"CARE;4","type":"7","details":"4","description":{"fmId":"-1","fmType":"5","type":"typed-literal","datatype":"http://www.w3.org/1999/02/22-rdf-syntax-ns#XMLLiteral","value":"Enter the referring VA Medical Center."}},{"number":"8.6","flags":"S","name":"INITIAL REHAB SITE","location":"CARE;6","type":"3","details":"1:COMMUNITY HOSPITAL;2:VA FACILITY WITH SCI CENTER;3:VA FACILITY WITHOUT SCI CENTER;4:OTHER;"},{"number":"8.8","flags":"D","name":"INIT REHAB DISCHARGE DATE","location":"CARE;8","type":"1","inputTransform":"S %DT=\"ET\" D ^%DT S X=Y K:Y<1 X","description":{"fmId":"-1","fmType":"5","type":"typed-literal","datatype":"http://www.w3.org/1999/02/22-rdf-syntax-ns#XMLLiteral","value":"Enter the date that the patient was discharged from the inital rehab center."}},{"number":"10.1","flags":"S","name":"BOWEL CARE REIMBURSMENT","location":"BCR;1","type":"3","details":"1:YES;0:NO;","description":{"fmId":"-1","fmType":"5","type":"typed-literal","datatype":"http://www.w3.org/1999/02/22-rdf-syntax-ns#XMLLiteral","value":"Is patient in Bowel Care Reimbursment program."}},{"number":"10.2","flags":"D","name":"BCR DATE CERTIFIED","location":"BCR;2","type":"1","inputTransform":"S %DT=\"E\" D ^%DT S X=Y K:Y<1 X","description":{"fmId":"-1","fmType":"5","type":"typed-literal","datatype":"http://www.w3.org/1999/02/22-rdf-syntax-ns#XMLLiteral","value":"Enter the date of Bowel Care Reimbursment Certification. "}},{"number":"10.3","flags":"F","name":"BCR PROVIDER","location":"BCR;3","type":"4","inputTransform":"K:$L(X)>30!($L(X)<3) X","description":{"fmId":"-1","fmType":"5","type":"typed-literal","datatype":"http://www.w3.org/1999/02/22-rdf-syntax-ns#XMLLiteral","value":"Enter the certified provider Bowel Care Reimbursment."}},{"number":"11","flags":"F","name":"REMARKS","location":"REM;1","type":"4","inputTransform":"K:$L(X)>65!($L(X)<3) X"},{"number":"12","flags":"154.012PA","name":"DIVISION","location":"4;0","type":"9","details":"154.012"},{"number":"999.01","flags":"CJ10","name":"SSN","type":"6","computation":"X ^DD(154,999.01,9.2) S Y(154,999.01,101)=$S($D(^DPT(D0,0)):^(0),1:\"\") S X=$P(Y(154,999.01,101),U,9) S D0=Y(154,999.01,80)","description":{"fmId":"-1","fmType":"5","type":"typed-literal","datatype":"http://www.w3.org/1999/02/22-rdf-syntax-ns#XMLLiteral","value":"This is the patient's SSN from the Patient file (#2)."}},{"number":"999.02","corruption":"Corrupt location: 154/999.02"},{"number":"999.025","flags":"CJ3","name":"AGE","type":"6","computation":"X ^DD(154,999.025,9.2) X \"N I,Y \"_$P(^DD(2,.033,0),U,5,99) S Y(154,999.025,101)=X S X=Y(154,999.025,101) S D0=Y(154,999.025,80)"},{"number":"999.03","flags":"CJ40","name":"SENSORY/MOTOR LOSS","type":"6","computation":"S X=$$EN1^SPNLUTL0(D0)","description":{"fmId":"-1","fmType":"5","type":"typed-literal","datatype":"http://www.w3.org/1999/02/22-rdf-syntax-ns#XMLLiteral","value":"The 'Loss of Movement' and 'Loss of Feeling' fields are used to compute\rthe patient's Completeness of Injury.  The possible values for this field\rare shown below.\r \r DON'T KNOW                           \r NONE                                 \r INCOMPLETE MOTOR\r INCOMPLETE SENSORY\r COMPLETE MOTOR\r COMPLETE SENSORY\r INCOMPLETE SENSORY AND MOTOR\r COMPLETE SENSORY AND INCOMPLETE MOTOR\r INCOMPLETE SENSORY AND COMPLETE MOTOR\r COMPLETE SENSORY AND MOTOR"}},{"number":"999.04","flags":"CJ15","name":"CLASSIFICATION OF PARALYSIS","type":"6","computation":"S X=$$EN2^SPNLUTL0(D0)","description":{"fmId":"-1","fmType":"5","type":"typed-literal","datatype":"http://www.w3.org/1999/02/22-rdf-syntax-ns#XMLLiteral","value":"The 'One Arm Affected', 'One Leg Affected', 'Both Arms Affected', and\r'Both Legs Affected' fields are used to compute the patient's Extent of\rParalysis.  The possible values for this field are shown below.\r \r DON'T KNOW \r MONOPLEGIA\r HEMIPLEGIA\r PARAPLEGIA\r TETRAPLEGIA"}},{"number":"999.05","flags":"CJ33","name":"TYPE OF INJURY","type":"6","computation":"S X=$$EN4^SPNLUTL0(D0)","description":{"fmId":"-1","fmType":"5","type":"typed-literal","datatype":"http://www.w3.org/1999/02/22-rdf-syntax-ns#XMLLiteral","value":"This computed field uses the data in the Date of Onset multiple to\rdetermine the patient's type of injury.  Possible values returned by this\rfield are: 'TRAUMATIC', 'NON-TRAUMATIC', 'UNKNOWN', and 'INDETERMINATE'.\rCombinations of these values may also be returned for patients with more\rthan one type of injury, e.g., 'TRAUMATIC, NON-TRAUMATIC'."}},{"number":"999.06","corruption":"Corrupt location: 154/999.06"},{"number":"999.07","corruption":"Corrupt location: 154/999.07"},{"number":"999.08","corruption":"Corrupt location: 154/999.08"},{"number":"999.09","corruption":"Corrupt location: 154/999.09"},{"number":"999.095","flags":"CJ8","name":"ENROLLMENT PRIORITY","type":"6","computation":"S X=$S(+$$PR^SPNENPR(D0):\"GROUP \"_$$PR^SPNENPR(D0),1:\"\")"},{"number":"1000","flags":"154.02A","name":"ON FLY ADMISSIONS","location":"1000;0","type":"9","details":"154.02"}],"fmql":{"OP":"DESCRIBE TYPE","TYPE":"154","TYPELABEL":"SCD (SPINAL CORD) REGISTRY"}}