{"name":"HOLIDAY SCHEDULING ALLOWED","number":"133.027","parent":"133","fields":[{"number":".01","flags":"MP40.5'XO","name":"HOLIDAY SCHEDULING ALLOWED","location":"0;1","index":"B","type":"7","details":"40.5","inputTransform":"S %DT=\"EX\" D ^%DT S X=Y K:Y<1 X S:$D(X) DINUM=X","description":{"fmId":"-1","fmType":"5","type":"typed-literal","datatype":"http://www.w3.org/1999/02/22-rdf-syntax-ns#XMLLiteral","value":" This is a holiday on which the scheduling of surgical cases will be \r allowed."}}],"fmql":{"OP":"DESCRIBE TYPE","TYPE":"133_027","TYPELABEL":"HOLIDAY SCHEDULING ALLOWED"}}