{"name":"DIET","number":"115.02","parent":"115.01","fields":[{"number":".01","flags":"NJ5,0XI","name":"ORDER NUMBER","location":"0;1","type":"2","inputTransform":"K:X'?1N.N X I $D(X) S DINUM=X","description":{"fmId":"-1","fmType":"5","type":"typed-literal","datatype":"http://www.w3.org/1999/02/22-rdf-syntax-ns#XMLLiteral","value":"This field is merely the sequence order in which the diets\rwere ordered and has no further meaning."}},{"number":"1","flags":"P111'I","name":"DIET1","location":"0;2","type":"7","details":"111","description":{"fmId":"-1","fmType":"5","type":"typed-literal","datatype":"http://www.w3.org/1999/02/22-rdf-syntax-ns#XMLLiteral","value":"This is the first diet modification selected from the Diets (111)\rfile."}},{"number":"2","flags":"P111'I","name":"DIET2","location":"0;3","type":"7","details":"111","description":{"fmId":"-1","fmType":"5","type":"typed-literal","datatype":"http://www.w3.org/1999/02/22-rdf-syntax-ns#XMLLiteral","value":"This is the second diet modification selected from the Diets (111)\rfile."}},{"number":"3","flags":"P111'I","name":"DIET3","location":"0;4","type":"7","details":"111","description":{"fmId":"-1","fmType":"5","type":"typed-literal","datatype":"http://www.w3.org/1999/02/22-rdf-syntax-ns#XMLLiteral","value":"This is the third diet modification selected from the Diets (111)\rfile."}},{"number":"4","flags":"P111'I","name":"DIET4","location":"0;5","type":"7","details":"111","description":{"fmId":"-1","fmType":"5","type":"typed-literal","datatype":"http://www.w3.org/1999/02/22-rdf-syntax-ns#XMLLiteral","value":"This is the fourth diet modification selected from the Diets (111)\rfile."}},{"number":"5","flags":"P111'I","name":"DIET5","location":"0;6","type":"7","details":"111","description":{"fmId":"-1","fmType":"5","type":"typed-literal","datatype":"http://www.w3.org/1999/02/22-rdf-syntax-ns#XMLLiteral","value":"This is the fifth diet modification selected from the Diets (111)\rfile."}},{"number":"6","flags":"SI","name":"WITHHOLD","location":"0;7","type":"3","details":"N:NPO;X:NO ORDER;P:PASS;","description":{"fmId":"-1","fmType":"5","type":"typed-literal","datatype":"http://www.w3.org/1999/02/22-rdf-syntax-ns#XMLLiteral","value":"This field, if not null, indicates that an NPO type of order\rwas entered."}},{"number":"7","flags":"SI","name":"TYPE OF SERVICE","location":"0;8","type":"3","details":"T:TRAY;C:CAFETERIA;D:DINING ROOM;","description":{"fmId":"-1","fmType":"5","type":"typed-literal","datatype":"http://www.w3.org/1999/02/22-rdf-syntax-ns#XMLLiteral","value":"This field indicates the type of service requested for this diet\rorder. It is not present for NPO orders. When this order becomes\reffective, this type of service will become the current type of\rservice and will be the default for future orders."}},{"number":"8","flags":"DI","name":"DATE/TIME EFFECTIVE","location":"0;9","type":"1","inputTransform":"S %DT=\"ETXR\" D ^%DT S X=Y K:Y<1 X","description":{"fmId":"-1","fmType":"5","type":"typed-literal","datatype":"http://www.w3.org/1999/02/22-rdf-syntax-ns#XMLLiteral","value":"This is the date/time when this diet order takes effect."}},{"number":"9","flags":"DI","name":"DATE/TIME EXPIRES","location":"0;10","type":"1","inputTransform":"S %DT=\"ETXR\" D ^%DT S X=Y K:Y<1 X","description":{"fmId":"-1","fmType":"5","type":"typed-literal","datatype":"http://www.w3.org/1999/02/22-rdf-syntax-ns#XMLLiteral","value":"This field indicates the date/time when this order is to expire.\rIf null, the order is 'open-ended' and will not expire until\rsuperceded by another order."}},{"number":"10","flags":"P200'","name":"CLERK","location":"0;11","type":"7","details":"200","description":{"fmId":"-1","fmType":"5","type":"typed-literal","datatype":"http://www.w3.org/1999/02/22-rdf-syntax-ns#XMLLiteral","value":"This field is the person actually entering the order."}},{"number":"10.5","flags":"D","name":"DATE/TIME ORDERED","location":"0;12","type":"1","inputTransform":"S %DT=\"ETXR\" D ^%DT S X=Y K:Y<1 X","description":{"fmId":"-1","fmType":"5","type":"typed-literal","datatype":"http://www.w3.org/1999/02/22-rdf-syntax-ns#XMLLiteral","value":"This is the date/time the order was actually entered and may bear\rlittle relationship the effective and/or expiration date/times\rof the actual order."}},{"number":"11","flags":"F","name":"COMMENT","location":"1;1","type":"4","inputTransform":"K:$L(X)>80!($L(X)<1) X","description":{"fmId":"-1","fmType":"5","type":"typed-literal","datatype":"http://www.w3.org/1999/02/22-rdf-syntax-ns#XMLLiteral","value":"This is a comment field for any specialized comments concerning\rthis diet order."}},{"number":"12","flags":"RP116.2'","name":"PRODUCTION DIET","location":"0;13","type":"7","details":"116.2","description":{"fmId":"-1","fmType":"5","type":"typed-literal","datatype":"http://www.w3.org/1999/02/22-rdf-syntax-ns#XMLLiteral","value":"This is a pointer to the Production Diet (116.2) file and is\rthe outcome of the 'diet recoding' algorithm which is based\rupon the diet modifications selected. It is not present for\rNPO types of orders."}},{"number":"13","flags":"P100","name":"OE/RR ORDER","location":"0;14","type":"7","details":"100","description":{"fmId":"-1","fmType":"5","type":"typed-literal","datatype":"http://www.w3.org/1999/02/22-rdf-syntax-ns#XMLLiteral","value":"This field contains a pointer the the OE/RR file order corresponding\rto this order."}},{"number":"14","flags":"*P100.01'","name":"CURRENT OE/RR STATUS","location":"0;15","type":"7","details":"100.01","inputTransform":"S DIC(\"S\")=\"I '$$SCREEN^XTID(100.01,,Y_\"\",\"\")\" D ^DIC K DIC S DIC=DIE,X=+Y K:Y<0 X","description":{"fmId":"-1","fmType":"5","type":"typed-literal","datatype":"http://www.w3.org/1999/02/22-rdf-syntax-ns#XMLLiteral","value":"This field contains the current OE/RR status as passed to OE/RR.\rIt is a pointer to the OE/RR Status file (100.01)."}},{"number":"15","flags":"D","name":"LAST REVIEW DATE/TIME","location":"0;16","type":"1","inputTransform":"S %DT=\"ESTXR\" D ^%DT S X=Y K:Y<1 X","description":{"fmId":"-1","fmType":"5","type":"typed-literal","datatype":"http://www.w3.org/1999/02/22-rdf-syntax-ns#XMLLiteral","value":"This is the date/time that the diet order was last reviewed if necessary.\r(Reviews are based upon the coded Production Diet). Further reviews are\rbased upon this last review date/time."}},{"number":"16","flags":"P200'","name":"REVIEW CLERK","location":"0;17","type":"7","details":"200","description":{"fmId":"-1","fmType":"5","type":"typed-literal","datatype":"http://www.w3.org/1999/02/22-rdf-syntax-ns#XMLLiteral","value":"This is a pointer to File 200 of the person entering the review."}},{"number":"17","flags":"D","name":"CANCELLED DATE/TIME","location":"0;18","type":"1","inputTransform":"S %DT=\"ET\" D ^%DT S X=Y K:Y<1 X","description":{"fmId":"-1","fmType":"5","type":"typed-literal","datatype":"http://www.w3.org/1999/02/22-rdf-syntax-ns#XMLLiteral","value":"This field contains the Date/Time when the NPO was cancelled."}},{"number":"18","flags":"P200'","name":"CANCELLING CLERK","location":"0;19","type":"7","details":"200","description":{"fmId":"-1","fmType":"5","type":"typed-literal","datatype":"http://www.w3.org/1999/02/22-rdf-syntax-ns#XMLLiteral","value":"This field contains the user who cancelled the NPO and is\rcaptured automatically at the time of cancellation."}},{"number":"19","flags":"FI","name":"INDIVIDUAL PATTERN","location":"2;1","type":"4","inputTransform":"K:$L(X)>200!($L(X)<2) X","description":{"fmId":"-1","fmType":"5","type":"typed-literal","datatype":"http://www.w3.org/1999/02/22-rdf-syntax-ns#XMLLiteral","value":"This field is the individual meal pattern for the patient which\rcontains three strings of codes, each code separated by a space contains\rthe internal number of the recipe category and the quantity separated\rby a comma for the three meals, breakfast, noon, and evening, each\rseparated by a semicolon.  The meal pattern will take precedence over\rthe diet pattern entered in the Diet Pattern file (111.1)."}},{"number":"20","flags":"P200'","name":"PATTERN CLERK","location":"3;1","type":"7","details":"200","description":{"fmId":"-1","fmType":"5","type":"typed-literal","datatype":"http://www.w3.org/1999/02/22-rdf-syntax-ns#XMLLiteral","value":"This is a pointer to File 200 of the person entering the patient's\rindividual Diet Pattern."}},{"number":"21","flags":"D","name":"DATE/TIME PATTERN ENTERED","location":"3;2","type":"1","inputTransform":"S %DT=\"ET\" D ^%DT S X=Y K:Y<1 X","description":{"fmId":"-1","fmType":"5","type":"typed-literal","datatype":"http://www.w3.org/1999/02/22-rdf-syntax-ns#XMLLiteral","value":"This field contains the Date/Time when the Diet Pattern was\rentered."}}],"fmql":{"OP":"DESCRIBE TYPE","TYPE":"115_02","TYPELABEL":"DIET"}}