{"name":"GMRY IV CATHETER","number":"126.74","location":"^GMRD(126.74,","count":"11","lastIEN":"11","description":{"fmId":"-1","fmType":"5","type":"typed-literal","datatype":"http://www.w3.org/1999/02/22-rdf-syntax-ns#XMLLiteral","value":"This file contains the names of IV catheters in different types and sizes.\rThe ADP coordinator is allowed to enter/edit the file entries."},"version":"4.0","vpackage":"GEN. MED. REC. - I/O","fields":[{"number":".01","flags":"RF","name":"IV CATHETER TYPE/SIZE","location":"0;1","index":"B","type":"4","inputTransform":"K:$L(X)>50!($L(X)<1)!'(X'?1P.E) X","description":{"fmId":"-1","fmType":"5","type":"typed-literal","datatype":"http://www.w3.org/1999/02/22-rdf-syntax-ns#XMLLiteral","value":"This field contains the type and size of the IV catheter used to start \rintravenous lines."}},{"number":"1","flags":"126.741","name":"PORT","location":"1;0","type":"9","details":"126.741","description":{"fmId":"-1","fmType":"5","type":"typed-literal","datatype":"http://www.w3.org/1999/02/22-rdf-syntax-ns#XMLLiteral","value":"This field contains the name of lumen if the catheter has more than one\rlumen."}}],"fmql":{"OP":"DESCRIBE TYPE","TYPE":"126_74","TYPELABEL":"GMRY IV CATHETER"}}