{"name":"OTHER POSTOP DIAGNOSIS CODES","number":"136.04","parent":"136","fields":[{"number":".01","flags":"M*P80'","name":"OTHER POSTOP DIAGNOSIS CODE","location":"0;1","type":"7","details":"80","inputTransform":"S DIC(\"S\")=\"I $$ACTIV^SROICD($S($D(SRTN):SRTN,$D(DA(1)):DA(1),1:\"\"\"\"),+Y)\" D ^DIC K DIC S DIC=DIE,X=+Y K:Y<0 X","description":{"fmId":"-1","fmType":"5","type":"typed-literal","datatype":"http://www.w3.org/1999/02/22-rdf-syntax-ns#XMLLiteral","value":"This is the ICD-9-CM code corresponding with this postoperative\rdiagnosis."}},{"number":".02","flags":"S","name":"SERVICE CONNECTED","location":"0;2","type":"3","details":"1:YES;0:NO;","description":{"fmId":"-1","fmType":"5","type":"typed-literal","datatype":"http://www.w3.org/1999/02/22-rdf-syntax-ns#XMLLiteral","value":"This field indicates if this diagnosis is a service connected problem.\rThis information may be passed to the VISIT file (#9000010) for use by\rPCE."}},{"number":".03","flags":"S","name":"AGENT ORANGE EXPOSURE","location":"0;3","type":"3","details":"1:YES;0:NO;","description":{"fmId":"-1","fmType":"5","type":"typed-literal","datatype":"http://www.w3.org/1999/02/22-rdf-syntax-ns#XMLLiteral","value":"This field indicates if this diagnosis is an agent orange exposure \rproblem. This information may be passed to the VISIT file (#9000010)\rfor use by PCE."}},{"number":".04","flags":"S","name":"IONIZING RADIATION EXPOSURE","location":"0;4","type":"3","details":"1:YES;0:NO;","description":{"fmId":"-1","fmType":"5","type":"typed-literal","datatype":"http://www.w3.org/1999/02/22-rdf-syntax-ns#XMLLiteral","value":"This field indicates if this diagnosis is an ionizing radiation \rexposure problem. This information may be passed to the VISIT file\r(#9000010) for use by PCE."}},{"number":".05","flags":"S","name":"MILITARY SEXUAL TRAUMA","location":"0;5","type":"3","details":"1:YES;0:NO;","description":{"fmId":"-1","fmType":"5","type":"typed-literal","datatype":"http://www.w3.org/1999/02/22-rdf-syntax-ns#XMLLiteral","value":"This field indicates if this diagnosis is a military sexual trauma\rproblem. This information may be passed to the VISIT file (#9000010)\rfor use by PCE."}},{"number":".06","flags":"S","name":"HEAD AND/OR NECK CANCER","location":"0;6","type":"3","details":"1:YES;0:NO;","description":{"fmId":"-1","fmType":"5","type":"typed-literal","datatype":"http://www.w3.org/1999/02/22-rdf-syntax-ns#XMLLiteral","value":"This field indicates if this diagnosis is a head and/or neck cancer\rproblem. This information may be passed to the VISIT file (#9000010)\rfor use by PCE."}},{"number":".07","flags":"S","name":"SOUTHWEST ASIA CONDITIONS","location":"0;7","type":"3","details":"1:YES;0:NO;","description":{"fmId":"-1","fmType":"5","type":"typed-literal","datatype":"http://www.w3.org/1999/02/22-rdf-syntax-ns#XMLLiteral","value":"This field indicates if this diagnosis is related to service in SW Asia. \rThis information may be passed to the VISIT file (#9000010) for use by \rPCE."}},{"number":".08","flags":"S","name":"COMBAT VET","location":"0;8","type":"3","details":"1:YES;0:NO;","description":{"fmId":"-1","fmType":"5","type":"typed-literal","datatype":"http://www.w3.org/1999/02/22-rdf-syntax-ns#XMLLiteral","value":"This field indicates if this diagnosis is a combat related problem.\rThis information may be passed to the VISIT file (#9000010) for use by\rPCE."}},{"number":".09","flags":"S","name":"PROJ 112/SHAD","location":"0;9","type":"3","details":"1:YES;0:NO;","description":{"fmId":"-1","fmType":"5","type":"typed-literal","datatype":"http://www.w3.org/1999/02/22-rdf-syntax-ns#XMLLiteral","value":"This field indicates if this diagnosis is a PROJ 112/SHAD related \rproblem.  This information may be passed to the VISIT file (#9000010) for \ruse by PCE."}}],"fmql":{"OP":"DESCRIBE TYPE","TYPE":"136_04","TYPELABEL":"OTHER POSTOP DIAGNOSIS CODES"}}