{"count": "0", "description": {"datatype": "http://www.w3.org/1999/02/22-rdf-syntax-ns#XMLLiteral", "fmType": "5", "fmId": "-1", "value": "This file stores CPRS GUI Cover Sheet tab acronyms.", "type": "typed-literal"}, "fields": [{"index": "B", "name": "tab_name", "number": ".01", "flags": "RF", "location": "0;1", "type": "4", "description": {"datatype": "http://www.w3.org/1999/02/22-rdf-syntax-ns#XMLLiteral", "fmType": "5", "fmId": "-1", "value": "This field stores CPRS GUI Cover Sheet tab acronyms.", "type": "typed-literal"}}, {"description": {"datatype": "http://www.w3.org/1999/02/22-rdf-syntax-ns#XMLLiteral", "fmType": "5", "fmId": "-1", "value": "This field stores descriptions of CPRS GUI Cover Sheet tab acronyms.", "type": "typed-literal"}, "number": "1", "flags": "F", "location": "0;2", "type": "4", "name": "tab_description"}], "fmql": {"TYPELABEL": "OR CPRS TABS", "TYPE": "101_13", "OP": "DESCRIBE TYPE"}, "number": "101.13", "location": "^ORD(101.13,", "name": "OR CPRS TABS"}