{"name":"PREPARATION AREA","number":"114.2","location":"^FH(114.2,","description":{"fmId":"-1","fmType":"5","type":"typed-literal","datatype":"http://www.w3.org/1999/02/22-rdf-syntax-ns#XMLLiteral","value":"This file contains a list of areas in which food is prepared.\rRecipes may be classified by preparation area and this file\ris used to sort recipes into the various preparation areas\ras well as determine the order in which various lists will\rprint."},"version":"5.5","vpackage":"DIETETICS","fields":[{"number":".01","flags":"RF","name":"NAME","location":"0;1","index":"B","type":"4","inputTransform":"K:$L(X)>15!($L(X)<3)!'(X'?1P.E) X","description":{"fmId":"-1","fmType":"5","type":"typed-literal","datatype":"http://www.w3.org/1999/02/22-rdf-syntax-ns#XMLLiteral","value":"This is the name of an area where recipes are prepared (e.g.,\rsalad area, bakery, etc.)."}},{"number":"1","flags":"RF","name":"CODE","location":"0;2","type":"4","inputTransform":"K:$L(X)>5!($L(X)<2) X","description":{"fmId":"-1","fmType":"5","type":"typed-literal","datatype":"http://www.w3.org/1999/02/22-rdf-syntax-ns#XMLLiteral","value":"This is a short abbreviation for the preparation area. It is used\ron various lists where it is not practical to print the longer\rfull name. It should be unique."}},{"number":"2","flags":"RNJ2,0","name":"PRINT ORDER","location":"0;3","type":"2","inputTransform":"K:+X'=X!(X>49)!(X<1)!(X?.E1\".\"1N.N) X","description":{"fmId":"-1","fmType":"5","type":"typed-literal","datatype":"http://www.w3.org/1999/02/22-rdf-syntax-ns#XMLLiteral","value":"This is a numeric value indicating the print order (from low to\rhigh) of various preparation areas when the list is sorted by\rpreparation area."}},{"number":"99","flags":"S","name":"INACTIVE?","location":"I;1","type":"3","details":"Y:YES;N:NO;","description":{"fmId":"-1","fmType":"5","type":"typed-literal","datatype":"http://www.w3.org/1999/02/22-rdf-syntax-ns#XMLLiteral","value":"This field, if answered YES, will prohibit\rfurther selection of this entry."}}],"fmql":{"OP":"DESCRIBE TYPE","TYPE":"114_2","TYPELABEL":"PREPARATION AREA"}}