{"fields": [{"index": "B", "name": "usage", "number": ".01", "flags": "MF", "location": "0;1", "type": "4", "description": {"datatype": "http://www.w3.org/1999/02/22-rdf-syntax-ns#XMLLiteral", "fmType": "5", "fmId": "-1", "value": "This field is a string identifying a use for this urgency; it will\rtypically be a package namespace (or variation of) to indicate this\rurgency is selectable in that package's ordering dialog.  Entries\rcurrently in use are:\r       GMRCO = Outpatient Consults or Procedures\r       GMRCR = Inpatient Procedure Requests\r       GMRCT = Inpatient Consults\r       PSJ   = Inpatient Medications\r       PSO   = Outpatient Medications\r       RA    = Radiology/Nuclear Medicine", "type": "typed-literal"}}], "fmql": {"TYPELABEL": "USAGE", "TYPE": "101_421", "OP": "DESCRIBE TYPE"}, "name": "USAGE", "parent": "101.42", "number": "101.421"}