{"name":"ANES CONCURRENT CASES","number":"130.3513","parent":"130","fields":[{"number":".01","flags":"P130'","name":"ANES CONCURRENT CASES","location":"0;1","index":"B","type":"7","details":"130","description":{"fmId":"-1","fmType":"5","type":"typed-literal","datatype":"http://www.w3.org/1999/02/22-rdf-syntax-ns#XMLLiteral","value":"This field is for information only and is not required. It will assist in \rcorrecting potential errors if a start or end time is edited since other \rcases could be affected by the edit."}}],"fmql":{"OP":"DESCRIBE TYPE","TYPE":"130_3513","TYPELABEL":"ANES CONCURRENT CASES"}}