{"name":"OTHER SCRUBBED ASSISTANTS","number":"130.23","parent":"130","fields":[{"number":".01","flags":"*P200'X","name":"OTHER SCRUBBED ASSISTANTS","location":"0;1","index":"B","type":"7","details":"200","inputTransform":"S DIC(\"S\")=\"S RESTRICT=\"\"130.23,.01\"\" D KEY^SROXPR I $D(SROK)\" D ^DIC K DIC S DIC=DIE,X=+Y K:Y<0 X","description":{"fmId":"-1","fmType":"5","type":"typed-literal","datatype":"http://www.w3.org/1999/02/22-rdf-syntax-ns#XMLLiteral","value":"These are names of persons in the operating room other than those\rthat are already listed as scrubbed.\r "}},{"number":"1","flags":"130.35","name":"COMMENTS","location":"1;0","type":"5","description":{"fmId":"-1","fmType":"5","type":"typed-literal","datatype":"http://www.w3.org/1999/02/22-rdf-syntax-ns#XMLLiteral","value":"These are comments related to this person that may be useful in\rdocumentation of this case.\r "}}],"fmql":{"OP":"DESCRIBE TYPE","TYPE":"130_23","TYPELABEL":"OTHER SCRUBBED ASSISTANTS"}}