{"name":"NOTIFICATION BY PT LOCATION","number":"123.54","parent":"123.5","fields":[{"number":".01","flags":"MV","name":"NOTIFICATION BY PT LOCATION","location":"0;1","index":"B","type":"8","details":"42;44","description":{"fmId":"-1","fmType":"5","type":"typed-literal","datatype":"http://www.w3.org/1999/02/22-rdf-syntax-ns#XMLLiteral","value":"Enter a ward location or hospital location which the service wishes to\rassign a service individual or team to.\r \rWhen a consult or request is ordered, notifications to the receiving\rservice will check to see if the patients location is defined here.\rIf defined, notifications will be sent to the specified individual and/or\rmembers of the specified team."}},{"number":"1","flags":"*P200'","name":"INDIVIDUAL TO NOTIFY","location":"0;2","type":"7","details":"200","inputTransform":"S DIC(\"S\")=\"I $$ACTIVE^XUSER(+Y)\" D ^DIC K DIC S DIC=DIE,X=+Y K:Y<0 X","description":{"fmId":"-1","fmType":"5","type":"typed-literal","datatype":"http://www.w3.org/1999/02/22-rdf-syntax-ns#XMLLiteral","value":"This is the Individual that is assigned to this location for this \rService.  When a consult/request order for this Service is released\rfrom OE/RR for a patient at this location, this individual will \rreceive the new order notification.\rEnter the individual who should receive notifications when a consult \rorder is released from OE/RR FOR this service, FROM this location."}},{"number":"2","flags":"P100.21'","name":"TEAM TO NOTIFY","location":"0;3","index":"ANT","type":"7","details":"100.21","description":{"fmId":"-1","fmType":"5","type":"typed-literal","datatype":"http://www.w3.org/1999/02/22-rdf-syntax-ns#XMLLiteral","value":"This is the Team that is assigned to this location for the Service."}}],"fmql":{"OP":"DESCRIBE TYPE","TYPE":"123_54","TYPELABEL":"NOTIFICATION BY PT LOCATION"}}