{"count": "0", "description": {"datatype": "http://www.w3.org/1999/02/22-rdf-syntax-ns#XMLLiteral", "fmType": "5", "fmId": "-1", "value": "This file contains a list of basic serving utensils. Recipes\ruse this file to indicate the most appropriate serving utensil.\rThe utensil name is printed on various reports for use by\rserving personnel.", "type": "typed-literal"}, "fields": [{"index": "B", "name": "name", "number": ".01", "flags": "RF", "location": "0;1", "type": "4", "description": {"datatype": "http://www.w3.org/1999/02/22-rdf-syntax-ns#XMLLiteral", "fmType": "5", "fmId": "-1", "value": "This is the name of a serving utensil. It is used by the recipe\rfile to indicate the usual utensil used by tray line personnel\ror others to serve the recipe item.", "type": "typed-literal"}}, {"name": "inactive", "description": {"datatype": "http://www.w3.org/1999/02/22-rdf-syntax-ns#XMLLiteral", "fmType": "5", "fmId": "-1", "value": "This field, if answered YES, will prohibit\rfurther selection of this entry.", "type": "typed-literal"}, "number": "99", "flags": "S", "details": "Y:YES;N:NO;", "type": "3", "location": "I;1"}], "fmql": {"TYPELABEL": "SERVING UTENSIL", "TYPE": "114_3", "OP": "DESCRIBE TYPE"}, "number": "114.3", "location": "^FH(114.3,", "name": "SERVING UTENSIL"}