{"fields": [{"index": "B", "name": "other_scrubbed_assistants", "description": {"datatype": "http://www.w3.org/1999/02/22-rdf-syntax-ns#XMLLiteral", "fmType": "5", "fmId": "-1", "value": "These are names of persons in the operating room other than those\rthat are already listed as scrubbed.\r ", "type": "typed-literal"}, "number": ".01", "flags": "*P200'X", "location": "0;1", "type": "7", "details": "200"}, {"description": {"datatype": "http://www.w3.org/1999/02/22-rdf-syntax-ns#XMLLiteral", "fmType": "5", "fmId": "-1", "value": "These are comments related to this person that may be useful in\rdocumentation of this case.\r ", "type": "typed-literal"}, "number": "1", "flags": "130.35", "location": "1;0", "type": "5", "name": "comments"}], "fmql": {"TYPELABEL": "OTHER SCRUBBED ASSISTANTS", "TYPE": "130_23", "OP": "DESCRIBE TYPE"}, "name": "OTHER SCRUBBED ASSISTANTS", "parent": "130", "number": "130.23"}