{"name":"DAY","number":"116.01","parent":"116","fields":[{"number":".01","flags":"MNJ3,0X","name":"DAY","location":"0;1","type":"2","inputTransform":"K:+X'=X!(X>$P(^FH(116,DA(1),0),\"^\",2))!(X<1)!(X?.E1\".\"1N.N) X I $D(X) S DINUM=X","description":{"fmId":"-1","fmType":"5","type":"typed-literal","datatype":"http://www.w3.org/1999/02/22-rdf-syntax-ns#XMLLiteral","value":"This is the day number within the cycle."}},{"number":"1","flags":"RP116.1'","name":"BREAKFAST MEAL","location":"0;2","type":"7","details":"116.1","description":{"fmId":"-1","fmType":"5","type":"typed-literal","datatype":"http://www.w3.org/1999/02/22-rdf-syntax-ns#XMLLiteral","value":"This is the meal (File 116.1) which will be served for\rbreakfast on this cycle day."}},{"number":"2","flags":"RP116.1'","name":"NOON MEAL","location":"0;3","type":"7","details":"116.1","description":{"fmId":"-1","fmType":"5","type":"typed-literal","datatype":"http://www.w3.org/1999/02/22-rdf-syntax-ns#XMLLiteral","value":"This is the meal (File 116.1) which will be served for\rNoon or Lunch on this cycle day."}},{"number":"3","flags":"RP116.1'","name":"EVENING MEAL","location":"0;4","type":"7","details":"116.1","description":{"fmId":"-1","fmType":"5","type":"typed-literal","datatype":"http://www.w3.org/1999/02/22-rdf-syntax-ns#XMLLiteral","value":"This is the meal (File 116.1) which will be served in\rthe evening of this cycle day."}}],"fmql":{"OP":"DESCRIBE TYPE","TYPE":"116_01","TYPELABEL":"DAY"}}