{"fields": [{"index": "ADLT", "name": "early_late_tray", "number": ".01", "flags": "DX", "location": "0;1", "type": "1", "description": {"datatype": "http://www.w3.org/1999/02/22-rdf-syntax-ns#XMLLiteral", "fmType": "5", "fmId": "-1", "value": "This field contains the date/time at which the early/late\rtray is to be delivered.", "type": "typed-literal"}}, {"name": "meal", "description": {"datatype": "http://www.w3.org/1999/02/22-rdf-syntax-ns#XMLLiteral", "fmType": "5", "fmId": "-1", "value": "This field indicates for which meal the early or late tray is ordered.", "type": "typed-literal"}, "number": "1", "flags": "RS", "details": "B:BREAKFAST;N:NOON;E:EVENING;", "type": "3", "location": "0;2"}, {"description": {"datatype": "http://www.w3.org/1999/02/22-rdf-syntax-ns#XMLLiteral", "fmType": "5", "fmId": "-1", "value": "This field contains a printable time for which the meal is to\rdelivered.", "type": "typed-literal"}, "number": "2", "flags": "F", "location": "0;3", "type": "4", "name": "time"}, {"name": "bagged_meal", "description": {"datatype": "http://www.w3.org/1999/02/22-rdf-syntax-ns#XMLLiteral", "fmType": "5", "fmId": "-1", "value": "If answered YES, this field indicates that a bagged meal is desired.", "type": "typed-literal"}, "number": "3", "flags": "S", "details": "Y:YES;N:NO;", "type": "3", "location": "0;4"}, {"name": "clerk", "description": {"datatype": "http://www.w3.org/1999/02/22-rdf-syntax-ns#XMLLiteral", "fmType": "5", "fmId": "-1", "value": "This field is automatically updated with the user entering\rthe order.", "type": "typed-literal"}, "number": "4", "flags": "RP200'", "details": "200", "type": "7", "location": "0;5"}, {"description": {"datatype": "http://www.w3.org/1999/02/22-rdf-syntax-ns#XMLLiteral", "fmType": "5", "fmId": "-1", "value": "This field contains the date/time the order was actually\rentered.", "type": "typed-literal"}, "number": "5", "flags": "RD", "location": "0;6", "type": "1", "name": "entry_date_time"}, {"name": "oe_rr_order", "description": {"datatype": "http://www.w3.org/1999/02/22-rdf-syntax-ns#XMLLiteral", "fmType": "5", "fmId": "-1", "value": "This field contains a pointer to the OE/RR file order corresponding\rto this order.", "type": "typed-literal"}, "number": "6", "flags": "P100", "details": "100", "type": "7", "location": "0;7"}], "fmql": {"TYPELABEL": "EARLY/LATE TRAY", "TYPE": "115_05", "OP": "DESCRIBE TYPE"}, "name": "EARLY/LATE TRAY", "parent": "115.01", "number": "115.05"}