{"name":"UPDATE TEAMS W/O NOTIFICATIONS","number":"123.57","parent":"123.5","fields":[{"number":".01","flags":"MP100.21'","name":"UPDATE TEAMS W/O NOTIFICATIONS","location":"0;1","index":"B","type":"7","details":"100.21","description":{"fmId":"-1","fmType":"5","type":"typed-literal","datatype":"http://www.w3.org/1999/02/22-rdf-syntax-ns#XMLLiteral","value":"This field allows team lists from the OE/RR LIST (#100.21) file to be\rentered. All users will have update authority for requests directed to\rthis service but will not be used as notification recipients. "}}],"fmql":{"OP":"DESCRIBE TYPE","TYPE":"123_57","TYPELABEL":"UPDATE TEAMS W/O NOTIFICATIONS"}}