{"name":"RESPONSES","number":"100.045","parent":"100","fields":[{"number":".01","flags":"NJ7,0","name":"ITEM ENTRY","location":"0;1","type":"2","inputTransform":"K:+X'=X!(X>9999999)!(X<1)!(X?.E1\".\"1N.N) X","description":{"fmId":"-1","fmType":"5","type":"typed-literal","datatype":"http://www.w3.org/1999/02/22-rdf-syntax-ns#XMLLiteral","value":"This is the internal entry number of the prompt in the Item multiple\rby which this response was obtained."}},{"number":".02","flags":"P101.41'","name":"DIALOG","location":"0;2","type":"7","details":"101.41","description":{"fmId":"-1","fmType":"5","type":"typed-literal","datatype":"http://www.w3.org/1999/02/22-rdf-syntax-ns#XMLLiteral","value":"This is a pointer to the dialog prompt, which is in the Order Dialog file\ras type prompt."}},{"number":".03","flags":"NJ7,0","name":"INSTANCE","location":"0;3","type":"2","inputTransform":"K:+X'=X!(X>9999999)!(X<1)!(X?.E1\".\"1N.N) X","description":{"fmId":"-1","fmType":"5","type":"typed-literal","datatype":"http://www.w3.org/1999/02/22-rdf-syntax-ns#XMLLiteral","value":"In the case of multiple answers for the same item, this identifies the\rindividual instance."}},{"number":".04","flags":"F","name":"ID","location":"0;4","index":"ID","type":"4","inputTransform":"K:$L(X)>10!($L(X)<2) X","description":{"fmId":"-1","fmType":"5","type":"typed-literal","datatype":"http://www.w3.org/1999/02/22-rdf-syntax-ns#XMLLiteral","value":"This field assigns a free text identifier to this response value, for quick\raccess to certain values in this order."}},{"number":"1","flags":"F","name":"VALUE","location":"1;E1,245","type":"4","inputTransform":"K:$L(X)>245!($L(X)<1) X","description":{"fmId":"-1","fmType":"5","type":"typed-literal","datatype":"http://www.w3.org/1999/02/22-rdf-syntax-ns#XMLLiteral","value":"This contains the actual response, unless the value is a word processing\rtype."}},{"number":"2","flags":"100.0451","name":"TEXT","location":"2;0","type":"5","description":{"fmId":"-1","fmType":"5","type":"typed-literal","datatype":"http://www.w3.org/1999/02/22-rdf-syntax-ns#XMLLiteral","value":"This contains responses to items that are a word processing type."}}],"fmql":{"OP":"DESCRIBE TYPE","TYPE":"100_045","TYPELABEL":"RESPONSES"}}