{"fields": [{"index": "B", "name": "source", "description": {"datatype": "http://www.w3.org/1999/02/22-rdf-syntax-ns#XMLLiteral", "fmType": "5", "fmId": "-1", "value": "This is the actual source of the report.", "type": "typed-literal"}, "number": ".01", "flags": "MS", "location": "0;1", "type": "3", "details": "f:FOREIGN;h:HEALTH PROFESSIONAL;s:STUDY;l:LITERATURE;c:CONSUMER;"}], "fmql": {"TYPELABEL": "REPORT SOURCE", "TYPE": "120_8563", "OP": "DESCRIBE TYPE"}, "name": "REPORT SOURCE", "parent": "120.85", "number": "120.8563"}