{"name":"MEAL NUMBER","number":"112.62","parent":"112.61","fields":[{"number":".01","flags":"MRNJ1,0X","name":"MEAL NUMBER","location":"0;1","type":"2","inputTransform":"K:+X'=X!(X>6)!(X<1)!(X?.E1\".\"1N.N) X I $D(X) S DINUM=X","description":{"fmId":"-1","fmType":"5","type":"typed-literal","datatype":"http://www.w3.org/1999/02/22-rdf-syntax-ns#XMLLiteral","value":"This is the meal number for which food items will be entered."}},{"number":"1","flags":"112.63P","name":"FOOD ITEM","location":"1;0","type":"9","details":"112.63","description":{"fmId":"-1","fmType":"5","type":"typed-literal","datatype":"http://www.w3.org/1999/02/22-rdf-syntax-ns#XMLLiteral","value":"This multiple represents the food items, selected from the\rFood Nutrient file, which are represented in the meal."}},{"number":"2","flags":"P116.1'","name":"MEAL","location":"0;2","type":"7","details":"116.1","description":{"fmId":"-1","fmType":"5","type":"typed-literal","datatype":"http://www.w3.org/1999/02/22-rdf-syntax-ns#XMLLiteral","value":"This field represents the meal file."}},{"number":"3","flags":"P116.2","name":"PRODUCTION DIET","location":"0;3","type":"7","details":"116.2","description":{"fmId":"-1","fmType":"5","type":"typed-literal","datatype":"http://www.w3.org/1999/02/22-rdf-syntax-ns#XMLLiteral","value":"This is a pointer to the Production Diet file (116.2) to indicate\rthe Production Diet which associates with the menu."}},{"number":"4","flags":"112.64P","name":"RECIPE","location":"2;0","type":"9","details":"112.64","description":{"fmId":"-1","fmType":"5","type":"typed-literal","datatype":"http://www.w3.org/1999/02/22-rdf-syntax-ns#XMLLiteral","value":"This multiple stores the selected recipes from the Recipe file\rused for the Meal Analysis."}}],"fmql":{"OP":"DESCRIBE TYPE","TYPE":"112_62","TYPELABEL":"MEAL NUMBER"}}