{"name":"TUBEFEEDING","number":"118.2","location":"^FH(118.2,","count":"8","lastIEN":"8","description":{"fmId":"-1","fmType":"5","type":"typed-literal","datatype":"http://www.w3.org/1999/02/22-rdf-syntax-ns#XMLLiteral","value":"This file contains the products commonly used for tube-feedings\ras well as their characteristics such as Kcals/ml, cost, and\rsynonyms."},"version":"5.5","vpackage":"FH","fields":[{"number":".01","flags":"RF","name":"NAME","location":"0;1","index":"B","type":"4","inputTransform":"K:$L(X)>30!($L(X)<3)!'(X'?1P.E)!(X'?.ANP) X","description":{"fmId":"-1","fmType":"5","type":"typed-literal","datatype":"http://www.w3.org/1999/02/22-rdf-syntax-ns#XMLLiteral","value":"This is the name of the tubefeeding product as it will appear\ron all lists and displays."}},{"number":"1","flags":"RF","name":"DISPENSING UNIT","location":"0;2","type":"4","inputTransform":"K:$L(X)>10!($L(X)<1) X","description":{"fmId":"-1","fmType":"5","type":"typed-literal","datatype":"http://www.w3.org/1999/02/22-rdf-syntax-ns#XMLLiteral","value":"This field contains a title for the dispensing unit such\ras bottle, can or package."}},{"number":"2","flags":"RFX","name":"AMT/UNIT","location":"0;3","type":"4","inputTransform":"S:X[\" \" X=+X_$P(X,\" \",2) S:\"MG\"[$E(X,$L(+X)+1) X=+X_$E(X,$L(+X)+1) S:X[\"M\" X=+X_\"ML\" K:($L(+X)>10)!($L(X)<1)!(+X>9999)!(+X<0)!(\"MLG\"'[$E(X,$L(X))) X","description":{"fmId":"-1","fmType":"5","type":"typed-literal","datatype":"http://www.w3.org/1999/02/22-rdf-syntax-ns#XMLLiteral","value":"This is the number of ml's or grams of product contained in the\rdispensing unit. For products which require reconstitution\rwith water, it is the number of ml's after reconstitution."}},{"number":"3","flags":"RNJ7,2","name":"KCAL/ML","location":"0;4","type":"2","inputTransform":"K:+X'=X!(X>1000)!(X<.1)!(X?.E1\".\"3N.N) X","description":{"fmId":"-1","fmType":"5","type":"typed-literal","datatype":"http://www.w3.org/1999/02/22-rdf-syntax-ns#XMLLiteral","value":"This field contains the number of KiloCalories per ml of\rproduct."}},{"number":"5","flags":"CJ8,2","name":"COST","type":"6","computation":"X ^DD(118.2,5,9.2) S X=$P(Y(118.2,5,101),U,13) S D0=Y(118.2,5,80) S X=$J(X,0,2)","description":{"fmId":"-1","fmType":"5","type":"typed-literal","datatype":"http://www.w3.org/1999/02/22-rdf-syntax-ns#XMLLiteral","value":"This is the portion cost of the tubefeeding and is a\rcomputed field which obtains the value from the recipe file based\rupon the 'Corresponding Recipe' pointer."}},{"number":"10","flags":"118.21","name":"SYNONYM","location":"1;0","type":"9","details":"118.21","description":{"fmId":"-1","fmType":"5","type":"typed-literal","datatype":"http://www.w3.org/1999/02/22-rdf-syntax-ns#XMLLiteral","value":"This multiple contains alternate names or synonyms for the\rproduct. These names should include any names commonly known\ror used by ward/medical personnel."}},{"number":"11","flags":"P114'","name":"CORRESPONDING RECIPE","location":"0;7","type":"7","details":"114","description":{"fmId":"-1","fmType":"5","type":"typed-literal","datatype":"http://www.w3.org/1999/02/22-rdf-syntax-ns#XMLLiteral","value":"This field is a pointer to the recipe in file 114 (the Recipe file)\rwhich contains the ingredients for this feeding. Cost and other data\rfor this feeding will be retrieved from the recipe file."}},{"number":"99","flags":"S","name":"INACTIVE?","location":"I;1","type":"3","details":"Y:YES;N:NO;","description":{"fmId":"-1","fmType":"5","type":"typed-literal","datatype":"http://www.w3.org/1999/02/22-rdf-syntax-ns#XMLLiteral","value":"This field, if answered YES, prohibits further selection of\rthis item by ward or dietetic personnel."}}],"fmql":{"OP":"DESCRIBE TYPE","TYPE":"118_2","TYPELABEL":"TUBEFEEDING"}}