{"fields": [{"index": "B", "name": "qualifier", "description": {"datatype": "http://www.w3.org/1999/02/22-rdf-syntax-ns#XMLLiteral", "fmType": "5", "fmId": "-1", "value": "This field contains the name of the qualifier associated with\rthis measurement.", "type": "typed-literal"}, "number": ".01", "flags": "M*P120.52'X", "location": "0;1", "type": "7", "details": "120.52"}], "fmql": {"TYPELABEL": "QUALIFIER", "TYPE": "120_505", "OP": "DESCRIBE TYPE"}, "name": "QUALIFIER", "parent": "120.5", "number": "120.505"}