{"name":"DIVISION","number":"104.22","parent":"104.2","fields":[{"number":".01","flags":"RP104'","name":"DIVISION","location":"0;1","index":"B","type":"7","details":"104","description":{"fmId":"-1","fmType":"5","type":"typed-literal","datatype":"http://www.w3.org/1999/02/22-rdf-syntax-ns#XMLLiteral","value":"This is the site the parameters are defined for."}},{"number":"1","flags":"NJ5,0","name":"HISTORICAL DAYS","location":"0;2","type":"2","inputTransform":"K:+X'=X!(X>10000)!(X<1)!(X?.E1\".\"1N.N) X","description":{"fmId":"-1","fmType":"5","type":"typed-literal","datatype":"http://www.w3.org/1999/02/22-rdf-syntax-ns#XMLLiteral","value":"The number of historical days to display on the isolation report. Answer \rmust be in days (365 = 12 mos or 1 year; 28 = 4 weeks; 90 = quarter)."}}],"fmql":{"OP":"DESCRIBE TYPE","TYPE":"104_22","TYPELABEL":"DIVISION"}}