{"name":"REQUEST PROCESSING ACTIVITY","number":"123.02","parent":"123","fields":[{"number":".01","flags":"RDX","name":"DATE/TIME OF ACTION ENTRY","location":"0;1","index":"B","type":"1","inputTransform":"S %DT=\"ESTX\" D ^%DT S X=Y K:Y<1 X","description":{"fmId":"-1","fmType":"5","type":"typed-literal","datatype":"http://www.w3.org/1999/02/22-rdf-syntax-ns#XMLLiteral","value":"This is the actual date and time the activity tracking update was added\rto the REQUEST PROCESSING ACTIVITY multiple."}},{"number":".21","flags":"F","name":"REMOTE ENTERING PERSON","location":"2;1","type":"4","inputTransform":"K:$L(X)>64!($L(X)<2) X","description":{"fmId":"-1","fmType":"5","type":"typed-literal","datatype":"http://www.w3.org/1999/02/22-rdf-syntax-ns#XMLLiteral","value":"This is the free text name of the individual that entered this activity \rat the facility referenced in the ROUTING FACILITY field. \r \rThis field will only be popluated for activities entered on a remote \rVistA system for an inter-facility consult. "}},{"number":".22","flags":"F","name":"REMOTE RESPONSIBLE PERSON","location":"2;2","type":"4","inputTransform":"K:$L(X)>64!($L(X)<2) X","description":{"fmId":"-1","fmType":"5","type":"typed-literal","datatype":"http://www.w3.org/1999/02/22-rdf-syntax-ns#XMLLiteral","value":"This is the free text name of the individual that is responsible for this \ractivity at the facility referenced in the ROUTING FACILITY field.\r \rThis field will only be popluated for activities entered on a remote\rVistA system for an inter-facility consult.         "}},{"number":".23","flags":"F","name":"REMOTE ACTIVITY TIME ZONE","location":"2;3","type":"4","inputTransform":"K:$L(X)>3!($L(X)<3) X","description":{"fmId":"-1","fmType":"5","type":"typed-literal","datatype":"http://www.w3.org/1999/02/22-rdf-syntax-ns#XMLLiteral","value":"This is the short representation of the time zone in which this activity \rtook place.  When an inter-facility consult update message is generated at\ra remote facility, the current MAILMAN TIME ZONE at that facility is sent \rwith the message and stored in this field."}},{"number":".24","flags":"F","name":"REMOTE RESULT","location":"2;4","type":"4","inputTransform":"K:$L(X)>60!($L(X)<2) X","description":{"fmId":"-1","fmType":"5","type":"typed-literal","datatype":"http://www.w3.org/1999/02/22-rdf-syntax-ns#XMLLiteral","value":"This field will contain a reference to a  result stored on a remote\rVistA system. \r \rResult will be in form: \r  ien;source file of result;institution ien where result resides"}},{"number":".25","flags":"D","name":"REMOTE DATE/TIME OF FILING","location":"2;5","type":"1","inputTransform":"S %DT=\"ESTX\" D ^%DT S X=Y K:Y<1 X","description":{"fmId":"-1","fmType":"5","type":"typed-literal","datatype":"http://www.w3.org/1999/02/22-rdf-syntax-ns#XMLLiteral","value":"This field will hold the date/time this particular activity was filed at \rthe remote facility.  This field will be used in conjunction with the \rDATE/TIME OF ACTUAL ACTIVITY field to detect and reject the filing of \rduplicate activities."}},{"number":".31","flags":"F","name":"PREVIOUS REMOTE SERVICE NAME","location":"3;1","type":"4","inputTransform":"K:$L(X)>63!($L(X)<3) X","description":{"fmId":"-1","fmType":"5","type":"typed-literal","datatype":"http://www.w3.org/1999/02/22-rdf-syntax-ns#XMLLiteral","value":"This field holds the name of the service that the inter-facility consult\rwas was directed to at the remote site prior to being forwarded."}},{"number":"1","flags":"P123.1'","name":"ACTIVITY","location":"0;2","type":"7","details":"123.1","description":{"fmId":"-1","fmType":"5","type":"typed-literal","datatype":"http://www.w3.org/1999/02/22-rdf-syntax-ns#XMLLiteral","value":"This is the activity that is being updated."}},{"number":"2","flags":"DX","name":"DATE/TIME OF ACTUAL ACTIVITY","location":"0;3","type":"1","inputTransform":"S %DT=\"ETXS\",%DT(0)=\"-NOW\" D ^%DT K %DT(0) S X=Y K:Y<1 X","description":{"fmId":"-1","fmType":"5","type":"typed-literal","datatype":"http://www.w3.org/1999/02/22-rdf-syntax-ns#XMLLiteral","value":"The Date and time the actual activity was done.  This may be different \rthan the DATE/TIME OF ACTION ENTRY for certain actions."}},{"number":"3","flags":"RP200'","name":"WHO'S RESPONSIBLE FOR ACTIVITY","location":"0;4","type":"7","details":"200","description":{"fmId":"-1","fmType":"5","type":"typed-literal","datatype":"http://www.w3.org/1999/02/22-rdf-syntax-ns#XMLLiteral","value":"The clinician or service person responsible for the activity."}},{"number":"4","flags":"RP200'","name":"WHO ENTERED ACTIVITY","location":"0;5","type":"7","details":"200"},{"number":"5","flags":"123.25","name":"COMMENT","location":"1;0","type":"5","description":{"fmId":"-1","fmType":"5","type":"typed-literal","datatype":"http://www.w3.org/1999/02/22-rdf-syntax-ns#XMLLiteral","value":"A comment may be added here which would be associated with the Action\rType selected at the \"Select Action: \" prompt."}},{"number":"6","flags":"P123.5'","name":"FORWARDED FROM","location":"0;6","type":"7","details":"123.5","description":{"fmId":"-1","fmType":"5","type":"typed-literal","datatype":"http://www.w3.org/1999/02/22-rdf-syntax-ns#XMLLiteral","value":"This is the Service which forwarded the Consult to the new TO SERVICE.\rIt is maintained for an audit trail."}},{"number":"7","flags":"P200'","name":"PREVIOUSLY ASSIGNED TO","location":"0;7","type":"7","details":"200","description":{"fmId":"-1","fmType":"5","type":"typed-literal","datatype":"http://www.w3.org/1999/02/22-rdf-syntax-ns#XMLLiteral","value":"This is the provider who was previously identified in the ATTENTION (#7) \rfield of the REQUEST/CONSULTATION (#123) file."}},{"number":"8","flags":"P3.5'","name":"PRINTED TO","location":"0;8","type":"7","details":"3.5","description":{"fmId":"-1","fmType":"5","type":"typed-literal","datatype":"http://www.w3.org/1999/02/22-rdf-syntax-ns#XMLLiteral","value":"This is the printer that the CONSULT FORM 513 was printed to upon the\rorders release from OE/RR or when the Consult/Request order is forwarded\rfrom one service to another."}},{"number":"9","flags":"V","name":"RESULT","location":"0;9","type":"8","details":"8925","description":{"fmId":"-1","fmType":"5","type":"typed-literal","datatype":"http://www.w3.org/1999/02/22-rdf-syntax-ns#XMLLiteral","value":"This is the result that was updated when this activity occurred."}},{"number":"10","flags":"S","name":"ACTION METHOD","location":"0;10","type":"3","details":"1:Consult Actions;2:Order Actions;3:GUI Actions;4:TIU Interface;","description":{"fmId":"-1","fmType":"5","type":"typed-literal","datatype":"http://www.w3.org/1999/02/22-rdf-syntax-ns#XMLLiteral","value":"The action method will identify how the user performed the action, from a\rconsults menu, Order entry menu, a GUI menu, or a TIU interface."}}],"fmql":{"OP":"DESCRIBE TYPE","TYPE":"123_02","TYPELABEL":"REQUEST PROCESSING ACTIVITY"}}