{"name":"STANDING ORDERS","number":"115.1626","parent":"115.016","fields":[{"number":".01","flags":"NJ4,0","name":"STANDING ORDERS","location":"0;1","type":"2","inputTransform":"K:+X'=X!(X>9999)!(X<1)!(X?.E1\".\"1N.N) X","description":{"fmId":"-1","fmType":"5","type":"typed-literal","datatype":"http://www.w3.org/1999/02/22-rdf-syntax-ns#XMLLiteral","value":"This field contains the sequence number of the outpatient standing order\rand has no meaning beyond that.  "}},{"number":"1","flags":"RP118.3'","name":"ORDER","location":"0;2","type":"7","details":"118.3","description":{"fmId":"-1","fmType":"5","type":"typed-literal","datatype":"http://www.w3.org/1999/02/22-rdf-syntax-ns#XMLLiteral","value":"This field contains the outpatient standing order from Standing Orders\rfile (#118.3)."}},{"number":"2","flags":"RFX","name":"MEALS","location":"0;3","type":"4","inputTransform":"S:$P(\"ALL\",X,1)=\"\" X=\"BNE\" S %=X,X=\"\" S:%[\"B\" X=\"B\" S:%[\"N\" X=X_\"N\" S:%[\"E\" X=X_\"E\" K:$L(%)'=$L(X) X K %","description":{"fmId":"-1","fmType":"5","type":"typed-literal","datatype":"http://www.w3.org/1999/02/22-rdf-syntax-ns#XMLLiteral","value":"This field contains the meals to which this outpatient standing\rorder is applicable."}},{"number":"3","flags":"RD","name":"DATE/TIME ORDERED","location":"0;4","type":"1","inputTransform":"S %DT=\"ETXR\" D ^%DT S X=Y K:Y<1 X","description":{"fmId":"-1","fmType":"5","type":"typed-literal","datatype":"http://www.w3.org/1999/02/22-rdf-syntax-ns#XMLLiteral","value":"This field contains the date/time at which the outpatient standing\rorder was entered.  "}},{"number":"4","flags":"RP200'","name":"ENTERING CLERK","location":"0;5","type":"7","details":"200","description":{"fmId":"-1","fmType":"5","type":"typed-literal","datatype":"http://www.w3.org/1999/02/22-rdf-syntax-ns#XMLLiteral","value":"This field contains the user who entered the outpatient\rstanding order and is automatically captured at the time of entry."}},{"number":"5","flags":"D","name":"DATE/TIME CANCELLED","location":"0;6","type":"1","inputTransform":"S %DT=\"ETXR\" D ^%DT S X=Y K:Y<1 X","description":{"fmId":"-1","fmType":"5","type":"typed-literal","datatype":"http://www.w3.org/1999/02/22-rdf-syntax-ns#XMLLiteral","value":"This field contains the date/time the outpatient standing order\rwas cancelled and is automatically captured at time of\rcancellation."}},{"number":"6","flags":"P200'","name":"CANCELLING CLERK","location":"0;7","type":"7","details":"200","description":{"fmId":"-1","fmType":"5","type":"typed-literal","datatype":"http://www.w3.org/1999/02/22-rdf-syntax-ns#XMLLiteral","value":"This field contains the user who entered the cancellation\rand is automatically captured at time of cancellation.  "}},{"number":"7","flags":"NJ1,0","name":"QUANTITY","location":"0;8","type":"2","inputTransform":"K:+X'=X!(X>9)!(X<1)!(X?.E1\".\"1N.N) X","description":{"fmId":"-1","fmType":"5","type":"typed-literal","datatype":"http://www.w3.org/1999/02/22-rdf-syntax-ns#XMLLiteral","value":"This is the quantity of the outpatient Standing Order."}},{"number":"8","flags":"S","name":"DIET ASSOCIATED?","location":"0;9","type":"3","details":"Y:YES;N:NO;","description":{"fmId":"-1","fmType":"5","type":"typed-literal","datatype":"http://www.w3.org/1999/02/22-rdf-syntax-ns#XMLLiteral","value":"This field, if answered Yes, means this Standing Order is associated\rwith a diet order else if answered No, means it is not.  "}}],"fmql":{"OP":"DESCRIBE TYPE","TYPE":"115_1626","TYPELABEL":"STANDING ORDERS"}}