{"fields": [{"name": "package_site_parameters", "description": {"datatype": "http://www.w3.org/1999/02/22-rdf-syntax-ns#XMLLiteral", "fmType": "5", "fmId": "-1", "value": "This field is a pointer to the PACKAGE file and is used to define\rpackage parameters at the site.", "type": "typed-literal"}, "number": ".01", "flags": "MP9.4'X", "details": "9.4", "type": "7", "location": "0;1"}, {"name": "on", "description": {"datatype": "http://www.w3.org/1999/02/22-rdf-syntax-ns#XMLLiteral", "fmType": "5", "fmId": "-1", "value": "This field is used to turn on or off order entry for a given package.\rIf turned off, the OE/RR routines will not create new entries in File\r100 for this package.\r \rOnce a package is turned on, it should be left on to keep the ancillary\rpackage and the OE/RR package concurrent.", "type": "typed-literal"}, "number": ".02", "flags": "S", "details": "0:NO;1:YES;", "type": "3", "location": "0;2"}, {"name": "ward_label_format", "description": {"datatype": "http://www.w3.org/1999/02/22-rdf-syntax-ns#XMLLiteral", "fmType": "5", "fmId": "-1", "value": "This is the label format to be used when printing labels for this\rpackage.", "type": "typed-literal"}, "number": ".03", "flags": "P100.23'", "details": "100.23", "type": "7", "location": "0;3"}, {"name": "ward_requisition_format", "description": {"datatype": "http://www.w3.org/1999/02/22-rdf-syntax-ns#XMLLiteral", "fmType": "5", "fmId": "-1", "value": "This is the requisition format to be used when printing requisitions\rfor this package.", "type": "typed-literal"}, "number": ".04", "flags": "P100.23'", "details": "100.23", "type": "7", "location": "0;4"}, {"name": "service_copy_default_device", "description": {"datatype": "http://www.w3.org/1999/02/22-rdf-syntax-ns#XMLLiteral", "fmType": "5", "fmId": "-1", "value": "This is the printer that is to be used when printing order copies\rto the service for this package.  NOTE:  If SERVICE COPY PRINT DEVICE(s)\rare defined in the HOSPITAL SITE multiple for this package, then copies \rwill be printed to THOSE devices, overriding the DEFAULT.", "type": "typed-literal"}, "number": ".05", "flags": "P3.5'", "details": "3.5", "type": "7", "location": "0;5"}, {"name": "service_copy_format", "description": {"datatype": "http://www.w3.org/1999/02/22-rdf-syntax-ns#XMLLiteral", "fmType": "5", "fmId": "-1", "value": "This is the format to be used when printing order copies to the\rservice for this package.", "type": "typed-literal"}, "number": ".06", "flags": "P100.23'", "details": "100.23", "type": "7", "location": "0;6"}, {"name": "service_copy_header", "description": {"datatype": "http://www.w3.org/1999/02/22-rdf-syntax-ns#XMLLiteral", "fmType": "5", "fmId": "-1", "value": "This is the format to be used for the header portion of the order \rcopy to the service for this package.", "type": "typed-literal"}, "number": ".07", "flags": "P100.23'", "details": "100.23", "type": "7", "location": "0;7"}, {"name": "service_copy_footer", "description": {"datatype": "http://www.w3.org/1999/02/22-rdf-syntax-ns#XMLLiteral", "fmType": "5", "fmId": "-1", "value": "This is the format to be used for the footer portion of the order\rcopy to the service for this package.", "type": "typed-literal"}, "number": ".08", "flags": "P100.23'", "details": "100.23", "type": "7", "location": "0;8"}, {"name": "hospital_site", "description": {"datatype": "http://www.w3.org/1999/02/22-rdf-syntax-ns#XMLLiteral", "fmType": "5", "fmId": "-1", "value": "This multiple allows each package to have multiple service copy print\rdevices.  Such a model is often necessary at multidivisional sites, or\rfor DHCP packages which serve multiple hospital services.", "type": "typed-literal"}, "number": "1", "flags": "100.99011P", "details": "100.99011", "type": "9", "location": "1;0"}], "fmql": {"TYPELABEL": "PACKAGE SITE PARAMETERS", "TYPE": "100_9901", "OP": "DESCRIBE TYPE"}, "name": "PACKAGE SITE PARAMETERS", "parent": "100.99", "number": "100.9901"}