{"fields": [{"index": "B", "name": "included_topography", "description": {"datatype": "http://www.w3.org/1999/02/22-rdf-syntax-ns#XMLLiteral", "fmType": "5", "fmId": "-1", "value": "This determines what Topography to screen for. Select the appropriate \rTopography to include in the extract.", "type": "typed-literal"}, "number": ".01", "flags": "MP61'", "location": "0;1", "type": "7", "details": "61"}], "fmql": {"TYPELABEL": "INCLUDED SITES", "TYPE": "104_103", "OP": "DESCRIBE TYPE"}, "name": "INCLUDED SITES", "parent": "104.1", "number": "104.103"}