{"name":"HEALTH SUMMARY OBJECTS","number":"142.5","location":"^GMT(142.5,","count":"8","lastIEN":"5","description":{"fmId":"-1","fmType":"5","type":"typed-literal","datatype":"http://www.w3.org/1999/02/22-rdf-syntax-ns#XMLLiteral","value":"This file contains Health Summary Types that are to be embedded into another \rdocument as an object.  The bulk of this file is made up of display flags \rwhich control how the object is to be embedded into the other document."},"version":"2.7","vpackage":"GMTS","fields":[{"number":".01","flags":"RF","name":"NAME","location":"0;1","index":"B","type":"4","inputTransform":"K:$L(X)>60!($L(X)<3) X","description":{"fmId":"-1","fmType":"5","type":"typed-literal","datatype":"http://www.w3.org/1999/02/22-rdf-syntax-ns#XMLLiteral","value":"This is the name of the Health Summary Object to be embedded in another \rdocument."}},{"number":".02","flags":"F","name":"OBJECT LABEL","location":"0;2","type":"4","inputTransform":"K:$L(X)>60!($L(X)<3) X","description":{"fmId":"-1","fmType":"5","type":"typed-literal","datatype":"http://www.w3.org/1999/02/22-rdf-syntax-ns#XMLLiteral","value":"This is a string of text, 3 to 79 characters in length, that will precede \rthe object embedded in another document to identify the object that follows."}},{"number":".03","flags":"RP142'","name":"HEALTH SUMMARY TYPE","location":"0;3","index":"AC","type":"7","details":"142","description":{"fmId":"-1","fmType":"5","type":"typed-literal","datatype":"http://www.w3.org/1999/02/22-rdf-syntax-ns#XMLLiteral","value":"This is a pointer to the Health Summary Type that will be imbedded as an \robject into another document."}},{"number":".04","flags":"FX","name":"REPORT PERIOD","location":"0;4","type":"4","inputTransform":"K:$L(X)>5!($L(X)<2) X S:$D(X) X=$$TIM^GMTSOBT(X) K:'$L($G(X)) X","description":{"fmId":"-1","fmType":"5","type":"typed-literal","datatype":"http://www.w3.org/1999/02/22-rdf-syntax-ns#XMLLiteral","value":"This is a pointer to the Health Summary Type that will be imbedded as an \robject into another document.\relements may be excluded depending on how exclusion fields in this file are \rset."}},{"number":".05","flags":"S","name":"SUPPRESS COMPONENTS W/O DATA","location":"0;5","type":"3","details":"1:YES;0:NO;","description":{"fmId":"-1","fmType":"5","type":"typed-literal","datatype":"http://www.w3.org/1999/02/22-rdf-syntax-ns#XMLLiteral","value":"If this field is set to 1 (YES) and a Health Summary component does not have \rany data, the component will be suppressed.  If this field is not set to 1 \r(YES) and the component does not have any data, then the component will \rprint with the statement \"No data available\"."}},{"number":".06","flags":"S","name":"SUPPRESS HEADER","location":"0;6","type":"3","details":"1:YES;0:NO;","description":{"fmId":"-1","fmType":"5","type":"typed-literal","datatype":"http://www.w3.org/1999/02/22-rdf-syntax-ns#XMLLiteral","value":"When this field is set to 1 (YES), Health Summary headers will be suppressed\rwhen printing as an object embedded in another document.  Individual data \relements may be excluded depending on how exclusion fields in this file are \rset."}},{"number":".07","flags":"S","name":"PRINT LABEL","location":"0;7","type":"3","details":"1:YES;0:NO;","description":{"fmId":"-1","fmType":"5","type":"typed-literal","datatype":"http://www.w3.org/1999/02/22-rdf-syntax-ns#XMLLiteral","value":"When this field is set to 1 (YES), the Health Summary Object Label will be\rprinted prior to printing the object.  When it is set to 0 (NO) the Health \rSummary Object Label will be ignored."}},{"number":".08","flags":"S","name":"PRINT BLANK LINE AFTER LABEL","location":"0;8","type":"3","details":"1:YES;0:NO;","description":{"fmId":"-1","fmType":"5","type":"typed-literal","datatype":"http://www.w3.org/1999/02/22-rdf-syntax-ns#XMLLiteral","value":"If there is a Label for the object and the Label is to be printed, then a\rblank line may be printed after the object label if this field is set to\r1 (YES)."}},{"number":".09","flags":"S","name":"PRINT REPORT DATE AND TIME","location":"0;9","type":"3","details":"1:YES;0:NO;","description":{"fmId":"-1","fmType":"5","type":"typed-literal","datatype":"http://www.w3.org/1999/02/22-rdf-syntax-ns#XMLLiteral","value":"When this field is set to 1 (YES), the Health Summary report date and time \rwill be printed as part of a Health Summary object embedded in another \rdocument, even if the Health Summary headers are to be suppressed."}},{"number":".1","flags":"S","name":"PRINT CONFIDENTIALITY BANNER","location":"0;10","type":"3","details":"1:YES;0:NO;","description":{"fmId":"-1","fmType":"5","type":"typed-literal","datatype":"http://www.w3.org/1999/02/22-rdf-syntax-ns#XMLLiteral","value":"When this field is set to 1 (YES), the Health Summary confidentiality banner \rwill be printed as part of a Health Summary object embedded in another \rdocument, even if the Health Summary headers are to be suppressed.\rsuppressed."}},{"number":".11","flags":"S","name":"PRINT REPORT HEADER","location":"0;11","type":"3","details":"1:YES;0:NO;","description":{"fmId":"-1","fmType":"5","type":"typed-literal","datatype":"http://www.w3.org/1999/02/22-rdf-syntax-ns#XMLLiteral","value":"When this field is set to 1 (YES), the Health Summary report header (and \raccompanying blank line) will be printed as part of a Health Summary object\rembedded in another document, even if the Health Summary headers are to be \rsuppressed."}},{"number":".12","flags":"S","name":"PRINT COMPONENT HEADER","location":"0;12","type":"3","details":"1:YES;0:NO;","description":{"fmId":"-1","fmType":"5","type":"typed-literal","datatype":"http://www.w3.org/1999/02/22-rdf-syntax-ns#XMLLiteral","value":"When this field is set to 1 (YES), the Health Summary component headers will\rbe printed as part of a Health Summary object embedded in another document, \reven if the Health Summary headers are to be suppressed.\rSummary headers are to be suppressed.  For this field to have any effect on \rthe display, the field \"PRINT COMPONENT HEADERS\" must also be set to 1\r(YES)."}},{"number":".13","flags":"S","name":"UNDERLINE COMPONENT HEADER","location":"0;13","type":"3","details":"1:YES;0:NO;","description":{"fmId":"-1","fmType":"5","type":"typed-literal","datatype":"http://www.w3.org/1999/02/22-rdf-syntax-ns#XMLLiteral","value":"When this field is set to 1 (YES), the a Component Header will be underlined \rwith a single dashed line.  For this field to have any effect on the display, \rthe field \"PRINT COMPONENT HEADERS\" must also be set to 1 (YES).  \r\rPN - Progress Notes \r-------------------\r<data> "}},{"number":".14","flags":"S","name":"PRINT TIME-OCCURRENCE LIMITS","location":"0;14","type":"3","details":"1:YES;0:NO;","description":{"fmId":"-1","fmType":"5","type":"typed-literal","datatype":"http://www.w3.org/1999/02/22-rdf-syntax-ns#XMLLiteral","value":"When this field is set to 1 (YES), the Health Summary report time and \roccurrence limits will be printed with the Component Header as part of a \rHealth Summary object embedded in another document, even if the Health \rSummary headers are to be suppressed.  For this field to have any effect on \rthe display, the field \"PRINT COMPONENT HEADERS\" must also be set to 1 (YES)"}},{"number":".15","flags":"S","name":"FORCE BLANK LINE","location":"0;15","type":"3","details":"1:YES;0:NO;","description":{"fmId":"-1","fmType":"5","type":"typed-literal","datatype":"http://www.w3.org/1999/02/22-rdf-syntax-ns#XMLLiteral","value":"When this field is set to 1 (YES), a blank line will be printed after \reach Component Header as part of a Health Summary object embedded in another \rdocument, even if the Health Summary headers are to be suppressed.  For this \rfield to have any effect on the display, the field \"PRINT COMPONENT HEADERS\"\rmust also be set to 1 (YES)."}},{"number":".16","flags":"S","name":"PRINT DECEASED INFORMATION","location":"0;16","type":"3","details":"1:YES;0:NO;","description":{"fmId":"-1","fmType":"5","type":"typed-literal","datatype":"http://www.w3.org/1999/02/22-rdf-syntax-ns#XMLLiteral","value":"The Health Summary has a conditional line of text that prints with each \rHealth Summary Header for patients who are deceased.  This conditional line \rcontains the word \"DECEASED\" and the date and time the patient died.  When \rthis field is set to 1 (YES), the conditional \"Deceased\" line will be \rprinted as part of a Health Summary object embedded in another document, \reven if the Health Summary headers are to be suppressed."}},{"number":".17","flags":"P200'","name":"CREATOR","location":"0;17","type":"7","details":"200","description":{"fmId":"-1","fmType":"5","type":"typed-literal","datatype":"http://www.w3.org/1999/02/22-rdf-syntax-ns#XMLLiteral","value":"The name of the individual who created the Health Summary object."}},{"number":".18","flags":"D","name":"DATE CREATED","location":"0;18","type":"1","inputTransform":"S %DT=\"ESTXR\" D ^%DT S X=Y K:3020101>X X","description":{"fmId":"-1","fmType":"5","type":"typed-literal","datatype":"http://www.w3.org/1999/02/22-rdf-syntax-ns#XMLLiteral","value":"This is the date the Object was created."}},{"number":".19","flags":"D","name":"DATE LAST MODIFIED","location":"0;19","type":"1","inputTransform":"S %DT=\"ESTXR\" D ^%DT S X=Y K:3020101>X X","description":{"fmId":"-1","fmType":"5","type":"typed-literal","datatype":"http://www.w3.org/1999/02/22-rdf-syntax-ns#XMLLiteral","value":"This is the date that this object was last modified."}},{"number":".2","flags":"S","name":"NATIONAL OBJECT","location":"0;20","type":"3","details":"1:YES;0:NO;","description":{"fmId":"-1","fmType":"5","type":"typed-literal","datatype":"http://www.w3.org/1999/02/22-rdf-syntax-ns#XMLLiteral","value":"This field is a flag to indicate an object as being a nationally released \robject."}},{"number":"1","flags":"142.51","name":"OBJECT DESCRIPTION","location":"1;0","type":"5"},{"number":"2","flags":"F","name":"OVERWRITE NO DATA","location":"2;1","type":"4","inputTransform":"K:$L(X)>60!($L(X)<3) X","description":{"fmId":"-1","fmType":"5","type":"typed-literal","datatype":"http://www.w3.org/1999/02/22-rdf-syntax-ns#XMLLiteral","value":"This field stores a site defined message. This message will replace the\rstandard No Data Available message when running a TIU/HS Object.\r"}}],"fmql":{"OP":"DESCRIBE TYPE","TYPE":"142_5","TYPELABEL":"HEALTH SUMMARY OBJECTS"}}