{"name":"FOOD PREFERENCES","number":"115.2","location":"^FH(115.2,","description":{"fmId":"-1","fmType":"5","type":"typed-literal","datatype":"http://www.w3.org/1999/02/22-rdf-syntax-ns#XMLLiteral","value":"This file contains the items which can be selected as patient\rpreference items. It contains both items which can be selected,\rsuch as coffee or tea, as well as food preferences (such as \rno liver) which will result in certain recipes being excluded\rfor the patient."},"version":"5.5","vpackage":"FH","fields":[{"number":".01","flags":"RF","name":"NAME","location":"0;1","index":"B","type":"4","inputTransform":"K:$L(X)>30!(X?.N)!($L(X)<3)!'(X'?1P.E) X","description":{"fmId":"-1","fmType":"5","type":"typed-literal","datatype":"http://www.w3.org/1999/02/22-rdf-syntax-ns#XMLLiteral","value":"This field contains the name of a selectable food preference, such\ras coffee or tea, or a generic preference, such as 'no liver'."}},{"number":"1","flags":"RS","name":"LIKE OR DISLIKE","location":"0;2","type":"3","details":"L:LIKE;D:DISLIKE;","description":{"fmId":"-1","fmType":"5","type":"typed-literal","datatype":"http://www.w3.org/1999/02/22-rdf-syntax-ns#XMLLiteral","value":"This field indicates whether the item is a selectable item or\ra food preference."}},{"number":"3","flags":"P114'","name":"RECIPE","location":"0;4","type":"7","details":"114","description":{"fmId":"-1","fmType":"5","type":"typed-literal","datatype":"http://www.w3.org/1999/02/22-rdf-syntax-ns#XMLLiteral","value":"In the case of a selectable item, this field points to the selection\rin the Recipe file (114)."}},{"number":"10","flags":"115.21P","name":"EXCLUDED RECIPES","location":"X;0","type":"9","details":"115.21","description":{"fmId":"-1","fmType":"5","type":"typed-literal","datatype":"http://www.w3.org/1999/02/22-rdf-syntax-ns#XMLLiteral","value":"In the case of a food preference, this multiple is the list of\rexcluded recipes contained in the Recipe file (114) which should\rNOT be served to the patient."}},{"number":"20","flags":"S","name":"BREAD/BEVERAGE DEFAULT?","location":"0;5","type":"3","details":"1:YES;0:NO;","description":{"fmId":"-1","fmType":"5","type":"typed-literal","datatype":"http://www.w3.org/1999/02/22-rdf-syntax-ns#XMLLiteral","value":"This field, if answered Yes, means this food preference is the standard\rdefault bread/beverage for the patients on the tray tickets else if\ranswered No, means it is not."}},{"number":"21","flags":"FX","name":"MEALS","location":"0;6","type":"4","inputTransform":"S:$P(\"ALL\",X,1)=\"\" X=\"BNE\" S %=X,X=\"\" S:%[\"B\" X=\"B\" S:%[\"N\" X=X_\"N\" S:%[\"E\" X=X_\"E\" K:$L(%)'=$L(X) X K %","description":{"fmId":"-1","fmType":"5","type":"typed-literal","datatype":"http://www.w3.org/1999/02/22-rdf-syntax-ns#XMLLiteral","value":"This field contains the meals (B N and E) for which this standard\rdefault food preference is applicable."}},{"number":"25","flags":"115.225P","name":"GMR ALLERGIES","location":"ALG;0","type":"9","details":"115.225"},{"number":"26","flags":"F","name":"SYNONYM","location":"0;3","index":"D","type":"4","inputTransform":"K:$L(X)>25!($L(X)<1) X","description":{"fmId":"-1","fmType":"5","type":"typed-literal","datatype":"http://www.w3.org/1999/02/22-rdf-syntax-ns#XMLLiteral","value":"This field may contain a synonym for the food preference name.\rThe synonym is generally terminology known and used by ward/medical \rpersonnel."}},{"number":"27","flags":"S","name":"EXCLUDE EMBEDDED RECIPES?","location":"0;7","type":"3","details":"Y:YES;N:NO;","description":{"fmId":"-1","fmType":"5","type":"typed-literal","datatype":"http://www.w3.org/1999/02/22-rdf-syntax-ns#XMLLiteral","value":"Set this field to YES if recipes embedded in the excluded recipes for \rthis food preference should be removed from tray tickets."}},{"number":"99","flags":"S","name":"INACTIVE?","location":"I;1","type":"3","details":"Y:YES;N:NO;","description":{"fmId":"-1","fmType":"5","type":"typed-literal","datatype":"http://www.w3.org/1999/02/22-rdf-syntax-ns#XMLLiteral","value":"This field, if answered YES, will prohibit further selection\rof this preference unless the FHMGR key is held."}}],"fmql":{"OP":"DESCRIBE TYPE","TYPE":"115_2","TYPELABEL":"FOOD PREFERENCES"}}