{"count": "0", "description": {"datatype": "http://www.w3.org/1999/02/22-rdf-syntax-ns#XMLLiteral", "fmType": "5", "fmId": "-1", "value": "A menu cycle consists of some specified number of days each day\rof which is associated with a breakfast, noon, and evening meal.\rAn effective date determines the start of the cycle and it will\rrepeat until the effective date of another menu cycle begins.", "type": "typed-literal"}, "fields": [{"index": "B", "name": "name", "number": ".01", "flags": "RF", "location": "0;1", "type": "4", "description": {"datatype": "http://www.w3.org/1999/02/22-rdf-syntax-ns#XMLLiteral", "fmType": "5", "fmId": "-1", "value": "This is the name of a menu cycle, and is often 'Summer\rcycle' or 'Winter cycle.'", "type": "typed-literal"}}, {"name": "day", "description": {"datatype": "http://www.w3.org/1999/02/22-rdf-syntax-ns#XMLLiteral", "fmType": "5", "fmId": "-1", "value": "This field contains the day number within the cycle and is\rtherefore 1 to the number of days in the cycle.", "type": "typed-literal"}, "number": "1", "flags": "116.01", "details": "116.01", "type": "9", "location": "DA;0"}, {"description": {"datatype": "http://www.w3.org/1999/02/22-rdf-syntax-ns#XMLLiteral", "fmType": "5", "fmId": "-1", "value": "This is the number of days in the cycle, after which it will\rrepeat. The day numbers in the Day Field (Field 1) should\rrun from 1 to this number.", "type": "typed-literal"}, "number": "2", "flags": "RNJ3,0", "location": "0;2", "type": "2", "name": "no_days_in_cycle"}, {"name": "effective_date", "description": {"datatype": "http://www.w3.org/1999/02/22-rdf-syntax-ns#XMLLiteral", "fmType": "5", "fmId": "-1", "value": "This multiple contains dates upon which this cycle will become\reffective and will continue until superceded by the effective\rdate of this or another cycle. The date becomes Day 1 of the\rselected cycle.", "type": "typed-literal"}, "number": "3", "flags": "116.02D", "details": "116.02", "type": "9", "location": "DT;0"}], "fmql": {"TYPELABEL": "MENU CYCLE", "TYPE": "116", "OP": "DESCRIBE TYPE"}, "number": "116", "location": "^FH(116,", "name": "MENU CYCLE"}