{"name":"PROBLEM SELECTION LIST","number":"125","location":"^GMPL(125,","description":{"fmId":"-1","fmType":"5","type":"typed-literal","datatype":"http://www.w3.org/1999/02/22-rdf-syntax-ns#XMLLiteral","value":"This file contains information defining lists of problems commonly seen\rby a particular clinic or user.  These lists will be presented as menus\rto select from, to facilitate adding new problems."},"version":"2.0","fields":[{"number":".01","flags":"RF","name":"NAME","location":"0;1","index":"B","type":"4","inputTransform":"K:$L(X)>30!(X?.N)!($L(X)<3)!'(X'?1P.E) X","description":{"fmId":"-1","fmType":"5","type":"typed-literal","datatype":"http://www.w3.org/1999/02/22-rdf-syntax-ns#XMLLiteral","value":"This is a free text name for the list; it should contain the name of\rthe clinic or user who will be the primary user(s) of this list, as this\rname will be used as an ID and a title."}},{"number":".02","flags":"D","name":"DATE LAST MODIFIED","location":"0;2","type":"1","inputTransform":"S %DT=\"ETX\" D ^%DT S X=Y K:Y<1 X","description":{"fmId":"-1","fmType":"5","type":"typed-literal","datatype":"http://www.w3.org/1999/02/22-rdf-syntax-ns#XMLLiteral","value":"This is the date[/time] this list was last changed in any way; this value\ris stuffed in by the Problem List pkg utilities that manage this file."}},{"number":".03","flags":"*P44'","name":"CLINIC","location":"0;3","index":"C","type":"7","details":"44","inputTransform":"S DIC(\"S\")=\"I $P(^(0),U,3)=\"\"C\"\"\" D ^DIC K DIC S DIC=DIE,X=+Y K:Y<0 X","description":{"fmId":"-1","fmType":"5","type":"typed-literal","datatype":"http://www.w3.org/1999/02/22-rdf-syntax-ns#XMLLiteral","value":"This is the clinic to be associated with this list.  This should be the\rprimary clinic in which this list will be used to populate patient\rproblem lists; when adding new problems for a patient from this clinic,\rthis list will automatically be presented to select problems from."}}],"fmql":{"OP":"DESCRIBE TYPE","TYPE":"125","TYPELABEL":"PROBLEM SELECTION LIST"}}