{"fields": [{"name": "operation", "description": {"datatype": "http://www.w3.org/1999/02/22-rdf-syntax-ns#XMLLiteral", "fmType": "5", "fmId": "-1", "value": "This is the CPT code corresponding to the principal operative procedure.\r ", "type": "typed-literal"}, "number": ".01", "flags": "P81'X", "details": "81", "type": "7", "location": "0;1"}, {"description": {"datatype": "http://www.w3.org/1999/02/22-rdf-syntax-ns#XMLLiteral", "fmType": "5", "fmId": "-1", "value": "This is the total number of minutes needed to perform all of the\roperative procedures with this CPT code.\r ", "type": "typed-literal"}, "number": "1", "flags": "NJ10,0", "location": "0;2", "type": "2", "name": "total_minutes"}, {"description": {"datatype": "http://www.w3.org/1999/02/22-rdf-syntax-ns#XMLLiteral", "fmType": "5", "fmId": "-1", "value": "This is the total number of times that this operative procedure was\rperformed.", "type": "typed-literal"}, "number": "2", "flags": "NJ7,0", "location": "0;3", "type": "2", "name": "total_operations"}], "fmql": {"TYPELABEL": "OPERATION", "TYPE": "131_251", "OP": "DESCRIBE TYPE"}, "name": "OPERATION", "parent": "131.25", "number": "131.251"}