{"name":"COMM OFFICE","number":"117.11","parent":"117.1","fields":[{"number":".01","flags":"P119.73'","name":"COMM OFFICE","location":"0;1","index":"B","type":"7","details":"119.73"},{"number":"2","flags":"NJ7,3","name":"DAILY FTEE","location":"0;2","type":"2","inputTransform":"K:+X'=X!(X>999)!(X<0)!(X?.E1\".\"4.N) X"},{"number":"3","flags":"NJ7,3","name":"CLINICAL FTEE","location":"0;3","type":"2","inputTransform":"K:+X'=X!(X>999)!(X<0)!(X?.E1\".\"4.N) X"},{"number":"4","flags":"NJ7,3","name":"ADMINISTRATIVE FTEE","location":"0;4","type":"2","inputTransform":"K:+X'=X!(X>999)!(X<0)!(X?.E1\".\"4.N) X"},{"number":"5","flags":"NJ7,3","name":"SUPPORT STAFF FTEE","location":"0;5","type":"2","inputTransform":"K:+X'=X!(X>999)!(X<0)!(X?.E1\".\"4.N) X"},{"number":"6","flags":"NJ7,3","name":"CFWS FTEE","location":"0;6","type":"2","inputTransform":"K:+X'=X!(X>999)!(X<0)!(X?.E1\".\"4.N) X"},{"number":"7","flags":"NJ7,2","name":"DAYS OFF HOURS","location":"0;7","type":"2","inputTransform":"K:+X'=X!(X>9999)!(X<0)!(X?.E1\".\"3.N) X"},{"number":"8","flags":"NJ6,2","name":"LWOP & AWOL HOURS","location":"0;8","type":"2","inputTransform":"K:+X'=X!(X>999)!(X<0)!(X?.E1\".\"3.N) X"},{"number":"9","flags":"NJ6,2","name":"OVERTIME HOURS","location":"0;9","type":"2","inputTransform":"K:+X'=X!(X>999)!(X<0)!(X?.E1\".\"3.N) X"},{"number":"10","flags":"NJ6,2","name":"UNSCHEDULED HOURS","location":"0;10","type":"2","inputTransform":"K:+X'=X!(X>999)!(X<0)!(X?.E1\".\"3.N) X"},{"number":"11","flags":"NJ6,2","name":"INTERMITTENT HOURS","location":"0;11","type":"2","inputTransform":"K:+X'=X!(X>999)!(X<0)!(X?.E1\".\"3.N) X"},{"number":"12","flags":"NJ6,2","name":"COP HOURS","location":"0;12","type":"2","inputTransform":"K:+X'=X!(X>999)!(X<0)!(X?.E1\".\"3.N) X"},{"number":"13","flags":"NJ6,2","name":"ANNUAL LEAVE HOURS","location":"0;13","type":"2","inputTransform":"K:+X'=X!(X>999)!(X<0)!(X?.E1\".\"3.N) X"},{"number":"14","flags":"NJ6,2","name":"SICK LEAVE HOURS","location":"0;14","type":"2","inputTransform":"K:+X'=X!(X>999)!(X<0)!(X?.E1\".\"3.N) X"},{"number":"15","flags":"NJ6,2","name":"OTHER LEAVE HOURS","location":"0;15","type":"2","inputTransform":"K:+X'=X!(X>999)!(X<0)!(X?.E1\".\"3.N) X"},{"number":"16","flags":"NJ6,2","name":"LOANED/UNION HOURS","location":"0;16","type":"2","inputTransform":"K:+X'=X!(X>999)!(X<0)!(X?.E1\".\"3.N) X"},{"number":"17","flags":"NJ6,2","name":"COMP. HOURS","location":"0;17","type":"2","inputTransform":"K:+X'=X!(X>999)!(X<0)!(X?.E1\".\"3.N) X"},{"number":"18","flags":"NJ6,2","name":"TRAINEE HOURS","location":"0;18","type":"2","inputTransform":"K:+X'=X!(X>999)!(X<0)!(X?.E1\".\"3.N) X"},{"number":"19","flags":"NJ6,2","name":"VOLUNTEER HOURS","location":"0;19","type":"2","inputTransform":"K:+X'=X!(X>999)!(X<0)!(X?.E1\".\"3.N) X"},{"number":"20","flags":"NJ6,2","name":"BORROWED HOURS","location":"0;20","type":"2","inputTransform":"K:+X'=X!(X>999)!(X<0)!(X?.E1\".\"3.N) X"}],"fmql":{"OP":"DESCRIBE TYPE","TYPE":"117_11","TYPELABEL":"COMM OFFICE"}}