{"count": "0", "description": {"datatype": "http://www.w3.org/1999/02/22-rdf-syntax-ns#XMLLiteral", "fmType": "5", "fmId": "-1", "value": "This file contains replacement fluids used during the operative procedure.\rIt is pointed to by the REPLACEMENT FLUIDS sub-file in the Surgery file.\rThe Surgery Replacement Fluids file is distributed with pre-supplied\rentries, however additions may be made to it.", "type": "typed-literal"}, "fields": [{"index": "B", "name": "name", "number": ".01", "flags": "RF", "location": "0;1", "type": "4", "description": {"datatype": "http://www.w3.org/1999/02/22-rdf-syntax-ns#XMLLiteral", "fmType": "5", "fmId": "-1", "value": "This is the name of the Surgery Replacement Fluid.\r ", "type": "typed-literal"}}, {"name": "inactive", "description": {"datatype": "http://www.w3.org/1999/02/22-rdf-syntax-ns#XMLLiteral", "fmType": "5", "fmId": "-1", "value": "Enter 'YES' to make this entry inactive and to prevent its selection and\ruse by users of the Surgery Package.", "type": "typed-literal"}, "number": "10", "flags": "S", "details": "1:YES;", "type": "3", "location": "0;2"}], "fmql": {"TYPELABEL": "SURGERY REPLACEMENT FLUIDS", "TYPE": "133_7", "OP": "DESCRIBE TYPE"}, "number": "133.7", "location": "^SRO(133.7,", "name": "SURGERY REPLACEMENT FLUIDS"}