{"name":"PACKAGE PARAMETERS","number":"100.995","parent":"100.99","fields":[{"number":".01","flags":"MP9.4'X","name":"PACKAGE PARAMETERS","location":"0;1","type":"7","details":"9.4","inputTransform":"S DINUM=X","description":{"fmId":"-1","fmType":"5","type":"typed-literal","datatype":"http://www.w3.org/1999/02/22-rdf-syntax-ns#XMLLiteral","value":"This is the package for which the parameters apply."}},{"number":"1","flags":"S","name":"*ON","location":"0;3","type":"3","details":"0:NO;1:YES;","description":{"fmId":"-1","fmType":"5","type":"typed-literal","datatype":"http://www.w3.org/1999/02/22-rdf-syntax-ns#XMLLiteral","value":"This field is no longer in use.   It has been moved to the PACKAGE\rSITE PARAMETERS multiple of this file."}},{"number":"1.1","flags":"P100.98'","name":"DISPLAY GROUP DEFAULT","location":"0;4","type":"7","details":"100.98","description":{"fmId":"-1","fmType":"5","type":"typed-literal","datatype":"http://www.w3.org/1999/02/22-rdf-syntax-ns#XMLLiteral","value":"This field is used as a default display group for orders created by\rthis package.  If the variable ORTO is not defined correctly when\rcreating the order, this default will be used.  This is ultimately used\rin reporting for grouping related orders via relationships found in \rthe DISPLAY GROUP file."}},{"number":"1.2","flags":"F","name":"EXPORT NAMESPACE","location":"0;2","type":"4","inputTransform":"K:$L(X)>8!($L(X)<2) X","description":{"fmId":"-1","fmType":"5","type":"typed-literal","datatype":"http://www.w3.org/1999/02/22-rdf-syntax-ns#XMLLiteral","value":"This field is used to define a namespace for exporting protocols from\rthe PROTOCOL file (101).  Any protocol name that begins with the\rnamespace entered in this field can be exported by running the routine\rORVOM.  The initialization routines created by ORVOM can then be run\rat the time of package initialization to set up these protocols."}},{"number":"2","flags":"KI","name":"TRANSACTION CODE","location":"2;E1,245","type":"10","inputTransform":"K:$L(X)>245 X D:$D(X) ^DIM","description":{"fmId":"-1","fmType":"5","type":"typed-literal","datatype":"http://www.w3.org/1999/02/22-rdf-syntax-ns#XMLLiteral","value":"If transaction based, this is the code executed for the package when the\ruser accepts the new orders."}},{"number":"3","flags":"KI","name":"SETUP ACTION","location":"3;E1,245","type":"10","inputTransform":"K:$L(X)>245 X D:$D(X) ^DIM","description":{"fmId":"-1","fmType":"5","type":"typed-literal","datatype":"http://www.w3.org/1999/02/22-rdf-syntax-ns#XMLLiteral","value":"This is the MUMPS code that is executed by OE/RR upon the first occurrence\rof a package's protocol after selecting a patient name for ordering."}},{"number":"4","flags":"KI","name":"CLEAN-UP ACTION","location":"4;E1,245","type":"10","inputTransform":"K:$L(X)>245 X D:$D(X) ^DIM","description":{"fmId":"-1","fmType":"5","type":"typed-literal","datatype":"http://www.w3.org/1999/02/22-rdf-syntax-ns#XMLLiteral","value":"This is the MUMPS code that is executed by OE/RR after a patient's orders\rhave been processed.\rOnly the CLEAN-UP ACTION for packages selected during a patient's\rordering session are executed."}},{"number":"5","flags":"100.9955","name":"PROTOCOL SET","location":"5;0","type":"9","details":"100.9955","description":{"fmId":"-1","fmType":"5","type":"typed-literal","datatype":"http://www.w3.org/1999/02/22-rdf-syntax-ns#XMLLiteral","value":"This set of fields is used by a clinical coordinator utility to define\rprotocols in the PROTOCOL file for specific procedures that are orderable\rfor ancillary services."}},{"number":"10","flags":"100.9951PA","name":"PROTOCOL TO EXPORT","location":"1;0","type":"9","details":"100.9951","description":{"fmId":"-1","fmType":"5","type":"typed-literal","datatype":"http://www.w3.org/1999/02/22-rdf-syntax-ns#XMLLiteral","value":"Protocols entered in this multiple will be exported with this package."}},{"number":"15","flags":"K","name":"PATIENT SELECT ACTION","location":"15;E1,245","type":"10","inputTransform":"K:$L(X)>245 X D:$D(X) ^DIM","description":{"fmId":"-1","fmType":"5","type":"typed-literal","datatype":"http://www.w3.org/1999/02/22-rdf-syntax-ns#XMLLiteral","value":"This is package specific code that is to be executed whenever the patient\ris selected for any action within order entry.  Be very careful what you\rput here!  It could have a significant impact on the responsiveness of the\rSelect Patient prompt.\r \rThe following variables can be expected when this field is executed.\rThese variables must not be changed:\r \r       ORVP - Variable pointer reference of patient\r "}}],"fmql":{"OP":"DESCRIBE TYPE","TYPE":"100_995","TYPELABEL":"PACKAGE PARAMETERS"}}