{"name":"REMOTE RESULTS","number":"123.051","parent":"123","fields":[{"number":".01","flags":"D","name":"REMOTE RESULT DATE","location":"0;1","index":"B","type":"1","inputTransform":"S %DT=\"ESTXR\" D ^%DT S X=Y K:X<1 X","description":{"fmId":"-1","fmType":"5","type":"typed-literal","datatype":"http://www.w3.org/1999/02/22-rdf-syntax-ns#XMLLiteral","value":"This is the date/time that a remote result was added to the record."}},{"number":".02","flags":"F","name":"REMOTE ASSOCIATED RESULT","location":"0;2","type":"4","inputTransform":"K:$L(X)>30!($L(X)<2) X","description":{"fmId":"-1","fmType":"5","type":"typed-literal","datatype":"http://www.w3.org/1999/02/22-rdf-syntax-ns#XMLLiteral","value":"This is the free text representation of a variable pointer from a remote \rfacility. The facility is referenced in the RESULTING SITE field. "}},{"number":".03","flags":"P4'","name":"RESULTING SITE","location":"0;3","type":"7","details":"4","description":{"fmId":"-1","fmType":"5","type":"typed-literal","datatype":"http://www.w3.org/1999/02/22-rdf-syntax-ns#XMLLiteral","value":"This field is a pointer to the INSTITUION file and contains the \rinstitution that stores the result referenced in the REMOTE ASSOCIATED \rRESULT FIELD."}}],"fmql":{"OP":"DESCRIBE TYPE","TYPE":"123_051","TYPELABEL":"REMOTE RESULTS"}}