{"name":"OPERATION","number":"131.251","parent":"131.25","fields":[{"number":".01","flags":"P81'X","name":"OPERATION","location":"0;1","type":"7","details":"81","inputTransform":"S DINUM=X Q","description":{"fmId":"-1","fmType":"5","type":"typed-literal","datatype":"http://www.w3.org/1999/02/22-rdf-syntax-ns#XMLLiteral","value":"This is the CPT code corresponding to the principal operative procedure.\r "}},{"number":"1","flags":"NJ10,0","name":"TOTAL MINUTES","location":"0;2","type":"2","inputTransform":"K:+X'=X!(X>9999999999)!(X<0)!(X?.E1\".\"1N.N) X","description":{"fmId":"-1","fmType":"5","type":"typed-literal","datatype":"http://www.w3.org/1999/02/22-rdf-syntax-ns#XMLLiteral","value":"This is the total number of minutes needed to perform all of the\roperative procedures with this CPT code.\r "}},{"number":"2","flags":"NJ7,0","name":"TOTAL OPERATIONS","location":"0;3","type":"2","inputTransform":"K:+X'=X!(X>9999999)!(X<0)!(X?.E1\".\"1N.N) X","description":{"fmId":"-1","fmType":"5","type":"typed-literal","datatype":"http://www.w3.org/1999/02/22-rdf-syntax-ns#XMLLiteral","value":"This is the total number of times that this operative procedure was\rperformed."}}],"fmql":{"OP":"DESCRIBE TYPE","TYPE":"131_251","TYPELABEL":"OPERATION"}}