{"name":"LOCATION(S) USING THE SUMMARY","number":"142.2","parent":"142","fields":[{"number":".01","flags":"MP44'","name":"LOCATION(S) USING THE SUMMARY","location":"0;1","index":"B","type":"7","details":"44","description":{"fmId":"-1","fmType":"5","type":"typed-literal","datatype":"http://www.w3.org/1999/02/22-rdf-syntax-ns#XMLLiteral","value":"Enter the name of the hospital location (ward or clinic) which is to have\rthis health summary type generated on a nightly basis to the device\rspecified below."}},{"number":".02","flags":"P3.5'","name":"DEVICE FOR NIGHTLY PRINT","location":"0;2","type":"7","details":"3.5","description":{"fmId":"-1","fmType":"5","type":"typed-literal","datatype":"http://www.w3.org/1999/02/22-rdf-syntax-ns#XMLLiteral","value":"Enter the name of the device on which the summaries for this location\rare to be queued to run each night. Preferably the printer nearest to\rthe specified location."}},{"number":".03","flags":"S","name":"PRINT ACTION PROFILE","location":"0;3","type":"3","details":"Y:yes;N:no;","description":{"fmId":"-1","fmType":"5","type":"typed-literal","datatype":"http://www.w3.org/1999/02/22-rdf-syntax-ns#XMLLiteral","value":"This flag will cause the scheduled option GMTS TASK STARTUP to queue the\rOUTPATIENT PHARMACY Action Profile \"in tandem\" with the Health Summary\rfor any location where the Health Summary may be queued to print."}},{"number":".04","flags":"NJ2,0","name":"PRINT DAYS AHEAD","location":"0;4","type":"2","inputTransform":"K:+X'=X!(X>10)!(X<0)!(X?.E1\".\"1N.N) X","description":{"fmId":"-1","fmType":"5","type":"typed-literal","datatype":"http://www.w3.org/1999/02/22-rdf-syntax-ns#XMLLiteral","value":"Determines the number of days prior to scheduled appointments you wish\rto have health summaries printed for a given clinic.  That is, if you\rwish to have summaries printed on the night before the patients are\rscheduled for clinic, enter 0.  If you wish them to be printed two days\rin advance of scheduled visits enter 2, etc."}}],"fmql":{"OP":"DESCRIBE TYPE","TYPE":"142_2","TYPELABEL":"LOCATION(S) USING THE SUMMARY"}}