{"count": "0", "description": {"datatype": "http://www.w3.org/1999/02/22-rdf-syntax-ns#XMLLiteral", "fmType": "5", "fmId": "-1", "value": "This file contains site-specific nutrition classifications used in\rnutrition assessment and screening.", "type": "typed-literal"}, "fields": [{"index": "B", "name": "name", "number": ".01", "flags": "RF", "location": "0;1", "type": "4", "description": {"datatype": "http://www.w3.org/1999/02/22-rdf-syntax-ns#XMLLiteral", "fmType": "5", "fmId": "-1", "value": "This field contains the name of a Dietetic Diagnosis.", "type": "typed-literal"}}, {"name": "inactive", "description": {"datatype": "http://www.w3.org/1999/02/22-rdf-syntax-ns#XMLLiteral", "fmType": "5", "fmId": "-1", "value": "This field, if answered YES, will prohibit further selection\rof this classification unless the FHMGR key is held.", "type": "typed-literal"}, "number": "99", "flags": "S", "details": "Y:YES;N:NO;", "type": "3", "location": "I;1"}, {"index": "C", "name": "uppercase_name", "number": "101", "flags": "F", "location": "0;2", "type": "4", "description": {"datatype": "http://www.w3.org/1999/02/22-rdf-syntax-ns#XMLLiteral", "fmType": "5", "fmId": "-1", "value": "This is the name of the entry in uppercase text.", "type": "typed-literal"}}], "fmql": {"TYPELABEL": "NUTRITION CLASSIFICATION", "TYPE": "115_3", "OP": "DESCRIBE TYPE"}, "number": "115.3", "location": "^FH(115.3,", "name": "NUTRITION CLASSIFICATION"}