{"name":"CPT EXCLUSIONS","number":"137","location":"^SRO(137,","count":"16505","lastIEN":"103470","description":{"fmId":"-1","fmType":"5","type":"typed-literal","datatype":"http://www.w3.org/1999/02/22-rdf-syntax-ns#XMLLiteral","value":"This file contains the VASQIP list of excluded CPT codes. Surgical cases\rcoded only with CPT codes from this list will not be assessed."},"version":"3.0","vpackage":"SR","fields":[{"number":".01","flags":"RP81'XI","name":"CPT CODE","location":"0;1","index":"B","type":"7","details":"81","inputTransform":"S DINUM=X","description":{"fmId":"-1","fmType":"5","type":"typed-literal","datatype":"http://www.w3.org/1999/02/22-rdf-syntax-ns#XMLLiteral","value":"This CPT code is on the list of VASQIP excluded CPT codes."}}],"fmql":{"OP":"DESCRIBE TYPE","TYPE":"137","TYPELABEL":"CPT EXCLUSIONS"}}