{"fields": [{"index": "AF", "name": "date_time_ordered", "number": ".01", "flags": "RD", "location": "0;1", "type": "1", "description": {"datatype": "http://www.w3.org/1999/02/22-rdf-syntax-ns#XMLLiteral", "fmType": "5", "fmId": "-1", "value": "This is the date/time this action was ordered.", "type": "typed-literal"}}, {"description": {"datatype": "http://www.w3.org/1999/02/22-rdf-syntax-ns#XMLLiteral", "fmType": "5", "fmId": "-1", "value": "This is the text of the order.", "type": "typed-literal"}, "number": ".1", "flags": "100.0081", "location": ".1;0", "type": "5", "name": "order_text"}, {"description": {"datatype": "http://www.w3.org/1999/02/22-rdf-syntax-ns#XMLLiteral", "fmType": "5", "fmId": "-1", "value": "This is the text of the order stored in external format.\rDO NOT EDIT THIS FIELD!  This field is used to create a Digital Signature.\rEditing this field will render the Digital Signature invalid and prevent\rthe order from being processed.", "type": "typed-literal"}, "number": ".2", "flags": "100.0082", "location": ".2;0", "type": "5", "name": "external_text"}, {"description": {"datatype": "http://www.w3.org/1999/02/22-rdf-syntax-ns#XMLLiteral", "fmType": "5", "fmId": "-1", "value": "This is the reason returned by the package why this action is being\rtaken or rejected.", "type": "typed-literal"}, "number": "1", "flags": "F", "location": "1;1", "type": "4", "name": "reason_for_action_reject"}, {"index": "C", "name": "action", "description": {"datatype": "http://www.w3.org/1999/02/22-rdf-syntax-ns#XMLLiteral", "fmType": "5", "fmId": "-1", "value": "This is the action being ordered.", "type": "typed-literal"}, "number": "2", "flags": "RS", "location": "0;2", "type": "3", "details": "NW:NEW;DC:DISCONTINUE;HD:HOLD;RL:RELEASE HOLD;XX:CHANGE;"}, {"name": "provider", "description": {"datatype": "http://www.w3.org/1999/02/22-rdf-syntax-ns#XMLLiteral", "fmType": "5", "fmId": "-1", "value": "This is the requestor of this order.", "type": "typed-literal"}, "number": "3", "flags": "P200'", "details": "200", "type": "7", "location": "0;3"}, {"name": "signature_status", "description": {"datatype": "http://www.w3.org/1999/02/22-rdf-syntax-ns#XMLLiteral", "fmType": "5", "fmId": "-1", "value": "This is the signature status of the order.  Entries with a null value\rin this field are assumed to have been entered through the back door\rvia specific package order entry options and do not require signature\runless so specified by the package.", "type": "typed-literal"}, "number": "4", "flags": "S", "details": "0:ON CHART w/written orders;1:ELECTRONIC;2:NOT SIGNED;3:NOT REQUIRED;4:ON CHART w/printed orders;5:NOT REQUIRED due to cancel/lapse;6:SERVICE CORRECTION to signed order;7:DIGITALLY SIGNED;8:ON PARENT order;", "type": "3", "location": "0;4"}, {"name": "signed_by", "description": {"datatype": "http://www.w3.org/1999/02/22-rdf-syntax-ns#XMLLiteral", "fmType": "5", "fmId": "-1", "value": "This is the user who entered his/her electronic signature code to\rauthenticate this order.  It will be replaced by an encryption of\rthe name and title of the signer, along with a checksum of the order\rtext, as soon as we figure out how to do that. :)", "type": "typed-literal"}, "number": "5", "flags": "*P200'", "details": "200", "type": "7", "location": "0;5"}, {"description": {"datatype": "http://www.w3.org/1999/02/22-rdf-syntax-ns#XMLLiteral", "fmType": "5", "fmId": "-1", "value": "This is the date/time that the order was electronically signed.", "type": "typed-literal"}, "number": "6", "flags": "D", "location": "0;6", "type": "1", "name": "date_time_signed"}, {"name": "signed_on_chart", "description": {"datatype": "http://www.w3.org/1999/02/22-rdf-syntax-ns#XMLLiteral", "fmType": "5", "fmId": "-1", "value": "This is the person who released an order based on a signature in the chart.", "type": "typed-literal"}, "number": "7", "flags": "P200'", "details": "200", "type": "7", "location": "0;7"}, {"name": "verifying_nurse", "description": {"datatype": "http://www.w3.org/1999/02/22-rdf-syntax-ns#XMLLiteral", "fmType": "5", "fmId": "-1", "value": "This is the nurse who acknowledged or verified the accuracy of this order.", "type": "typed-literal"}, "number": "8", "flags": "P200'", "details": "200", "type": "7", "location": "0;8"}, {"description": {"datatype": "http://www.w3.org/1999/02/22-rdf-syntax-ns#XMLLiteral", "fmType": "5", "fmId": "-1", "value": "This is the date/time that the order was acknowledged or verified by a\rnurse.", "type": "typed-literal"}, "number": "9", "flags": "D", "location": "0;9", "type": "1", "name": "date_time_nurse_verified"}, {"name": "verifying_clerk", "description": {"datatype": "http://www.w3.org/1999/02/22-rdf-syntax-ns#XMLLiteral", "fmType": "5", "fmId": "-1", "value": "This is the ward clerk who took off this order, if it was not transmitted\rdirectly to the service for action.", "type": "typed-literal"}, "number": "10", "flags": "P200'", "details": "200", "type": "7", "location": "0;10"}, {"description": {"datatype": "http://www.w3.org/1999/02/22-rdf-syntax-ns#XMLLiteral", "fmType": "5", "fmId": "-1", "value": "This is the date/time that the ward clerk took off this order.", "type": "typed-literal"}, "number": "11", "flags": "D", "location": "0;11", "type": "1", "name": "date_time_clerk_verified"}, {"name": "nature_of_order", "description": {"datatype": "http://www.w3.org/1999/02/22-rdf-syntax-ns#XMLLiteral", "fmType": "5", "fmId": "-1", "value": "This specifies the nature of the order or how it originated.", "type": "typed-literal"}, "number": "12", "flags": "*P100.02'", "details": "100.02", "type": "7", "location": "0;12"}, {"name": "entered_by", "description": {"datatype": "http://www.w3.org/1999/02/22-rdf-syntax-ns#XMLLiteral", "fmType": "5", "fmId": "-1", "value": "This is the user who entered the information about this order into the\rcomputer.", "type": "typed-literal"}, "number": "13", "flags": "P200'", "details": "200", "type": "7", "location": "0;13"}, {"description": {"datatype": "http://www.w3.org/1999/02/22-rdf-syntax-ns#XMLLiteral", "fmType": "5", "fmId": "-1", "value": "This field contains a reference to the Order Action entry containing\rthe text for this order.", "type": "typed-literal"}, "number": "14", "flags": "NJ3,0", "location": "0;14", "type": "2", "name": "text_reference"}, {"name": "release_status", "description": {"datatype": "http://www.w3.org/1999/02/22-rdf-syntax-ns#XMLLiteral", "fmType": "5", "fmId": "-1", "value": "This field tracks the status of the request for this action; this is NOT\rthe same as the order status.", "type": "typed-literal"}, "number": "15", "flags": "S", "details": "11:unreleased;10:pre-release;13:rejected;12:dc/edit;14:lapsed;", "type": "3", "location": "0;15"}, {"description": {"datatype": "http://www.w3.org/1999/02/22-rdf-syntax-ns#XMLLiteral", "fmType": "5", "fmId": "-1", "value": "This is the date/time the order was released to the service for action.", "type": "typed-literal"}, "number": "16", "flags": "D", "location": "0;16", "type": "1", "name": "release_date_time"}, {"name": "releasing_person", "description": {"datatype": "http://www.w3.org/1999/02/22-rdf-syntax-ns#XMLLiteral", "fmType": "5", "fmId": "-1", "value": "This is the person who released the order to the service for action.", "type": "typed-literal"}, "number": "17", "flags": "P200'", "details": "200", "type": "7", "location": "0;17"}, {"name": "chart_reviewed_by", "description": {"datatype": "http://www.w3.org/1999/02/22-rdf-syntax-ns#XMLLiteral", "fmType": "5", "fmId": "-1", "value": "This field contains the name of the user who performed the chart review\rthat included this order.", "type": "typed-literal"}, "number": "18", "flags": "P200'", "details": "200", "type": "7", "location": "0;18"}, {"description": {"datatype": "http://www.w3.org/1999/02/22-rdf-syntax-ns#XMLLiteral", "fmType": "5", "fmId": "-1", "value": "This field contains the date/time that a chart review was performed, that\rincluded this order.", "type": "typed-literal"}, "number": "19", "flags": "D", "location": "0;19", "type": "1", "name": "date_time_chart_reviewed"}, {"description": {"datatype": "http://www.w3.org/1999/02/22-rdf-syntax-ns#XMLLiteral", "fmType": "5", "fmId": "-1", "value": "This is the date/time the hold was or will be removed from this order; if\ra future date/time is entered at the time of holding the order, the hold\rwill be automatically removed when this date/time is reached.\r  \rIf this order is reinstated after being cancelled, this is the date/time\rthe cancel status was removed from this order.", "type": "typed-literal"}, "number": "21", "flags": "D", "location": "2;1", "type": "1", "name": "dc_hold_until"}, {"name": "dc_hold_released_by", "description": {"datatype": "http://www.w3.org/1999/02/22-rdf-syntax-ns#XMLLiteral", "fmType": "5", "fmId": "-1", "value": "This is the user who released the cancel or hold on this order.", "type": "typed-literal"}, "number": "22", "flags": "P200'", "details": "200", "type": "7", "location": "2;2"}, {"description": {"datatype": "http://www.w3.org/1999/02/22-rdf-syntax-ns#XMLLiteral", "fmType": "5", "fmId": "-1", "value": "This is the digital signature of the order.", "type": "typed-literal"}, "number": "23", "flags": "FI", "location": "2;3", "type": "4", "name": "digital_signature"}, {"description": {"datatype": "http://www.w3.org/1999/02/22-rdf-syntax-ns#XMLLiteral", "fmType": "5", "fmId": "-1", "value": " This is the CS FEDERAL SCHEDULE of the drug as defined in the National\r Drug file (VA PRODUCT #50.68).  Pharmacy package further refines the\r schedule to:\r   1    Sch. I Nar.\r   2    II\r   2n   II Non-Nar.\r   3    III\r   3n   III Non-Nar.\r   4    IV\r   5    V\r   0    other active drugs", "type": "typed-literal"}, "number": "24", "flags": "F", "location": "2;4", "type": "4", "name": "drug_schedule"}, {"name": "digital_signature_required", "description": {"datatype": "http://www.w3.org/1999/02/22-rdf-syntax-ns#XMLLiteral", "fmType": "5", "fmId": "-1", "value": "This field is set if a Digital Signature is required.", "type": "typed-literal"}, "number": "25", "flags": "S", "details": "0:NO;1:YES;", "type": "3", "location": "2;5"}, {"name": "flagged", "description": {"datatype": "http://www.w3.org/1999/02/22-rdf-syntax-ns#XMLLiteral", "fmType": "5", "fmId": "-1", "value": "This indicates that this order has been flagged.", "type": "typed-literal"}, "number": "31", "flags": "S", "details": "1:YES;0:NO;", "type": "3", "location": "3;1"}, {"name": "bulletin", "description": {"datatype": "http://www.w3.org/1999/02/22-rdf-syntax-ns#XMLLiteral", "fmType": "5", "fmId": "-1", "value": "This is the bulletin sent as a result of flagging this order.", "type": "typed-literal"}, "number": "32", "flags": "P3.9'", "details": "3.9", "type": "7", "location": "3;2"}, {"description": {"datatype": "http://www.w3.org/1999/02/22-rdf-syntax-ns#XMLLiteral", "fmType": "5", "fmId": "-1", "value": "This is the date/time when this order was flagged.", "type": "typed-literal"}, "number": "33", "flags": "D", "location": "3;3", "type": "1", "name": "date_time_flagged"}, {"name": "flagged_by", "description": {"datatype": "http://www.w3.org/1999/02/22-rdf-syntax-ns#XMLLiteral", "fmType": "5", "fmId": "-1", "value": "This is the user who flagged this order.", "type": "typed-literal"}, "number": "34", "flags": "P200'", "details": "200", "type": "7", "location": "3;4"}, {"description": {"datatype": "http://www.w3.org/1999/02/22-rdf-syntax-ns#XMLLiteral", "fmType": "5", "fmId": "-1", "value": "This is the reason this order was flagged; it will be included in the\rbulletin generated, as well as included in the text of this order until\rthis order is unflagged.", "type": "typed-literal"}, "number": "35", "flags": "F", "location": "3;5", "type": "4", "name": "reason_for_flag"}, {"description": {"datatype": "http://www.w3.org/1999/02/22-rdf-syntax-ns#XMLLiteral", "fmType": "5", "fmId": "-1", "value": "This is the date/time this order was unflagged.", "type": "typed-literal"}, "number": "36", "flags": "D", "location": "3;6", "type": "1", "name": "date_time_unflagged"}, {"name": "unflagged_by", "description": {"datatype": "http://www.w3.org/1999/02/22-rdf-syntax-ns#XMLLiteral", "fmType": "5", "fmId": "-1", "value": "This is the user who unflagged this order.", "type": "typed-literal"}, "number": "37", "flags": "P200'", "details": "200", "type": "7", "location": "3;7"}, {"description": {"datatype": "http://www.w3.org/1999/02/22-rdf-syntax-ns#XMLLiteral", "fmType": "5", "fmId": "-1", "value": "This is the reason for unflagging this order, usually a response to the\rreason for flag.", "type": "typed-literal"}, "number": "38", "flags": "F", "location": "3;8", "type": "4", "name": "reason_for_unflag"}, {"name": "alerted_provider", "description": {"datatype": "http://www.w3.org/1999/02/22-rdf-syntax-ns#XMLLiteral", "fmType": "5", "fmId": "-1", "value": "This is the user who was alerted to the flag.", "type": "typed-literal"}, "number": "39", "flags": "P200'", "details": "200", "type": "7", "location": "3;9"}, {"description": {"datatype": "http://www.w3.org/1999/02/22-rdf-syntax-ns#XMLLiteral", "fmType": "5", "fmId": "-1", "value": "This is where ward or clinic comments on orders are stored.", "type": "typed-literal"}, "number": "50", "flags": "100.0085", "location": "5;0", "type": "5", "name": "ward_comments"}, {"name": "chart_copy_printed", "description": {"datatype": "http://www.w3.org/1999/02/22-rdf-syntax-ns#XMLLiteral", "fmType": "5", "fmId": "-1", "value": "This field is set to YES when the chart copy has printed.", "type": "typed-literal"}, "number": "71", "flags": "S", "details": "0:NO;1:YES;", "type": "3", "location": "7;1"}, {"description": {"datatype": "http://www.w3.org/1999/02/22-rdf-syntax-ns#XMLLiteral", "fmType": "5", "fmId": "-1", "value": "This field stores the date/time the chart copy 1st printed.", "type": "typed-literal"}, "number": "72", "flags": "D", "location": "7;2", "type": "1", "name": "chart_copy_printed_when"}, {"name": "chart_copy_printed_by", "description": {"datatype": "http://www.w3.org/1999/02/22-rdf-syntax-ns#XMLLiteral", "fmType": "5", "fmId": "-1", "value": "This field contains the person signed on when the chart copy 1st printed.", "type": "typed-literal"}, "number": "73", "flags": "P200'", "details": "200", "type": "7", "location": "7;3"}, {"description": {"datatype": "http://www.w3.org/1999/02/22-rdf-syntax-ns#XMLLiteral", "fmType": "5", "fmId": "-1", "value": "This is the device that the chart copy was 1st sent to.", "type": "typed-literal"}, "number": "74", "flags": "F", "location": "7;4", "type": "4", "name": "chart_copy_printer"}], "fmql": {"TYPELABEL": "ORDER ACTIONS", "TYPE": "100_008", "OP": "DESCRIBE TYPE"}, "name": "ORDER ACTIONS", "parent": "100", "number": "100.008"}