{"name":"SERVICE","number":"131.704","parent":"131.703","fields":[{"number":".01","flags":"FI","name":"SERVICE","location":"0;1","index":"B","type":"4","inputTransform":"K:X[\"\"\"\"!($A(X)=45) X I $D(X) K:$L(X)>4!($L(X)<1) X","description":{"fmId":"-1","fmType":"5","type":"typed-literal","datatype":"http://www.w3.org/1999/02/22-rdf-syntax-ns#XMLLiteral","value":"This is the name of the service.\r "}},{"number":"1","flags":"131.705A","name":"START TIME","location":"1;0","type":"9","details":"131.705","description":{"fmId":"-1","fmType":"5","type":"typed-literal","datatype":"http://www.w3.org/1999/02/22-rdf-syntax-ns#XMLLiteral","value":"This is information related to the start time of this blockout.\r "}},{"number":"2","flags":"P200'","name":"SCHEDULED BY","location":"0;2","type":"7","details":"200","description":{"fmId":"-1","fmType":"5","type":"typed-literal","datatype":"http://www.w3.org/1999/02/22-rdf-syntax-ns#XMLLiteral","value":"This is the name of the person blocking out time on the display\rfor this operating room.\r "}}],"fmql":{"OP":"DESCRIBE TYPE","TYPE":"131_704","TYPELABEL":"SERVICE"}}