{"name":"USER","number":"100.212","parent":"100.21","fields":[{"number":".01","flags":"*P200'X","name":"USER","location":"0;1","type":"7","details":"200","inputTransform":"S DIC(\"S\")=\"I +($$ACTIVE^XUSER(Y))\" D ^DIC K DIC S DIC=DIE,X=+Y K:Y<0 X S:$G(X) DINUM=X","description":{"fmId":"-1","fmType":"5","type":"typed-literal","datatype":"http://www.w3.org/1999/02/22-rdf-syntax-ns#XMLLiteral","value":"This is a user that belongs to the list.  If the list is of type\rTEAM PATIENT or PERSONAL PATIENT, users on the list may receive clinical \rnotifications for patients also on the list."}},{"number":"1","flags":"D","name":"LAST DATE/TIME USED","location":"0;2","type":"1","inputTransform":"S %DT=\"ETR\" D ^%DT S X=Y K:Y<1 X","description":{"fmId":"-1","fmType":"5","type":"typed-literal","datatype":"http://www.w3.org/1999/02/22-rdf-syntax-ns#XMLLiteral","value":"This is the date/time that the user last used this list."}}],"fmql":{"OP":"DESCRIBE TYPE","TYPE":"100_212","TYPELABEL":"USER"}}