{"name":"CHILDREN","number":"100.002","parent":"100","fields":[{"number":".01","flags":"M*P100X","name":"CHILDREN","location":"0;1","type":"7","details":"100","inputTransform":"D ^DIC K DIC S DIC=DIE,X=+Y K:Y<0 X I $D(X) S DINUM=X","description":{"fmId":"-1","fmType":"5","type":"typed-literal","datatype":"http://www.w3.org/1999/02/22-rdf-syntax-ns#XMLLiteral","value":"These are the orders which compose this entry \rand have this entry in the Parent field."}}],"fmql":{"OP":"DESCRIBE TYPE","TYPE":"100_002","TYPELABEL":"CHILDREN"}}