{"fields": [{"index": "B", "name": "included_treating_specialties", "description": {"datatype": "http://www.w3.org/1999/02/22-rdf-syntax-ns#XMLLiteral", "fmType": "5", "fmId": "-1", "value": "This is a treating specialty that can satisfy this event; if defined,\rthen the patient's new specialty must match one in this list for any\rdelayed orders to be released.  A specialty may only be included in one\ractive delay event at a time.\r \rIf locations are also defined for this event then both the treating\rspecialty and the location must match for orders to be released.", "type": "typed-literal"}, "number": ".01", "flags": "M*P45.7'", "location": "0;1", "type": "7", "details": "45.7"}, {"index": "DEF", "name": "default", "number": "1", "flags": "*S", "location": "0;2", "type": "3", "details": "1:YES;"}], "fmql": {"TYPELABEL": "INCLUDED TREATING SPECIALTIES", "TYPE": "100_51", "OP": "DESCRIBE TYPE"}, "name": "INCLUDED TREATING SPECIALTIES", "parent": "100.5", "number": "100.51"}