{"fields": [{"index": "B", "name": "administrative_update_user", "description": {"datatype": "http://www.w3.org/1999/02/22-rdf-syntax-ns#XMLLiteral", "fmType": "5", "fmId": "-1", "value": "This multiple allows the administrative users for a service to be\ridentified.  Administrative users update actions may be different from the\rservice update users' actions.", "type": "typed-literal"}, "number": ".01", "flags": "M*P200'", "location": "0;1", "type": "7", "details": "200"}, {"name": "notification_recipient", "description": {"datatype": "http://www.w3.org/1999/02/22-rdf-syntax-ns#XMLLiteral", "fmType": "5", "fmId": "-1", "value": "This field, if set to YES will include this user in the list of\rnotification recipients for this service. ", "type": "typed-literal"}, "number": ".02", "flags": "S", "details": "1:YES;0:NO;", "type": "3", "location": "0;2"}], "fmql": {"TYPELABEL": "ADMINISTRATIVE UPDATE USERS", "TYPE": "123_555", "OP": "DESCRIBE TYPE"}, "name": "ADMINISTRATIVE UPDATE USERS", "parent": "123.5", "number": "123.555"}