{"fields": [{"index": "B", "name": "drug_name", "number": ".01", "flags": "F", "location": "0;1", "type": "4"}, {"name": "interacting_drug", "number": "1", "flags": "P50'", "details": "50", "type": "7", "location": "0;2"}, {"type": "4", "location": "0;3", "flags": "F", "number": "2", "name": "va_product_vuid"}, {"type": "2", "location": "0;4", "flags": "NJ9,0", "number": "3", "name": "gcnseqno"}], "fmql": {"TYPELABEL": "INTERACTING DRUGS", "TYPE": "100_51534", "OP": "DESCRIBE TYPE"}, "name": "INTERACTING DRUGS", "parent": "100.5153", "number": "100.51534"}