{"name":"INCLUDED DIVISIONS","number":"100.66","parent":"100.6","fields":[{"number":".01","flags":"MP4'X","name":"FROM DIVISION","location":"0;1","index":"B","type":"7","details":"4","inputTransform":"S:$G(X) DINUM=X","description":{"fmId":"-1","fmType":"5","type":"typed-literal","datatype":"http://www.w3.org/1999/02/22-rdf-syntax-ns#XMLLiteral","value":"This is a division that will cause this rule to be applied; if no\rspecialty change occurs with the transfer, then the patient must be \rmoving from this division for active orders to be discontinued."}}],"fmql":{"OP":"DESCRIBE TYPE","TYPE":"100_66","TYPELABEL":"INCLUDED DIVISIONS"}}