{"name":"TOTAL COST PER DIEM","number":"117.332","parent":"117.3","fields":[{"number":".01","flags":"NJ13,2","name":"830 REPORT OF COSTS","location":"0;1","index":"B","type":"2","inputTransform":"S:X[\"$\" X=$P(X,\"$\",2) K:X'?.N.1\".\".2N!(X>9999999999)!(X<0) X","description":{"fmId":"-1","fmType":"5","type":"typed-literal","datatype":"http://www.w3.org/1999/02/22-rdf-syntax-ns#XMLLiteral","value":"This field contains the cumulative fiscal year totals on the 830 Report."}},{"number":"1","flags":"NJ13,2","name":"TOTAL PERSONAL SERVICE","location":"0;2","type":"2","inputTransform":"S:X[\"$\" X=$P(X,\"$\",2) K:X'?.N.1\".\".2N!(X>9999999999)!(X<0) X","description":{"fmId":"-1","fmType":"5","type":"typed-literal","datatype":"http://www.w3.org/1999/02/22-rdf-syntax-ns#XMLLiteral","value":"This field contains the Total Personal Service."}},{"number":"2","flags":"NJ13,2","name":"PERSONAL SERVICE-TECH 1019","location":"0;3","type":"2","inputTransform":"S:X[\"$\" X=$P(X,\"$\",2) K:X'?.N.1\".\".2N!(X>9999999999)!(X<0) X","description":{"fmId":"-1","fmType":"5","type":"typed-literal","datatype":"http://www.w3.org/1999/02/22-rdf-syntax-ns#XMLLiteral","value":"This field contains the Technicians Cost of Personal Service."}},{"number":"3","flags":"NJ13,2","name":"PERSONAL SERVICE-DIETITNS 1018","location":"0;4","type":"2","inputTransform":"S:X[\"$\" X=$P(X,\"$\",2) K:X'?.N.1\".\".2N!(X>9999999999)!(X<0) X","description":{"fmId":"-1","fmType":"5","type":"typed-literal","datatype":"http://www.w3.org/1999/02/22-rdf-syntax-ns#XMLLiteral","value":"This field contains the Dietitians Cost of Personal Service."}},{"number":"4","flags":"NJ13,2","name":"PERSONAL SERVICE-WAGEBRD 1008","location":"0;5","type":"2","inputTransform":"S:X[\"$\" X=$P(X,\"$\",2) K:X'?.N.1\".\".2N!(X>9999999999)!(X<0) X","description":{"fmId":"-1","fmType":"5","type":"typed-literal","datatype":"http://www.w3.org/1999/02/22-rdf-syntax-ns#XMLLiteral","value":"This field contains the Wageboard Cost of Personal Service."}},{"number":"5","flags":"NJ13,2","name":"PERSONAL SERVICE-CLERICAL 1002","location":"0;6","type":"2","inputTransform":"S:X[\"$\" X=$P(X,\"$\",2) K:X'?.N.1\".\".2N!(X>9999999999)!(X<0) X","description":{"fmId":"-1","fmType":"5","type":"typed-literal","datatype":"http://www.w3.org/1999/02/22-rdf-syntax-ns#XMLLiteral","value":"This field contains the Clerical Cost of Personal Service."}},{"number":"6","flags":"NJ13,2","name":"SUBSISTENCE 2610","location":"0;7","type":"2","inputTransform":"S:X[\"$\" X=$P(X,\"$\",2) K:X'?.N.1\".\".2N!(X>9999999999)!(X<0) X","description":{"fmId":"-1","fmType":"5","type":"typed-literal","datatype":"http://www.w3.org/1999/02/22-rdf-syntax-ns#XMLLiteral","value":"This field contains the Subsistence Cost."}},{"number":"7","flags":"NJ13,2","name":"OPERATING SUPPLIES 2660","location":"0;8","type":"2","inputTransform":"S:X[\"$\" X=$P(X,\"$\",2) K:X'?.N.1\".\".2N!(X>9999999999)!(X<0) X","description":{"fmId":"-1","fmType":"5","type":"typed-literal","datatype":"http://www.w3.org/1999/02/22-rdf-syntax-ns#XMLLiteral","value":"This field contains the Operating Supplies Cost."}}],"fmql":{"OP":"DESCRIBE TYPE","TYPE":"117_332","TYPELABEL":"TOTAL COST PER DIEM"}}