{"name":"HEALTH SUMMARY PARAMETERS","number":"142.99","location":"^GMT(142.99,","description":{"fmId":"-1","fmType":"5","type":"typed-literal","datatype":"http://www.w3.org/1999/02/22-rdf-syntax-ns#XMLLiteral","value":"This file contains any site parameters which may apply to the Health\rSummary package."},"version":"2.7","vpackage":"GMTS","fields":[{"number":".01","flags":"RFX","name":"NAME","location":"0;1","index":"B","type":"4","inputTransform":"I $L(X)>30!(X?.N)!($L(X)<3)!'(X'?1P.E)!(X'=\"HOSPITAL\") K X W \"   NAME must be HOSPITAL.\"","description":{"fmId":"-1","fmType":"5","type":"typed-literal","datatype":"http://www.w3.org/1999/02/22-rdf-syntax-ns#XMLLiteral","value":"This is the name of the entry in the Health Summary parameters file.\rThe input transform will restrict entry to one record only, which must\rbe named \"HOSPITAL.\""}},{"number":".02","flags":"S","name":"PROMPT FOR ACTION PROFILE","location":"0;2","type":"3","details":"Y:yes;N:no;","description":{"fmId":"-1","fmType":"5","type":"typed-literal","datatype":"http://www.w3.org/1999/02/22-rdf-syntax-ns#XMLLiteral","value":"If this parameter is set to Y or YES, the user will be prompted to include\rthe Outpatient Pharmacy Action Profile when printing Health Summaries by\rlocation (both interactive and batch mode) and by patient."}},{"number":".03","flags":"S","name":"INCLUDE COMMENTS FOR LABS","location":"0;3","type":"3","details":"Y:yes;N:no;","description":{"fmId":"-1","fmType":"5","type":"typed-literal","datatype":"http://www.w3.org/1999/02/22-rdf-syntax-ns#XMLLiteral","value":"If this parameter is set to Y or YES, the Chemistry & Hematology, the Lab\rTests Selected and the Lab Cumulative Selected components will present\rcomments for results. For the Chemistry & Hematology and the Lab Tests\rSelected components the comments will be displayed immediately following\rthe results. For the Lab Cumulative Selected components a lower case\rletter will be displayed to the left of the date for entries with\rcomments. Comments will be displayed after all the results are displayed\rwith the comments being linked by the lower case letter. Up to 26 comments\rcan be included. \r \rIf blank, N or NO, the Chemistry & Hematology and the Lab Tests Selected\rcomponents will present the symbol \"!!\" next to tests which include\rcomments, and a footnote referring the user to the Lab Interim Report."}},{"number":".04","flags":"*P3.5'","name":"SPOOL DEVICE","location":"0;4","type":"7","details":"3.5","inputTransform":"S DIC(\"S\")=\"I $P($G(^(\"\"TYPE\"\")),U)=\"\"SPL\"\"\" D ^DIC K DIC S DIC=DIE,X=+Y K:Y<0 X","description":{"fmId":"-1","fmType":"5","type":"typed-literal","datatype":"http://www.w3.org/1999/02/22-rdf-syntax-ns#XMLLiteral","value":"This is the SPOOL DEVICE to which Health Summary output can be directed\rduring a PDX request for one or more Health Summary Components."}},{"number":".05","flags":"S","name":"INCLUDE BAR CODES ON ACT PROF","location":"0;5","type":"3","details":"Y:yes;N:no;","description":{"fmId":"-1","fmType":"5","type":"typed-literal","datatype":"http://www.w3.org/1999/02/22-rdf-syntax-ns#XMLLiteral","value":"If this parameter is set to YES or YES, Bar Codes will be included when\rOutpatient Pharmacy Action Profiles are printed from Health Summary."}},{"number":".06","flags":"V","name":"ERROR MESSAGE RECIPIENT","location":"0;6","type":"8","details":"200;3.8","description":{"fmId":"-1","fmType":"5","type":"typed-literal","datatype":"http://www.w3.org/1999/02/22-rdf-syntax-ns#XMLLiteral","value":"This is the user or mail group that will recieve error messages from the \rHealth Summary Package when they are sent.  Instances of when error \rmessages are sent would be when a tasked batch print job needs to exit \rwithout producing a report."}},{"number":".07","flags":"S","name":"SHORT HS BY LOC COVERS","location":"0;7","type":"3","details":"N:No;Y:Yes;","description":{"fmId":"-1","fmType":"5","type":"typed-literal","datatype":"http://www.w3.org/1999/02/22-rdf-syntax-ns#XMLLiteral","value":"This parameter is to be used in conjunction with the Hospital Location \rHealth Summary [GMTS HS BY LOC] report to shorten the cover page for each \rlocation.  When printing in standard Letter (8.5 x 11) format, the name \rof the hospital location is printed six times which results in an \roverflow onto the next page.  If this parameter is set to 'Y' the name \rwill only print one time, thus saving paper."}}],"fmql":{"OP":"DESCRIBE TYPE","TYPE":"142_99","TYPELABEL":"HEALTH SUMMARY PARAMETERS"}}