{"name":"PRIN ASSOC DIAGNOSIS","number":"130.275","parent":"130","fields":[{"number":".01","flags":"NJ5,0","name":"PRIN ASSOC DIAGNOSIS","location":"0;1","type":"2","inputTransform":"K:+X'=X!(X>99999)!(X<0)!(X?.E1\".\"1N.N) X","description":{"fmId":"-1","fmType":"5","type":"typed-literal","datatype":"http://www.w3.org/1999/02/22-rdf-syntax-ns#XMLLiteral","value":"This field holds the IEN of the associated diagnosis.  It is used to \rstore the Procedure/Diagnosis association data needed to create a clean \rclaim.  This field can only be changed via the Surgery menu."}}],"fmql":{"OP":"DESCRIBE TYPE","TYPE":"130_275","TYPELABEL":"PRIN ASSOC DIAGNOSIS"}}