{"fields": [{"index": "B", "name": "comm_office", "number": ".01", "flags": "P119.73'", "location": "0;1", "type": "7", "details": "119.73"}, {"type": "2", "location": "0;2", "flags": "NJ7,3", "number": "2", "name": "daily_ftee"}, {"type": "2", "location": "0;3", "flags": "NJ7,3", "number": "3", "name": "clinical_ftee"}, {"type": "2", "location": "0;4", "flags": "NJ7,3", "number": "4", "name": "administrative_ftee"}, {"type": "2", "location": "0;5", "flags": "NJ7,3", "number": "5", "name": "support_staff_ftee"}, {"type": "2", "location": "0;6", "flags": "NJ7,3", "number": "6", "name": "cfws_ftee"}, {"type": "2", "location": "0;7", "flags": "NJ7,2", "number": "7", "name": "days_off_hours"}, {"type": "2", "location": "0;8", "flags": "NJ6,2", "number": "8", "name": "lwop__awol_hours"}, {"type": "2", "location": "0;9", "flags": "NJ6,2", "number": "9", "name": "overtime_hours"}, {"type": "2", "location": "0;10", "flags": "NJ6,2", "number": "10", "name": "unscheduled_hours"}, {"type": "2", "location": "0;11", "flags": "NJ6,2", "number": "11", "name": "intermittent_hours"}, {"type": "2", "location": "0;12", "flags": "NJ6,2", "number": "12", "name": "cop_hours"}, {"type": "2", "location": "0;13", "flags": "NJ6,2", "number": "13", "name": "annual_leave_hours"}, {"type": "2", "location": "0;14", "flags": "NJ6,2", "number": "14", "name": "sick_leave_hours"}, {"type": "2", "location": "0;15", "flags": "NJ6,2", "number": "15", "name": "other_leave_hours"}, {"type": "2", "location": "0;16", "flags": "NJ6,2", "number": "16", "name": "loaned_union_hours"}, {"type": "2", "location": "0;17", "flags": "NJ6,2", "number": "17", "name": "comp_hours"}, {"type": "2", "location": "0;18", "flags": "NJ6,2", "number": "18", "name": "trainee_hours"}, {"type": "2", "location": "0;19", "flags": "NJ6,2", "number": "19", "name": "volunteer_hours"}, {"type": "2", "location": "0;20", "flags": "NJ6,2", "number": "20", "name": "borrowed_hours"}], "fmql": {"TYPELABEL": "COMM OFFICE", "TYPE": "117_11", "OP": "DESCRIBE TYPE"}, "name": "COMM OFFICE", "parent": "117.1", "number": "117.11"}