{"name":"RECIPE","number":"116.11","parent":"116.1","fields":[{"number":".01","flags":"MP114'","name":"RECIPE","location":"0;1","index":"B","type":"7","details":"114","description":{"fmId":"-1","fmType":"5","type":"typed-literal","datatype":"http://www.w3.org/1999/02/22-rdf-syntax-ns#XMLLiteral","value":"This is the recipe (File 114) which will be served."}},{"number":"1","flags":"RFX","name":"PRODUCTION DIETS","location":"0;2","type":"4","inputTransform":"K:$L(X)>200!($L(X)<2) X I $D(X) D EN2^FHPRC1","description":{"fmId":"-1","fmType":"5","type":"typed-literal","datatype":"http://www.w3.org/1999/02/22-rdf-syntax-ns#XMLLiteral","value":"This is a list of the production diets which will receive the\rrecipe. It is a syntactically complex field containing the\rproduction diet code and any specialized tray and cafeteria %'s\rassociated with that production diet."}},{"number":"2","flags":"116.112P","name":"POPULARITY","location":"D;0","type":"9","details":"116.112","description":{"fmId":"-1","fmType":"5","type":"typed-literal","datatype":"http://www.w3.org/1999/02/22-rdf-syntax-ns#XMLLiteral","value":"This mutiple contains popularity (or selection percentages) for\rtray and cafeteria for each Service Point."}},{"number":"3","flags":"RP114.1'","name":"CATEGORY","location":"0;3","type":"7","details":"114.1","description":{"fmId":"-1","fmType":"5","type":"typed-literal","datatype":"http://www.w3.org/1999/02/22-rdf-syntax-ns#XMLLiteral","value":"This is the Recipe Category (File 114.1) for this recipe in this meal."}},{"number":"10","flags":"116.12PA","name":"RECIPE CATEGORY","location":"R;0","type":"9","details":"116.12","description":{"fmId":"-1","fmType":"5","type":"typed-literal","datatype":"http://www.w3.org/1999/02/22-rdf-syntax-ns#XMLLiteral","value":"This is a list of different recipe categories which may\rcharacterize this recipe.  The multiple also contains the\rproduction diets to which this category applies."}}],"fmql":{"OP":"DESCRIBE TYPE","TYPE":"116_11","TYPELABEL":"RECIPE"}}