{"name":"RETURNED TO SURGERY","number":"130.43","parent":"130","fields":[{"number":".01","flags":"*P130'X","name":"RETURNED TO SURGERY","location":"0;1","index":"B","type":"7","details":"130","inputTransform":"S DIC(\"S\")=\"I $P(^(0),\"\"^\"\")=$P(^SRF(DA,0),\"\"^\"\")\" D ^DIC K DIC S DIC=DIE,X=+Y,DINUM=X K:Y<0 X","description":{"fmId":"-1","fmType":"5","type":"typed-literal","datatype":"http://www.w3.org/1999/02/22-rdf-syntax-ns#XMLLiteral","value":"This indicates the case number if the patient has been returned to\rsurgery within 30 days.\r "}},{"number":"1","flags":"S","name":"REASON","location":"0;2","type":"3","details":"R:RETREATMENT;C:COMPLICATION;N:NEW PROBLEM;","description":{"fmId":"-1","fmType":"5","type":"typed-literal","datatype":"http://www.w3.org/1999/02/22-rdf-syntax-ns#XMLLiteral","value":"This is the reason that the patient was returned to surgery.\r "}},{"number":"2","flags":"130.44","name":"RET TO SURGERY COMMENTS","location":"1;0","type":"5","description":{"fmId":"-1","fmType":"5","type":"typed-literal","datatype":"http://www.w3.org/1999/02/22-rdf-syntax-ns#XMLLiteral","value":"These are comments about the return to surgery which may be helpful\rin documentation of this case.\r "}},{"number":"3","flags":"S","name":"RELATED/UNRELATED","location":"0;3","type":"3","details":"U:UNRELATED TO THIS CASE;R:RELATED TO THIS CASE;","description":{"fmId":"-1","fmType":"5","type":"typed-literal","datatype":"http://www.w3.org/1999/02/22-rdf-syntax-ns#XMLLiteral","value":"This determines whether the return within 30 days is related to any\rof the operations performed in this case.  If so, enter 'R' for\r'RELATED'.  Otherwise, enter 'U' for 'UNRELATED'.\r "}}],"fmql":{"OP":"DESCRIBE TYPE","TYPE":"130_43","TYPELABEL":"RETURNED TO SURGERY"}}