{"name":"OTHER PROCEDURE CODES","number":"136.03","parent":"136","fields":[{"number":".01","flags":"*P81'OX","name":"OTHER PROCEDURE CODE","location":"0;1","type":"7","details":"81","inputTransform":"D IN^SROCPT0 S DIC(\"S\")=\"I $$ACTIV^SROCPT($S($D(SRTN):SRTN,$D(DA(1)):DA(1),1:\"\"\"\"),+Y)\" D ^DIC K DIC S DIC=DIE,X=+Y K:Y<0 X D:$D(X) KOMOD^SROMOD0","description":{"fmId":"-1","fmType":"5","type":"typed-literal","datatype":"http://www.w3.org/1999/02/22-rdf-syntax-ns#XMLLiteral","value":"This is the Current Procedural Terminology (CPT) code corresponding to\rthis operative procedure."}},{"number":"1","flags":"136.31P","name":"OTHER PROCEDURE CPT MODIFIERS","location":"1;0","type":"9","details":"136.31"},{"number":"2","flags":"136.32P","name":"OTHER ASSOCIATED DIAGNOSES","location":"2;0","type":"9","details":"136.32"}],"fmql":{"OP":"DESCRIBE TYPE","TYPE":"136_03","TYPELABEL":"OTHER PROCEDURE CODES"}}