{"fields": [{"index": "B", "name": "image", "description": {"datatype": "http://www.w3.org/1999/02/22-rdf-syntax-ns#XMLLiteral", "fmType": "5", "fmId": "-1", "value": "This field identifies an image in the IMAGE file (#2005) that is related\rto this case.", "type": "typed-literal"}, "number": ".01", "flags": "MP2005'", "location": "0;1", "type": "7", "details": "2005"}], "fmql": {"TYPELABEL": "IMAGE", "TYPE": "130_02005", "OP": "DESCRIBE TYPE"}, "name": "IMAGE", "parent": "130", "number": "130.02005"}