{"fields": [{"index": "B", "name": "synonym", "number": ".01", "flags": "MF", "location": "0;1", "type": "4", "description": {"datatype": "http://www.w3.org/1999/02/22-rdf-syntax-ns#XMLLiteral", "fmType": "5", "fmId": "-1", "value": "This field contains another name by which a user may choose this religion.\rEntry of either the name of the religion or one of the synonyms will cause\rthis religion to be selected.", "type": "typed-literal"}}], "fmql": {"TYPELABEL": "SYNONYM", "TYPE": "13_01", "OP": "DESCRIBE TYPE"}, "name": "SYNONYM", "parent": "13", "number": "13.01"}