{"count": "0", "description": {"datatype": "http://www.w3.org/1999/02/22-rdf-syntax-ns#XMLLiteral", "fmType": "5", "fmId": "-1", "value": "This file contains the various body sites to which the electroground\rmay be applied.", "type": "typed-literal"}, "fields": [{"index": "B", "name": "name", "number": ".01", "flags": "RF", "location": "0;1", "type": "4", "description": {"datatype": "http://www.w3.org/1999/02/22-rdf-syntax-ns#XMLLiteral", "fmType": "5", "fmId": "-1", "value": "This is the name of the Electroground Position.\r ", "type": "typed-literal"}}, {"index": "C", "name": "code", "number": "1", "flags": "F", "location": "0;2", "type": "4", "description": {"datatype": "http://www.w3.org/1999/02/22-rdf-syntax-ns#XMLLiteral", "fmType": "5", "fmId": "-1", "value": "This is the code corresponding to the name of the electroground \rposition.\r ", "type": "typed-literal"}}, {"name": "inactive", "description": {"datatype": "http://www.w3.org/1999/02/22-rdf-syntax-ns#XMLLiteral", "fmType": "5", "fmId": "-1", "value": "Enter 'YES' to inactivate this entry and to prevent its selection by\rSurgery users.", "type": "typed-literal"}, "number": "10", "flags": "S", "details": "1:Y;", "type": "3", "location": "0;3"}], "fmql": {"TYPELABEL": "ELECTROGROUND POSITIONS", "TYPE": "138", "OP": "DESCRIBE TYPE"}, "number": "138", "location": "^SRO(138,", "name": "ELECTROGROUND POSITIONS"}