{"name":"NUTRITION EVENTS","number":"119.8","location":"^FH(119.8,","description":{"fmId":"-1","fmType":"5","type":"typed-literal","datatype":"http://www.w3.org/1999/02/22-rdf-syntax-ns#XMLLiteral","value":"This file contains entries for all patient movements, diet changes,\rtubefeeding orders, additional orders, food preferences, standing\rorders, and patient isolation orders requiring action by the\rDietetic Service."},"version":"5.5","vpackage":"DIETETICS","fields":[{"number":".01","flags":"RNJ9,0X","name":"NUMBER","location":"0;1","index":"B","type":"2","inputTransform":"K:+X'=X!(X>999999999)!(X<1)!(X?.E1\".\"1N.N) X I $D(X) S DINUM=X","description":{"fmId":"-1","fmType":"5","type":"typed-literal","datatype":"http://www.w3.org/1999/02/22-rdf-syntax-ns#XMLLiteral","value":"This field contains a sequential number assigned to the event\rand has no meaning."}},{"number":"1","flags":"RD","name":"DATE/TIME","location":"0;2","index":"AD","type":"1","inputTransform":"S %DT=\"ESTXR\" D ^%DT S X=Y K:Y<1 X","description":{"fmId":"-1","fmType":"5","type":"typed-literal","datatype":"http://www.w3.org/1999/02/22-rdf-syntax-ns#XMLLiteral","value":"This is the date/time at which the event occurred."}},{"number":"2","flags":"RP115'","name":"PATIENT","location":"0;3","type":"7","details":"115","description":{"fmId":"-1","fmType":"5","type":"typed-literal","datatype":"http://www.w3.org/1999/02/22-rdf-syntax-ns#XMLLiteral","value":"This is a pointer to the patient with which the event is\rassociated."}},{"number":"3","flags":"RP405'","name":"ADMISSION","location":"0;4","type":"7","details":"405","description":{"fmId":"-1","fmType":"5","type":"typed-literal","datatype":"http://www.w3.org/1999/02/22-rdf-syntax-ns#XMLLiteral","value":"This is a pointer to the admission (Movement) with which the\revent is associated."}},{"number":"4","flags":"RS","name":"TYPE OF EVENT","location":"0;5","type":"3","details":"L:LOCATION;D:DIET;I:ISOLATION;T:T/F;O:OTHER;P:PREF.;S:STD. ORDERS;F:SUPP. FDG.;M:MESSAGE;Z:OUTPATIENT EVENT;","description":{"fmId":"-1","fmType":"5","type":"typed-literal","datatype":"http://www.w3.org/1999/02/22-rdf-syntax-ns#XMLLiteral","value":"This is a set of codes indicating the type of event."}},{"number":"5","flags":"S","name":"ACTION","location":"0;6","type":"3","details":"O:ORDERED;C:CANCELLED;A:ADMIT;T:TRANSFER;D:DISCHARGE;","description":{"fmId":"-1","fmType":"5","type":"typed-literal","datatype":"http://www.w3.org/1999/02/22-rdf-syntax-ns#XMLLiteral","value":"This is a set of codes indicating the type of action; A D T are\rassociated only with location changes."}},{"number":"6","flags":"RNJ7,0","name":"ORDER #","location":"0;7","type":"2","inputTransform":"K:+X'=X!(X>9999999)!(X<1)!(X?.E1\".\"1N.N) X","description":{"fmId":"-1","fmType":"5","type":"typed-literal","datatype":"http://www.w3.org/1999/02/22-rdf-syntax-ns#XMLLiteral","value":"This value corresponds to the associated Order for the event."}},{"number":"7","flags":"F","name":"TEXT","location":"0;8","type":"4","inputTransform":"K:$L(X)>120!($L(X)<3) X","description":{"fmId":"-1","fmType":"5","type":"typed-literal","datatype":"http://www.w3.org/1999/02/22-rdf-syntax-ns#XMLLiteral","value":"This is the text of the order; for location changes it represents\rthe From-To Ward and Bed."}},{"number":"8","flags":"RP200'","name":"ENTERED CLERK","location":"0;9","type":"7","details":"200","description":{"fmId":"-1","fmType":"5","type":"typed-literal","datatype":"http://www.w3.org/1999/02/22-rdf-syntax-ns#XMLLiteral","value":"This field contains the user who entered the order and is\rautomatically captured at the time of entry."}}],"fmql":{"OP":"DESCRIBE TYPE","TYPE":"119_8","TYPELABEL":"NUTRITION EVENTS"}}