{"name":"CONTROLS","number":"101.415","parent":"101.41","fields":[{"number":".01","flags":"MF","name":"LOGICAL NAME","location":"0;1","index":"B","type":"4","inputTransform":"K:$L(X)>8!($L(X)<1)!'(X?1.8U) X","description":{"fmId":"-1","fmType":"5","type":"typed-literal","datatype":"http://www.w3.org/1999/02/22-rdf-syntax-ns#XMLLiteral","value":"This is the name by which controls can refer to each other."}},{"number":"2","flags":"P101.41'","name":"ITEM","location":"0;2","type":"7","details":"101.41"},{"number":"3","flags":"NJ2,0","name":"CREATE SEQUENCE","location":"0;3","index":"AC","type":"2","inputTransform":"K:+X'=X!(X>99)!(X<1)!(X?.E1\".\"1N.N) X"},{"number":"4","flags":"S","name":"CONTROL TYPE","location":"0;4","type":"3","details":"0:Label;1:Button;2:Edit;3:Memo;4:ListBox;5:SimpleCombo;6:DropDownList;7:LongCombo;"},{"number":"5","flags":"F","name":"LABEL","location":"0;5","type":"4","inputTransform":"K:$L(X)>30!($L(X)<1) X"},{"number":"6","flags":"F","name":"BESIDE","location":"0;6","type":"4","inputTransform":"K:$L(X)>8!($L(X)<1) X"},{"number":"7","flags":"F","name":"BELOW","location":"0;7","type":"4","inputTransform":"K:$L(X)>8!($L(X)<1) X"},{"number":"8","flags":"NJ6,4","name":"WIDTH","location":"0;8","type":"2","inputTransform":"K:+X'=X!(X>1)!(X<0)!(X?.E1\".\"5N.N) X"},{"number":"9","flags":"F","name":"LEFT CONTROL","location":"0;9","type":"4","inputTransform":"K:$L(X)>8!($L(X)<1) X"},{"number":"10","flags":"F","name":"RIGHT CONTROL","location":"0;10","type":"4","inputTransform":"K:$L(X)>8!($L(X)<1) X"},{"number":"11","flags":"NJ2,0","name":"HEIGHT","location":"0;11","type":"2","inputTransform":"K:+X'=X!(X>15)!(X<1)!(X?.E1\".\"1N.N) X"},{"number":"12","flags":"F","name":"UPPER CONTROL","location":"0;12","type":"4","inputTransform":"K:$L(X)>8!($L(X)<1) X"},{"number":"13","flags":"F","name":"LOWER CONTROL","location":"0;13","type":"4","inputTransform":"K:$L(X)>8!($L(X)<1) X"},{"number":"14","flags":"NJ2,0","name":"TAB SEQUENCE","location":"0;14","type":"2","inputTransform":"K:+X'=X!(X>89)!(X<0)!(X?.E1\".\"1N.N) X"}],"fmql":{"OP":"DESCRIBE TYPE","TYPE":"101_415","TYPELABEL":"CONTROLS"}}