{"fields": [{"description": {"datatype": "http://www.w3.org/1999/02/22-rdf-syntax-ns#XMLLiteral", "fmType": "5", "fmId": "-1", "value": "This is the date and time that the tourniquet was applied.  If entered,\rthis information will appear on the Nurse Intraoperative Report.\r ", "type": "typed-literal"}, "number": ".01", "flags": "DX", "location": "0;1", "type": "1", "name": "time_tourniquet_applied"}, {"name": "site_applied", "description": {"datatype": "http://www.w3.org/1999/02/22-rdf-syntax-ns#XMLLiteral", "fmType": "5", "fmId": "-1", "value": "This is the code corresponding to the location on the body where\rthe tourniquet is applied.\r ", "type": "typed-literal"}, "number": "1", "flags": "S", "details": "RL:RIGHT UPPER LEG;RA:RIGHT UPPER ARM;LG:LEFT UPPER LEG;LA:LEFT UPPER ARM;AR:RIGHT ANKLE;AL:LEFT ANKLE;RW:RIGHT LOWER ARM;LW:LEFT LOWER ARM;O:OTHER;", "type": "3", "location": "0;2"}, {"name": "tourniquet_appl_by", "description": {"datatype": "http://www.w3.org/1999/02/22-rdf-syntax-ns#XMLLiteral", "fmType": "5", "fmId": "-1", "value": "This is the person responsible for the application of the tourniquet\rcuff at this time.  Although optional, this information may be useful\rin documentation of this case.\r ", "type": "typed-literal"}, "number": "2", "flags": "*P200'", "details": "200", "type": "7", "location": "0;3"}, {"description": {"datatype": "http://www.w3.org/1999/02/22-rdf-syntax-ns#XMLLiteral", "fmType": "5", "fmId": "-1", "value": "This is the date and time that the tourniquet was released.  Times\rentered without a date will be converted to the date of operation\rat that time.\r ", "type": "typed-literal"}, "number": "3", "flags": "DX", "location": "0;4", "type": "1", "name": "time_tourniquet_rel"}, {"description": {"datatype": "http://www.w3.org/1999/02/22-rdf-syntax-ns#XMLLiteral", "fmType": "5", "fmId": "-1", "value": "This is the amount of pressure (in TORR) applied to the cuff.  This \rinformation is optional, but may be useful in documentation of the\rcase.\r ", "type": "typed-literal"}, "number": "4", "flags": "F", "location": "0;5", "type": "4", "name": "pressure"}], "fmql": {"TYPELABEL": "TIME TOURNIQUET APPLIED", "TYPE": "130_02", "OP": "DESCRIBE TYPE"}, "name": "TIME TOURNIQUET APPLIED", "parent": "130", "number": "130.02"}