{"name":"PROSTHESIS","number":"131.9","location":"^SRO(131.9,","description":{"fmId":"-1","fmType":"5","type":"typed-literal","datatype":"http://www.w3.org/1999/02/22-rdf-syntax-ns#XMLLiteral","value":"This file contains prosthetic devices used by the Surgery package.  This\rfile is distributed with no pre-supplied entries.  Sites must add entries\ras needed."},"version":"3.0","vpackage":"SR","fields":[{"number":".01","flags":"RF","name":"NAME","location":"0;1","index":"B","type":"4","inputTransform":"K:$L(X)>30!($L(X)<3)!'(X'?1P.E)!(X'?.ANP) X","description":{"fmId":"-1","fmType":"5","type":"typed-literal","datatype":"http://www.w3.org/1999/02/22-rdf-syntax-ns#XMLLiteral","value":"This is the name of the Prosthesis."}},{"number":"1","flags":"F","name":"VENDOR","location":"0;2","type":"4","inputTransform":"K:$L(X)>64!($L(X)<2) X","description":{"fmId":"-1","fmType":"5","type":"typed-literal","datatype":"http://www.w3.org/1999/02/22-rdf-syntax-ns#XMLLiteral","value":"This is the name of the manufacturer of the implanted prosthetic device.\r "}},{"number":"2","flags":"F","name":"MODEL","location":"0;3","type":"4","inputTransform":"K:$L(X)>64!($L(X)<2) X","description":{"fmId":"-1","fmType":"5","type":"typed-literal","datatype":"http://www.w3.org/1999/02/22-rdf-syntax-ns#XMLLiteral","value":"This is the model of the implanted prosthetic device.\r "}},{"number":"3","flags":"F","name":"STERILE CODE","location":"0;4","type":"4","inputTransform":"K:$L(X)>30!($L(X)<1) X","description":{"fmId":"-1","fmType":"5","type":"typed-literal","datatype":"http://www.w3.org/1999/02/22-rdf-syntax-ns#XMLLiteral","value":"This is the Sterilization Number/Code identifying the implanted\rprosthetic device.\r "}},{"number":"4","flags":"F","name":"LOT/SERIAL NO","location":"0;5","type":"4","inputTransform":"K:$L(X)>30!($L(X)<1) X","description":{"fmId":"-1","fmType":"5","type":"typed-literal","datatype":"http://www.w3.org/1999/02/22-rdf-syntax-ns#XMLLiteral","value":"This is the Lot/Serial Number of the implanted prosthetic device.\r "}},{"number":"5","flags":"S","name":"STERILE RESP","location":"0;7","type":"3","details":"M:MANUFACTURER;SPD:SPD;SUR:SURGERY;","description":{"fmId":"-1","fmType":"5","type":"typed-literal","datatype":"http://www.w3.org/1999/02/22-rdf-syntax-ns#XMLLiteral","value":"This is the code corresponding to the party responsible for the\rsterilization of the implanted device.\r "}},{"number":"6","flags":"F","name":"SIZE","location":"1;1","type":"4","inputTransform":"K:$L(X)>30!($L(X)<1) X","description":{"fmId":"-1","fmType":"5","type":"typed-literal","datatype":"http://www.w3.org/1999/02/22-rdf-syntax-ns#XMLLiteral","value":"This is the size of the implanted prosthetic device.\r "}},{"number":"7","flags":"NJ5,0","name":"QUANTITY","location":"1;2","type":"2","inputTransform":"K:+X'=X!(X>99999)!(X<1)!(X?.E1\".\"1N.N) X","description":{"fmId":"-1","fmType":"5","type":"typed-literal","datatype":"http://www.w3.org/1999/02/22-rdf-syntax-ns#XMLLiteral","value":"This is quantity of the prosthetic device used for the procedure.\r "}},{"number":"8","flags":"F","name":"LOT NUMBER","location":"1;3","type":"4","inputTransform":"K:$L(X)>30!($L(X)<1) X","description":{"fmId":"-1","fmType":"5","type":"typed-literal","datatype":"http://www.w3.org/1999/02/22-rdf-syntax-ns#XMLLiteral","value":"This is the lot number of the implanted prosthetic device."}},{"number":"9","flags":"F","name":"SERIAL NUMBER","location":"1;4","type":"4","inputTransform":"K:$L(X)>30!($L(X)<1) X","description":{"fmId":"-1","fmType":"5","type":"typed-literal","datatype":"http://www.w3.org/1999/02/22-rdf-syntax-ns#XMLLiteral","value":"This is the serial number of the implanted prosthetic device."}},{"number":"10","flags":"S","name":"INACTIVE?","location":"0;6","type":"3","details":"1:YES;","description":{"fmId":"-1","fmType":"5","type":"typed-literal","datatype":"http://www.w3.org/1999/02/22-rdf-syntax-ns#XMLLiteral","value":"Enter 'YES' to make this entry inactive and to prevent its selection and\ruse by users of the Surgery Package."}}],"fmql":{"OP":"DESCRIBE TYPE","TYPE":"131_9","TYPELABEL":"PROSTHESIS"}}