{"count": "0", "description": {"datatype": "http://www.w3.org/1999/02/22-rdf-syntax-ns#XMLLiteral", "fmType": "5", "fmId": "-1", "value": "This file contains solutions used as skin prep agents for a surgical\rprocedure.  It is pointed to by the field SKIN PREP AGENT in the \rSurgery file.  The file is distributed with pre-supplied entries,\rhowever sites may wish to make additions to it.", "type": "typed-literal"}, "fields": [{"index": "B", "name": "name", "number": ".01", "flags": "RF", "location": "0;1", "type": "4", "description": {"datatype": "http://www.w3.org/1999/02/22-rdf-syntax-ns#XMLLiteral", "fmType": "5", "fmId": "-1", "value": "This is the name of the agent used to prepare the skin prior to\rthe operative procedure.\r ", "type": "typed-literal"}}, {"index": "C", "name": "code", "number": "1", "flags": "RF", "location": "0;2", "type": "4", "description": {"datatype": "http://www.w3.org/1999/02/22-rdf-syntax-ns#XMLLiteral", "fmType": "5", "fmId": "-1", "value": "This is the code corresponding to the skin preparation agent name.\r ", "type": "typed-literal"}}, {"name": "inactive", "description": {"datatype": "http://www.w3.org/1999/02/22-rdf-syntax-ns#XMLLiteral", "fmType": "5", "fmId": "-1", "value": "Enter 'YES' to make this entry inactive and to prevent its selection and\ruse by users of the Surgery Package.", "type": "typed-literal"}, "number": "10", "flags": "S", "details": "1:YES;", "type": "3", "location": "0;3"}], "fmql": {"TYPELABEL": "SKIN PREP AGENTS", "TYPE": "135_1", "OP": "DESCRIBE TYPE"}, "number": "135.1", "location": "^SRO(135.1,", "name": "SKIN PREP AGENTS"}