{"name":"ORDER CHECKS","number":"100.09","parent":"100","fields":[{"number":".01","flags":"MP100.8'","name":"ORDER CHECK","location":"0;1","index":"B","type":"7","details":"100.8","description":{"fmId":"-1","fmType":"5","type":"typed-literal","datatype":"http://www.w3.org/1999/02/22-rdf-syntax-ns#XMLLiteral","value":"This is an order check that was found to be true for this order."}},{"number":".02","flags":"S","name":"CLINICAL DANGER LEVEL","location":"0;2","type":"3","details":"1:HIGH;2:MODERATE;3:LOW;","description":{"fmId":"-1","fmType":"5","type":"typed-literal","datatype":"http://www.w3.org/1999/02/22-rdf-syntax-ns#XMLLiteral","value":"This is the clinical danger level associated with this check; checks\rflagged as 'HIGH' danger level will require a justification for\roverriding it and releasing the order."}},{"number":".04","flags":"F","name":"OVERRIDE REASON","location":"0;4","type":"4","inputTransform":"K:$L(X)>80!($L(X)<1) X","description":{"fmId":"-1","fmType":"5","type":"typed-literal","datatype":"http://www.w3.org/1999/02/22-rdf-syntax-ns#XMLLiteral","value":"This is the reason entered by the user as the justification for\roverriding the order check and releasing the order."}},{"number":".05","flags":"P200'","name":"OVERRIDDEN BY","location":"0;5","type":"7","details":"200","description":{"fmId":"-1","fmType":"5","type":"typed-literal","datatype":"http://www.w3.org/1999/02/22-rdf-syntax-ns#XMLLiteral","value":"This is the user who chose to override this order check and entered the\rreason why."}},{"number":".06","flags":"D","name":"DATE/TIME OVERRIDDEN","location":"0;6","type":"1","inputTransform":"S %DT=\"ESTX\" D ^%DT S X=Y K:Y<1 X","description":{"fmId":"-1","fmType":"5","type":"typed-literal","datatype":"http://www.w3.org/1999/02/22-rdf-syntax-ns#XMLLiteral","value":"This is the date/time when this order check occurred and was overridden."}},{"number":"1","flags":"F","name":"ORDER CHECK MESSAGE","location":"1;1","type":"4","inputTransform":"K:$L(X)>245!($L(X)<1) X","description":{"fmId":"-1","fmType":"5","type":"typed-literal","datatype":"http://www.w3.org/1999/02/22-rdf-syntax-ns#XMLLiteral","value":"This is the actual text of the order check that was displayed to the user."}}],"fmql":{"OP":"DESCRIBE TYPE","TYPE":"100_09","TYPELABEL":"ORDER CHECKS"}}