{"name":"GMR ALLERGY SITE PARAMETERS","number":"120.84","location":"^GMRD(120.84,","count":"1","lastIEN":"1","description":{"fmId":"-1","fmType":"5","type":"typed-literal","datatype":"http://www.w3.org/1999/02/22-rdf-syntax-ns#XMLLiteral","value":"Site configurable features for the Adverse Reaction Tracking package."},"version":"4.0","vpackage":"ADVERSE REACTION TRACKING","fields":[{"number":".01","flags":"RFX","name":"NAME","location":"0;1","index":"B","type":"4","inputTransform":"K:$L(X)>30!($L(X)<3) X","description":{"fmId":"-1","fmType":"5","type":"typed-literal","datatype":"http://www.w3.org/1999/02/22-rdf-syntax-ns#XMLLiteral","value":"This field is the name of this set of parameters.  The name of the base\rset that is sent out is \"HOSPITAL\".  The code will work more efficiently\rif the name of the base set of parameters is not changed from \"HOSPITAL\"."}},{"number":"1","flags":"120.841IP","name":"TOP 10 REACTIONS","location":"1;0","type":"9","details":"120.841","description":{"fmId":"-1","fmType":"5","type":"typed-literal","datatype":"http://www.w3.org/1999/02/22-rdf-syntax-ns#XMLLiteral","value":"A list of reactions for the user to choose from when selecting reactions\rfor a patient allergy/adverse reactions.  These will be the ten most\rcommon reactions, and modifiable by the site."}},{"number":"2","flags":"S","name":"AUTOVERIFY FOOD/DRUG/OTHER","location":"0;2","type":"3","details":"0:NO AUTOVERIFY;1:AUTOVERIFY DRUG ONLY;2:AUTOVERIFY FOOD ONLY;3:AUTOVERIFY DRUG/FOOD;4:AUTOVERIFY OTHER ONLY;5:AUTOVERIFY DRUG/OTHER;6:AUTOVERIFY FOOD/OTHER;7:AUTOVERIFY ALL;","description":{"fmId":"-1","fmType":"5","type":"typed-literal","datatype":"http://www.w3.org/1999/02/22-rdf-syntax-ns#XMLLiteral","value":"This field determines which types of allergies a site wants autoverified\rat the user sign off."}},{"number":"3","flags":"S","name":"AUTOVERIFY OBSERVED/HISTORICAL","location":"0;3","type":"3","details":"0:NO AUTOVERIFY;1:AUTOVERIFY HISTORICAL ONLY;2:AUTOVERIFY OBSERVED ONLY;3:AUTOVERIFY BOTH;","description":{"fmId":"-1","fmType":"5","type":"typed-literal","datatype":"http://www.w3.org/1999/02/22-rdf-syntax-ns#XMLLiteral","value":"This field is configurable by the site to allow autoverification of\robserved or historical allergies."}},{"number":"3.5","flags":"S","name":"AUTOVERIFY LOGICAL OPERATOR","location":"0;6","type":"3","details":"!:OR;&:AND;","description":{"fmId":"-1","fmType":"5","type":"typed-literal","datatype":"http://www.w3.org/1999/02/22-rdf-syntax-ns#XMLLiteral","value":"This field will determine how the Autoverify Food/Drug/Other and\rAutoverify Observed/Historical parameters relate to each other.  OR means\rthat the reaction will be autoverified if it meets the criteria of one of\rthe two parameters, while AND means the reaction will be autoverified only\rif it meets the criteria of both parameters.  If this field is left null,\rthe OR condition will be used.\r \rFor example, if you want to verify only observed drug reactions, you would\rset the Autoverify Food/Drug/Other parameter to AUTOVERIFY FOOD/OTHER\rand the Autoverify Observed/Historical to AUTOVERIFY HISTORICAL ONLY\r, and the\rAutoverify Logical Operator to OR.  This means that a reaction that has\ra type of Food/Other OR is Historical will be autoverified, thus leaving\robserved drug reactions to be verified.\r \rAnother example would be if you wanted to verify all observed reactions\rand all drug reactions whether observed or historical.  The parameters\rshould be set accordingly:  Autoverify Food/Drug/Other to AUTOVERIFY\rFOOD/OTHER, Autoverify Observed/Historical to AUTOVERIFY HISTORICAL ONLY\r and\rAutoverify Logical Operator to AND.  In this case to be autoverifed, a\rreaction has to have a type of Food/Other AND it must be Historical, all\rother reactions will need to be verified."}},{"number":"4","flags":"S","name":"REQUIRE ORIGINATOR COMMENTS","location":"0;4","type":"3","details":"0:NO;1:YES;","description":{"fmId":"-1","fmType":"5","type":"typed-literal","datatype":"http://www.w3.org/1999/02/22-rdf-syntax-ns#XMLLiteral","value":"This field indicates whether the originator will be required to enter\rcomments for an OBSERVED reaction."}},{"number":"5","flags":"NJ8,0","name":"*LAST DFN CONVERTED","location":"CONV;1","type":"2","inputTransform":"K:+X'=X!(X>99999999)!(X<0)!(X?.E1\".\"1N.N) X","description":{"fmId":"-1","fmType":"5","type":"typed-literal","datatype":"http://www.w3.org/1999/02/22-rdf-syntax-ns#XMLLiteral","value":"The data in this field is the entry number of the Patient file record\rwhose data was last converted by the Patient file data conversion.  This\rfield will be 0 before the conversion begins and after the conversion\ris over."}},{"number":"5.1","flags":"NJ8,0","name":"*CONVERSION TASK NUMBER","location":"CONV;2","type":"2","inputTransform":"K:+X'=X!(X>99999999)!(X<0)!(X?.E1\".\"1N.N) X","description":{"fmId":"-1","fmType":"5","type":"typed-literal","datatype":"http://www.w3.org/1999/02/22-rdf-syntax-ns#XMLLiteral","value":"This is the TaskMan task number of the Patient file data conversion job.\rThe data in this field will be null before the job is queued to run, and\rafter it has finished running."}},{"number":"5.2","flags":"S","name":"*CONVERSION FINISHED","location":"CONV;3","type":"3","details":"0:NO;1:YES;","description":{"fmId":"-1","fmType":"5","type":"typed-literal","datatype":"http://www.w3.org/1999/02/22-rdf-syntax-ns#XMLLiteral","value":"This field indicates whether the Patient file data conversion has\rfinished running or not.  The data in this field will be 1 if the\rPatient file data conversion has finished running, or did not need\rto run."}},{"number":"6","flags":"120.846P","name":"DIVISION","location":"6;0","type":"9","details":"120.846","description":{"fmId":"-1","fmType":"5","type":"typed-literal","datatype":"http://www.w3.org/1999/02/22-rdf-syntax-ns#XMLLiteral","value":"The divisions associated with this set of site parameters."}},{"number":"7","flags":"S","name":"MARK ID BAND FLAG","location":"0;5","type":"3","details":"0:NO;1:YES;","description":{"fmId":"-1","fmType":"5","type":"typed-literal","datatype":"http://www.w3.org/1999/02/22-rdf-syntax-ns#XMLLiteral","value":"This field is an indicator to denote whether the site wants\rto document if the patient ID band should be marked for\ra certain allergy.\rThe system will assume the site wants to document the marking of inpatient\rID bands.  If this field is answered NO, the site does not want to\rdocument the marking of inpatient ID bands."}},{"number":"7.1","flags":"S","name":"METHOD OF NOTIFICATION","location":"0;8","type":"3","details":"0:BULLETIN;1:OE/RR TEAMS;2:NO NOTIFICATION;","description":{"fmId":"-1","fmType":"5","type":"typed-literal","datatype":"http://www.w3.org/1999/02/22-rdf-syntax-ns#XMLLiteral","value":"This field tells ART if or how the users should be notified for chart\ror ID band markings.  There are three methods. The first method is the\ruse of BULLETINs,  which is the current way ART works.  The\rsecond method is the use of OE/RR Teams.  If this method is used, then\ryou will need to set up different teams for each ward and also assign\rprinters to these teams.  The third method is to turn off the function."}},{"number":"7.2","flags":"S","name":"ALERT ID BAND/CHART MARK","location":"0;9","type":"3","details":"1:YES;0:NO;","description":{"fmId":"-1","fmType":"5","type":"typed-literal","datatype":"http://www.w3.org/1999/02/22-rdf-syntax-ns#XMLLiteral","value":"This field is to let the system know if you want to issue alerts \rif the fields have not been answered in the Enter/Edit Patient Reaction\rData portion of the system.  If the field is answered yes(1) or is null\rthen, the system will continue to issue the alerts.  If this field is\rno(0), then the system will not issue alerts for this record."}},{"number":"7.3","flags":"S","name":"NEW ADMISSION CHART MARK","location":"0;10","type":"3","details":"1:YES;0:NO;","description":{"fmId":"-1","fmType":"5","type":"typed-literal","datatype":"http://www.w3.org/1999/02/22-rdf-syntax-ns#XMLLiteral","value":"This is to indicate if the site wants to send chart mark bulletin\rfor a new admission."}},{"number":"8","flags":"NJ11,0","name":"*3.0 CONVERSION LAST DFN","location":"CONV3;1","type":"2","inputTransform":"K:+X'=X!(X>10000000000)!(X<0)!(X?.E1\".\"1N.N) X","description":{"fmId":"-1","fmType":"5","type":"typed-literal","datatype":"http://www.w3.org/1999/02/22-rdf-syntax-ns#XMLLiteral","value":"This field will contain the last field that has been fully\rconverted. The field is initially set to 0."}},{"number":"8.1","flags":"F","name":"*3.0 TASK NUMBER","location":"CONV3;2","type":"4","inputTransform":"K:$L(X)>100!($L(X)<1) X","description":{"fmId":"-1","fmType":"5","type":"typed-literal","datatype":"http://www.w3.org/1999/02/22-rdf-syntax-ns#XMLLiteral","value":"This field is the TaskMan number that was assigned.  In the\revent that there is a conversion failure this will enable the\rsystem to give the programmers the tools to investigate the problem."}},{"number":"8.2","flags":"S","name":"*CONVERSION FINISHED","location":"CONV3;3","type":"3","details":"1:YES;0:NO;","description":{"fmId":"-1","fmType":"5","type":"typed-literal","datatype":"http://www.w3.org/1999/02/22-rdf-syntax-ns#XMLLiteral","value":"This field indicates whether the V3.0 data structure conversion has\rfinished running.  The data in this field will be 1 if the\rconversion has finished running or did not need to run."}},{"number":"9","flags":"120.849","name":"NKA CONVERSION","location":"NKA;0","type":"9","details":"120.849","description":{"fmId":"-1","fmType":"5","type":"typed-literal","datatype":"http://www.w3.org/1999/02/22-rdf-syntax-ns#XMLLiteral","value":"This field contains all the entries that are to be converted in the 3.0\rNKA conversion."}},{"number":"10","flags":"S","name":"FDA DATA REQUIRED","location":"0;7","type":"3","details":"y:YES;n:NO;","description":{"fmId":"-1","fmType":"5","type":"typed-literal","datatype":"http://www.w3.org/1999/02/22-rdf-syntax-ns#XMLLiteral","value":"This field will indicate whether the entry of FDA Data should be required\rduring the Enter/Edit Patient Reaction Data.  If this field is answered \"YES\",\rthen the user must enter the FDA Data at the time of entering a reaction.\rIf this field is left null or answered \"NO\", then the FDA Data entry will\rnot be required during the Enter/Edit Patient Reaction Data option."}},{"number":"10.1","flags":"S","name":"E/E DESCRIPTION ACTIVE","location":"0;11","type":"3","details":"1:YES;0:NO;","description":{"fmId":"-1","fmType":"5","type":"typed-literal","datatype":"http://www.w3.org/1999/02/22-rdf-syntax-ns#XMLLiteral","value":"Permit users to indicate why a reaction was Entered in Error."}},{"number":"11","flags":"FX","name":"REPORTER NAME","location":"RPT;1","type":"4","inputTransform":"X ^DD(120.84,11,9.2) K:X?1P.E!(X'?.ANP)!($L(X)>30)!($L(X)<3) X","description":{"fmId":"-1","fmType":"5","type":"typed-literal","datatype":"http://www.w3.org/1999/02/22-rdf-syntax-ns#XMLLiteral","value":"This field would contain the default reporter name to be used on the\rFDA reports."}},{"number":"12","flags":"F","name":"REPORTER ADDRESS1","location":"RPT;2","type":"4","inputTransform":"K:$L(X)>30!($L(X)<3) X","description":{"fmId":"-1","fmType":"5","type":"typed-literal","datatype":"http://www.w3.org/1999/02/22-rdf-syntax-ns#XMLLiteral","value":"This field would contain the first line of the reporter address to\rbe used as a default for the FDA reports."}},{"number":"13","flags":"F","name":"REPORTER ADDRESS2","location":"RPT;3","type":"4","inputTransform":"K:$L(X)>30!($L(X)<3) X","description":{"fmId":"-1","fmType":"5","type":"typed-literal","datatype":"http://www.w3.org/1999/02/22-rdf-syntax-ns#XMLLiteral","value":"This field would contain the second line of the reporter address to\rbe used as the default on the FDA reports."}},{"number":"14","flags":"F","name":"REPORTER ADDRESS3","location":"RPT;4","type":"4","inputTransform":"K:$L(X)>30!($L(X)<3) X","description":{"fmId":"-1","fmType":"5","type":"typed-literal","datatype":"http://www.w3.org/1999/02/22-rdf-syntax-ns#XMLLiteral","value":"This field would contain the third line of the reporter address to\rbe used as the default on the FDA reports."}},{"number":"15","flags":"F","name":"REPORTER CITY","location":"RPT;5","type":"4","inputTransform":"K:$L(X)>30!($L(X)<3) X","description":{"fmId":"-1","fmType":"5","type":"typed-literal","datatype":"http://www.w3.org/1999/02/22-rdf-syntax-ns#XMLLiteral","value":"This field contains the city to be used as the default on the FDA Reports."}},{"number":"16","flags":"P5'","name":"REPORTER STATE","location":"RPT;6","type":"7","details":"5","description":{"fmId":"-1","fmType":"5","type":"typed-literal","datatype":"http://www.w3.org/1999/02/22-rdf-syntax-ns#XMLLiteral","value":"This field contains the default state to be used on the FDA reports."}},{"number":"17","flags":"F","name":"REPORTER ZIP","location":"RPT;7","type":"4","inputTransform":"K:$L(X)>10!($L(X)<5) X","description":{"fmId":"-1","fmType":"5","type":"typed-literal","datatype":"http://www.w3.org/1999/02/22-rdf-syntax-ns#XMLLiteral","value":"This field contain the default Zip Code to be used on the FDA reports."}},{"number":"18","flags":"F","name":"REPORTER PHONE","location":"RPT;8","type":"4","inputTransform":"K:$L(X)>20!($L(X)<7) X","description":{"fmId":"-1","fmType":"5","type":"typed-literal","datatype":"http://www.w3.org/1999/02/22-rdf-syntax-ns#XMLLiteral","value":"This field contains the default phone number to be used on the FDA reports."}},{"number":"19","flags":"F","name":"OCCUPATION","location":"RPT;11","type":"4","inputTransform":"K:$L(X)>30!($L(X)<3) X","description":{"fmId":"-1","fmType":"5","type":"typed-literal","datatype":"http://www.w3.org/1999/02/22-rdf-syntax-ns#XMLLiteral","value":"This field contains the reporter's occupation."}},{"number":"21","flags":"S","name":"*CONVERSION OF NKA","location":"CONNKA;1","type":"3","details":"y:YES;n:NO;","description":{"fmId":"-1","fmType":"5","type":"typed-literal","datatype":"http://www.w3.org/1999/02/22-rdf-syntax-ns#XMLLiteral","value":"This field indicates if the NKA conversion is complete.  ATS 3.0 will not\rinstall onto a system that has ATS Version 2.2 if this field is not set.\r "}}],"fmql":{"OP":"DESCRIBE TYPE","TYPE":"120_84","TYPELABEL":"GMR ALLERGY SITE PARAMETERS"}}