{"fields": [{"index": "B", "name": "other_persons_in_or", "number": ".01", "flags": "F", "location": "0;1", "type": "4", "description": {"datatype": "http://www.w3.org/1999/02/22-rdf-syntax-ns#XMLLiteral", "fmType": "5", "fmId": "-1", "value": "These are the names of other persons not scrubbed, or otherwise identified,\rpresent in the operating room.", "type": "typed-literal"}}, {"description": {"datatype": "http://www.w3.org/1999/02/22-rdf-syntax-ns#XMLLiteral", "fmType": "5", "fmId": "-1", "value": "This is the title and/or organization of this person.  Since your answer\rmay be up to 60 characters, you may prefer to enter a reason for this\rperson being in the operating room.", "type": "typed-literal"}, "number": "1", "flags": "F", "location": "0;2", "type": "4", "name": "title_organization"}], "fmql": {"TYPELABEL": "OTHER PERSONS IN OR", "TYPE": "130_24", "OP": "DESCRIBE TYPE"}, "name": "OTHER PERSONS IN OR", "parent": "130", "number": "130.24"}