{"fields": [{"name": "operating_room", "description": {"datatype": "http://www.w3.org/1999/02/22-rdf-syntax-ns#XMLLiteral", "fmType": "5", "fmId": "-1", "value": "This is the name of the operating room.\r ", "type": "typed-literal"}, "number": ".01", "flags": "M*P131.7'X", "details": "131.7", "type": "7", "location": "0;1"}, {"description": {"datatype": "http://www.w3.org/1999/02/22-rdf-syntax-ns#XMLLiteral", "fmType": "5", "fmId": "-1", "value": "This is the time of day that this operating room begins functioning\ron the date selected.\r ", "type": "typed-literal"}, "number": "1", "flags": "DXO", "location": "0;2", "type": "1", "name": "start_time"}, {"description": {"datatype": "http://www.w3.org/1999/02/22-rdf-syntax-ns#XMLLiteral", "fmType": "5", "fmId": "-1", "value": "This is the time that this operating room stops functioning on this\rdate.  It will be used when generating the operating room utilization\rreports.\r ", "type": "typed-literal"}, "number": "2", "flags": "DOX", "location": "0;3", "type": "1", "name": "end_time"}, {"name": "inactive_y_n", "description": {"datatype": "http://www.w3.org/1999/02/22-rdf-syntax-ns#XMLLiteral", "fmType": "5", "fmId": "-1", "value": "This flags the operating room if inactive on the date selected.\r ", "type": "typed-literal"}, "number": "3", "flags": "S", "details": "Y:YES;N:NO;", "type": "3", "location": "0;4"}], "fmql": {"TYPELABEL": "OPERATING ROOM", "TYPE": "131_81", "OP": "DESCRIBE TYPE"}, "name": "OPERATING ROOM", "parent": "131.8", "number": "131.81"}