{"name":"PREFERENCES DISCUSSED","number":"117.375","parent":"117.3","fields":[{"number":".01","flags":"NJ3,0X","name":"PREFERENCES DISCUSSED NUMBER","location":"0;1","index":"B","type":"2","inputTransform":"K:+X'=X!(X>999)!(X<1)!(X?.E1\".\"1N.N) X I $D(X) S DINUM=X","description":{"fmId":"-1","fmType":"5","type":"typed-literal","datatype":"http://www.w3.org/1999/02/22-rdf-syntax-ns#XMLLiteral","value":"This field contains a sequential number assigned to the sixth question\rof the Patient Satisfaction Survey and has no meaning."}},{"number":"1","flags":"FX","name":"GM&S","location":"0;2","type":"4","inputTransform":"K:$L(X)>35!($L(X)<2) X I $D(X) D C0^FHADR9","description":{"fmId":"-1","fmType":"5","type":"typed-literal","datatype":"http://www.w3.org/1999/02/22-rdf-syntax-ns#XMLLiteral","value":"This is a rating string containing numbers surveyed in GM&S with the \rratings specified in front of them, for question #6 of the survey."}},{"number":"2","flags":"FX","name":"NHCU","location":"0;3","type":"4","inputTransform":"K:$L(X)>35!($L(X)<2) X I $D(X) D C0^FHADR9","description":{"fmId":"-1","fmType":"5","type":"typed-literal","datatype":"http://www.w3.org/1999/02/22-rdf-syntax-ns#XMLLiteral","value":"This is a rating string containing numbers surveyed in NHCU with the \rratings specified in front of them, for question #6 of the survey."}},{"number":"3","flags":"FX","name":"PSYCH","location":"0;4","type":"4","inputTransform":"K:$L(X)>35!($L(X)<2) X I $D(X) D C0^FHADR9","description":{"fmId":"-1","fmType":"5","type":"typed-literal","datatype":"http://www.w3.org/1999/02/22-rdf-syntax-ns#XMLLiteral","value":"This is a rating string containing numbers surveyed in PSYCH with the \rratings specified in front of them, for question #6 of the survey."}},{"number":"4","flags":"FX","name":"DOM","location":"0;5","type":"4","inputTransform":"K:$L(X)>35!($L(X)<2) X I $D(X) D C0^FHADR9","description":{"fmId":"-1","fmType":"5","type":"typed-literal","datatype":"http://www.w3.org/1999/02/22-rdf-syntax-ns#XMLLiteral","value":"This is a rating string containing numbers surveyed in DOM with the \rratings specified in front of them, for question #6 of the survey."}},{"number":"5","flags":"FX","name":"SCI","location":"0;6","type":"4","inputTransform":"K:$L(X)>35!($L(X)<2) X I $D(X) D C0^FHADR9","description":{"fmId":"-1","fmType":"5","type":"typed-literal","datatype":"http://www.w3.org/1999/02/22-rdf-syntax-ns#XMLLiteral","value":"This is a rating string containing numbers surveyed in SCI with the \rratings specified in front of them, for question #6 of the survey."}},{"number":"6","flags":"FX","name":"OTHER","location":"0;7","type":"4","inputTransform":"K:$L(X)>35!($L(X)<2) X I $D(X) D C0^FHADR9","description":{"fmId":"-1","fmType":"5","type":"typed-literal","datatype":"http://www.w3.org/1999/02/22-rdf-syntax-ns#XMLLiteral","value":"This is a rating string containing numbers surveyed in OTHER with the \rratings specified in front of them, for question #6 of the survey."}}],"fmql":{"OP":"DESCRIBE TYPE","TYPE":"117_375","TYPELABEL":"PREFERENCES DISCUSSED"}}