{"name":"INCLUDED BACT RPT REMARKS","number":"104.107","parent":"104.1","fields":[{"number":".01","flags":"MF","name":"INCLUDED BACT RPT REMARK","location":"0;1","index":"B","type":"4","inputTransform":"K:$L(X)>68!($L(X)<1) X","description":{"fmId":"-1","fmType":"5","type":"typed-literal","datatype":"http://www.w3.org/1999/02/22-rdf-syntax-ns#XMLLiteral","value":"For MI-subscripted tests, this will be used to determine the criteria that\rmust be contained in the report remarks."}}],"fmql":{"OP":"DESCRIBE TYPE","TYPE":"104_107","TYPELABEL":"INCLUDED BACT RPT REMARKS"}}