{"name":"STORAGE LOCATION","number":"113.1","location":"^FH(113.1,","description":{"fmId":"-1","fmType":"5","type":"typed-literal","datatype":"http://www.w3.org/1999/02/22-rdf-syntax-ns#XMLLiteral","value":"This is the file of storage locations where ingredients are\rstored by the dietetic service. It is primarily used to sort\rvarious ingredient pull lists."},"version":"5.5","vpackage":"DIETETICS","fields":[{"number":".01","flags":"RF","name":"NAME","location":"0;1","index":"B","type":"4","inputTransform":"K:$L(X)>15!($L(X)<3)!'(X'?1P.E)!(X'?.ANP) X","description":{"fmId":"-1","fmType":"5","type":"typed-literal","datatype":"http://www.w3.org/1999/02/22-rdf-syntax-ns#XMLLiteral","value":"This is the name of a storage location where ingredients are\rstored (e.g., particular freezers, dry goods rooms, etc.). It\ris used by the Ingredient file to indicate where the\ringredient is stocked."}},{"number":"1","flags":"RF","name":"CODE","location":"0;2","index":"C","type":"4","inputTransform":"K:X[\"\"\"\"!($A(X)=45) X I $D(X) K:$L(X)>5!($L(X)<1) X","description":{"fmId":"-1","fmType":"5","type":"typed-literal","datatype":"http://www.w3.org/1999/02/22-rdf-syntax-ns#XMLLiteral","value":"This is a short abbreviation used on various print-outs in lieu\rof the longer full name. It should be unique."}},{"number":"2","flags":"RNJ2,0","name":"PRINT ORDER","location":"0;3","type":"2","inputTransform":"K:+X'=X!(X>49)!(X<1)!(X?.E1\".\"1N.N) X","description":{"fmId":"-1","fmType":"5","type":"typed-literal","datatype":"http://www.w3.org/1999/02/22-rdf-syntax-ns#XMLLiteral","value":"When ingredient pull lists are generated and sorted by storage\rlocation, this field contains the print order of the various\rstorage locations. It is numeric and will print from low to\rhigh."}},{"number":"99","flags":"S","name":"INACTIVE?","location":"I;1","type":"3","details":"Y:YES;N:NO;","description":{"fmId":"-1","fmType":"5","type":"typed-literal","datatype":"http://www.w3.org/1999/02/22-rdf-syntax-ns#XMLLiteral","value":"This field, if answered YES, will prohibit\rfurther selection of this entry."}}],"fmql":{"OP":"DESCRIBE TYPE","TYPE":"113_1","TYPELABEL":"STORAGE LOCATION"}}