{"fields": [{"description": {"datatype": "http://www.w3.org/1999/02/22-rdf-syntax-ns#XMLLiteral", "fmType": "5", "fmId": "-1", "value": "This is the sequence of the member in the display group for reporting\rpurposes.", "type": "typed-literal"}, "number": ".001", "flags": "NJ5,1", "location": " ", "type": "2", "name": "sequence"}, {"index": "B", "name": "member", "description": {"datatype": "http://www.w3.org/1999/02/22-rdf-syntax-ns#XMLLiteral", "fmType": "5", "fmId": "-1", "value": "This is a display group listed in the NAME field. (This is similar to a\rmenu item in the OPTION File.)", "type": "typed-literal"}, "number": ".01", "flags": "MP100.98X", "location": "0;1", "type": "7", "details": "100.98"}], "fmql": {"TYPELABEL": "MEMBER", "TYPE": "100_981", "OP": "DESCRIBE TYPE"}, "name": "MEMBER", "parent": "100.98", "number": "100.981"}