{"name":"ANESTHESIA TECHNIQUE","number":"130.06","parent":"130","fields":[{"number":".01","flags":"SX","name":"ANESTHESIA TECHNIQUE","location":"0;1","type":"3","details":"G:GENERAL;M:MONITORED ANESTHESIA CARE;S:SPINAL;E:EPIDURAL;R:REGIONAL;O:OTHER;L:LOCAL;N:NO ANESTHESIA;","description":{"fmId":"-1","fmType":"5","type":"typed-literal","datatype":"http://www.w3.org/1999/02/22-rdf-syntax-ns#XMLLiteral","value":"This is the anesthesia technique used during this case corresponding to\rthe American Board of Anesthesiologists universal list of anesthesia\rtechniques (except for REGIONAL, LOCAL and NO ANESTHESIA). If entered,\rthis information will appear on various anesthesia reports."}},{"number":".05","flags":"SX","name":"PRINCIPAL TECH","location":"0;3","type":"3","details":"Y:YES;N:NO;","inputTransform":"D CHECK^SROPRIN","description":{"fmId":"-1","fmType":"5","type":"typed-literal","datatype":"http://www.w3.org/1999/02/22-rdf-syntax-ns#XMLLiteral","value":"This indicates whether this technique is the principal technique for\rthis procedure. If this is the only technique used, 'YES' must be\rentered at this prompt. General anesthesia should take precedence over \rall other forms of anesthesia."}},{"number":"2","flags":"S","name":"PATIENT STATUS","location":"0;4","type":"3","details":"I:INDUCED;A:AWAKE;S:SEDATED;","description":{"fmId":"-1","fmType":"5","type":"typed-literal","datatype":"http://www.w3.org/1999/02/22-rdf-syntax-ns#XMLLiteral","value":"This indicates the status of the patient while anesthetized.\r "}},{"number":"3","flags":"S","name":"APPROACH","location":"0;5","type":"3","details":"D:DIRECT VISION LARYNGOSCOPY;R:RAPID SEQUENCE;B:BLIND;BL:BLIND LARYNGOSCOPY;F:FIBEROPTIC LARYNGOSCOPY;","description":{"fmId":"-1","fmType":"5","type":"typed-literal","datatype":"http://www.w3.org/1999/02/22-rdf-syntax-ns#XMLLiteral","value":"This is the code corresponding to the approach technique used for\rendotracheal intubation.  This information is not required, but \rmay be useful for documentation."}},{"number":"4","flags":"S","name":"ROUTE","location":"0;6","type":"3","details":"O:ORAL;N:NASAL;T:TRACHEOSTOMY;","description":{"fmId":"-1","fmType":"5","type":"typed-literal","datatype":"http://www.w3.org/1999/02/22-rdf-syntax-ns#XMLLiteral","value":"This is the code corresponding to the route of the endotracheal\rtube to the trachea.  This information is not required, but may\rbe useful for documentation."}},{"number":"5","flags":"S","name":"LARYNGOSCOPE TYPE","location":"0;7","type":"3","details":"M:MACINTOSH;MI:MILLER;G:GUEDEL;W:WIS-FOREGGER;FS:FIBEROPTIC STYLET;FB:FIBEROPTIC BRONCHOSCOPE;FL:FIBEROPTIC LARYNGOSCOPE;O:OTHER;","description":{"fmId":"-1","fmType":"5","type":"typed-literal","datatype":"http://www.w3.org/1999/02/22-rdf-syntax-ns#XMLLiteral","value":"This is the code corresponding to the type of scope or laryngoscope\rblade used to facilitate endotracheal intubation.  Although not\rrequired, it may be useful for documentation."}},{"number":"6","flags":"NJ3,0","name":"LARYNGOSCOPE SIZE","location":"0;8","type":"2","inputTransform":"K:+X'=X!(X>100)!(X<1)!(X?.E1\".\"1N.N) X","description":{"fmId":"-1","fmType":"5","type":"typed-literal","datatype":"http://www.w3.org/1999/02/22-rdf-syntax-ns#XMLLiteral","value":"This is the size of the laryngoscope used to facilitate endotracheal\rintubation.  This information is not required, but may be useful for\rdocumentation.\r "}},{"number":"7","flags":"S","name":"STYLET USED (Y/N)","location":"0;9","type":"3","details":"Y:YES;N:NO;","description":{"fmId":"-1","fmType":"5","type":"typed-literal","datatype":"http://www.w3.org/1999/02/22-rdf-syntax-ns#XMLLiteral","value":"This indicates whether a stylet was used to shape the endotracheal\rtube during intubation.  This information is optional, but may be\ruseful in documentation of this case.\r "}},{"number":"8","flags":"S","name":"LIDOCAINE TOPICAL","location":"0;10","type":"3","details":"Y:YES;N:NO;","description":{"fmId":"-1","fmType":"5","type":"typed-literal","datatype":"http://www.w3.org/1999/02/22-rdf-syntax-ns#XMLLiteral","value":"This indicates whether topical lidocaine is utilized to facilitate\rendotracheal intubation.  This information is not required, but may\rbe useful for documentation."}},{"number":"9","flags":"S","name":"LIDOCAINE IV","location":"0;11","type":"3","details":"Y:YES;N:NO;","description":{"fmId":"-1","fmType":"5","type":"typed-literal","datatype":"http://www.w3.org/1999/02/22-rdf-syntax-ns#XMLLiteral","value":"This indicates whether intravenous lidocaine is administered prior to the\rendotracheal intubation.  This information is not required, but may be\ruseful for documentation."}},{"number":"10","flags":"S","name":"TUBE TYPE","location":"0;12","type":"3","details":"P:PVC LOW PRESSURE;S:SILASTIC LOW PRESSURE;R:REINFORCED;B:BIVONA CUFF;2R:2 LUMEN, RT. ENDOBRONCHIAL;2L:2 LUMEN, LT. ENDOBRONCHIAL;T:TRACHEOSTOMY CUFFED;L:LASER PROTECTED;O:OTHER;","description":{"fmId":"-1","fmType":"5","type":"typed-literal","datatype":"http://www.w3.org/1999/02/22-rdf-syntax-ns#XMLLiteral","value":"This is the code corresponding to the type of endotracheal tube used\rduring the major portion of the procedure.  This information is not \rrequired, but may be useful for documentation."}},{"number":"11","flags":"NJ5,1","name":"TUBE SIZE","location":"0;13","type":"2","inputTransform":"K:+X'=X!(X>100)!(X<1)!(X?.E1\".\"2N.N) X","description":{"fmId":"-1","fmType":"5","type":"typed-literal","datatype":"http://www.w3.org/1999/02/22-rdf-syntax-ns#XMLLiteral","value":"This is the size of the endotracheal tube.  This information is not\rrequired, but may be useful for documentation.\r "}},{"number":"12","flags":"S","name":"TRAUMA","location":"0;14","type":"3","details":"1:NONE;2:LIP LACERATION OR HEMATOMA;3:TOOTH CHIPPED, LOOSENED OR LOST;4:TONGUE HEMATOMA OR LACERATION;5:PHARYNGEAL LACERATION;6:OTHER LARYNGEAL INJURY;7:FAILURE TO INTUBATE AS INTENDED;","description":{"fmId":"-1","fmType":"5","type":"typed-literal","datatype":"http://www.w3.org/1999/02/22-rdf-syntax-ns#XMLLiteral","value":"Definition Revised (2004):\rThe code corresponding to trauma resulting from the endotracheal \rintubation process. This should be documented on the anesthesia \rrecord. Choose from:\r \r  1. None\r  2. Lip laceration or hematoma\r  3. Tooth chipped, loosened or lost\r  4. Tongue hematoma or laceration\r  5. Pharyngeal laceration\r  6, Other laryngeal injury\r  7. Failure to intubate as intended\r \rThis information is entered by Anesthesia personnel and is not the \rresponsibility of the Nurse Reviewer."}},{"number":"13","flags":"S","name":"BITE BLOCK (Y/N)","location":"0;15","type":"3","details":"Y:YES;N:NO;","description":{"fmId":"-1","fmType":"5","type":"typed-literal","datatype":"http://www.w3.org/1999/02/22-rdf-syntax-ns#XMLLiteral","value":"This indicates if a bite block is used to protect the endotracheal tube.\rThis information is not required, but may be useful for documentation.\r "}},{"number":"14","flags":"S","name":"TUBE LUBRICATION","location":"0;16","type":"3","details":"Y:YES;N:NO;","description":{"fmId":"-1","fmType":"5","type":"typed-literal","datatype":"http://www.w3.org/1999/02/22-rdf-syntax-ns#XMLLiteral","value":"This indicates whether lubrication was used with the endotracheal\rtube.  Although not required, this information may be useful for\rdocumentation.\r "}},{"number":"15","flags":"NJ3,0","name":"TAPED AT LENGTH","location":"0;17","type":"2","inputTransform":"K:+X'=X!(X>100)!(X<1)!(X?.E1\".\"1N.N) X","description":{"fmId":"-1","fmType":"5","type":"typed-literal","datatype":"http://www.w3.org/1999/02/22-rdf-syntax-ns#XMLLiteral","value":"This is the length of the endotracheal tube at the external reference \rpoint. This information is not required, but may be useful for\rdocumentation of this case.\r "}},{"number":"16","flags":"S","name":"BREATH SOUNDS OK BILAT","location":"0;18","type":"3","details":"Y:YES;N:NO;","description":{"fmId":"-1","fmType":"5","type":"typed-literal","datatype":"http://www.w3.org/1999/02/22-rdf-syntax-ns#XMLLiteral","value":"This indicates whether breath sounds are audible and equal bilaterally.\rThis information is not required, but may be useful for documentation.\r "}},{"number":"17","flags":"S","name":"HEAT, MOISTURE EXCHANGER","location":"0;19","type":"3","details":"Y:YES;N:NO;","description":{"fmId":"-1","fmType":"5","type":"typed-literal","datatype":"http://www.w3.org/1999/02/22-rdf-syntax-ns#XMLLiteral","value":"This indicates whether a passive heat and moisture exchanger is used \rin the breathing circuit.  This information is not required, but may \rbe useful for documentation and review.\r "}},{"number":"18","flags":"S","name":"BACT. FILTER IN CIRCUIT","location":"0;20","type":"3","details":"Y:YES;N:NO;","description":{"fmId":"-1","fmType":"5","type":"typed-literal","datatype":"http://www.w3.org/1999/02/22-rdf-syntax-ns#XMLLiteral","value":"This indicates whether a bacterial filter is used in the breathing \rcircuit.  This information is not required, but may be useful for\rdocumentation.\r "}},{"number":"19","flags":"NJ5,0","name":"END VENT. T.V.","location":"0;21","type":"2","inputTransform":"K:+X'=X!(X>20000)!(X<1)!(X?.E1\".\"1N.N) X","description":{"fmId":"-1","fmType":"5","type":"typed-literal","datatype":"http://www.w3.org/1999/02/22-rdf-syntax-ns#XMLLiteral","value":"This is the anesthesia ventilator tidal volume setting at the end\rof the case.\r "}},{"number":"20","flags":"NJ4,0","name":"END VENT. RATE","location":"0;22","type":"2","inputTransform":"K:+X'=X!(X>1000)!(X<1)!(X?.E1\".\"1N.N) X","description":{"fmId":"-1","fmType":"5","type":"typed-literal","datatype":"http://www.w3.org/1999/02/22-rdf-syntax-ns#XMLLiteral","value":"This is the anesthesia ventilator rate setting at the end of the\roperative procedure.\r "}},{"number":"21","flags":"S","name":"EXTUBATED IN","location":"0;23","type":"3","details":"O:OR;P:PACU;S:SICU;","description":{"fmId":"-1","fmType":"5","type":"typed-literal","datatype":"http://www.w3.org/1999/02/22-rdf-syntax-ns#XMLLiteral","value":"This is the code corresponding to the location wherein the endotracheal\rtube is removed.  This information is not required, but may be useful\rfor documentation, review or concurrent monitoring.\r "}},{"number":"22","flags":"S","name":"REINTUBATED W/I 8 HRS.","location":"0;24","type":"3","details":"Y:YES;N:NO;","description":{"fmId":"-1","fmType":"5","type":"typed-literal","datatype":"http://www.w3.org/1999/02/22-rdf-syntax-ns#XMLLiteral","value":"This indicates whether the patient required reintubation within 8 hours \rfor ventilatory insufficiency or airway obstruction.  Do not include\rintubation for a following surgical procedure.\r "}},{"number":"23","flags":"S","name":"PREOXYGENATION","location":"0;25","type":"3","details":"Y:YES;N:NO;","description":{"fmId":"-1","fmType":"5","type":"typed-literal","datatype":"http://www.w3.org/1999/02/22-rdf-syntax-ns#XMLLiteral","value":"This is used to document the process of preoxygenation prior to\rinduction of anesthesia.\r "}},{"number":"24","flags":"130.47PA","name":"ANESTHESIA AGENTS","location":"1;0","type":"9","details":"130.47","description":{"fmId":"-1","fmType":"5","type":"typed-literal","datatype":"http://www.w3.org/1999/02/22-rdf-syntax-ns#XMLLiteral","value":"This is information related to the anesthesia agents used for this\rtechnique.\r \r "}},{"number":"25","flags":"S","name":"CONTINUOUS","location":"2;1","type":"3","details":"Y:YES;N:NO;","description":{"fmId":"-1","fmType":"5","type":"typed-literal","datatype":"http://www.w3.org/1999/02/22-rdf-syntax-ns#XMLLiteral","value":"This indicates whether a catheter is placed for continuous or intermittent\radministration of a drug for spinal or epidural anesthesia."}},{"number":"26","flags":"S","name":"BARICITY","location":"2;2","type":"3","details":"1:HYPERBARIC;2:HYPOBARIC;3:ISOBARIC;","description":{"fmId":"-1","fmType":"5","type":"typed-literal","datatype":"http://www.w3.org/1999/02/22-rdf-syntax-ns#XMLLiteral","value":"This is the code corresponding to the baricity of the anesthesia drug\rfluid vehicle in relationship to the spinal fluid.\r "}},{"number":"27","flags":"S","name":"PUNCTURE SITE","location":"2;3","type":"3","details":"1:L2-3;2:L3-4;3:L4-5;4:L5-S1;5:OTHER;","description":{"fmId":"-1","fmType":"5","type":"typed-literal","datatype":"http://www.w3.org/1999/02/22-rdf-syntax-ns#XMLLiteral","value":"This is the code corresponding to the spinal or epidural needle\rpuncture site.  This information is not required, but may be useful\rfor documentation and review.\r "}},{"number":"28","flags":"S","name":"SPINAL APPROACH","location":"2;4","type":"3","details":"M:MIDLINE;L:LATERAL;","description":{"fmId":"-1","fmType":"5","type":"typed-literal","datatype":"http://www.w3.org/1999/02/22-rdf-syntax-ns#XMLLiteral","value":"This is the code corresponding to the approach of the placement of the\rspinal or epidural needle.  This information is not required, but may be\ruseful for documentation and review.\r "}},{"number":"29","flags":"S","name":"NEEDLE SIZE","location":"2;5","type":"3","details":"1:20G;2:22G;3:25G;4:16 G TOUHY;5:26G;","description":{"fmId":"-1","fmType":"5","type":"typed-literal","datatype":"http://www.w3.org/1999/02/22-rdf-syntax-ns#XMLLiteral","value":"This is the code corresponding to the needle size used for the spinal\ror epidural technique.  This information is not required, but may be \ruseful for documentation and review.\r "}},{"number":"30","flags":"S","name":"EPIDURAL METHOD","location":"3;1","type":"3","details":"H:HANGING DROP;L:LOSS OF RESISTANCE;B:BOTH;","description":{"fmId":"-1","fmType":"5","type":"typed-literal","datatype":"http://www.w3.org/1999/02/22-rdf-syntax-ns#XMLLiteral","value":"This is the code corresponding to the method used to determine the\rplacement of the epidural needle.  This information is not required,  \rbut may be useful for documentation and review.\r "}},{"number":"31","flags":"S","name":"MULTIPLE ATTEMPTS","location":"3;2","type":"3","details":"Y:YES;N:NO;","description":{"fmId":"-1","fmType":"5","type":"typed-literal","datatype":"http://www.w3.org/1999/02/22-rdf-syntax-ns#XMLLiteral","value":"This indicates whether more than one skin puncture was required to achieve\rproper placement of the needle.\r "}},{"number":"32","flags":"130.48PA","name":"TEST DOSE","location":"4;0","type":"9","details":"130.48","description":{"fmId":"-1","fmType":"5","type":"typed-literal","datatype":"http://www.w3.org/1999/02/22-rdf-syntax-ns#XMLLiteral","value":"This is information related to the test dose of the anesthesia agent.\r "}},{"number":"33","flags":"NJ2,0","name":"TEST DOSE VOL (ml)","location":"3;3","type":"2","inputTransform":"K:+X'=X!(X>10)!(X<1)!(X?.E1\".\"1N.N) X","description":{"fmId":"-1","fmType":"5","type":"typed-literal","datatype":"http://www.w3.org/1999/02/22-rdf-syntax-ns#XMLLiteral","value":"This is the volume (mls.) of the test dose fluid vehicle."}},{"number":"34","flags":"S","name":"DURAL PUNCTURE","location":"3;4","type":"3","details":"Y:YES;N:NO;","description":{"fmId":"-1","fmType":"5","type":"typed-literal","datatype":"http://www.w3.org/1999/02/22-rdf-syntax-ns#XMLLiteral","value":"This indicates whether dural puncture is recognized during the epidural \rneedle or catheter placement.  This information is not required.\r "}},{"number":"35","flags":"*P200'","name":"CATHETER REMOVED BY","location":"3;5","type":"7","details":"200","inputTransform":"S DIC(\"S\")=\"S RESTRICT=\"\"130.06,35\"\" D KEY^SROXPR I $D(SROK)\" D ^DIC K DIC S DIC=DIE,X=+Y K:Y<0 X","description":{"fmId":"-1","fmType":"5","type":"typed-literal","datatype":"http://www.w3.org/1999/02/22-rdf-syntax-ns#XMLLiteral","value":"This is the name of the person removing the continuous catheter from\rthe puncture site.  This information is not required, but may be useful\rfor documentation and review.\r "}},{"number":"36","flags":"S","name":"ADMINISTRATION METHOD","location":"3;6","type":"3","details":"B:BOLUS;I:INTERMITTENT;D:DRIP INFUSION;","description":{"fmId":"-1","fmType":"5","type":"typed-literal","datatype":"http://www.w3.org/1999/02/22-rdf-syntax-ns#XMLLiteral","value":"This is the code corresponding to the method of administration of the\ranesthetic agent.  This information is not required."}},{"number":"37","flags":"S","name":"PURPOSE","location":"3;7","type":"3","details":"1:FOR SURGICAL PROCEDURE;2:FOR PAIN RELIEF POST-OP;3:FOR CHRONIC PAIN CONTROL;","description":{"fmId":"-1","fmType":"5","type":"typed-literal","datatype":"http://www.w3.org/1999/02/22-rdf-syntax-ns#XMLLiteral","value":"This is the code corresponding to the reason for using a regional\rtechnique.  This information is not required, but may be useful for\rdocumentation and review.\r "}},{"number":"38","flags":"130.49P","name":"BLOCK SITE","location":"5;0","type":"9","details":"130.49","description":{"fmId":"-1","fmType":"5","type":"typed-literal","datatype":"http://www.w3.org/1999/02/22-rdf-syntax-ns#XMLLiteral","value":"This is information about the block site.\r "}},{"number":"39","flags":"*P200'","name":"EXTUBATED BY","location":"6;1","type":"7","details":"200","inputTransform":"S DIC(\"S\")=\"S RESTRICT=\"\"130.06,39\"\" D KEY^SROXPR I $D(SROK)\" D ^DIC K DIC S DIC=DIE,X=+Y K:Y<0 X","description":{"fmId":"-1","fmType":"5","type":"typed-literal","datatype":"http://www.w3.org/1999/02/22-rdf-syntax-ns#XMLLiteral","value":"This is the name of the person responsible for removing the endotracheal\rtube.  Although optional, this information may be useful for documentation.\r "}},{"number":"40","flags":"130.5","name":"ANESTHESIA COMMENTS","location":"7;0","type":"5","description":{"fmId":"-1","fmType":"5","type":"typed-literal","datatype":"http://www.w3.org/1999/02/22-rdf-syntax-ns#XMLLiteral","value":"These are comments related to anesthesia care for this case.\r "}},{"number":"41","flags":"S","name":"MONITORED ANES CARE ?(Y/N)","location":"8;1","type":"3","details":"Y:YES;N:NO;","description":{"fmId":"-1","fmType":"5","type":"typed-literal","datatype":"http://www.w3.org/1999/02/22-rdf-syntax-ns#XMLLiteral","value":"This indicates whether the anesthesia personnel monitored this patient \rwithout anesthesia.  This information is not required, but may be \ruseful for documentation and review.\r "}},{"number":"42","flags":"S","name":"INTUBATED ?  (Y/N)","location":"8;2","type":"3","details":"Y:YES;N:NO;","description":{"fmId":"-1","fmType":"5","type":"typed-literal","datatype":"http://www.w3.org/1999/02/22-rdf-syntax-ns#XMLLiteral","value":"This indicates whether an endotracheal tube is placed.\r "}},{"number":"43","flags":"S","name":"LEVEL","location":"8;3","type":"3","details":"T4:T4;T6:T6;T8:T8;T10:T10;T12:T12;ONE-SIDED:ONE-SIDED;","description":{"fmId":"-1","fmType":"5","type":"typed-literal","datatype":"http://www.w3.org/1999/02/22-rdf-syntax-ns#XMLLiteral","value":"This is the code corresponding to the neurodermatome anesthesia\rsensory level.\r "}},{"number":"44","flags":"DX","name":"DATE/TIME CATHETER REMOVED","location":"8;4","type":"1","inputTransform":"S Z=$E($P(^SRF(D0,0),\"^\",9),1,7),X=$S(X?1.4N.A!(X?1.2N1\":\"2N.A):Z_\"@\"_X,1:X),%DT=\"ETX\" D ^%DT S X=Y K:Y<1 X K Z","description":{"fmId":"-1","fmType":"5","type":"typed-literal","datatype":"http://www.w3.org/1999/02/22-rdf-syntax-ns#XMLLiteral","value":"This is the date/time that the continuous regional block catheter was\rremoved.  Times entered without a date will be converted to the date\rof the operation at that time.\r "}}],"fmql":{"OP":"DESCRIBE TYPE","TYPE":"130_06","TYPELABEL":"ANESTHESIA TECHNIQUE"}}