{"name":"EXCLUDED BACT RPT REMARKS","number":"104.108","parent":"104.1","fields":[{"number":".01","flags":"MF","name":"EXCLUDED BACT RPT REMARK","location":"0;1","index":"B","type":"4","inputTransform":"K:$L(X)>68!($L(X)<1) X","description":{"fmId":"-1","fmType":"5","type":"typed-literal","datatype":"http://www.w3.org/1999/02/22-rdf-syntax-ns#XMLLiteral","value":"For MI-subscripted tests, this determines what comments must not be\rcontained in the report remarks.\r \rThis field only needs to be used in cases where the comments used to \rdenote a positive are also contained in the comments used to denote a \rnegative. For example, if your site uses 'No MRSA DNA detected' to denote \ra MRSA negative, and 'MRSA DNA detected' to denote a MRSA positive. You \rwould enter 'MRSA DNA detected' in the field Included Bact rpt remark, and\r'No MRSA DNA detected' in this field."}}],"fmql":{"OP":"DESCRIBE TYPE","TYPE":"104_108","TYPELABEL":"EXCLUDED BACT RPT REMARKS"}}