{"fields": [{"index": "B", "name": "member", "description": {"datatype": "http://www.w3.org/1999/02/22-rdf-syntax-ns#XMLLiteral", "fmType": "5", "fmId": "-1", "value": "An item on the list, member is a patient if the list type is P or T.", "type": "typed-literal"}, "number": ".01", "flags": "MV", "location": "0;1", "type": "8", "details": "2"}, {"description": {"datatype": "http://www.w3.org/1999/02/22-rdf-syntax-ns#XMLLiteral", "fmType": "5", "fmId": "-1", "value": "This is the date/time this item was last viewed.", "type": "typed-literal"}, "number": "1", "flags": "D", "location": "0;2", "type": "1", "name": "view_date_time"}, {"name": "notification_selection", "description": {"datatype": "http://www.w3.org/1999/02/22-rdf-syntax-ns#XMLLiteral", "fmType": "5", "fmId": "-1", "value": "This field is unused and will be deleted post-CPRS 1.", "type": "typed-literal"}, "number": "2", "flags": "100.21019P", "details": "100.21019", "type": "9", "location": "100.9;0"}], "fmql": {"TYPELABEL": "MEMBER", "TYPE": "100_2101", "OP": "DESCRIBE TYPE"}, "name": "MEMBER", "parent": "100.21", "number": "100.2101"}