{"name":"FORMAT","number":"102.212","parent":"102.21","fields":[{"number":".01","flags":"MNJ10,2","name":"COLUMN","location":"0;1","index":"B","type":"2","inputTransform":"K:+X'=X!(X>9999999)!(X<0)!(X?.E1\".\"3N.N) X","description":{"fmId":"-1","fmType":"5","type":"typed-literal","datatype":"http://www.w3.org/1999/02/22-rdf-syntax-ns#XMLLiteral","value":"This is the sequence number for the column."}},{"number":"2","flags":"P102.24'","name":"DISPLAY FIELD","location":"0;2","type":"7","details":"102.24","description":{"fmId":"-1","fmType":"5","type":"typed-literal","datatype":"http://www.w3.org/1999/02/22-rdf-syntax-ns#XMLLiteral","value":"This specifies which field should be displayed in this column of the\rreport."}},{"number":"3","flags":"NJ8,0","name":"PIXEL WIDTH","location":"0;3","type":"2","inputTransform":"K:+X'=X!(X>99999999)!(X<0)!(X?.E1\".\"1N.N) X","description":{"fmId":"-1","fmType":"5","type":"typed-literal","datatype":"http://www.w3.org/1999/02/22-rdf-syntax-ns#XMLLiteral","value":"This specifies the initial width of the column in pixels."}}],"fmql":{"OP":"DESCRIBE TYPE","TYPE":"102_212","TYPELABEL":"FORMAT"}}