{"fields": [{"description": {"datatype": "http://www.w3.org/1999/02/22-rdf-syntax-ns#XMLLiteral", "fmType": "5", "fmId": "-1", "value": "This is the internal entry number of the prompt in the Item multiple\rby which this response was obtained.", "type": "typed-literal"}, "number": ".01", "flags": "NJ7,0", "location": "0;1", "type": "2", "name": "item_entry"}, {"name": "dialog", "description": {"datatype": "http://www.w3.org/1999/02/22-rdf-syntax-ns#XMLLiteral", "fmType": "5", "fmId": "-1", "value": "This is a pointer to the dialog prompt, which is in the Order Dialog file\ras type prompt.", "type": "typed-literal"}, "number": ".02", "flags": "P101.41'", "details": "101.41", "type": "7", "location": "0;2"}, {"description": {"datatype": "http://www.w3.org/1999/02/22-rdf-syntax-ns#XMLLiteral", "fmType": "5", "fmId": "-1", "value": "In the case of multiple answers for the same item, this identifies the\rindividual instance.", "type": "typed-literal"}, "number": ".03", "flags": "NJ7,0", "location": "0;3", "type": "2", "name": "instance"}, {"index": "ID", "name": "id", "number": ".04", "flags": "F", "location": "0;4", "type": "4", "description": {"datatype": "http://www.w3.org/1999/02/22-rdf-syntax-ns#XMLLiteral", "fmType": "5", "fmId": "-1", "value": "This field assigns a free text identifier to this response value, for quick\raccess to certain values in this order.", "type": "typed-literal"}}, {"description": {"datatype": "http://www.w3.org/1999/02/22-rdf-syntax-ns#XMLLiteral", "fmType": "5", "fmId": "-1", "value": "This contains the actual response, unless the value is a word processing\rtype.", "type": "typed-literal"}, "number": "1", "flags": "F", "location": "1;E1,245", "type": "4", "name": "value"}, {"description": {"datatype": "http://www.w3.org/1999/02/22-rdf-syntax-ns#XMLLiteral", "fmType": "5", "fmId": "-1", "value": "This contains responses to items that are a word processing type.", "type": "typed-literal"}, "number": "2", "flags": "100.0451", "location": "2;0", "type": "5", "name": "text"}], "fmql": {"TYPELABEL": "RESPONSES", "TYPE": "100_045", "OP": "DESCRIBE TYPE"}, "name": "RESPONSES", "parent": "100", "number": "100.045"}