{"name":"COLUMN HEADERS","number":"101.243","parent":"101.24","fields":[{"number":".01","flags":"MF","name":"COLUMN HEADERS","location":"0;1","index":"B","type":"4","inputTransform":"K:$L(X)>60!($L(X)<1) X","description":{"fmId":"-1","fmType":"5","type":"typed-literal","datatype":"http://www.w3.org/1999/02/22-rdf-syntax-ns#XMLLiteral","value":"These are the column headings used on a report in ListView format."}},{"number":".02","flags":"S","name":"VISIBLE","location":"0;2","type":"3","details":"0:YES;1:NO;","description":{"fmId":"-1","fmType":"5","type":"typed-literal","datatype":"http://www.w3.org/1999/02/22-rdf-syntax-ns#XMLLiteral","value":"This field determines the visible property of the column."}},{"number":".03","flags":"NJ6,1","name":"SEQUENCE","location":"0;3","index":"C","type":"2","inputTransform":"K:+X'=X!(X>9999)!(X<.1)!(X?.E1\".\"2N.N) X","description":{"fmId":"-1","fmType":"5","type":"typed-literal","datatype":"http://www.w3.org/1999/02/22-rdf-syntax-ns#XMLLiteral","value":"This is the sequence for the column header."}},{"number":".04","flags":"S","name":"TYPE","location":"0;4","type":"3","details":"0:SINGLE PIECE VALUE;1:WORD PROCESSING;","description":{"fmId":"-1","fmType":"5","type":"typed-literal","datatype":"http://www.w3.org/1999/02/22-rdf-syntax-ns#XMLLiteral","value":"This field identifies columns that contain multiple lines of text."}},{"number":".05","flags":"S","name":"INCLUDE ON DETAIL","location":"0;5","type":"3","details":"0:NO;1:YES;","description":{"fmId":"-1","fmType":"5","type":"typed-literal","datatype":"http://www.w3.org/1999/02/22-rdf-syntax-ns#XMLLiteral","value":"This field is used to determine what data to include in the details of\ra report."}},{"number":".06","flags":"NJ2,0","name":"PRINT LENGTH","location":"0;6","type":"2","inputTransform":"K:+X'=X!(X>20)!(X<1)!(X?.E1\".\"1N.N) X","description":{"fmId":"-1","fmType":"5","type":"typed-literal","datatype":"http://www.w3.org/1999/02/22-rdf-syntax-ns#XMLLiteral","value":"This is the field length used when printing this column on a report."}},{"number":".07","flags":"S","name":"INCLUDE ON PRINT","location":"0;7","type":"3","details":"0:NO;1:YES;","description":{"fmId":"-1","fmType":"5","type":"typed-literal","datatype":"http://www.w3.org/1999/02/22-rdf-syntax-ns#XMLLiteral","value":"This field determines which columns are included when a printout is\rrequested."}},{"number":".08","flags":"F","name":"PRINT TITLE","location":"0;8","type":"4","inputTransform":"K:$L(X)>20!($L(X)<1) X","description":{"fmId":"-1","fmType":"5","type":"typed-literal","datatype":"http://www.w3.org/1999/02/22-rdf-syntax-ns#XMLLiteral","value":"This field is used when printing this field in lieu of the Column Header."}},{"number":".09","flags":"S","name":"DATA TYPE","location":"0;9","type":"3","details":"0:FREE TEXT;1:NUMERIC;2:DATE/TIME;","description":{"fmId":"-1","fmType":"5","type":"typed-literal","datatype":"http://www.w3.org/1999/02/22-rdf-syntax-ns#XMLLiteral","value":"This is the data type of the column.  It is used when sorting columns.\rThe default data type is 0 - FREE TEXT.  If no value is entered, it is\rassumed to be FREE TEXT."}},{"number":".1","flags":"NJ4,0","name":"WIDTH","location":"0;10","type":"2","inputTransform":"K:+X'=X!(X>4000)!(X<-2)!(X?.E1\".\"1N.N) X","description":{"fmId":"-1","fmType":"5","type":"typed-literal","datatype":"http://www.w3.org/1999/02/22-rdf-syntax-ns#XMLLiteral","value":"This field is for the column width.  No value needs to be entered because\rthe value is actually obtained from a User level parameter.  The field\ris defined here to reserve the 10 piece of this node so that future\rfield definitions won't break the RPC used in CPRS to get column properties\rwhere the width is stored in the 10 piece."}},{"number":"1","flags":"K","name":"HDR MODIFIER","location":"1;E1,245","type":"10","inputTransform":"K:$L(X)>245 X D:$D(X) ^DIM","description":{"fmId":"-1","fmType":"5","type":"typed-literal","datatype":"http://www.w3.org/1999/02/22-rdf-syntax-ns#XMLLiteral","value":"This is code executed when HDR data needs to be modified.\rWhen this field is executed, the variable ORX will have the value\rpassed in from the HDR.  If this value needs to be manipulated, set the\rnew value into ORX.  If the value is ignored (not to be displayed),\rthen set the value of ORX=\"-1-\""}}],"fmql":{"OP":"DESCRIBE TYPE","TYPE":"101_243","TYPELABEL":"COLUMN HEADERS"}}