{"name":"CPRS QUERY DISPLAY FIELDS","number":"102.24","location":"^ORD(102.24,","count":"20","lastIEN":"20","description":{"fmId":"-1","fmType":"5","type":"typed-literal","datatype":"http://www.w3.org/1999/02/22-rdf-syntax-ns#XMLLiteral","value":"This file contains display fields that may be selected.  Each display \rfield may be a column in the results of a query.  For each display field, \rthe file contains information about how the column should be sorted when \rclicked and some sample data to assist the user when setting up the \rcolumns."},"version":"3.0","vpackage":"OR","fields":[{"number":".01","flags":"RF","name":"NAME","location":"0;1","index":"B","type":"4","inputTransform":"K:$L(X)>30!($L(X)<3)!'(X'?1P.E) X","description":{"fmId":"-1","fmType":"5","type":"typed-literal","datatype":"http://www.w3.org/1999/02/22-rdf-syntax-ns#XMLLiteral","value":"Reference field name (used by software)."}},{"number":"2","flags":"RF","name":"DISPLAY TEXT","location":"0;2","type":"4","inputTransform":"K:$L(X)>30!($L(X)<3) X","description":{"fmId":"-1","fmType":"5","type":"typed-literal","datatype":"http://www.w3.org/1999/02/22-rdf-syntax-ns#XMLLiteral","value":"This is the text that is displayed in the listbox when selecting fields\rfor the report."}},{"number":"3","flags":"F","name":"HEADER TEXT","location":"0;3","type":"4","inputTransform":"K:$L(X)>30!($L(X)<3) X","description":{"fmId":"-1","fmType":"5","type":"typed-literal","datatype":"http://www.w3.org/1999/02/22-rdf-syntax-ns#XMLLiteral","value":"This is the default text to be used in the header of the report."}},{"number":"4","flags":"S","name":"SORT TYPE","location":"0;4","type":"3","details":"D:date/time;F:free text;N:numeric;","description":{"fmId":"-1","fmType":"5","type":"typed-literal","datatype":"http://www.w3.org/1999/02/22-rdf-syntax-ns#XMLLiteral","value":"Specifies the type of sort when the column is sorted.  Date/Time sorts\ruse the internal date/time to sort.  Free text sorts use the visible\rtext for the sort."}},{"number":"10","flags":"102.241","name":"SAMPLE DATA","location":"1;0","type":"9","details":"102.241","description":{"fmId":"-1","fmType":"5","type":"typed-literal","datatype":"http://www.w3.org/1999/02/22-rdf-syntax-ns#XMLLiteral","value":"This multiple contains sample data for this type of field that may be\rin a preview report."}}],"fmql":{"OP":"DESCRIBE TYPE","TYPE":"102_24","TYPELABEL":"CPRS QUERY DISPLAY FIELDS"}}