{"name":"EDIT HISTORY","number":"100.681","parent":"100.6","fields":[{"number":".01","flags":"D","name":"EDIT HISTORY","location":"0;1","index":"B","type":"1","inputTransform":"S %DT=\"ESTXR\" D ^%DT S X=Y K:Y<1 X","description":{"fmId":"-1","fmType":"5","type":"typed-literal","datatype":"http://www.w3.org/1999/02/22-rdf-syntax-ns#XMLLiteral","value":"Tracks the entering and editing of rules."}},{"number":"1","flags":"P200'","name":"WHO ENTERED/EDITED","location":"0;2","type":"7","details":"200","description":{"fmId":"-1","fmType":"5","type":"typed-literal","datatype":"http://www.w3.org/1999/02/22-rdf-syntax-ns#XMLLiteral","value":"Name of person who added or edited this rule"}},{"number":"2","flags":"S","name":"ACTION","location":"0;3","type":"3","details":"N:NEW;E:EDIT;","description":{"fmId":"-1","fmType":"5","type":"typed-literal","datatype":"http://www.w3.org/1999/02/22-rdf-syntax-ns#XMLLiteral","value":"What action was taken on the rule?"}}],"fmql":{"OP":"DESCRIBE TYPE","TYPE":"100_681","TYPELABEL":"EDIT HISTORY"}}