{"fields": [{"index": "B", "name": "830_report_of_costs", "number": ".01", "flags": "NJ13,2", "location": "0;1", "type": "2", "description": {"datatype": "http://www.w3.org/1999/02/22-rdf-syntax-ns#XMLLiteral", "fmType": "5", "fmId": "-1", "value": "This field contains the cumulative fiscal year totals on the 830 Report.", "type": "typed-literal"}}, {"description": {"datatype": "http://www.w3.org/1999/02/22-rdf-syntax-ns#XMLLiteral", "fmType": "5", "fmId": "-1", "value": "This field contains the Total Personal Service.", "type": "typed-literal"}, "number": "1", "flags": "NJ13,2", "location": "0;2", "type": "2", "name": "total_personal_service"}, {"description": {"datatype": "http://www.w3.org/1999/02/22-rdf-syntax-ns#XMLLiteral", "fmType": "5", "fmId": "-1", "value": "This field contains the Technicians Cost of Personal Service.", "type": "typed-literal"}, "number": "2", "flags": "NJ13,2", "location": "0;3", "type": "2", "name": "personal_servicetech_1019"}, {"description": {"datatype": "http://www.w3.org/1999/02/22-rdf-syntax-ns#XMLLiteral", "fmType": "5", "fmId": "-1", "value": "This field contains the Dietitians Cost of Personal Service.", "type": "typed-literal"}, "number": "3", "flags": "NJ13,2", "location": "0;4", "type": "2", "name": "personal_servicedietitns_1018"}, {"description": {"datatype": "http://www.w3.org/1999/02/22-rdf-syntax-ns#XMLLiteral", "fmType": "5", "fmId": "-1", "value": "This field contains the Wageboard Cost of Personal Service.", "type": "typed-literal"}, "number": "4", "flags": "NJ13,2", "location": "0;5", "type": "2", "name": "personal_servicewagebrd_1008"}, {"description": {"datatype": "http://www.w3.org/1999/02/22-rdf-syntax-ns#XMLLiteral", "fmType": "5", "fmId": "-1", "value": "This field contains the Clerical Cost of Personal Service.", "type": "typed-literal"}, "number": "5", "flags": "NJ13,2", "location": "0;6", "type": "2", "name": "personal_serviceclerical_1002"}, {"description": {"datatype": "http://www.w3.org/1999/02/22-rdf-syntax-ns#XMLLiteral", "fmType": "5", "fmId": "-1", "value": "This field contains the Subsistence Cost.", "type": "typed-literal"}, "number": "6", "flags": "NJ13,2", "location": "0;7", "type": "2", "name": "subsistence_2610"}, {"description": {"datatype": "http://www.w3.org/1999/02/22-rdf-syntax-ns#XMLLiteral", "fmType": "5", "fmId": "-1", "value": "This field contains the Operating Supplies Cost.", "type": "typed-literal"}, "number": "7", "flags": "NJ13,2", "location": "0;8", "type": "2", "name": "operating_supplies_2660"}], "fmql": {"TYPELABEL": "TOTAL COST PER DIEM", "TYPE": "117_332", "OP": "DESCRIBE TYPE"}, "name": "TOTAL COST PER DIEM", "parent": "117.3", "number": "117.332"}