{"name":"SERVICE BLOCKOUT","number":"131.703","parent":"131.7","fields":[{"number":".01","flags":"FI","name":"DAY","location":"0;1","index":"B","type":"4","inputTransform":"K:$L(X)>4!($L(X)<1) X","description":{"fmId":"-1","fmType":"5","type":"typed-literal","datatype":"http://www.w3.org/1999/02/22-rdf-syntax-ns#XMLLiteral","value":"This is the day of the week for this blockout.\r "}},{"number":"1","flags":"131.704A","name":"SERVICE","location":"1;0","type":"9","details":"131.704","description":{"fmId":"-1","fmType":"5","type":"typed-literal","datatype":"http://www.w3.org/1999/02/22-rdf-syntax-ns#XMLLiteral","value":"This is information related to the service for which the operating\rroom time will be blocked out.\r "}}],"fmql":{"OP":"DESCRIBE TYPE","TYPE":"131_703","TYPELABEL":"SERVICE BLOCKOUT"}}