{"fields": [{"index": "B", "name": "nutrition_assessment", "number": ".01", "flags": "D", "location": "0;1", "type": "1", "description": {"datatype": "http://www.w3.org/1999/02/22-rdf-syntax-ns#XMLLiteral", "fmType": "5", "fmId": "-1", "value": "This field contains the date the nutrition assessment was\rperformed.", "type": "typed-literal"}}, {"name": "sex", "description": {"datatype": "http://www.w3.org/1999/02/22-rdf-syntax-ns#XMLLiteral", "fmType": "5", "fmId": "-1", "value": "This field contains a M or F corresponding to the sex of\rthe subject.", "type": "typed-literal"}, "number": "1", "flags": "RS", "details": "M:MALE;F:FEMALE;", "type": "3", "location": "0;2"}, {"description": {"datatype": "http://www.w3.org/1999/02/22-rdf-syntax-ns#XMLLiteral", "fmType": "5", "fmId": "-1", "value": "This field contains the age, in years, of the subject at the\rtime of the assessment.", "type": "typed-literal"}, "number": "2", "flags": "RNJ6,2", "location": "0;3", "type": "2", "name": "age"}, {"description": {"datatype": "http://www.w3.org/1999/02/22-rdf-syntax-ns#XMLLiteral", "fmType": "5", "fmId": "-1", "value": "This field contains the height, in inches, of the subject.", "type": "typed-literal"}, "number": "3", "flags": "NJ4,1", "location": "0;4", "type": "2", "name": "height"}, {"name": "height_parameters", "description": {"datatype": "http://www.w3.org/1999/02/22-rdf-syntax-ns#XMLLiteral", "fmType": "5", "fmId": "-1", "value": "This field contains parameters relating to height; in particular,\ran S would mean stated rather than measured.", "type": "typed-literal"}, "number": "4", "flags": "S", "details": "S:STATED;K:KNEE HEIGHT;", "type": "3", "location": "0;5"}, {"description": {"datatype": "http://www.w3.org/1999/02/22-rdf-syntax-ns#XMLLiteral", "fmType": "5", "fmId": "-1", "value": "This field contains the weight, in pounds, of the subject.", "type": "typed-literal"}, "number": "5", "flags": "NJ3,0", "location": "0;6", "type": "2", "name": "weight"}, {"name": "weight_parameters", "description": {"datatype": "http://www.w3.org/1999/02/22-rdf-syntax-ns#XMLLiteral", "fmType": "5", "fmId": "-1", "value": "This field contains parameters relating to weight; in particular,\ran S would mean stated rather than measured.", "type": "typed-literal"}, "number": "6", "flags": "S", "details": "A:ANTHROPOMETRIC;S:STATED;", "type": "3", "location": "0;7"}, {"description": {"datatype": "http://www.w3.org/1999/02/22-rdf-syntax-ns#XMLLiteral", "fmType": "5", "fmId": "-1", "value": "This is the date the weight was determined.", "type": "typed-literal"}, "number": "7", "flags": "D", "location": "0;8", "type": "1", "name": "date_weight_taken"}, {"description": {"datatype": "http://www.w3.org/1999/02/22-rdf-syntax-ns#XMLLiteral", "fmType": "5", "fmId": "-1", "value": "This is the usual weight, in pounds, of the subject.", "type": "typed-literal"}, "number": "8", "flags": "NJ3,0", "location": "0;9", "type": "2", "name": "usual_weight"}, {"description": {"datatype": "http://www.w3.org/1999/02/22-rdf-syntax-ns#XMLLiteral", "fmType": "5", "fmId": "-1", "value": "This is the ideal body weight, in pounds, of the subject.", "type": "typed-literal"}, "number": "9", "flags": "NJ3,0", "location": "0;10", "type": "2", "name": "ideal_body_weight"}, {"name": "frame_size", "description": {"datatype": "http://www.w3.org/1999/02/22-rdf-syntax-ns#XMLLiteral", "fmType": "5", "fmId": "-1", "value": "This is the frame size of the individual, expressed as Small,\rMedium or Large.", "type": "typed-literal"}, "number": "10", "flags": "S", "details": "S:SMALL;M:MEDIUM;L:LARGE;", "type": "3", "location": "0;11"}, {"description": {"datatype": "http://www.w3.org/1999/02/22-rdf-syntax-ns#XMLLiteral", "fmType": "5", "fmId": "-1", "value": "This is the percentage of total body weight missing due to\ramputations.", "type": "typed-literal"}, "number": "11", "flags": "NJ4,1", "location": "0;12", "type": "2", "name": "amputation_"}, {"description": {"datatype": "http://www.w3.org/1999/02/22-rdf-syntax-ns#XMLLiteral", "fmType": "5", "fmId": "-1", "value": "This is the total energy needs of the patient expressed in\rcalories.", "type": "typed-literal"}, "number": "15", "flags": "NJ5,0", "location": "0;16", "type": "2", "name": "kcal_required"}, {"description": {"datatype": "http://www.w3.org/1999/02/22-rdf-syntax-ns#XMLLiteral", "fmType": "5", "fmId": "-1", "value": "This is the protein requirements of the person.", "type": "typed-literal"}, "number": "16", "flags": "NJ3,0", "location": "0;17", "type": "2", "name": "protein_gm_required"}, {"description": {"datatype": "http://www.w3.org/1999/02/22-rdf-syntax-ns#XMLLiteral", "fmType": "5", "fmId": "-1", "value": "This is the fluid requirements, in ml/day, of the person.", "type": "typed-literal"}, "number": "17", "flags": "NJ5,0", "location": "0;18", "type": "2", "name": "fluid_ml_day_required"}, {"name": "risk_category", "description": {"datatype": "http://www.w3.org/1999/02/22-rdf-syntax-ns#XMLLiteral", "fmType": "5", "fmId": "-1", "value": "This is a pointer to the Nutrition Status file (115.4) indicating\rthe current status of the patient for this assessment.", "type": "typed-literal"}, "number": "18", "flags": "P115.4'", "details": "115.4", "type": "7", "location": "0;19"}, {"name": "nutrition_problem", "description": {"datatype": "http://www.w3.org/1999/02/22-rdf-syntax-ns#XMLLiteral", "fmType": "5", "fmId": "-1", "value": "This is a pointer to the Nutrition Classification file (115.3)\rindicating the current classification of the patient for\rthis assessment.", "type": "typed-literal"}, "number": "19", "flags": "P115.3'", "details": "115.3", "type": "7", "location": "0;20"}, {"description": {"datatype": "http://www.w3.org/1999/02/22-rdf-syntax-ns#XMLLiteral", "fmType": "5", "fmId": "-1", "value": "This field is used to store the a free-text description of the\rappearance of the patient when such notation may be of importance\rin understanding or treating the patient.", "type": "typed-literal"}, "number": "20", "flags": "F", "location": "2;1", "type": "4", "name": "appearance"}, {"description": {"datatype": "http://www.w3.org/1999/02/22-rdf-syntax-ns#XMLLiteral", "fmType": "5", "fmId": "-1", "value": "This field contains the Body Mass Index calculated from the\rheight and weight.", "type": "typed-literal"}, "number": "21", "flags": "NJ4,1", "location": "0;21", "type": "2", "name": "body_mass_index"}, {"description": {"datatype": "http://www.w3.org/1999/02/22-rdf-syntax-ns#XMLLiteral", "fmType": "5", "fmId": "-1", "value": "This field contains the percentile rank of the Body Mass Index\rvalue.", "type": "typed-literal"}, "number": "22", "flags": "NJ2,0", "location": "0;22", "type": "2", "name": "body_mass_index_"}, {"description": {"datatype": "http://www.w3.org/1999/02/22-rdf-syntax-ns#XMLLiteral", "fmType": "5", "fmId": "-1", "value": "This field contains the value of the Nitrogen Balance calculated\rduring the assessment.", "type": "typed-literal"}, "number": "23", "flags": "NJ2,0", "location": "0;25", "type": "2", "name": "nitrogen_balance"}, {"description": {"datatype": "http://www.w3.org/1999/02/22-rdf-syntax-ns#XMLLiteral", "fmType": "5", "fmId": "-1", "value": "This is the triceps skin fold measurement in mm.", "type": "typed-literal"}, "number": "40", "flags": "NJ3,0", "location": "1;1", "type": "2", "name": "triceps_skin_fold_mm"}, {"description": {"datatype": "http://www.w3.org/1999/02/22-rdf-syntax-ns#XMLLiteral", "fmType": "5", "fmId": "-1", "value": "This is the percentile rank of the triceps skin fold measurement.", "type": "typed-literal"}, "number": "41", "flags": "NJ2,0", "location": "1;2", "type": "2", "name": "triceps_"}, {"description": {"datatype": "http://www.w3.org/1999/02/22-rdf-syntax-ns#XMLLiteral", "fmType": "5", "fmId": "-1", "value": "This is the subscapular skin fold measurement in mm.", "type": "typed-literal"}, "number": "42", "flags": "NJ3,0", "location": "1;3", "type": "2", "name": "subscapular_skinfold_mm"}, {"description": {"datatype": "http://www.w3.org/1999/02/22-rdf-syntax-ns#XMLLiteral", "fmType": "5", "fmId": "-1", "value": "This is the percentile rank of the subscapular skin fold measurement.", "type": "typed-literal"}, "number": "43", "flags": "NJ2,0", "location": "1;4", "type": "2", "name": "subscapular_"}, {"description": {"datatype": "http://www.w3.org/1999/02/22-rdf-syntax-ns#XMLLiteral", "fmType": "5", "fmId": "-1", "value": "This is the arm circumference in cm.", "type": "typed-literal"}, "number": "44", "flags": "NJ5,1", "location": "1;5", "type": "2", "name": "arm_circumference_cm"}, {"description": {"datatype": "http://www.w3.org/1999/02/22-rdf-syntax-ns#XMLLiteral", "fmType": "5", "fmId": "-1", "value": "This is the percentile rank of the arm circumference.", "type": "typed-literal"}, "number": "45", "flags": "NJ2,0", "location": "1;6", "type": "2", "name": "arm_circumference_"}, {"description": {"datatype": "http://www.w3.org/1999/02/22-rdf-syntax-ns#XMLLiteral", "fmType": "5", "fmId": "-1", "value": "This is the calf circumference in cm.", "type": "typed-literal"}, "number": "46", "flags": "NJ5,1", "location": "1;7", "type": "2", "name": "calf_circumference_cm"}, {"description": {"datatype": "http://www.w3.org/1999/02/22-rdf-syntax-ns#XMLLiteral", "fmType": "5", "fmId": "-1", "value": "This is the percentile rank of the calf circumference.", "type": "typed-literal"}, "number": "47", "flags": "NJ2,0", "location": "1;8", "type": "2", "name": "calf_circumference_"}, {"description": {"datatype": "http://www.w3.org/1999/02/22-rdf-syntax-ns#XMLLiteral", "fmType": "5", "fmId": "-1", "value": "This is the calculated bone-free arm muscle area in sq. cm.", "type": "typed-literal"}, "number": "48", "flags": "NJ5,1", "location": "1;9", "type": "2", "name": "bonefree_ama__cm2"}, {"description": {"datatype": "http://www.w3.org/1999/02/22-rdf-syntax-ns#XMLLiteral", "fmType": "5", "fmId": "-1", "value": "This is the percentile rank of the bone-free AMA.", "type": "typed-literal"}, "number": "49", "flags": "NJ2,0", "location": "1;10", "type": "2", "name": "bonefree_ama_"}, {"type": "2", "location": "1;11", "flags": "NJ3,0", "number": "50", "name": "wccm"}, {"type": "4", "location": "1;12", "flags": "F", "number": "51", "name": "cibw"}, {"type": "2", "location": "1;13", "flags": "NJ1,0", "number": "52", "name": "cerbo"}, {"type": "2", "location": "1;14", "flags": "NJ1,0", "number": "53", "name": "cenb"}, {"type": "2", "location": "1;15", "flags": "NJ1,0", "number": "54", "name": "pctb"}, {"type": "2", "location": "1;16", "flags": "NJ4,2", "number": "55", "name": "sef"}, {"type": "2", "location": "1;17", "flags": "NJ1,0", "number": "56", "name": "cfrb"}, {"type": "2", "location": "1;18", "flags": "NJ1,0", "number": "57", "name": "cfrbo"}, {"type": "2", "location": "1;19", "flags": "NJ1,0", "number": "58", "name": "cprbo"}, {"type": "2", "location": "1;20", "flags": "NJ3,0", "number": "59", "name": "ekkg"}, {"description": {"datatype": "http://www.w3.org/1999/02/22-rdf-syntax-ns#XMLLiteral", "fmType": "5", "fmId": "-1", "value": "This is a diagnosis selected from the Problem List package for a patient.", "type": "typed-literal"}, "number": "60", "flags": "F", "location": "DI;1", "type": "4", "name": "diagnosis_from_problem_list"}, {"description": {"datatype": "http://www.w3.org/1999/02/22-rdf-syntax-ns#XMLLiteral", "fmType": "5", "fmId": "-1", "value": "This is the date when a diagnosis from Problem List was entered.", "type": "typed-literal"}, "number": "61", "flags": "D", "location": "DI;2", "type": "1", "name": "date_entered_in_problem_list"}, {"description": {"datatype": "http://www.w3.org/1999/02/22-rdf-syntax-ns#XMLLiteral", "fmType": "5", "fmId": "-1", "value": "This is a diagnosis entered by NFS personnel.", "type": "typed-literal"}, "number": "62", "flags": "F", "location": "DI;3", "type": "4", "name": "diagnosis_entered_by_nfs"}, {"description": {"datatype": "http://www.w3.org/1999/02/22-rdf-syntax-ns#XMLLiteral", "fmType": "5", "fmId": "-1", "value": "This is the date when a NFS diagnosis was entered by NFS personnel.", "type": "typed-literal"}, "number": "63", "flags": "D", "location": "DI;4", "type": "1", "name": "nfs_diagnosis_date"}, {"index": "E", "name": "assessment_followup_date", "number": "64", "flags": "D", "location": "DI;5", "type": "1", "description": {"datatype": "http://www.w3.org/1999/02/22-rdf-syntax-ns#XMLLiteral", "fmType": "5", "fmId": "-1", "value": "This is a date that a patient's assessment needs to be checked by a \rdietitian or other provider.", "type": "typed-literal"}}, {"name": "assessment_status", "description": {"datatype": "http://www.w3.org/1999/02/22-rdf-syntax-ns#XMLLiteral", "fmType": "5", "fmId": "-1", "value": "This is a status field for nutrition assessment.  When the status is \rcompleted, a progress note will be created in TIU and eventually visible \rin CPRS. Once it is signed in CPRS, the assessment status will be updated \rto SIGNED.", "type": "typed-literal"}, "number": "65", "flags": "S", "details": "C:COMPLETED;S:SIGNED;W:WORK IN PROGRESS;", "type": "3", "location": "DI;6"}, {"description": {"datatype": "http://www.w3.org/1999/02/22-rdf-syntax-ns#XMLLiteral", "fmType": "5", "fmId": "-1", "value": "Patient diet at the time the Nutrition Assessment was created.", "type": "typed-literal"}, "number": "66", "flags": "F", "location": "DI;7", "type": "4", "name": "assessment_diet"}, {"description": {"datatype": "http://www.w3.org/1999/02/22-rdf-syntax-ns#XMLLiteral", "fmType": "5", "fmId": "-1", "value": "Patient's Tubefeeding Order Date/Time at\rthe time the Nutrition Assessment was created.", "type": "typed-literal"}, "number": "67", "flags": "D", "location": "DI;8", "type": "1", "name": "assessment_tf_date"}, {"name": "assessment_tf_product", "number": "67.1", "flags": "115.031P", "details": "115.031", "type": "9", "location": "TF;0"}, {"description": {"datatype": "http://www.w3.org/1999/02/22-rdf-syntax-ns#XMLLiteral", "fmType": "5", "fmId": "-1", "value": "Patient's Tubefeeding Comment at the time the Nutrition Assessment was \rcreated.", "type": "typed-literal"}, "number": "67.2", "flags": "F", "location": "4;1", "type": "4", "name": "assessment_tf_comment"}, {"description": {"datatype": "http://www.w3.org/1999/02/22-rdf-syntax-ns#XMLLiteral", "fmType": "5", "fmId": "-1", "value": "Patient's Tubefeeding Total ML's at the time the Nutrition Assessment\rwas created.", "type": "typed-literal"}, "number": "67.3", "flags": "NJ5,0", "location": "DI;10", "type": "2", "name": "assessment_tf_total_mls"}, {"description": {"datatype": "http://www.w3.org/1999/02/22-rdf-syntax-ns#XMLLiteral", "fmType": "5", "fmId": "-1", "value": "Patient's Tubefeeding Total KCALS/Day at the time the\rNutrition Assessment was created.", "type": "typed-literal"}, "number": "67.4", "flags": "NJ5,0", "location": "DI;11", "type": "2", "name": "assessment_tf_total_kcals_day"}, {"description": {"datatype": "http://www.w3.org/1999/02/22-rdf-syntax-ns#XMLLiteral", "fmType": "5", "fmId": "-1", "value": "This is the last date an assessment alert was created.", "type": "typed-literal"}, "number": "68", "flags": "D", "location": "DI;9", "type": "1", "name": "alert_date"}, {"name": "lab_data", "description": {"datatype": "http://www.w3.org/1999/02/22-rdf-syntax-ns#XMLLiteral", "fmType": "5", "fmId": "-1", "value": "This multiple contains laboratory data available for the\rnutrition assessment.", "type": "typed-literal"}, "number": "70", "flags": "115.021", "details": "115.021", "type": "9", "location": "L;0"}, {"description": {"datatype": "http://www.w3.org/1999/02/22-rdf-syntax-ns#XMLLiteral", "fmType": "5", "fmId": "-1", "value": "This multiple contains comments relating to the assessment.", "type": "typed-literal"}, "number": "71", "flags": "115.1171", "location": "X;0", "type": "5", "name": "comments"}, {"name": "pt_confined_in_bed", "number": "80", "flags": "S", "details": "Y:YES;N:NO;", "type": "3", "location": "3;1"}, {"type": "4", "location": "3;2", "flags": "F", "number": "81", "name": "energy_cal"}, {"type": "4", "location": "3;3", "flags": "F", "number": "82", "name": "protein_cal"}, {"type": "4", "location": "3;4", "flags": "F", "number": "83", "name": "nfs_problem"}, {"name": "food_drug_interaction", "number": "84", "flags": "S", "details": "Y:YES;N:NO;", "type": "3", "location": "3;5"}, {"type": "4", "location": "3;6", "flags": "F", "number": "85", "name": "food_drug_comment"}, {"description": {"datatype": "http://www.w3.org/1999/02/22-rdf-syntax-ns#XMLLiteral", "fmType": "5", "fmId": "-1", "value": "This is a protein level used in calculation of protein requirements.", "type": "typed-literal"}, "number": "86", "flags": "NJ4,2", "location": "3;7", "type": "2", "name": "protein_level"}, {"name": "spinal_cord", "description": {"datatype": "http://www.w3.org/1999/02/22-rdf-syntax-ns#XMLLiteral", "fmType": "5", "fmId": "-1", "value": "This is a spinal cord code for Paraplegic and Quadriplegic.", "type": "typed-literal"}, "number": "87", "flags": "S", "details": "P:Paraplegic;Q:Quadriplegic;", "type": "3", "location": "3;8"}, {"name": "entering_clinician", "description": {"datatype": "http://www.w3.org/1999/02/22-rdf-syntax-ns#XMLLiteral", "fmType": "5", "fmId": "-1", "value": "This field points to the person entering the nutrition\rassessment.", "type": "typed-literal"}, "number": "101", "flags": "RP200'", "details": "200", "type": "7", "location": "0;23"}, {"description": {"datatype": "http://www.w3.org/1999/02/22-rdf-syntax-ns#XMLLiteral", "fmType": "5", "fmId": "-1", "value": "This field contains the date/time the assessment was actually\rentered.", "type": "typed-literal"}, "number": "102", "flags": "RD", "location": "0;24", "type": "1", "name": "date_time_entered"}], "fmql": {"TYPELABEL": "NUTRITION ASSESSMENT", "TYPE": "115_011", "OP": "DESCRIBE TYPE"}, "name": "NUTRITION ASSESSMENT", "parent": "115", "number": "115.011"}