{"count": "0", "description": {"datatype": "http://www.w3.org/1999/02/22-rdf-syntax-ns#XMLLiteral", "fmType": "5", "fmId": "-1", "value": "This file is used to store \"Combination\" pointers for Patient Selection\rLists in OE/RR.  Users can select individual default settings for Wards,\rProviders, etc. - but the \"Combination\" option allows them to set a\rmultiple, or combination, of such choices.  When the user enters CPRS, the\rdefault patient list will be built from the combined list of sources in\rthis file (as compared to a single source).  ", "type": "typed-literal"}, "fields": [{"index": "B", "name": "name", "description": {"datatype": "http://www.w3.org/1999/02/22-rdf-syntax-ns#XMLLiteral", "fmType": "5", "fmId": "-1", "value": "This field stores the IEN (from the NEW PERSON file) of the user of this\rCombination.", "type": "typed-literal"}, "number": ".01", "flags": "R*P200'X", "location": "0;1", "type": "7", "details": "200"}, {"name": "combination_item", "description": {"datatype": "http://www.w3.org/1999/02/22-rdf-syntax-ns#XMLLiteral", "fmType": "5", "fmId": "-1", "value": "This is the sub-file multiple for the combination source entries.", "type": "typed-literal"}, "number": "1", "flags": "100.241V", "details": "100.241", "type": "9", "location": ".01;0"}], "fmql": {"TYPELABEL": "OE/RR PT SEL COMBO", "TYPE": "100_24", "OP": "DESCRIBE TYPE"}, "number": "100.24", "location": "^OR(100.24,", "name": "OE/RR PT SEL COMBO"}