{"name":"NUTRITION ASSESSMENT","number":"115.011","parent":"115","fields":[{"number":".01","flags":"D","name":"NUTRITION ASSESSMENT","location":"0;1","index":"B","type":"1","inputTransform":"S %DT=\"ESTXR\" D ^%DT S X=Y K:Y<1 X","description":{"fmId":"-1","fmType":"5","type":"typed-literal","datatype":"http://www.w3.org/1999/02/22-rdf-syntax-ns#XMLLiteral","value":"This field contains the date the nutrition assessment was\rperformed."}},{"number":"1","flags":"RS","name":"SEX","location":"0;2","type":"3","details":"M:MALE;F:FEMALE;","description":{"fmId":"-1","fmType":"5","type":"typed-literal","datatype":"http://www.w3.org/1999/02/22-rdf-syntax-ns#XMLLiteral","value":"This field contains a M or F corresponding to the sex of\rthe subject."}},{"number":"2","flags":"RNJ6,2","name":"AGE","location":"0;3","type":"2","inputTransform":"K:+X'=X!(X>140)!(X<0)!(X?.E1\".\"3N.N) X","description":{"fmId":"-1","fmType":"5","type":"typed-literal","datatype":"http://www.w3.org/1999/02/22-rdf-syntax-ns#XMLLiteral","value":"This field contains the age, in years, of the subject at the\rtime of the assessment."}},{"number":"3","flags":"NJ4,1","name":"HEIGHT","location":"0;4","type":"2","inputTransform":"K:+X'=X!(X>96)!(X<12)!(X?.E1\".\"2N.N) X","description":{"fmId":"-1","fmType":"5","type":"typed-literal","datatype":"http://www.w3.org/1999/02/22-rdf-syntax-ns#XMLLiteral","value":"This field contains the height, in inches, of the subject."}},{"number":"4","flags":"S","name":"HEIGHT PARAMETERS","location":"0;5","type":"3","details":"S:STATED;K:KNEE HEIGHT;","description":{"fmId":"-1","fmType":"5","type":"typed-literal","datatype":"http://www.w3.org/1999/02/22-rdf-syntax-ns#XMLLiteral","value":"This field contains parameters relating to height; in particular,\ran S would mean stated rather than measured."}},{"number":"5","flags":"NJ3,0","name":"WEIGHT","location":"0;6","type":"2","inputTransform":"K:+X'=X!(X>750)!(X<0)!(X?.E1\".\"1N.N) X","description":{"fmId":"-1","fmType":"5","type":"typed-literal","datatype":"http://www.w3.org/1999/02/22-rdf-syntax-ns#XMLLiteral","value":"This field contains the weight, in pounds, of the subject."}},{"number":"6","flags":"S","name":"WEIGHT PARAMETERS","location":"0;7","type":"3","details":"A:ANTHROPOMETRIC;S:STATED;","description":{"fmId":"-1","fmType":"5","type":"typed-literal","datatype":"http://www.w3.org/1999/02/22-rdf-syntax-ns#XMLLiteral","value":"This field contains parameters relating to weight; in particular,\ran S would mean stated rather than measured."}},{"number":"7","flags":"D","name":"DATE WEIGHT TAKEN","location":"0;8","type":"1","inputTransform":"S %DT=\"E\" D ^%DT S X=Y K:Y<1 X","description":{"fmId":"-1","fmType":"5","type":"typed-literal","datatype":"http://www.w3.org/1999/02/22-rdf-syntax-ns#XMLLiteral","value":"This is the date the weight was determined."}},{"number":"8","flags":"NJ3,0","name":"USUAL WEIGHT","location":"0;9","type":"2","inputTransform":"K:+X'=X!(X>750)!(X<0)!(X?.E1\".\"1N.N) X","description":{"fmId":"-1","fmType":"5","type":"typed-literal","datatype":"http://www.w3.org/1999/02/22-rdf-syntax-ns#XMLLiteral","value":"This is the usual weight, in pounds, of the subject."}},{"number":"9","flags":"NJ3,0","name":"IDEAL BODY WEIGHT","location":"0;10","type":"2","inputTransform":"K:+X'=X!(X>750)!(X<0)!(X?.E1\".\"1N.N) X","description":{"fmId":"-1","fmType":"5","type":"typed-literal","datatype":"http://www.w3.org/1999/02/22-rdf-syntax-ns#XMLLiteral","value":"This is the ideal body weight, in pounds, of the subject."}},{"number":"10","flags":"S","name":"FRAME SIZE","location":"0;11","type":"3","details":"S:SMALL;M:MEDIUM;L:LARGE;","description":{"fmId":"-1","fmType":"5","type":"typed-literal","datatype":"http://www.w3.org/1999/02/22-rdf-syntax-ns#XMLLiteral","value":"This is the frame size of the individual, expressed as Small,\rMedium or Large."}},{"number":"11","flags":"NJ4,1","name":"AMPUTATION %","location":"0;12","type":"2","inputTransform":"K:+X'=X!(X>50)!(X<0)!(X?.E1\".\"2N.N) X","description":{"fmId":"-1","fmType":"5","type":"typed-literal","datatype":"http://www.w3.org/1999/02/22-rdf-syntax-ns#XMLLiteral","value":"This is the percentage of total body weight missing due to\ramputations."}},{"number":"15","flags":"NJ5,0","name":"KCAL REQUIRED","location":"0;16","type":"2","inputTransform":"K:+X'=X!(X>10000)!(X<0)!(X?.E1\".\"1N.N) X","description":{"fmId":"-1","fmType":"5","type":"typed-literal","datatype":"http://www.w3.org/1999/02/22-rdf-syntax-ns#XMLLiteral","value":"This is the total energy needs of the patient expressed in\rcalories."}},{"number":"16","flags":"NJ3,0","name":"PROTEIN (GM) REQUIRED","location":"0;17","type":"2","inputTransform":"K:+X'=X!(X>400)!(X<0)!(X?.E1\".\"1N.N) X","description":{"fmId":"-1","fmType":"5","type":"typed-literal","datatype":"http://www.w3.org/1999/02/22-rdf-syntax-ns#XMLLiteral","value":"This is the protein requirements of the person."}},{"number":"17","flags":"NJ5,0","name":"FLUID (ML/DAY) REQUIRED","location":"0;18","type":"2","inputTransform":"K:+X'=X!(X>10000)!(X<0)!(X?.E1\".\"1N.N) X","description":{"fmId":"-1","fmType":"5","type":"typed-literal","datatype":"http://www.w3.org/1999/02/22-rdf-syntax-ns#XMLLiteral","value":"This is the fluid requirements, in ml/day, of the person."}},{"number":"18","flags":"P115.4'","name":"RISK CATEGORY","location":"0;19","type":"7","details":"115.4","description":{"fmId":"-1","fmType":"5","type":"typed-literal","datatype":"http://www.w3.org/1999/02/22-rdf-syntax-ns#XMLLiteral","value":"This is a pointer to the Nutrition Status file (115.4) indicating\rthe current status of the patient for this assessment."}},{"number":"19","flags":"P115.3'","name":"NUTRITION PROBLEM","location":"0;20","type":"7","details":"115.3","description":{"fmId":"-1","fmType":"5","type":"typed-literal","datatype":"http://www.w3.org/1999/02/22-rdf-syntax-ns#XMLLiteral","value":"This is a pointer to the Nutrition Classification file (115.3)\rindicating the current classification of the patient for\rthis assessment."}},{"number":"20","flags":"F","name":"APPEARANCE","location":"2;1","type":"4","inputTransform":"K:$L(X)>60!($L(X)<1) X","description":{"fmId":"-1","fmType":"5","type":"typed-literal","datatype":"http://www.w3.org/1999/02/22-rdf-syntax-ns#XMLLiteral","value":"This field is used to store the a free-text description of the\rappearance of the patient when such notation may be of importance\rin understanding or treating the patient."}},{"number":"21","flags":"NJ4,1","name":"BODY MASS INDEX","location":"0;21","type":"2","inputTransform":"K:+X'=X!(X>50)!(X<10)!(X?.E1\".\"2N.N) X","description":{"fmId":"-1","fmType":"5","type":"typed-literal","datatype":"http://www.w3.org/1999/02/22-rdf-syntax-ns#XMLLiteral","value":"This field contains the Body Mass Index calculated from the\rheight and weight."}},{"number":"22","flags":"NJ2,0","name":"BODY MASS INDEX %","location":"0;22","type":"2","inputTransform":"K:+X'=X!(X>99)!(X<1)!(X?.E1\".\"1N.N) X","description":{"fmId":"-1","fmType":"5","type":"typed-literal","datatype":"http://www.w3.org/1999/02/22-rdf-syntax-ns#XMLLiteral","value":"This field contains the percentile rank of the Body Mass Index\rvalue."}},{"number":"23","flags":"NJ2,0","name":"NITROGEN BALANCE","location":"0;25","type":"2","inputTransform":"K:+X'=X!(X>99)!(X<-99)!(X?.E1\".\"1N.N) X","description":{"fmId":"-1","fmType":"5","type":"typed-literal","datatype":"http://www.w3.org/1999/02/22-rdf-syntax-ns#XMLLiteral","value":"This field contains the value of the Nitrogen Balance calculated\rduring the assessment."}},{"number":"40","flags":"NJ3,0","name":"TRICEPS SKIN FOLD (MM)","location":"1;1","type":"2","inputTransform":"K:+X'=X!(X>100)!(X<1)!(X?.E1\".\"1N.N) X","description":{"fmId":"-1","fmType":"5","type":"typed-literal","datatype":"http://www.w3.org/1999/02/22-rdf-syntax-ns#XMLLiteral","value":"This is the triceps skin fold measurement in mm."}},{"number":"41","flags":"NJ2,0","name":"TRICEPS %","location":"1;2","type":"2","inputTransform":"K:+X'=X!(X>99)!(X<1)!(X?.E1\".\"1N.N) X","description":{"fmId":"-1","fmType":"5","type":"typed-literal","datatype":"http://www.w3.org/1999/02/22-rdf-syntax-ns#XMLLiteral","value":"This is the percentile rank of the triceps skin fold measurement."}},{"number":"42","flags":"NJ3,0","name":"SUBSCAPULAR SKINFOLD (MM)","location":"1;3","type":"2","inputTransform":"K:+X'=X!(X>100)!(X<1)!(X?.E1\".\"1N.N) X","description":{"fmId":"-1","fmType":"5","type":"typed-literal","datatype":"http://www.w3.org/1999/02/22-rdf-syntax-ns#XMLLiteral","value":"This is the subscapular skin fold measurement in mm."}},{"number":"43","flags":"NJ2,0","name":"SUBSCAPULAR %","location":"1;4","type":"2","inputTransform":"K:+X'=X!(X>99)!(X<1)!(X?.E1\".\"1N.N) X","description":{"fmId":"-1","fmType":"5","type":"typed-literal","datatype":"http://www.w3.org/1999/02/22-rdf-syntax-ns#XMLLiteral","value":"This is the percentile rank of the subscapular skin fold measurement."}},{"number":"44","flags":"NJ5,1","name":"ARM CIRCUMFERENCE (CM)","location":"1;5","type":"2","inputTransform":"K:+X'=X!(X>100)!(X<5)!(X?.E1\".\"2N.N) X","description":{"fmId":"-1","fmType":"5","type":"typed-literal","datatype":"http://www.w3.org/1999/02/22-rdf-syntax-ns#XMLLiteral","value":"This is the arm circumference in cm."}},{"number":"45","flags":"NJ2,0","name":"ARM CIRCUMFERENCE %","location":"1;6","type":"2","inputTransform":"K:+X'=X!(X>99)!(X<1)!(X?.E1\".\"1N.N) X","description":{"fmId":"-1","fmType":"5","type":"typed-literal","datatype":"http://www.w3.org/1999/02/22-rdf-syntax-ns#XMLLiteral","value":"This is the percentile rank of the arm circumference."}},{"number":"46","flags":"NJ5,1","name":"CALF CIRCUMFERENCE (CM)","location":"1;7","type":"2","inputTransform":"K:+X'=X!(X>250)!(X<10)!(X?.E1\".\"2N.N) X","description":{"fmId":"-1","fmType":"5","type":"typed-literal","datatype":"http://www.w3.org/1999/02/22-rdf-syntax-ns#XMLLiteral","value":"This is the calf circumference in cm."}},{"number":"47","flags":"NJ2,0","name":"CALF CIRCUMFERENCE %","location":"1;8","type":"2","inputTransform":"K:+X'=X!(X>99)!(X<1)!(X?.E1\".\"1N.N) X","description":{"fmId":"-1","fmType":"5","type":"typed-literal","datatype":"http://www.w3.org/1999/02/22-rdf-syntax-ns#XMLLiteral","value":"This is the percentile rank of the calf circumference."}},{"number":"48","flags":"NJ5,1","name":"BONE-FREE AMA  (CM2)","location":"1;9","type":"2","inputTransform":"K:+X'=X!(X>100)!(X<5)!(X?.E1\".\"2N.N) X","description":{"fmId":"-1","fmType":"5","type":"typed-literal","datatype":"http://www.w3.org/1999/02/22-rdf-syntax-ns#XMLLiteral","value":"This is the calculated bone-free arm muscle area in sq. cm."}},{"number":"49","flags":"NJ2,0","name":"BONE-FREE AMA %","location":"1;10","type":"2","inputTransform":"K:+X'=X!(X>99)!(X<1)!(X?.E1\".\"1N.N) X","description":{"fmId":"-1","fmType":"5","type":"typed-literal","datatype":"http://www.w3.org/1999/02/22-rdf-syntax-ns#XMLLiteral","value":"This is the percentile rank of the bone-free AMA."}},{"number":"50","flags":"NJ3,0","name":"WCCM","location":"1;11","type":"2","inputTransform":"K:+X'=X!(X>999)!(X<0)!(X?.E1\".\"1.N) X"},{"number":"51","flags":"F","name":"CIBW","location":"1;12","type":"4","inputTransform":"K:$L(X)>1!($L(X)<1) X"},{"number":"52","flags":"NJ1,0","name":"CERBO","location":"1;13","type":"2","inputTransform":"K:+X'=X!(X>2)!(X<0)!(X?.E1\".\"1.N) X"},{"number":"53","flags":"NJ1,0","name":"CENB","location":"1;14","type":"2","inputTransform":"K:+X'=X!(X>2)!(X<0)!(X?.E1\".\"1.N) X"},{"number":"54","flags":"NJ1,0","name":"PCTB","location":"1;15","type":"2","inputTransform":"K:+X'=X!(X>3)!(X<0)!(X?.E1\".\"1.N) X"},{"number":"55","flags":"NJ4,2","name":"SEF","location":"1;16","type":"2","inputTransform":"K:+X'=X!(X>2.5)!(X<.7)!(X?.E1\".\"3.N) X"},{"number":"56","flags":"NJ1,0","name":"CFRB","location":"1;17","type":"2","inputTransform":"K:+X'=X!(X>7)!(X<0)!(X?.E1\".\"1.N) X"},{"number":"57","flags":"NJ1,0","name":"CFRBO","location":"1;18","type":"2","inputTransform":"K:+X'=X!(X>2)!(X<0)!(X?.E1\".\"1.N) X"},{"number":"58","flags":"NJ1,0","name":"CPRBO","location":"1;19","type":"2","inputTransform":"K:+X'=X!(X>2)!(X<0)!(X?.E1\".\"1.N) X"},{"number":"59","flags":"NJ3,0","name":"EKKG","location":"1;20","type":"2","inputTransform":"K:+X'=X!(X>110)!(X<10)!(X?.E1\".\"1.N) X"},{"number":"60","flags":"F","name":"DIAGNOSIS FROM PROBLEM LIST","location":"DI;1","type":"4","inputTransform":"K:$L(X)>45!($L(X)<3) X","description":{"fmId":"-1","fmType":"5","type":"typed-literal","datatype":"http://www.w3.org/1999/02/22-rdf-syntax-ns#XMLLiteral","value":"This is a diagnosis selected from the Problem List package for a patient."}},{"number":"61","flags":"D","name":"DATE ENTERED IN PROBLEM LIST","location":"DI;2","type":"1","inputTransform":"S %DT=\"E\" D ^%DT S X=Y K:X<1 X","description":{"fmId":"-1","fmType":"5","type":"typed-literal","datatype":"http://www.w3.org/1999/02/22-rdf-syntax-ns#XMLLiteral","value":"This is the date when a diagnosis from Problem List was entered."}},{"number":"62","flags":"F","name":"DIAGNOSIS ENTERED BY NFS","location":"DI;3","type":"4","inputTransform":"K:$L(X)>45!($L(X)<3) X","description":{"fmId":"-1","fmType":"5","type":"typed-literal","datatype":"http://www.w3.org/1999/02/22-rdf-syntax-ns#XMLLiteral","value":"This is a diagnosis entered by NFS personnel."}},{"number":"63","flags":"D","name":"NFS DIAGNOSIS DATE","location":"DI;4","type":"1","inputTransform":"S %DT=\"E\" D ^%DT S X=Y K:X<1 X","description":{"fmId":"-1","fmType":"5","type":"typed-literal","datatype":"http://www.w3.org/1999/02/22-rdf-syntax-ns#XMLLiteral","value":"This is the date when a NFS diagnosis was entered by NFS personnel."}},{"number":"64","flags":"D","name":"ASSESSMENT FOLLOW-UP DATE","location":"DI;5","index":"E","type":"1","inputTransform":"S %DT=\"E\" D ^%DT S X=Y K:Y<1 X","description":{"fmId":"-1","fmType":"5","type":"typed-literal","datatype":"http://www.w3.org/1999/02/22-rdf-syntax-ns#XMLLiteral","value":"This is a date that a patient's assessment needs to be checked by a \rdietitian or other provider."}},{"number":"65","flags":"S","name":"ASSESSMENT STATUS","location":"DI;6","type":"3","details":"C:COMPLETED;S:SIGNED;W:WORK IN PROGRESS;","description":{"fmId":"-1","fmType":"5","type":"typed-literal","datatype":"http://www.w3.org/1999/02/22-rdf-syntax-ns#XMLLiteral","value":"This is a status field for nutrition assessment.  When the status is \rcompleted, a progress note will be created in TIU and eventually visible \rin CPRS. Once it is signed in CPRS, the assessment status will be updated \rto SIGNED."}},{"number":"66","flags":"F","name":"ASSESSMENT DIET","location":"DI;7","type":"4","inputTransform":"K:$L(X)>15!($L(X)<1) X","description":{"fmId":"-1","fmType":"5","type":"typed-literal","datatype":"http://www.w3.org/1999/02/22-rdf-syntax-ns#XMLLiteral","value":"Patient diet at the time the Nutrition Assessment was created."}},{"number":"67","flags":"D","name":"ASSESSMENT TF DATE","location":"DI;8","type":"1","inputTransform":"S %DT=\"ESTX\" D ^%DT S X=Y K:Y<1 X","description":{"fmId":"-1","fmType":"5","type":"typed-literal","datatype":"http://www.w3.org/1999/02/22-rdf-syntax-ns#XMLLiteral","value":"Patient's Tubefeeding Order Date/Time at\rthe time the Nutrition Assessment was created."}},{"number":"67.1","flags":"115.031P","name":"ASSESSMENT TF PRODUCT","location":"TF;0","type":"9","details":"115.031"},{"number":"67.2","flags":"F","name":"ASSESSMENT TF COMMENT","location":"4;1","type":"4","inputTransform":"K:$L(X)>160!($L(X)<1) X","description":{"fmId":"-1","fmType":"5","type":"typed-literal","datatype":"http://www.w3.org/1999/02/22-rdf-syntax-ns#XMLLiteral","value":"Patient's Tubefeeding Comment at the time the Nutrition Assessment was \rcreated."}},{"number":"67.3","flags":"NJ5,0","name":"ASSESSMENT TF TOTAL ML'S","location":"DI;10","type":"2","inputTransform":"K:+X'=X!(X>10000)!(X<0)!(X?.E1\".\"1N.N) X","description":{"fmId":"-1","fmType":"5","type":"typed-literal","datatype":"http://www.w3.org/1999/02/22-rdf-syntax-ns#XMLLiteral","value":"Patient's Tubefeeding Total ML's at the time the Nutrition Assessment\rwas created."}},{"number":"67.4","flags":"NJ5,0","name":"ASSESSMENT TF TOTAL KCALS/DAY","location":"DI;11","type":"2","inputTransform":"K:+X'=X!(X>10000)!(X<0)!(X?.E1\".\"1N.N) X","description":{"fmId":"-1","fmType":"5","type":"typed-literal","datatype":"http://www.w3.org/1999/02/22-rdf-syntax-ns#XMLLiteral","value":"Patient's Tubefeeding Total KCALS/Day at the time the\rNutrition Assessment was created."}},{"number":"68","flags":"D","name":"ALERT DATE","location":"DI;9","type":"1","inputTransform":"S %DT=\"E\" D ^%DT S X=Y K:X<1 X","description":{"fmId":"-1","fmType":"5","type":"typed-literal","datatype":"http://www.w3.org/1999/02/22-rdf-syntax-ns#XMLLiteral","value":"This is the last date an assessment alert was created."}},{"number":"70","flags":"115.021","name":"LAB DATA","location":"L;0","type":"9","details":"115.021","description":{"fmId":"-1","fmType":"5","type":"typed-literal","datatype":"http://www.w3.org/1999/02/22-rdf-syntax-ns#XMLLiteral","value":"This multiple contains laboratory data available for the\rnutrition assessment."}},{"number":"71","flags":"115.1171","name":"COMMENTS","location":"X;0","type":"5","description":{"fmId":"-1","fmType":"5","type":"typed-literal","datatype":"http://www.w3.org/1999/02/22-rdf-syntax-ns#XMLLiteral","value":"This multiple contains comments relating to the assessment."}},{"number":"80","flags":"S","name":"PT CONFINED IN BED","location":"3;1","type":"3","details":"Y:YES;N:NO;"},{"number":"81","flags":"F","name":"ENERGY CAL","location":"3;2","type":"4","inputTransform":"K:$L(X)>30!($L(X)<1) X"},{"number":"82","flags":"F","name":"PROTEIN CAL","location":"3;3","type":"4","inputTransform":"K:$L(X)>30!($L(X)<1) X"},{"number":"83","flags":"F","name":"NFS PROBLEM","location":"3;4","type":"4","inputTransform":"K:$L(X)>30!($L(X)<1) X"},{"number":"84","flags":"S","name":"FOOD/DRUG INTERACTION","location":"3;5","type":"3","details":"Y:YES;N:NO;"},{"number":"85","flags":"F","name":"FOOD/DRUG COMMENT","location":"3;6","type":"4","inputTransform":"K:$L(X)>40!($L(X)<3) X"},{"number":"86","flags":"NJ4,2","name":"PROTEIN LEVEL","location":"3;7","type":"2","inputTransform":"K:+X'=X!(X>4)!(X<0)!(X?.E1\".\"3.N) X","description":{"fmId":"-1","fmType":"5","type":"typed-literal","datatype":"http://www.w3.org/1999/02/22-rdf-syntax-ns#XMLLiteral","value":"This is a protein level used in calculation of protein requirements."}},{"number":"87","flags":"S","name":"SPINAL CORD","location":"3;8","type":"3","details":"P:Paraplegic;Q:Quadriplegic;","description":{"fmId":"-1","fmType":"5","type":"typed-literal","datatype":"http://www.w3.org/1999/02/22-rdf-syntax-ns#XMLLiteral","value":"This is a spinal cord code for Paraplegic and Quadriplegic."}},{"number":"101","flags":"RP200'","name":"ENTERING CLINICIAN","location":"0;23","type":"7","details":"200","description":{"fmId":"-1","fmType":"5","type":"typed-literal","datatype":"http://www.w3.org/1999/02/22-rdf-syntax-ns#XMLLiteral","value":"This field points to the person entering the nutrition\rassessment."}},{"number":"102","flags":"RD","name":"DATE/TIME ENTERED","location":"0;24","type":"1","inputTransform":"S %DT=\"ESTXR\" D ^%DT S X=Y K:Y<1 X","description":{"fmId":"-1","fmType":"5","type":"typed-literal","datatype":"http://www.w3.org/1999/02/22-rdf-syntax-ns#XMLLiteral","value":"This field contains the date/time the assessment was actually\rentered."}}],"fmql":{"OP":"DESCRIBE TYPE","TYPE":"115_011","TYPELABEL":"NUTRITION ASSESSMENT"}}