{"name":"OE/RR RELEASE EVENTS","number":"100.5","location":"^ORD(100.5,","description":{"fmId":"-1","fmType":"5","type":"typed-literal","datatype":"http://www.w3.org/1999/02/22-rdf-syntax-ns#XMLLiteral","value":"This file contains the locally-defined events that can release delayed\rorders within each division.\r \rIt is strongly recommended that this file not be edited with\rFile Manager.  Please use the edit options provided within CPRS."},"version":"3.0","vpackage":"OR","fields":[{"number":".01","flags":"RF","name":"NAME","location":"0;1","index":"B","type":"4","inputTransform":"K:$L(X)>50!($L(X)<3)!'(X'?1P.E) X","description":{"fmId":"-1","fmType":"5","type":"typed-literal","datatype":"http://www.w3.org/1999/02/22-rdf-syntax-ns#XMLLiteral","value":"This is the name of the event, used to uniquely identify it in the file;\rit is visible in the Event Editor only."}},{"number":".1","flags":"F","name":"SHORT NAME","location":"0;10","type":"4","inputTransform":"K:$L(X)>15!($L(X)<1) X","description":{"fmId":"-1","fmType":"5","type":"typed-literal","datatype":"http://www.w3.org/1999/02/22-rdf-syntax-ns#XMLLiteral","value":"This field contains a shorter version of the Display Text, to be used\rfor displaying and grouping delayed orders on the Orders tab where space\ris limited."}},{"number":"1","flags":"D","name":"INACTIVATED","location":"1;1","type":"1","inputTransform":"S %DT=\"ESTXR\" D ^%DT S X=Y K:Y<1 X","description":{"fmId":"-1","fmType":"5","type":"typed-literal","datatype":"http://www.w3.org/1999/02/22-rdf-syntax-ns#XMLLiteral","value":"This field contains the date and time that this event became inactive;\ronce this date/time has passed, this event may no longer be selected for\rdelaying orders, however any orders already delayed for this event will\rstill be released when the event occurs.  If this date/time is in the\rfuture, this event may continue to be selected for delaying orders until\rthis time passes."}},{"number":"1.5","flags":"100.52DA","name":"ACTIVATION HISTORY","location":"2;0","type":"9","details":"100.52"},{"number":"2","flags":"RS","name":"TYPE OF EVENT","location":"0;2","index":"ADT","type":"3","details":"A:ADMISSION;T:TRANSFER;D:DISCHARGE;O:O.R.;M:MANUAL RELEASE;","description":{"fmId":"-1","fmType":"5","type":"typed-literal","datatype":"http://www.w3.org/1999/02/22-rdf-syntax-ns#XMLLiteral","value":"This is the event that should cause delayed orders to be released to the\rservice(s) for action; for OR (Surgery) events, the orders will be\rreleased when TIME PAT IN OR (#130,.205) is entered in the Surgery\rpackage.  \r \rOrders delayed for Manual Release will not be automatically\rreleased by CPRS at all and can only be released via the \"Release to\rService\" action by a user who is authorized to do so.  Authorization is\rcontrolled by the parameter OREVNT MANUAL RELEASE CONTROL, which lets\rsites choose whether release is controlled by keys or by the parameter\rOREVNT MANUAL RELEASE or both."}},{"number":"3","flags":"RP4'","name":"DIVISION","location":"0;3","type":"7","details":"4","description":{"fmId":"-1","fmType":"5","type":"typed-literal","datatype":"http://www.w3.org/1999/02/22-rdf-syntax-ns#XMLLiteral","value":"This is the division that this event will apply to; for transfers across\rdivisions, this should be the new division that the patient is going to."}},{"number":"4","flags":"*P101.41'","name":"EVENT ORDER DIALOG","location":"0;4","type":"7","details":"101.41","inputTransform":"S DIC(\"S\")=\"I $P(^(0),U,4)=\"\"D\"\"\" D ^DIC K DIC S DIC=DIE,X=+Y K:Y<0 X","description":{"fmId":"-1","fmType":"5","type":"typed-literal","datatype":"http://www.w3.org/1999/02/22-rdf-syntax-ns#XMLLiteral","value":"This should be the dialog for a generic order requesting this event; if\rsuch an order is not necessary for this event, leave this empty.  Unlike\rother delayed orders, the order created by this dialog will become\ractive right away when signed and be visible on the Active Orders view\ras well as with the delayed orders on the Orders tab."}},{"number":"5","flags":"*P101.41'","name":"ORDER SET/MENU","location":"0;5","type":"7","details":"101.41","inputTransform":"S DIC(\"S\")=\"I $P(^(0),U,4)'=\"\"P\"\"\" D ^DIC K DIC S DIC=DIE,X=+Y K:Y<0 X","description":{"fmId":"-1","fmType":"5","type":"typed-literal","datatype":"http://www.w3.org/1999/02/22-rdf-syntax-ns#XMLLiteral","value":"This is a menu or order set containing items that are either necessary\ror commonly ordered when this event occurs.  It will be invoked right\raway when first placing delayed orders for this event; if an EVENT ORDER\rDIALOG was defined for this event, this order set will be presented to the\ruser immediately following that dialog.  You may enter any type of order\rdialog except prompt types."}},{"number":"6","flags":"NJ4,0","name":"LAPSE IN #DAYS","location":"0;6","type":"2","inputTransform":"K:+X'=X!(X>9999)!(X<1)!(X?.E1\".\"1N.N) X","description":{"fmId":"-1","fmType":"5","type":"typed-literal","datatype":"http://www.w3.org/1999/02/22-rdf-syntax-ns#XMLLiteral","value":"This is the number of days to allow orders for this event to remain\rdelayed for a patient.  Patient Events are evaluated whenever delayed\rorders are acted upon or viewed, and if this number of days has passed\rsince delayed orders were entered for this event for the patient then\rthe status of all orders delayed for this event will be changed to\r\"lapsed\" and the Patient Event itself will be terminated.  The orders\rcan no longer be released to the service then."}},{"number":"7","flags":"*P405.2'","name":"MAS MOVEMENT TYPE","location":"0;7","type":"7","details":"405.2","inputTransform":"D SCR^OREV1 D ^DIC K DIC S DIC=DIE,X=+Y K:Y<0 X","description":{"fmId":"-1","fmType":"5","type":"typed-literal","datatype":"http://www.w3.org/1999/02/22-rdf-syntax-ns#XMLLiteral","value":"This is an MAS Movement Type that can further define this event; it is\roptional, but if defined then it must match the patient's movement data\rto satisfy the event and cause any delayed orders to be released.  For\rexample, to have delayed orders released when a patient returns from\rpass enter the movement type of AUTH ABSENCE 96 HOURS OR LESS, or leave\rthis field empty to have the transfer event defined by other criteria\rsuch as treating specialty or ward location."}},{"number":"8","flags":"RF","name":"DISPLAY TEXT","location":"0;8","type":"4","inputTransform":"K:$L(X)>60!($L(X)<3) X","description":{"fmId":"-1","fmType":"5","type":"typed-literal","datatype":"http://www.w3.org/1999/02/22-rdf-syntax-ns#XMLLiteral","value":"This field is the name of the event as it will appear to the user in\rCPRS."}},{"number":"9","flags":"P44'","name":"ORDERING PARAMETERS LOCATION","location":"0;9","type":"7","details":"44","description":{"fmId":"-1","fmType":"5","type":"typed-literal","datatype":"http://www.w3.org/1999/02/22-rdf-syntax-ns#XMLLiteral","value":"Many order dialogs use parameters that depend on location; this field\rwill be used as the default location for retrieving those parameter\rvalues when delaying orders to this event.  The patient's actual\rlocation will be saved with the order at the time of its release."}},{"number":"10","flags":"100.51P","name":"INCLUDED TREATING SPECIALTIES","location":"TS;0","type":"9","details":"100.51","description":{"fmId":"-1","fmType":"5","type":"typed-literal","datatype":"http://www.w3.org/1999/02/22-rdf-syntax-ns#XMLLiteral","value":"These are treating specialties that can satisfy this event; if the\rpatient's new specialty matches one in this list then orders delayed\rfor this event may be released."}},{"number":"11","flags":"100.511P","name":"INCLUDED LOCATIONS","location":"LOC;0","type":"9","details":"100.511","description":{"fmId":"-1","fmType":"5","type":"typed-literal","datatype":"http://www.w3.org/1999/02/22-rdf-syntax-ns#XMLLiteral","value":"These are ward locations that can satisfy this event; if the patient's new\rlocation matches one in this list then orders delayed for this event may\rbe released."}},{"number":"12","flags":"100.512DA","name":"EDIT HISTORY","location":"9;0","type":"9","details":"100.512"},{"number":"13","flags":"S","name":"COPY ACTIVE ORDERS","location":"0;11","type":"3","details":"1:YES;0:NO;","description":{"fmId":"-1","fmType":"5","type":"typed-literal","datatype":"http://www.w3.org/1999/02/22-rdf-syntax-ns#XMLLiteral","value":"This field determines whether or not the user will be presented \rwith the patient's active orders, which may then be copied to the \rdelayed event being created.\r \rIf this field is set to no then the user will not see the \rpatient's active orders and will not be allowed to copy any \rcurrent orders.\r \rIf this field is set to yes then the user will be shown the \rpatient's active orders and the user may select orders to be \rcopied to the delayed event.  The list of active orders will be \rpresented to the user after the ORDER DIALOG for the release \revent is processed (if it exists) and before the ORDER SET/MENU \rfor the release event is processed (if it exists)."}},{"number":"14","flags":"P100.5'","name":"PARENT","location":"0;12","index":"DAD","type":"7","details":"100.5","description":{"fmId":"-1","fmType":"5","type":"typed-literal","datatype":"http://www.w3.org/1999/02/22-rdf-syntax-ns#XMLLiteral","value":"For release events that have a common trigger event (e.g. same\rtreating specialty or same locations) but require different names\ror display text a parent-child relationship can be set up.  The parent\rcontains the base trigger event logic while the child contains the\rinformation unique to this event.  In a sense, the child events are\r\"synonyms\" to the parent event as all childen are related to the parent.\rWhen the trigger event occurs that would release orders for the parent\rall the child orders related to that parent are also released."}}],"fmql":{"OP":"DESCRIBE TYPE","TYPE":"100_5","TYPELABEL":"OE/RR RELEASE EVENTS"}}