{"name":"FH SITE PARAMETERS","number":"119.9","location":"^FH(119.9,","count":"1","lastIEN":"1","description":{"fmId":"-1","fmType":"5","type":"typed-literal","datatype":"http://www.w3.org/1999/02/22-rdf-syntax-ns#XMLLiteral","value":"This file contains an extensive set of site parameters designed to\rindicate characteristics of the Nutrition and Food Service and/or\rdifferent methods by which the Service wishes the program to perform."},"version":"5.5","vpackage":"DIETETICS","fields":[{"number":".01","flags":"RNJ1,0X","name":"SITE","location":"0;1","index":"B","type":"2","inputTransform":"K:+X'=X!(X>1)!(X<1)!(X?.E1\".\"1N.N) X I $D(X) S DINUM=X","description":{"fmId":"-1","fmType":"5","type":"typed-literal","datatype":"http://www.w3.org/1999/02/22-rdf-syntax-ns#XMLLiteral","value":"This value is always 1.\rNumber of the File Manager."}},{"number":"3","flags":"119.93P","name":"LABEL PRINTERS","location":"D;0","type":"9","details":"119.93","description":{"fmId":"-1","fmType":"5","type":"typed-literal","datatype":"http://www.w3.org/1999/02/22-rdf-syntax-ns#XMLLiteral","value":"This is a list of printers using label stock."}},{"number":"4","flags":"P111'X","name":"OUTPATIENT MEALS DIET1","location":"0;2","type":"7","details":"111","description":{"fmId":"-1","fmType":"5","type":"typed-literal","datatype":"http://www.w3.org/1999/02/22-rdf-syntax-ns#XMLLiteral","value":"The outpatient meals will allow diet selection from 15 site parameter\rfields to be set up at the individual site.  This field will be the first\rallowable diet for ordering outpatient meals.  This first field will be\rused as the default diet when ordering outpatient meals."}},{"number":"5","flags":"P111'","name":"OUTPATIENT MEALS DIET2","location":"0;3","type":"7","details":"111","description":{"fmId":"-1","fmType":"5","type":"typed-literal","datatype":"http://www.w3.org/1999/02/22-rdf-syntax-ns#XMLLiteral","value":"The outpatient meals will allow diet selection from 5 site parameter\rfields to be set up at the individual site.  This field will be the second\rallowable diet for ordering outpatient meals."}},{"number":"6","flags":"P111'","name":"OUTPATIENT MEALS DIET3","location":"0;4","type":"7","details":"111","description":{"fmId":"-1","fmType":"5","type":"typed-literal","datatype":"http://www.w3.org/1999/02/22-rdf-syntax-ns#XMLLiteral","value":"The outpatient meals will allow diet selection from 5 site parameter\rfields to be set up at the individual site.  This field will be the third\rallowable diet for ordering outpatient meals."}},{"number":"7","flags":"P111'","name":"OUTPATIENT MEALS DIET4","location":"0;5","type":"7","details":"111","description":{"fmId":"-1","fmType":"5","type":"typed-literal","datatype":"http://www.w3.org/1999/02/22-rdf-syntax-ns#XMLLiteral","value":"The outpatient meals will allow diet selection from 5 site parameter\rfields to be set up at the individual site.  This field will be the fourth\rallowable diet for ordering outpatient meals."}},{"number":"8","flags":"P111'","name":"OUTPATIENT MEALS DIET5","location":"0;6","type":"7","details":"111","description":{"fmId":"-1","fmType":"5","type":"typed-literal","datatype":"http://www.w3.org/1999/02/22-rdf-syntax-ns#XMLLiteral","value":"The outpatient meals will allow diet selection from 5 site parameter\rfields to be set up at the individual site.  This field will be the fifth\rallowable diet for ordering outpatient meals."}},{"number":"9","flags":"P200'","name":"AUTHORIZOR 1","location":"0;7","type":"7","details":"200","description":{"fmId":"-1","fmType":"5","type":"typed-literal","datatype":"http://www.w3.org/1999/02/22-rdf-syntax-ns#XMLLiteral","value":"This field will be used to store the name of the first authorizor for\rspecial meals.  When a special meal is requested, if the requestor does\rnot have the authorization to print a special meal ticket, an alert will\rbe sent to the authorizors for action.  These 15 authorizors will also\rneed to be given the FHAUTH security key."}},{"number":"10","flags":"P200'","name":"AUTHORIZOR 2","location":"0;8","type":"7","details":"200","description":{"fmId":"-1","fmType":"5","type":"typed-literal","datatype":"http://www.w3.org/1999/02/22-rdf-syntax-ns#XMLLiteral","value":"This field will be used to store the name of the second authorizor for\rspecial meals.  When a special meal is requested, if the requestor does\rnot have the authorization to print a special meal ticket, an alert will\rbe sent to the authorizors for action.  These 15 authorizors will also\rneed to be given the FHAUTH security key."}},{"number":"11","flags":"P200'","name":"AUTHORIZOR 3","location":"0;9","type":"7","details":"200","description":{"fmId":"-1","fmType":"5","type":"typed-literal","datatype":"http://www.w3.org/1999/02/22-rdf-syntax-ns#XMLLiteral","value":"This field will be used to store the name of the third authorizor for\rspecial meals.  When a special meal is requested, if the requestor does\rnot have the authorization to print a special meal ticket, an alert will\rbe sent to the authorizors for action.  These 15 authorizors will also\rneed to be given the FHAUTH security key."}},{"number":"12","flags":"P200'","name":"AUTHORIZOR 4","location":"0;10","type":"7","details":"200","description":{"fmId":"-1","fmType":"5","type":"typed-literal","datatype":"http://www.w3.org/1999/02/22-rdf-syntax-ns#XMLLiteral","value":"This field will be used to store the name of the fourth authorizor for\rspecial meals.  When a special meal is requested, if the requestor does\rnot have the authorization to print a special meal ticket, an alert will\rbe sent to the authorizors for action.  These 15 authorizors will also\rneed to be given the FHAUTH security key."}},{"number":"13","flags":"P200'","name":"AUTHORIZOR 5","location":"0;11","type":"7","details":"200","description":{"fmId":"-1","fmType":"5","type":"typed-literal","datatype":"http://www.w3.org/1999/02/22-rdf-syntax-ns#XMLLiteral","value":"This field will be used to store the name of the fifth authorizor for\rspecial meals.  When a special meal is requested, if the requestor does\rnot have the authorization to print a special meal ticket, an alert will\rbe sent to the authorizors for action.  These 15 authorizors will also\rneed to be given the FHAUTH security key."}},{"number":"14","flags":"S","name":"EMPLOYEE CLASS","location":"0;12","type":"3","details":"Y:YES;N:NO;","description":{"fmId":"-1","fmType":"5","type":"typed-literal","datatype":"http://www.w3.org/1999/02/22-rdf-syntax-ns#XMLLiteral","value":"This field stores whether or not the site assigns a charge to the\rEmployee Class."}},{"number":"15","flags":"S","name":"PAID CLASS","location":"0;13","type":"3","details":"Y:YES;N:NO;","description":{"fmId":"-1","fmType":"5","type":"typed-literal","datatype":"http://www.w3.org/1999/02/22-rdf-syntax-ns#XMLLiteral","value":"This field stores whether or not the site assigns a charge to the Paid Class."}},{"number":"16","flags":"S","name":"OOD CLASS","location":"0;14","type":"3","details":"Y:YES;N:NO;","description":{"fmId":"-1","fmType":"5","type":"typed-literal","datatype":"http://www.w3.org/1999/02/22-rdf-syntax-ns#XMLLiteral","value":"This field stores whether or not the site assigns a charge to the\rOOD (Officer of the Day) Class."}},{"number":"17","flags":"S","name":"VOLUNTEER CLASS","location":"0;15","type":"3","details":"Y:YES;N:NO;","description":{"fmId":"-1","fmType":"5","type":"typed-literal","datatype":"http://www.w3.org/1999/02/22-rdf-syntax-ns#XMLLiteral","value":"This field stores whether or not the site assigns a charge to the\rVolunteer Class."}},{"number":"18","flags":"S","name":"GRATUITOUS CLASS","location":"0;16","type":"3","details":"Y:YES;N:NO;","description":{"fmId":"-1","fmType":"5","type":"typed-literal","datatype":"http://www.w3.org/1999/02/22-rdf-syntax-ns#XMLLiteral","value":"This field stores whether or not the site assigns a charge to the\rGratuitous Class."}},{"number":"22","flags":"S","name":"MULTIDIVISIONAL SITE?","location":"0;20","type":"3","details":"Y:YES;N:NO;","description":{"fmId":"-1","fmType":"5","type":"typed-literal","datatype":"http://www.w3.org/1999/02/22-rdf-syntax-ns#XMLLiteral","value":"This field will be used to determine if a site is multidivisional or not.\rIf set to YES, the multidivisional enhancements released in patch FH*5.0*39\rwill be used, which involves prompting for Communication Office.  If set to\rNO, then the non-multidivisional routines, fields and files will be used."}},{"number":"25","flags":"NJ6,2","name":"EMPLOYEE BREAKFAST CHARGE","location":"0;21","type":"2","inputTransform":"S:X[\"$\" X=$P(X,\"$\",2) K:X'?.N.1\".\".2N!(X>100)!(X<0) X","description":{"fmId":"-1","fmType":"5","type":"typed-literal","datatype":"http://www.w3.org/1999/02/22-rdf-syntax-ns#XMLLiteral","value":"This field stores the cost for the employee breakfast meal."}},{"number":"26","flags":"NJ6,2","name":"EMPLOYEE NOON CHARGE","location":"0;22","type":"2","inputTransform":"S:X[\"$\" X=$P(X,\"$\",2) K:X'?.N.1\".\".2N!(X>100)!(X<0) X","description":{"fmId":"-1","fmType":"5","type":"typed-literal","datatype":"http://www.w3.org/1999/02/22-rdf-syntax-ns#XMLLiteral","value":"This field stores the cost for the employee noon meal."}},{"number":"27","flags":"NJ6,2","name":"EMPLOYEE EVENING CHARGE","location":"0;23","type":"2","inputTransform":"S:X[\"$\" X=$P(X,\"$\",2) K:X'?.N.1\".\".2N!(X>100)!(X<0) X","description":{"fmId":"-1","fmType":"5","type":"typed-literal","datatype":"http://www.w3.org/1999/02/22-rdf-syntax-ns#XMLLiteral","value":"This field stores the cost for the employee evening meal."}},{"number":"28","flags":"NJ6,2","name":"PAID BREAKFAST CHARGE","location":"0;24","type":"2","inputTransform":"S:X[\"$\" X=$P(X,\"$\",2) K:X'?.N.1\".\".2N!(X>100)!(X<0) X","description":{"fmId":"-1","fmType":"5","type":"typed-literal","datatype":"http://www.w3.org/1999/02/22-rdf-syntax-ns#XMLLiteral","value":"This field stores the cost for the paid breakfast meal."}},{"number":"29","flags":"NJ6,2","name":"PAID NOON CHARGE","location":"0;25","type":"2","inputTransform":"S:X[\"$\" X=$P(X,\"$\",2) K:X'?.N.1\".\".2N!(X>100)!(X<0) X","description":{"fmId":"-1","fmType":"5","type":"typed-literal","datatype":"http://www.w3.org/1999/02/22-rdf-syntax-ns#XMLLiteral","value":"This field stores the cost for the paid noon meal."}},{"number":"30","flags":"NJ6,2","name":"PAID EVENING CHARGE","location":"0;26","type":"2","inputTransform":"S:X[\"$\" X=$P(X,\"$\",2) K:X'?.N.1\".\".2N!(X>100)!(X<0) X","description":{"fmId":"-1","fmType":"5","type":"typed-literal","datatype":"http://www.w3.org/1999/02/22-rdf-syntax-ns#XMLLiteral","value":"This field stores the cost for the paid evening meal."}},{"number":"31","flags":"NJ6,2","name":"OOD BREAKFAST CHARGE","location":"0;27","type":"2","inputTransform":"S:X[\"$\" X=$P(X,\"$\",2) K:X'?.N.1\".\".2N!(X>100)!(X<0) X","description":{"fmId":"-1","fmType":"5","type":"typed-literal","datatype":"http://www.w3.org/1999/02/22-rdf-syntax-ns#XMLLiteral","value":"This field stores the cost for the OOD breakfast meal."}},{"number":"32","flags":"NJ6,2","name":"OOD NOON CHARGE","location":"0;28","type":"2","inputTransform":"S:X[\"$\" X=$P(X,\"$\",2) K:X'?.N.1\".\".2N!(X>100)!(X<0) X","description":{"fmId":"-1","fmType":"5","type":"typed-literal","datatype":"http://www.w3.org/1999/02/22-rdf-syntax-ns#XMLLiteral","value":"This field stores the cost for the OOD noon meal."}},{"number":"33","flags":"NJ6,2","name":"OOD EVENING MEAL","location":"0;29","type":"2","inputTransform":"S:X[\"$\" X=$P(X,\"$\",2) K:X'?.N.1\".\".2N!(X>100)!(X<0) X","description":{"fmId":"-1","fmType":"5","type":"typed-literal","datatype":"http://www.w3.org/1999/02/22-rdf-syntax-ns#XMLLiteral","value":"This field stores the cost for the OOD evening meal."}},{"number":"34","flags":"NJ6,2","name":"VOLUNTEER BREAKFAST CHARGE","location":"0;30","type":"2","inputTransform":"S:X[\"$\" X=$P(X,\"$\",2) K:X'?.N.1\".\".2N!(X>100)!(X<0) X","description":{"fmId":"-1","fmType":"5","type":"typed-literal","datatype":"http://www.w3.org/1999/02/22-rdf-syntax-ns#XMLLiteral","value":"This field stores the cost for the volunteer breakfast meal."}},{"number":"35","flags":"NJ6,2","name":"VOLUNTEER NOON CHARGE","location":"0;31","type":"2","inputTransform":"S:X[\"$\" X=$P(X,\"$\",2) K:X'?.N.1\".\".2N!(X>100)!(X<0) X","description":{"fmId":"-1","fmType":"5","type":"typed-literal","datatype":"http://www.w3.org/1999/02/22-rdf-syntax-ns#XMLLiteral","value":"This field stores the cost for the volunteer noon meal."}},{"number":"36","flags":"NJ6,2","name":"VOLUNTEER EVENING CHARGE","location":"0;32","type":"2","inputTransform":"S:X[\"$\" X=$P(X,\"$\",2) K:X'?.N.1\".\".2N!(X>100)!(X<0) X","description":{"fmId":"-1","fmType":"5","type":"typed-literal","datatype":"http://www.w3.org/1999/02/22-rdf-syntax-ns#XMLLiteral","value":"This field stores the cost for the volunteer evening meal."}},{"number":"37","flags":"NJ6,2","name":"GRATUITOUS BREAKFAST CHARGE","location":"0;33","type":"2","inputTransform":"S:X[\"$\" X=$P(X,\"$\",2) K:X'?.N.1\".\".2N!(X>100)!(X<0) X","description":{"fmId":"-1","fmType":"5","type":"typed-literal","datatype":"http://www.w3.org/1999/02/22-rdf-syntax-ns#XMLLiteral","value":"This field stores the cost for the gratuitous breakfast meal."}},{"number":"38","flags":"NJ6,2","name":"GRATUITOUS NOON CHARGE","location":"0;34","type":"2","inputTransform":"S:X[\"$\" X=$P(X,\"$\",2) K:X'?.N.1\".\".2N!(X>100)!(X<0) X","description":{"fmId":"-1","fmType":"5","type":"typed-literal","datatype":"http://www.w3.org/1999/02/22-rdf-syntax-ns#XMLLiteral","value":"This field stores the cost for the gratuitous noon meal."}},{"number":"39","flags":"NJ6,2","name":"GRATUITOUS EVENING CHARGE","location":"0;35","type":"2","inputTransform":"S:X[\"$\" X=$P(X,\"$\",2) K:X'?.N.1\".\".2N!(X>100)!(X<0) X","description":{"fmId":"-1","fmType":"5","type":"typed-literal","datatype":"http://www.w3.org/1999/02/22-rdf-syntax-ns#XMLLiteral","value":"This field stores the cost for the gratuitous evening meal."}},{"number":"40","flags":"P111'","name":"OUTPATIENT MEALS DIET6","location":"1;1","type":"7","details":"111","description":{"fmId":"-1","fmType":"5","type":"typed-literal","datatype":"http://www.w3.org/1999/02/22-rdf-syntax-ns#XMLLiteral","value":"The outpatient meals will allow diet selection from 15 site parameter\rfields to be set up at the individual site.  This field will be the \rsixth allowable diet for ordering outpatient meals."}},{"number":"41","flags":"P111'","name":"OUTPATIENT MEALS DIET7","location":"1;2","type":"7","details":"111","description":{"fmId":"-1","fmType":"5","type":"typed-literal","datatype":"http://www.w3.org/1999/02/22-rdf-syntax-ns#XMLLiteral","value":"The outpatient meals will allow diet selection from 15 site parameter\rfields to be set up at the individual site.  This field will be the \rseventh allowable diet for ordering outpatient meals."}},{"number":"42","flags":"P111'","name":"OUTPATIENT MEALS DIET8","location":"1;3","type":"7","details":"111","description":{"fmId":"-1","fmType":"5","type":"typed-literal","datatype":"http://www.w3.org/1999/02/22-rdf-syntax-ns#XMLLiteral","value":"The outpatient meals will allow diet selection from 15 site parameter\rfields to be set up at the individual site.  This field will be the \reighth allowable diet for ordering outpatient meals."}},{"number":"43","flags":"P111'","name":"OUTPATIENT MEALS DIET9","location":"1;4","type":"7","details":"111","description":{"fmId":"-1","fmType":"5","type":"typed-literal","datatype":"http://www.w3.org/1999/02/22-rdf-syntax-ns#XMLLiteral","value":"The outpatient meals will allow diet selection from 15 site parameter\rfields to be set up at the individual site.  This field will be the \rninth allowable diet for ordering outpatient meals."}},{"number":"44","flags":"P111'","name":"OUTPATIENT MEALS DIET10","location":"1;5","type":"7","details":"111","description":{"fmId":"-1","fmType":"5","type":"typed-literal","datatype":"http://www.w3.org/1999/02/22-rdf-syntax-ns#XMLLiteral","value":"The outpatient meals will allow diet selection from 15 site parameter\rfields to be set up at the individual site.  This field will be the \rtenth allowable diet for ordering outpatient meals."}},{"number":"45","flags":"P111'","name":"OUTPATIENT MEALS DIET11","location":"1;6","type":"7","details":"111","description":{"fmId":"-1","fmType":"5","type":"typed-literal","datatype":"http://www.w3.org/1999/02/22-rdf-syntax-ns#XMLLiteral","value":"The outpatient meals will allow diet selection from 15 site parameter\rfields to be set up at the individual site.  This field will be the \releventh allowable diet for ordering outpatient meals."}},{"number":"46","flags":"P111'","name":"OUTPATIENT MEALS DIET12","location":"1;7","type":"7","details":"111","description":{"fmId":"-1","fmType":"5","type":"typed-literal","datatype":"http://www.w3.org/1999/02/22-rdf-syntax-ns#XMLLiteral","value":"The outpatient meals will allow diet selection from 15 site parameter\rfields to be set up at the individual site.  This field will be the \rtwelfth allowable diet for ordering outpatient meals."}},{"number":"47","flags":"P111'","name":"OUTPATIENT MEALS DIET13","location":"1;8","type":"7","details":"111","description":{"fmId":"-1","fmType":"5","type":"typed-literal","datatype":"http://www.w3.org/1999/02/22-rdf-syntax-ns#XMLLiteral","value":"The outpatient meals will allow diet selection from 15 site parameter\rfields to be set up at the individual site.  This field will be the \rthirteenth allowable diet for ordering outpatient meals."}},{"number":"48","flags":"P111'","name":"OUTPATIENT MEALS DIET14","location":"1;9","type":"7","details":"111","description":{"fmId":"-1","fmType":"5","type":"typed-literal","datatype":"http://www.w3.org/1999/02/22-rdf-syntax-ns#XMLLiteral","value":"The outpatient meals will allow diet selection from 15 site parameter\rfields to be set up at the individual site.  This field will be the \rfourteenth allowable diet for ordering outpatient meals."}},{"number":"49","flags":"P111'","name":"OUTPATIENT MEALS DIET15","location":"1;10","type":"7","details":"111","description":{"fmId":"-1","fmType":"5","type":"typed-literal","datatype":"http://www.w3.org/1999/02/22-rdf-syntax-ns#XMLLiteral","value":"The outpatient meals will allow diet selection from 15 site parameter\rfields to be set up at the individual site.  This field will be the \rfifteenth allowable diet for ordering outpatient meals."}},{"number":"50","flags":"P200'","name":"AUTHORIZOR 6","location":"1;11","type":"7","details":"200","description":{"fmId":"-1","fmType":"5","type":"typed-literal","datatype":"http://www.w3.org/1999/02/22-rdf-syntax-ns#XMLLiteral","value":"This field will be used to store the name of the sixth authorizor\rfor special meals.  When a special meal is requested, if the requestor\rdoes not have the authorization to print a special meal ticket,\ran alert will be sent to the authorizors for action.  These 15\rauthorizors will also need to be given the FHAUTH security key."}},{"number":"51","flags":"P200'","name":"AUTHORIZOR 7","location":"1;12","type":"7","details":"200","description":{"fmId":"-1","fmType":"5","type":"typed-literal","datatype":"http://www.w3.org/1999/02/22-rdf-syntax-ns#XMLLiteral","value":"This field will be used to store the name of the seventh authorizor\rfor special meals.  When a special meal is requested, if the requestor   \rdoes not have the authorization to print a special meal ticket,\ran alert will be sent to the authorizors for action.  These 15 \rauthorizors will also need to be given the FHAUTH security key."}},{"number":"52","flags":"P200'","name":"AUTHORIZOR 8","location":"1;13","type":"7","details":"200","description":{"fmId":"-1","fmType":"5","type":"typed-literal","datatype":"http://www.w3.org/1999/02/22-rdf-syntax-ns#XMLLiteral","value":"This field will be used to store the name of the eighth authorizor\rfor special meals.  When a special meal is requested, if the requestor   \rdoes not have the authorization to print a special meal ticket,\ran alert will be sent to the authorizors for action.  These 15 \rauthorizors will also need to be given the FHAUTH security key."}},{"number":"53","flags":"P200'","name":"AUTHORIZOR 9","location":"1;14","type":"7","details":"200","description":{"fmId":"-1","fmType":"5","type":"typed-literal","datatype":"http://www.w3.org/1999/02/22-rdf-syntax-ns#XMLLiteral","value":"This field will be used to store the name of the ninth authorizor\rfor special meals.  When a special meal is requested, if the requestor   \rdoes not have the authorization to print a special meal ticket,\ran alert will be sent to the authorizors for action.  These 15 \rauthorizors will also need to be given the FHAUTH security key."}},{"number":"54","flags":"P200'","name":"AUTHORIZOR 10","location":"1;15","type":"7","details":"200","description":{"fmId":"-1","fmType":"5","type":"typed-literal","datatype":"http://www.w3.org/1999/02/22-rdf-syntax-ns#XMLLiteral","value":"This field will be used to store the name of the tenth authorizor\rfor special meals.  When a special meal is requested, if the requestor   \rdoes not have the authorization to print a special meal ticket,\ran alert will be sent to the authorizors for action.  These 15 \rauthorizors will also need to be given the FHAUTH security key."}},{"number":"55","flags":"P200'","name":"AUTHORIZOR 11","location":"1;16","type":"7","details":"200","description":{"fmId":"-1","fmType":"5","type":"typed-literal","datatype":"http://www.w3.org/1999/02/22-rdf-syntax-ns#XMLLiteral","value":"This field will be used to store the name of the eleventh authorizor\rfor special meals.  When a special meal is requested, if the requestor   \rdoes not have the authorization to print a special meal ticket,\ran alert will be sent to the authorizors for action.  These 15 \rauthorizors will also need to be given the FHAUTH security key."}},{"number":"56","flags":"P200'","name":"AUTHORIZOR 12","location":"1;17","type":"7","details":"200","description":{"fmId":"-1","fmType":"5","type":"typed-literal","datatype":"http://www.w3.org/1999/02/22-rdf-syntax-ns#XMLLiteral","value":"This field will be used to store the name of the twelfth authorizor\rfor special meals.  When a special meal is requested, if the requestor   \rdoes not have the authorization to print a special meal ticket,\ran alert will be sent to the authorizors for action.  These 15 \rauthorizors will also need to be given the FHAUTH security key."}},{"number":"57","flags":"P200'","name":"AUTHORIZOR 13","location":"1;18","type":"7","details":"200","description":{"fmId":"-1","fmType":"5","type":"typed-literal","datatype":"http://www.w3.org/1999/02/22-rdf-syntax-ns#XMLLiteral","value":"This field will be used to store the name of the thirteenth authorizor\rfor special meals.  When a special meal is requested, if the requestor   \rdoes not have the authorization to print a special meal ticket,\ran alert will be sent to the authorizors for action.  These 15 \rauthorizors will also need to be given the FHAUTH security key."}},{"number":"58","flags":"P200'","name":"AUTHORIZOR 14","location":"1;19","type":"7","details":"200","description":{"fmId":"-1","fmType":"5","type":"typed-literal","datatype":"http://www.w3.org/1999/02/22-rdf-syntax-ns#XMLLiteral","value":"This field will be used to store the name of the fourteenth authorizor\rfor special meals.  When a special meal is requested, if the requestor   \rdoes not have the authorization to print a special meal ticket,\ran alert will be sent to the authorizors for action.  These 15 \rauthorizors will also need to be given the FHAUTH security key."}},{"number":"59","flags":"P200'","name":"AUTHORIZOR 15","location":"1;20","type":"7","details":"200","description":{"fmId":"-1","fmType":"5","type":"typed-literal","datatype":"http://www.w3.org/1999/02/22-rdf-syntax-ns#XMLLiteral","value":"This field will be used to store the name of the fifteenth authorizor\rfor special meals.  When a special meal is requested, if the requestor   \rdoes not have the authorization to print a special meal ticket,\ran alert will be sent to the authorizors for action.  These 15 \rauthorizors will also need to be given the FHAUTH security key."}},{"number":"70","flags":"S","name":"ASSESSMENT DEFAULT UNITS","location":"3;1","type":"3","details":"E:ENGLISH;M:METRIC;","description":{"fmId":"-1","fmType":"5","type":"typed-literal","datatype":"http://www.w3.org/1999/02/22-rdf-syntax-ns#XMLLiteral","value":"This field contains the default unit of measurement to be used\rin performing Nutrition Assessments"}},{"number":"71","flags":"NJ3,0","name":"# OF DAYS TO OBTAIN LAB DATA","location":"3;2","type":"2","inputTransform":"K:+X'=X!(X>500)!(X<1)!(X?.E1\".\"1N.N) X","description":{"fmId":"-1","fmType":"5","type":"typed-literal","datatype":"http://www.w3.org/1999/02/22-rdf-syntax-ns#XMLLiteral","value":"This field contains the number of days backward for which a search\rof laboratory data will be made. That is, only data obtained within\rthe last # of days will be displayed."}},{"number":"74","flags":"S","name":"PRINT PROFILE AFTER SCREENING?","location":"3;3","type":"3","details":"Y:YES;N:NO;A:ASK USER;","description":{"fmId":"-1","fmType":"5","type":"typed-literal","datatype":"http://www.w3.org/1999/02/22-rdf-syntax-ns#XMLLiteral","value":"This parameter determines whether the Nutrition Profile is printed\rimmediately following the printing of a screening form. If 'A' is\rselected, the user will be asked to make a selection at the time\rof printing screening forms."}},{"number":"75","flags":"F","name":"OPTIONAL SCREENING LINE","location":"3;5","type":"4","inputTransform":"K:$L(X)>74!($L(X)<3) X","description":{"fmId":"-1","fmType":"5","type":"typed-literal","datatype":"http://www.w3.org/1999/02/22-rdf-syntax-ns#XMLLiteral","value":"This field may contain a line of text which will be printed as\rthe last line of the S portion of the Nutrition Screening\rform."}},{"number":"80","flags":"119.9001P","name":"LAB TEST","location":"L;0","type":"9","details":"119.9001","description":{"fmId":"-1","fmType":"5","type":"typed-literal","datatype":"http://www.w3.org/1999/02/22-rdf-syntax-ns#XMLLiteral","value":"This multiple contains a list of laboratory tests which\rare of interest to clinicians."}},{"number":"85","flags":"119.985P","name":"DRUG CLASSIFICATIONS","location":"P;0","type":"9","details":"119.985","description":{"fmId":"-1","fmType":"5","type":"typed-literal","datatype":"http://www.w3.org/1999/02/22-rdf-syntax-ns#XMLLiteral","value":"This multiple contains drug classifications of interest\rto clinicians."}},{"number":"99","flags":"S","name":"HEADING ON BOTTOM OF TICKET?","location":"4;1","type":"3","details":"Y:YES;N:NO;","description":{"fmId":"-1","fmType":"5","type":"typed-literal","datatype":"http://www.w3.org/1999/02/22-rdf-syntax-ns#XMLLiteral","value":"This field is optional and it is used to indicate whether the\rheading should be printed on the bottom of the tray tickets and\rdiet cards."}},{"number":"100","flags":"S","name":"WILL YOU USE TRAY TICKETS?","location":"4;2","type":"3","details":"Y:YES;N:NO;","description":{"fmId":"-1","fmType":"5","type":"typed-literal","datatype":"http://www.w3.org/1999/02/22-rdf-syntax-ns#XMLLiteral","value":"This field is optional and it is used to indicate whether the user\rwants to use the Tray Tickets or not.  If the answer is Yes, you will\rbe asked whether you want the heading for the Tray Tickets to\rbe printed on the bottom or not and also you will be receiving a\rno diet pattern message on diet activity for patients that do\rnot have a diet pattern which is related to the tray tickets.\rIf the answer is No, you will not be asked the question and\rreceive the message."}},{"number":"101","flags":"S","name":"OUTPATIENT MEALS INSTALLED","location":"CV;1","type":"3","details":"1:YES;0:NO;","description":{"fmId":"-1","fmType":"5","type":"typed-literal","datatype":"http://www.w3.org/1999/02/22-rdf-syntax-ns#XMLLiteral","value":"Field to note if outpatient meals build has been installed previously."}}],"fmql":{"OP":"DESCRIBE TYPE","TYPE":"119_9","TYPELABEL":"FH SITE PARAMETERS"}}