{"name":"RISK MODEL LAB TEST","number":"139.2","location":"^SRO(139.2,","count":"28","lastIEN":"25","description":{"fmId":"-1","fmType":"5","type":"typed-literal","datatype":"http://www.w3.org/1999/02/22-rdf-syntax-ns#XMLLiteral","value":"This file contains the set of laboratory tests tracked by the Surgery Risk \rAssessment Module along with the corresponding local data names in file 63 \rpointed to by these tests and the appropriate specimens for these tests."},"fields":[{"number":".01","flags":"RF","name":"NAME","location":"0;1","index":"B","type":"4","inputTransform":"K:$L(X)>40!($L(X)<1) X","description":{"fmId":"-1","fmType":"5","type":"typed-literal","datatype":"http://www.w3.org/1999/02/22-rdf-syntax-ns#XMLLiteral","value":"This is the laboratory test which will be tracked using the Surgery Risk\rAssessment Module."}},{"number":"1","flags":"139.21P","name":"LABORATORY DATA NAME","location":"1;0","type":"9","details":"139.21","description":{"fmId":"-1","fmType":"5","type":"typed-literal","datatype":"http://www.w3.org/1999/02/22-rdf-syntax-ns#XMLLiteral","value":"These are the local Data Names in file 63 pointed to by this lab test."}},{"number":"2","flags":"RP61'","name":"SPECIMEN","location":"2;1","type":"7","details":"61","description":{"fmId":"-1","fmType":"5","type":"typed-literal","datatype":"http://www.w3.org/1999/02/22-rdf-syntax-ns#XMLLiteral","value":"This is the specimen associated with this laboratory test."}},{"number":"3","flags":"NJ8,2","name":"VASQIP REFERENCE LOW","location":"2;2","type":"2","inputTransform":"K:+X'=X!(X>99999)!(X<0)!(X?.E1\".\"3.N) X","description":{"fmId":"-1","fmType":"5","type":"typed-literal","datatype":"http://www.w3.org/1999/02/22-rdf-syntax-ns#XMLLiteral","value":"This field determines the reference \"low value\" for the laboratory \rtest. This value is derived from the usual distribution of cardiac \rrisk assessment test values reported nationally. Test values less \rthan the reference low are permitted but should be verified for\raccuracy."}},{"number":"4","flags":"NJ8,2","name":"VASQIP REFERENCE HIGH","location":"2;3","type":"2","inputTransform":"K:+X'=X!(X>99999)!(X<0)!(X?.E1\".\"3.N) X","description":{"fmId":"-1","fmType":"5","type":"typed-literal","datatype":"http://www.w3.org/1999/02/22-rdf-syntax-ns#XMLLiteral","value":"This field determines the \"reference high\" value for the laboratory \rtest. This value is derived from the usual distribution of cardiac \rrisk assessment test values reported nationally. Test values higher \rthan the reference high are permitted but should be verified for\raccuracy."}}],"fmql":{"OP":"DESCRIBE TYPE","TYPE":"139_2","TYPELABEL":"RISK MODEL LAB TEST"}}