{"fields": [{"index": "B", "name": "day", "number": ".01", "flags": "FI", "location": "0;1", "type": "4", "description": {"datatype": "http://www.w3.org/1999/02/22-rdf-syntax-ns#XMLLiteral", "fmType": "5", "fmId": "-1", "value": "This is the day of the week for this blockout.\r ", "type": "typed-literal"}}, {"name": "service", "description": {"datatype": "http://www.w3.org/1999/02/22-rdf-syntax-ns#XMLLiteral", "fmType": "5", "fmId": "-1", "value": "This is information related to the service for which the operating\rroom time will be blocked out.\r ", "type": "typed-literal"}, "number": "1", "flags": "131.704A", "details": "131.704", "type": "9", "location": "1;0"}], "fmql": {"TYPELABEL": "SERVICE BLOCKOUT", "TYPE": "131_703", "OP": "DESCRIBE TYPE"}, "name": "SERVICE BLOCKOUT", "parent": "131.7", "number": "131.703"}