{"fields": [{"index": "B", "name": "laser_unit_id", "number": ".01", "flags": "MF", "location": "0;1", "type": "4", "description": {"datatype": "http://www.w3.org/1999/02/22-rdf-syntax-ns#XMLLiteral", "fmType": "5", "fmId": "-1", "value": "This is the name or ID of the laser unit used during this procedure,", "type": "typed-literal"}}, {"description": {"datatype": "http://www.w3.org/1999/02/22-rdf-syntax-ns#XMLLiteral", "fmType": "5", "fmId": "-1", "value": "This is the duration in minutes that the laser unit was applied.", "type": "typed-literal"}, "number": "1", "flags": "NJ6,2", "location": "0;2", "type": "2", "name": "laser_duration"}, {"description": {"datatype": "http://www.w3.org/1999/02/22-rdf-syntax-ns#XMLLiteral", "fmType": "5", "fmId": "-1", "value": "This is the number of watts (joules/sec) used by the laser during the\rprocedure.", "type": "typed-literal"}, "number": "2", "flags": "NJ8,2", "location": "0;3", "type": "2", "name": "wattage"}, {"name": "laser_operator", "description": {"datatype": "http://www.w3.org/1999/02/22-rdf-syntax-ns#XMLLiteral", "fmType": "5", "fmId": "-1", "value": "This is the authorized laser operator who operated this laser unit during\rthis procedure. If the person cannot be entered in this field, enter the\rname in the LASER COMMENTS field (#5) for this laser unit.", "type": "typed-literal"}, "number": "3", "flags": "P200'", "details": "200", "type": "7", "location": "0;4"}, {"name": "plume_evacuator", "description": {"datatype": "http://www.w3.org/1999/02/22-rdf-syntax-ns#XMLLiteral", "fmType": "5", "fmId": "-1", "value": "This field determines if a plume evacuator was used with this laser unit.", "type": "typed-literal"}, "number": "4", "flags": "S", "details": "Y:YES;N:NO;", "type": "3", "location": "0;5"}, {"description": {"datatype": "http://www.w3.org/1999/02/22-rdf-syntax-ns#XMLLiteral", "fmType": "5", "fmId": "-1", "value": "This word-processing field contains comments about the use of this laser\runit during this procedure.", "type": "typed-literal"}, "number": "5", "flags": "130.1295", "location": "1;0", "type": "5", "name": "laser_comments"}], "fmql": {"TYPELABEL": "LASER UNIT", "TYPE": "130_0129", "OP": "DESCRIBE TYPE"}, "name": "LASER UNIT", "parent": "130", "number": "130.0129"}