{"fields": [{"index": "B", "name": "from_division", "description": {"datatype": "http://www.w3.org/1999/02/22-rdf-syntax-ns#XMLLiteral", "fmType": "5", "fmId": "-1", "value": "This is a division that will cause this rule to be applied; if no\rspecialty change occurs with the transfer, then the patient must be \rmoving from this division for active orders to be discontinued.", "type": "typed-literal"}, "number": ".01", "flags": "MP4'X", "location": "0;1", "type": "7", "details": "4"}], "fmql": {"TYPELABEL": "INCLUDED DIVISIONS", "TYPE": "100_66", "OP": "DESCRIBE TYPE"}, "name": "INCLUDED DIVISIONS", "parent": "100.6", "number": "100.66"}