{"name":"ALTERNATE NAME","number":"111.01","parent":"111","fields":[{"number":".01","flags":"MF","name":"ALTERNATE NAME","location":"0;1","index":"D","type":"4","inputTransform":"K:X[\"\"\"\"!($A(X)=45) X I $D(X) K:$L(X)>30!($L(X)<1) X","description":{"fmId":"-1","fmType":"5","type":"typed-literal","datatype":"http://www.w3.org/1999/02/22-rdf-syntax-ns#XMLLiteral","value":"This field contains an alternate name for the diet."}}],"fmql":{"OP":"DESCRIBE TYPE","TYPE":"111_01","TYPELABEL":"ALTERNATE NAME"}}