{"name":"DIETETIC NUTRITION PLAN","number":"115.5","location":"^FH(115.5,","description":{"fmId":"-1","fmType":"5","type":"typed-literal","datatype":"http://www.w3.org/1999/02/22-rdf-syntax-ns#XMLLiteral","value":"This file contains a list of nutrition plan actions which are\rlisted on the Nutrition Screening form."},"version":"5.5","vpackage":"DIETETICS","fields":[{"number":".01","flags":"RF","name":"NAME","location":"0;1","index":"B","type":"4","inputTransform":"K:$L(X)>60!($L(X)<3)!'(X'?1P.E) X","description":{"fmId":"-1","fmType":"5","type":"typed-literal","datatype":"http://www.w3.org/1999/02/22-rdf-syntax-ns#XMLLiteral","value":"This is the text name of the nutrition plan entry."}},{"number":"101","flags":"F","name":"UPPERCASE NAME","location":"0;2","index":"C","type":"4","inputTransform":"K:X[\"\"\"\"!($A(X)=45) X I $D(X) K:$L(X)>30!($L(X)<3) X","description":{"fmId":"-1","fmType":"5","type":"typed-literal","datatype":"http://www.w3.org/1999/02/22-rdf-syntax-ns#XMLLiteral","value":"This is the text of the plan entry in uppercase text."}}],"fmql":{"OP":"DESCRIBE TYPE","TYPE":"115_5","TYPELABEL":"DIETETIC NUTRITION PLAN"}}