{"fields": [{"index": "B", "name": "gmrcr_protocol", "description": {"datatype": "http://www.w3.org/1999/02/22-rdf-syntax-ns#XMLLiteral", "fmType": "5", "fmId": "-1", "value": "This is a temporary field used to load the existing GMRCR protocols at a\rsite before the CPRS Version 1 install.  This was necessary because the\rConsult 3.0 package distributes file link services for specific protocols\rwhich sites may have changed.", "type": "typed-literal"}, "number": ".01", "flags": "MP101'X", "location": "0;1", "type": "7", "details": "101"}, {"name": "file_link_precprs_v1_install", "description": {"datatype": "http://www.w3.org/1999/02/22-rdf-syntax-ns#XMLLiteral", "fmType": "5", "fmId": "-1", "value": "This is the value from the FILE LINK field stored with the GMRCR protocols\rbefore the install of CPRS V1.0.", "type": "typed-literal"}, "number": ".02", "flags": "V", "details": "123.5", "type": "8", "location": "0;2"}], "fmql": {"TYPELABEL": "GMRCR PROTOCOL", "TYPE": "123_99", "OP": "DESCRIBE TYPE"}, "name": "GMRCR PROTOCOL", "parent": "123.9", "number": "123.99"}