{"count": "0", "description": {"datatype": "http://www.w3.org/1999/02/22-rdf-syntax-ns#XMLLiteral", "fmType": "5", "fmId": "-1", "value": "This file contains search criteria used by the MRSA Program Tools \rsoftware. This file should only be edited using the MRSA Tools Lab \rParameter Setup option provided with this software.", "type": "typed-literal"}, "fields": [{"index": "B", "name": "mdro", "description": {"datatype": "http://www.w3.org/1999/02/22-rdf-syntax-ns#XMLLiteral", "fmType": "5", "fmId": "-1", "value": "This is the multi-drug resistant organism (MDRO) for the parameters you \rare defining.", "type": "typed-literal"}, "number": ".01", "flags": "RP104.2'", "location": "0;1", "type": "7", "details": "104.2"}, {"index": "D", "name": "division", "description": {"datatype": "http://www.w3.org/1999/02/22-rdf-syntax-ns#XMLLiteral", "fmType": "5", "fmId": "-1", "value": "This is the site that this lab test is defined for.", "type": "typed-literal"}, "number": "1", "flags": "P104'", "location": "0;2", "type": "7", "details": "104"}, {"name": "included_sites", "number": "3", "flags": "104.103PA", "details": "104.103", "type": "9", "location": "1;0"}, {"name": "excluded_sites", "number": "4", "flags": "104.104PA", "details": "104.104", "type": "9", "location": "2;0"}, {"name": "lab_test", "number": "5", "flags": "104.15PA", "details": "104.15", "type": "9", "location": "3;0"}, {"name": "included_bact_rpt_remarks", "number": "7", "flags": "104.107A", "details": "104.107", "type": "9", "location": "4;0"}, {"name": "excluded_bact_rpt_remarks", "number": "8", "flags": "104.108A", "details": "104.108", "type": "9", "location": "5;0"}, {"name": "etiology", "number": "9", "flags": "104.109PA", "details": "104.109", "type": "9", "location": "6;0"}], "fmql": {"TYPELABEL": "MRSA TOOLS LAB SEARCH/EXTRACT", "TYPE": "104_1", "OP": "DESCRIBE TYPE"}, "number": "104.1", "location": "^MMRS(104.1,", "name": "MRSA TOOLS LAB SEARCH/EXTRACT"}