{"name":"MAINTENANCE DATE/TIME","number":"126.41","parent":"126.04","fields":[{"number":".01","flags":"RDX","name":"MAINTENANCE DATE/TIME","location":"0;1","index":"B","type":"1","inputTransform":"S %DT=\"ESTXR\",%DT(0)=\"-NOW\" D ^%DT S X=Y K:Y<1 X K %DT(0)","description":{"fmId":"-1","fmType":"5","type":"typed-literal","datatype":"http://www.w3.org/1999/02/22-rdf-syntax-ns#XMLLiteral","value":"This field indicates the DATE/TIME the IV care was performed."}},{"number":"1","flags":"FX","name":"SITE DESCRIPTION","location":"0;2","type":"4","inputTransform":"D SITEDES1^GMRYUT5 K:$L(X)>50!($L(X)<3) X","description":{"fmId":"-1","fmType":"5","type":"typed-literal","datatype":"http://www.w3.org/1999/02/22-rdf-syntax-ns#XMLLiteral","value":"This field stores the care-giver's observation of the IV infusion site.  The\ruser is allowed to select a number or a combination of numbers from the IV \rSITE DESCRIPTION file (#126.72).  The software then transforms the number(s)\rinto text."}},{"number":"2","flags":"S","name":"TUBING CHANGED","location":"0;3","type":"3","details":"Y:yes;N:no;","description":{"fmId":"-1","fmType":"5","type":"typed-literal","datatype":"http://www.w3.org/1999/02/22-rdf-syntax-ns#XMLLiteral","value":"This field indicates if the IV tubing was changed.  Enter \"Y\" if IV tube\rhas been changed."}},{"number":"3","flags":"S","name":"DRESSING CHANGED","location":"0;4","type":"3","details":"Y:yes;N:no;","description":{"fmId":"-1","fmType":"5","type":"typed-literal","datatype":"http://www.w3.org/1999/02/22-rdf-syntax-ns#XMLLiteral","value":"This field indicates if the dressing was changed.  Enter \"Y\" if dressing \rhas been changed."}},{"number":"4","flags":"P200'","name":"ENTERED BY","location":"0;5","type":"7","details":"200","description":{"fmId":"-1","fmType":"5","type":"typed-literal","datatype":"http://www.w3.org/1999/02/22-rdf-syntax-ns#XMLLiteral","value":"This field documents the name of the person who gives the nursing care.\rPointer to the NEW PERSON file (#200)."}},{"number":"5","flags":"S","name":"SITE DC'ED","location":"0;6","type":"3","details":"Y:yes;N:no;","description":{"fmId":"-1","fmType":"5","type":"typed-literal","datatype":"http://www.w3.org/1999/02/22-rdf-syntax-ns#XMLLiteral","value":"This field indicates if the IV was discontinued at its insertion point.  \rEnter Y(es) if the IV site was discontinued."}},{"number":"6","flags":"NJ4,0","name":"LINE OF TUBE","location":"0;7","type":"2","inputTransform":"K:+X'=X!(X>1000)!(X<1)!(X?.E1\".\"1N.N) X","description":{"fmId":"-1","fmType":"5","type":"typed-literal","datatype":"http://www.w3.org/1999/02/22-rdf-syntax-ns#XMLLiteral","value":"This field indicates the IEN of the IV."}}],"fmql":{"OP":"DESCRIBE TYPE","TYPE":"126_41","TYPELABEL":"MAINTENANCE DATE/TIME"}}