{"name":"AUDIT TRAIL","number":"124.313","parent":"124.31","fields":[{"number":".01","flags":"RDI","name":"AUDIT TRAIL DATE/TIME","location":"0;1","type":"1","inputTransform":"S %DT=\"ETXR\" D ^%DT S X=Y K:Y<1 X","description":{"fmId":"-1","fmType":"5","type":"typed-literal","datatype":"http://www.w3.org/1999/02/22-rdf-syntax-ns#XMLLiteral","value":" Date/time of the modification of this selection."}},{"number":"1","flags":"R*SIX","name":"MODIFICATION","location":"0;2","type":"3","details":"0:DELETE;1:CREATE;2:EDIT;","inputTransform":"D EN3^GMRGUT3 K DIC(\"S\") Q","description":{"fmId":"-1","fmType":"5","type":"typed-literal","datatype":"http://www.w3.org/1999/02/22-rdf-syntax-ns#XMLLiteral","value":"The type of modification that was made."}},{"number":"2","flags":"RP200'I","name":"USER WHO MODIFIED","location":"0;3","type":"7","details":"200","description":{"fmId":"-1","fmType":"5","type":"typed-literal","datatype":"http://www.w3.org/1999/02/22-rdf-syntax-ns#XMLLiteral","value":"User who made this modification."}},{"number":"3","flags":"FXI","name":"APPENDED/INTERNAL TEXT","location":"0;4","type":"4","inputTransform":"K:$L(X)>175!($L(X)<1)!'(X'?1P.E!(X?1\"|\".E)) X","description":{"fmId":"-1","fmType":"5","type":"typed-literal","datatype":"http://www.w3.org/1999/02/22-rdf-syntax-ns#XMLLiteral","value":"This is the appended/internal text that existed at this date/time for this\rcare plan."}},{"number":"4","flags":"FXI","name":"ADDITIONAL TEXT","location":"ADD;1","type":"4","inputTransform":"K:$L(X)>245!($L(X)<1)!'(X'?1P.E) X","description":{"fmId":"-1","fmType":"5","type":"typed-literal","datatype":"http://www.w3.org/1999/02/22-rdf-syntax-ns#XMLLiteral","value":"The additional text for a term at this point in time."}}],"fmql":{"OP":"DESCRIBE TYPE","TYPE":"124_313","TYPELABEL":"AUDIT TRAIL"}}