{"count": "0", "description": {"datatype": "http://www.w3.org/1999/02/22-rdf-syntax-ns#XMLLiteral", "fmType": "5", "fmId": "-1", "value": "This file contains the list of isolation/precaution types, as\rcommonly identified by medical personnel, and indicates the\rcharacteristics of those types important to the Dietetic\rService such as type of china and appropriate tray delivery\rperson.", "type": "typed-literal"}, "fields": [{"index": "B", "name": "name", "number": ".01", "flags": "RF", "location": "0;1", "type": "4", "description": {"datatype": "http://www.w3.org/1999/02/22-rdf-syntax-ns#XMLLiteral", "fmType": "5", "fmId": "-1", "value": "This field contains the name of isolation/precaution type\ras it would normally be known to ward/medical personnel.", "type": "typed-literal"}}, {"name": "paper_or_china", "description": {"datatype": "http://www.w3.org/1999/02/22-rdf-syntax-ns#XMLLiteral", "fmType": "5", "fmId": "-1", "value": "This field indicates whether food is served on paper products\ror china for this isolation type.", "type": "typed-literal"}, "number": "1", "flags": "RS", "details": "P:PAPER;C:CHINA;", "type": "3", "location": "0;2"}, {"name": "delivered_by_nurse_or_fsw", "description": {"datatype": "http://www.w3.org/1999/02/22-rdf-syntax-ns#XMLLiteral", "fmType": "5", "fmId": "-1", "value": "This field indicates whether food tray delivery is done by\rfood service workers (FSW) or by ward personnel (NURSE).", "type": "typed-literal"}, "number": "2", "flags": "RS", "details": "N:NURSE;F:FSW;", "type": "3", "location": "0;3"}, {"name": "inactive", "description": {"datatype": "http://www.w3.org/1999/02/22-rdf-syntax-ns#XMLLiteral", "fmType": "5", "fmId": "-1", "value": "This field, if answered YES, will inactivate an isolation\rtype and prohibit further selection by ward personnel.", "type": "typed-literal"}, "number": "99", "flags": "S", "details": "Y:YES;N:NO;", "type": "3", "location": "I;1"}], "fmql": {"TYPELABEL": "ISOLATION/PRECAUTION TYPE", "TYPE": "119_4", "OP": "DESCRIBE TYPE"}, "number": "119.4", "location": "^FH(119.4,", "name": "ISOLATION/PRECAUTION TYPE"}