{"name":"ORDER STATISTICS","number":"100.1","location":"^OR(100.1,","fields":[{"number":".01","flags":"RV","name":"NAME","location":"0;1","index":"B","type":"8","details":"101;60;50;19;71","description":{"fmId":"-1","fmType":"5","type":"typed-literal","datatype":"http://www.w3.org/1999/02/22-rdf-syntax-ns#XMLLiteral","value":"This is the name of an item."}},{"number":"1","flags":"NJ7,0","name":"COUNT","location":"0;2","type":"2","inputTransform":"K:+X'=X!(X>9999999)!(X<0)!(X?.E1\".\"1N.N) X","description":{"fmId":"-1","fmType":"5","type":"typed-literal","datatype":"http://www.w3.org/1999/02/22-rdf-syntax-ns#XMLLiteral","value":"This is the count of items ordered."}},{"number":"2","flags":"P9.4'","name":"PACKAGE","location":"0;3","type":"7","details":"9.4","description":{"fmId":"-1","fmType":"5","type":"typed-literal","datatype":"http://www.w3.org/1999/02/22-rdf-syntax-ns#XMLLiteral","value":"This is the package that the item was ordered from."}}],"fmql":{"OP":"DESCRIBE TYPE","TYPE":"100_1","TYPELABEL":"ORDER STATISTICS"}}