{"fields": [{"index": "B", "name": "date_time_entered", "number": ".01", "flags": "MDX", "location": "0;1", "type": "1", "description": {"datatype": "http://www.w3.org/1999/02/22-rdf-syntax-ns#XMLLiteral", "fmType": "5", "fmId": "-1", "value": "This is the date/time the comment was entered.", "type": "typed-literal"}}, {"description": {"datatype": "http://www.w3.org/1999/02/22-rdf-syntax-ns#XMLLiteral", "fmType": "5", "fmId": "-1", "value": "This is the actual comment that is being added.", "type": "typed-literal"}, "number": "1", "flags": "120.853151", "location": "1;0", "type": "5", "name": "addendum"}], "fmql": {"TYPELABEL": "P&T ADDENDUM", "TYPE": "120_85315", "OP": "DESCRIBE TYPE"}, "name": "P&T ADDENDUM", "parent": "120.85", "number": "120.85315"}