{"name":"DRUG INGREDIENTS","number":"120.802","parent":"120.8","fields":[{"number":".01","flags":"M*P50.416'","name":"DRUG INGREDIENT","location":"0;1","index":"B","type":"7","details":"50.416","inputTransform":"S DIC(\"S\")=\"N GMRA S GMRA=$P(^(0),U) X \"\"I $L(GMRA),$D(^PS(50.416,\"\"\"\"P\"\"\"\",GMRA,Y))\"\" Q\" D ^DIC K DIC S DIC=DIE,X=+Y K:Y<0 X","description":{"fmId":"-1","fmType":"5","type":"typed-literal","datatype":"http://www.w3.org/1999/02/22-rdf-syntax-ns#XMLLiteral","value":"Drug ingredient to which patient had reaction."}}],"fmql":{"OP":"DESCRIBE TYPE","TYPE":"120_802","TYPELABEL":"DRUG INGREDIENTS"}}