{"name":"RELATED POINTER","number":"133.29","parent":"133.2","fields":[{"number":".01","flags":"RIMP133.2X","name":"RELATED POINTER","location":"0;1","type":"7","details":"133.2","inputTransform":"S DINUM=X","description":{"fmId":"-1","fmType":"5","type":"typed-literal","datatype":"http://www.w3.org/1999/02/22-rdf-syntax-ns#XMLLiteral","value":"This field is used as a reference pointer to the other related entries in\rthis file.  Related entries are those entries that corresponded to the\rsame segment, but are at different HL7 sequence locations."}}],"fmql":{"OP":"DESCRIBE TYPE","TYPE":"133_29","TYPELABEL":"RELATED POINTER"}}