{"name":"OPERATION TIMES","number":"131.25","location":"^SRO(131.25,","description":{"fmId":"-1","fmType":"5","type":"typed-literal","datatype":"http://www.w3.org/1999/02/22-rdf-syntax-ns#XMLLiteral","value":"This file stores the length of time it takes to do an operative\rprocedure based on CPT code and surgical specialty.\r "},"version":"3","fields":[{"number":".01","flags":"RP137.45'X","name":"SURGICAL SPECIALTY","location":"0;1","index":"B","type":"7","details":"137.45","description":{"fmId":"-1","fmType":"5","type":"typed-literal","datatype":"http://www.w3.org/1999/02/22-rdf-syntax-ns#XMLLiteral","value":"This is the name of the Surgical Specialty given credit for performing\rthis operative procedure.\r "}},{"number":"1","flags":"131.251PA","name":"OPERATION","location":"1;0","type":"9","details":"131.251","description":{"fmId":"-1","fmType":"5","type":"typed-literal","datatype":"http://www.w3.org/1999/02/22-rdf-syntax-ns#XMLLiteral","value":"This is information related to the operative procedure.\r "}}],"fmql":{"OP":"DESCRIBE TYPE","TYPE":"131_25","TYPELABEL":"OPERATION TIMES"}}