{"fields": [{"name": "prosthesis_item", "description": {"datatype": "http://www.w3.org/1999/02/22-rdf-syntax-ns#XMLLiteral", "fmType": "5", "fmId": "-1", "value": "This is the name of the implanted prosthetic device required for\rthis operative procedure.  If entered, this information appears\ron the Nurse Intraoperative Report.\r ", "type": "typed-literal"}, "number": ".01", "flags": "*P131.9'", "details": "131.9", "type": "7", "location": "0;1"}, {"description": {"datatype": "http://www.w3.org/1999/02/22-rdf-syntax-ns#XMLLiteral", "fmType": "5", "fmId": "-1", "value": "This is the name of the manufacturer of the implanted prosthetic device.\r ", "type": "typed-literal"}, "number": "1", "flags": "F", "location": "0;2", "type": "4", "name": "vendor"}, {"description": {"datatype": "http://www.w3.org/1999/02/22-rdf-syntax-ns#XMLLiteral", "fmType": "5", "fmId": "-1", "value": "This is the model of the implanted prosthetic device.\r ", "type": "typed-literal"}, "number": "2", "flags": "F", "location": "0;3", "type": "4", "name": "model"}, {"description": {"datatype": "http://www.w3.org/1999/02/22-rdf-syntax-ns#XMLLiteral", "fmType": "5", "fmId": "-1", "value": "This is the lot/serial number of the implanted prosthetic device.\r ", "type": "typed-literal"}, "number": "2.5", "flags": "F", "location": "0;5", "type": "4", "name": "lot_serial_no"}, {"description": {"datatype": "http://www.w3.org/1999/02/22-rdf-syntax-ns#XMLLiteral", "fmType": "5", "fmId": "-1", "value": "This is the sterilization number of the implanted device.  This field is\rmarked for deletion.", "type": "typed-literal"}, "number": "3", "flags": "F", "location": "0;4", "type": "4", "name": "sterile_code"}, {"description": {"datatype": "http://www.w3.org/1999/02/22-rdf-syntax-ns#XMLLiteral", "fmType": "5", "fmId": "-1", "value": "This is the sterilization number of the implanted prosthetic device.\rThis field is marked for deletion.", "type": "typed-literal"}, "number": "4", "flags": "F", "location": "0;6", "type": "4", "name": "sterile_number"}, {"name": "sterile_resp", "description": {"datatype": "http://www.w3.org/1999/02/22-rdf-syntax-ns#XMLLiteral", "fmType": "5", "fmId": "-1", "value": "This is the code corresponding to the sterilization accountability.\rAlthough this information is optional, it may be useful in documentation\rof this case.\r ", "type": "typed-literal"}, "number": "5", "flags": "S", "details": "M:MANUFACTURER;SPD:SPD;SUR:SURGERY;", "type": "3", "location": "0;7"}, {"description": {"datatype": "http://www.w3.org/1999/02/22-rdf-syntax-ns#XMLLiteral", "fmType": "5", "fmId": "-1", "value": "This is the size of the implanted prosthetic device.\r ", "type": "typed-literal"}, "number": "6", "flags": "F", "location": "1;1", "type": "4", "name": "size"}, {"description": {"datatype": "http://www.w3.org/1999/02/22-rdf-syntax-ns#XMLLiteral", "fmType": "5", "fmId": "-1", "value": "This is the quantity of this prosthetic device used for this operative\rprocedure.\r ", "type": "typed-literal"}, "number": "7", "flags": "NJ5,0", "location": "1;2", "type": "2", "name": "quantity"}, {"name": "implant_sterility_checked", "description": {"datatype": "http://www.w3.org/1999/02/22-rdf-syntax-ns#XMLLiteral", "fmType": "5", "fmId": "-1", "value": "This field documents whether or not the implant sterility was checked.\rYour answer should be YES or NO.  This field is required for all\rprosthesis items entered for a surgery case.", "type": "typed-literal"}, "number": "8", "flags": "S", "details": "Y:YES;N:NO;", "type": "3", "location": "2;1"}, {"description": {"datatype": "http://www.w3.org/1999/02/22-rdf-syntax-ns#XMLLiteral", "fmType": "5", "fmId": "-1", "value": "This field documents the sterility expiration date. This field is\rrequired for all prosthesis items entered for a surgery case. \rExpiration Date can not be prior to Date of Operation.", "type": "typed-literal"}, "number": "9", "flags": "DX", "location": "2;2", "type": "1", "name": "sterility_expiration_date"}, {"name": "rn_verifier", "description": {"datatype": "http://www.w3.org/1999/02/22-rdf-syntax-ns#XMLLiteral", "fmType": "5", "fmId": "-1", "value": "This is the name of the person that verified the sterility information. \rThis field may be restricted by locally determined keys so that only\rpeople with the appropriate keys can be entered.", "type": "typed-literal"}, "number": "10", "flags": "*P200'", "details": "200", "type": "7", "location": "2;3"}], "fmql": {"TYPELABEL": "PROSTHESIS INSTALLED", "TYPE": "130_01", "OP": "DESCRIBE TYPE"}, "name": "PROSTHESIS INSTALLED", "parent": "130", "number": "130.01"}