{"count": "0", "description": {"datatype": "http://www.w3.org/1999/02/22-rdf-syntax-ns#XMLLiteral", "fmType": "5", "fmId": "-1", "value": "This file contains a list of graphical editors that are available within \rthe CPRS query tool for editing constraints.", "type": "typed-literal"}, "fields": [{"description": {"datatype": "http://www.w3.org/1999/02/22-rdf-syntax-ns#XMLLiteral", "fmType": "5", "fmId": "-1", "value": "This is the integer constant by which the specific editor is identified\rby the client software.", "type": "typed-literal"}, "number": ".001", "flags": "NJ2,0", "location": " ", "type": "2", "name": "number"}, {"index": "B", "name": "name", "number": ".01", "flags": "RFI", "location": "0;1", "type": "4", "description": {"datatype": "http://www.w3.org/1999/02/22-rdf-syntax-ns#XMLLiteral", "fmType": "5", "fmId": "-1", "value": "The is the human-readable name of the editor.", "type": "typed-literal"}}], "fmql": {"TYPELABEL": "CPRS QUERY EDIT CONTROL", "TYPE": "102_23", "OP": "DESCRIBE TYPE"}, "number": "102.23", "location": "^ORD(102.23,", "name": "CPRS QUERY EDIT CONTROL"}