{"name":"ISOLATION/PRECAUTION TYPE","number":"119.4","location":"^FH(119.4,","count":"4","lastIEN":"4","description":{"fmId":"-1","fmType":"5","type":"typed-literal","datatype":"http://www.w3.org/1999/02/22-rdf-syntax-ns#XMLLiteral","value":"This file contains the list of isolation/precaution types, as\rcommonly identified by medical personnel, and indicates the\rcharacteristics of those types important to the Dietetic\rService such as type of china and appropriate tray delivery\rperson."},"version":"5.5","vpackage":"DIETETICS","fields":[{"number":".01","flags":"RF","name":"NAME","location":"0;1","index":"B","type":"4","inputTransform":"K:$L(X)>30!($L(X)<3)!'(X'?1P.E)!(X'?.ANP) X","description":{"fmId":"-1","fmType":"5","type":"typed-literal","datatype":"http://www.w3.org/1999/02/22-rdf-syntax-ns#XMLLiteral","value":"This field contains the name of isolation/precaution type\ras it would normally be known to ward/medical personnel."}},{"number":"1","flags":"RS","name":"PAPER OR CHINA","location":"0;2","type":"3","details":"P:PAPER;C:CHINA;","description":{"fmId":"-1","fmType":"5","type":"typed-literal","datatype":"http://www.w3.org/1999/02/22-rdf-syntax-ns#XMLLiteral","value":"This field indicates whether food is served on paper products\ror china for this isolation type."}},{"number":"2","flags":"RS","name":"DELIVERED BY NURSE OR FSW","location":"0;3","type":"3","details":"N:NURSE;F:FSW;","description":{"fmId":"-1","fmType":"5","type":"typed-literal","datatype":"http://www.w3.org/1999/02/22-rdf-syntax-ns#XMLLiteral","value":"This field indicates whether food tray delivery is done by\rfood service workers (FSW) or by ward personnel (NURSE)."}},{"number":"99","flags":"S","name":"INACTIVE?","location":"I;1","type":"3","details":"Y:YES;N:NO;","description":{"fmId":"-1","fmType":"5","type":"typed-literal","datatype":"http://www.w3.org/1999/02/22-rdf-syntax-ns#XMLLiteral","value":"This field, if answered YES, will inactivate an isolation\rtype and prohibit further selection by ward personnel."}}],"fmql":{"OP":"DESCRIBE TYPE","TYPE":"119_4","TYPELABEL":"ISOLATION/PRECAUTION TYPE"}}