{"fields": [{"index": "B", "name": "nonoperative_occurrences", "number": ".01", "flags": "F", "location": "0;1", "type": "4", "description": {"datatype": "http://www.w3.org/1999/02/22-rdf-syntax-ns#XMLLiteral", "fmType": "5", "fmId": "-1", "value": "This is a occurrence that is not related to a surgical procedure.  If\rthere are not any non-operative occurrences, this field should be left\rblank.  Do not enter 'NO' or 'NONE'.\r ", "type": "typed-literal"}}, {"name": "outcome_to_date", "description": {"datatype": "http://www.w3.org/1999/02/22-rdf-syntax-ns#XMLLiteral", "fmType": "5", "fmId": "-1", "value": "This is the outcome to date of this non-operative occurrence.\r ", "type": "typed-literal"}, "number": "1", "flags": "S", "details": "U:UNRESOLVED;I:IMPROVED;D:DEATH;W:WORSE;", "type": "3", "location": "0;2"}, {"description": {"datatype": "http://www.w3.org/1999/02/22-rdf-syntax-ns#XMLLiteral", "fmType": "5", "fmId": "-1", "value": "This is the date that this occurrence was noted.  The time of day\rcan be entered, but is not required.\r ", "type": "typed-literal"}, "number": "2", "flags": "D", "location": "0;3", "type": "1", "name": "date_occurrence_noted"}, {"description": {"datatype": "http://www.w3.org/1999/02/22-rdf-syntax-ns#XMLLiteral", "fmType": "5", "fmId": "-1", "value": "This is the type of treatment instituted as a result of this\rnon-operative occurrence.\r ", "type": "typed-literal"}, "number": "3", "flags": "F", "location": "0;4", "type": "4", "name": "treatment_instituted"}, {"description": {"datatype": "http://www.w3.org/1999/02/22-rdf-syntax-ns#XMLLiteral", "fmType": "5", "fmId": "-1", "value": "This is information that may be helpful in documentation of the\rnon-operative occurrence.\r ", "type": "typed-literal"}, "number": "4", "flags": "130.534", "location": "1;0", "type": "5", "name": "occurrence_comments"}, {"name": "occurrence_category", "description": {"datatype": "http://www.w3.org/1999/02/22-rdf-syntax-ns#XMLLiteral", "fmType": "5", "fmId": "-1", "value": "This is the name of the category for which this occurrence will\rbe grouped for Surgery Central Office reporting needs.\r ", "type": "typed-literal"}, "number": "5", "flags": "R*P136.5'", "details": "136.5", "type": "7", "location": "0;5"}], "fmql": {"TYPELABEL": "NON-OPERATIVE OCCURRENCES", "TYPE": "130_053", "OP": "DESCRIBE TYPE"}, "name": "NON-OPERATIVE OCCURRENCES", "parent": "130", "number": "130.053"}