{"name":"GMRV VITAL MEASUREMENT","number":"120.5","location":"^GMR(120.5,","description":{"fmId":"-1","fmType":"5","type":"typed-literal","datatype":"http://www.w3.org/1999/02/22-rdf-syntax-ns#XMLLiteral","value":"This file contains vital sign information and other measurement data for a \rpatient."},"version":"5.0","vpackage":"GEN. MED. REC. - VITALS","fields":[{"number":".01","flags":"RDX","name":"DATE/TIME VITALS TAKEN","location":"0;1","index":"B","type":"1","inputTransform":"S %DT=\"ETXR\" D ^%DT S X=Y K:Y<1 X","description":{"fmId":"-1","fmType":"5","type":"typed-literal","datatype":"http://www.w3.org/1999/02/22-rdf-syntax-ns#XMLLiteral","value":"This field contains the date/time this vital/measurement was taken by the\rcare provider."}},{"number":".02","flags":"RP2'","name":"PATIENT","location":"0;2","index":"C","type":"7","details":"2","description":{"fmId":"-1","fmType":"5","type":"typed-literal","datatype":"http://www.w3.org/1999/02/22-rdf-syntax-ns#XMLLiteral","value":"This field contains the name of the patient for whom this vital measurement\rdata was entered.  Pointer to the PATIENT (#2) file."}},{"number":".03","flags":"RP120.51'","name":"VITAL TYPE","location":"0;3","index":"T","type":"7","details":"120.51","description":{"fmId":"-1","fmType":"5","type":"typed-literal","datatype":"http://www.w3.org/1999/02/22-rdf-syntax-ns#XMLLiteral","value":"This field denotes the type of measurement for this record.  Pointer to\rthe GMRV VITAL TYPE (#120.51) file."}},{"number":".04","flags":"RD","name":"DATE/TIME VITALS ENTERED","location":"0;4","type":"1","inputTransform":"S %DT=\"ESTXR\" D ^%DT S X=Y K:Y<1 X","description":{"fmId":"-1","fmType":"5","type":"typed-literal","datatype":"http://www.w3.org/1999/02/22-rdf-syntax-ns#XMLLiteral","value":"This field contains the date/time that this record was entered."}},{"number":".05","flags":"R*P44'","name":"HOSPITAL LOCATION","location":"0;5","type":"7","details":"44","inputTransform":"S DIC(\"S\")=\"I $P(^(0),U,3)'=\"\"Z\"\"\" D ^DIC K DIC S DIC=DIE,X=+Y K:Y<0 X","description":{"fmId":"-1","fmType":"5","type":"typed-literal","datatype":"http://www.w3.org/1999/02/22-rdf-syntax-ns#XMLLiteral","value":"This field contains the location where this measurement was taken.  Pointer \rto the HOSPITAL LOCATION (#44) file."}},{"number":".06","flags":"RP200'","name":"ENTERED BY","location":"0;6","type":"7","details":"200","description":{"fmId":"-1","fmType":"5","type":"typed-literal","datatype":"http://www.w3.org/1999/02/22-rdf-syntax-ns#XMLLiteral","value":"This field contains the name of the person who edited the file entry.  \rPointer to the NEW PERSON (#200) file."}},{"number":"1.2","flags":"FX","name":"RATE","location":"0;8","type":"4","inputTransform":"K:'$$EN2^GMVFUT0(DA,.X) X","description":{"fmId":"-1","fmType":"5","type":"typed-literal","datatype":"http://www.w3.org/1999/02/22-rdf-syntax-ns#XMLLiteral","value":"This field contains the numeric value associated with this vital\rmeasurement."}},{"number":"1.4","flags":"F","name":"SUPPLEMENTAL O2","location":"0;10","type":"4","inputTransform":"K:$L(X)>30!($L(X)<1) X","description":{"fmId":"-1","fmType":"5","type":"typed-literal","datatype":"http://www.w3.org/1999/02/22-rdf-syntax-ns#XMLLiteral","value":"This field stores the information of the supplemental oxygen as follows:\r  .5-20 l/min (liters/minute)   and/or\r  21-100 % of oxygen concentration\rFor example: 4.5 l/min 40%\r             4.5 l/min\r             40 %"}},{"number":"2","flags":"SI","name":"ENTERED IN ERROR","location":"2;1","type":"3","details":"1:YES;","description":{"fmId":"-1","fmType":"5","type":"typed-literal","datatype":"http://www.w3.org/1999/02/22-rdf-syntax-ns#XMLLiteral","value":"This field indicates that this record was flagged as entered in error."}},{"number":"3","flags":"P200'I","name":"ERROR ENTERED BY","location":"2;2","type":"7","details":"200","description":{"fmId":"-1","fmType":"5","type":"typed-literal","datatype":"http://www.w3.org/1999/02/22-rdf-syntax-ns#XMLLiteral","value":"This field indicates the name of the person responsible for entering the \rrecord in error.  Pointer to the NEW PERSON (#200) file."}},{"number":"4","flags":"120.506S","name":"REASON ENTERED IN ERROR","location":"2.1;0","type":"9","details":"120.506","description":{"fmId":"-1","fmType":"5","type":"typed-literal","datatype":"http://www.w3.org/1999/02/22-rdf-syntax-ns#XMLLiteral","value":"This multiple contains a list of reasons for entering a vital measurement \rin error."}},{"number":"5","flags":"120.505P","name":"QUALIFIER","location":"5;0","type":"9","details":"120.505","description":{"fmId":"-1","fmType":"5","type":"typed-literal","datatype":"http://www.w3.org/1999/02/22-rdf-syntax-ns#XMLLiteral","value":"A list of qualifiers associated with this measurement."}}],"fmql":{"OP":"DESCRIBE TYPE","TYPE":"120_5","TYPELABEL":"GMRV VITAL MEASUREMENT"}}