{"name":"CHILDREN","number":"124.21","parent":"124.2","fields":[{"number":".01","flags":"M*P124.2","name":"CHILD","location":"0;1","index":"B","type":"7","details":"124.2","inputTransform":"S DIC(\"S\")=\"D EN3^GMRGUTL\" D ^DIC K DIC S DIC=DIE,X=+Y K:Y<0 X","description":{"fmId":"-1","fmType":"5","type":"typed-literal","datatype":"http://www.w3.org/1999/02/22-rdf-syntax-ns#XMLLiteral","value":"An aggregate term that is under this frame/document."}},{"number":"1","flags":"RFI","name":"CHILD TEXT","location":"0;2","type":"4","inputTransform":"K:X[\"\"\"\"!($A(X)=45) X I $D(X) K:$L(X)>60!($L(X)<3)!'(X'?1P.E!(X?1\"[\".E)) X","description":{"fmId":"-1","fmType":"5","type":"typed-literal","datatype":"http://www.w3.org/1999/02/22-rdf-syntax-ns#XMLLiteral","value":"The data in this field is triggered in from the ACHTXT xref on the Child\r(#.01) field, of the Children multiple.  This field is uneditable, and \rshould be invisible to the users.  No cross-referencing is allowed for\rthis field."}},{"number":"2","flags":"RSI","name":"CHILD TYPE","location":"0;3","type":"3","details":"2:FRAME;3:TERM;","description":{"fmId":"-1","fmType":"5","type":"typed-literal","datatype":"http://www.w3.org/1999/02/22-rdf-syntax-ns#XMLLiteral","value":"This field contains the type of term for this child.  This field is needed\ras an identifier when transferring data from one system to another."}},{"number":"3","flags":"RFI","name":"CHILD PACKAGE","location":"0;4","type":"4","inputTransform":"K:$L(X)>5!($L(X)<2)!'(X'?1P.E) X","description":{"fmId":"-1","fmType":"5","type":"typed-literal","datatype":"http://www.w3.org/1999/02/22-rdf-syntax-ns#XMLLiteral","value":"This field contains the package reference for this child.  This field is\rneeded as an identifier when transferring data from one system to another."}},{"number":"4","flags":"RNJ5,0I","name":"CHILD NODE ID","location":"0;5","type":"2","inputTransform":"K:+X'=X!(X>99999)!(X<1)!(X?.E1\".\"1N.N) X","description":{"fmId":"-1","fmType":"5","type":"typed-literal","datatype":"http://www.w3.org/1999/02/22-rdf-syntax-ns#XMLLiteral","value":"This field contains the node identifier for this child.  This field is\rneeded for transferring data from one system to another."}},{"number":"5","flags":"S","name":"DELETE FLAG","location":"0;6","type":"3","details":"0:NO;1:YES;","description":{"fmId":"-1","fmType":"5","type":"typed-literal","datatype":"http://www.w3.org/1999/02/22-rdf-syntax-ns#XMLLiteral","value":"A flag to track whether a site has removed this term from its care plan or\rnot.  A flag was used so that site configured changes are not lost from\rversion to version."}},{"number":"6","flags":"NJ4,0","name":"DISPLAY ORDER","location":"0;7","type":"2","inputTransform":"K:+X'=X!(X>9999)!(X<1)!(X?.E1\".\"1N.N) X","description":{"fmId":"-1","fmType":"5","type":"typed-literal","datatype":"http://www.w3.org/1999/02/22-rdf-syntax-ns#XMLLiteral","value":"This field contains data indicating the order this child is displayed\rin this frame."}}],"fmql":{"OP":"DESCRIBE TYPE","TYPE":"124_21","TYPELABEL":"CHILDREN"}}