{"count": "0", "description": {"datatype": "http://www.w3.org/1999/02/22-rdf-syntax-ns#XMLLiteral", "fmType": "5", "fmId": "-1", "value": "This file is a listing of all the patients who have been asked about\rallergies/adverse reactions. It contains a pointer to File 2 (PATIENT), a\rflag to indicate if the patient has or does not have an Allergy/Adverse\rReaction, the person making the assessment and the date/time of the\rassessment.", "type": "typed-literal"}, "fields": [{"index": "B", "name": "name", "description": {"datatype": "http://www.w3.org/1999/02/22-rdf-syntax-ns#XMLLiteral", "fmType": "5", "fmId": "-1", "value": "This is the patient who has been asked about allergies/adverse reactions.", "type": "typed-literal"}, "number": ".01", "flags": "RP2'X", "location": "0;1", "type": "7", "details": "2"}, {"name": "reaction_assessment", "description": {"datatype": "http://www.w3.org/1999/02/22-rdf-syntax-ns#XMLLiteral", "fmType": "5", "fmId": "-1", "value": "This field indicates if the patient has a reaction on file or not.", "type": "typed-literal"}, "number": "1", "flags": "S", "details": "1:Yes;0:No;", "type": "3", "location": "0;2"}, {"name": "assessing_user", "description": {"datatype": "http://www.w3.org/1999/02/22-rdf-syntax-ns#XMLLiteral", "fmType": "5", "fmId": "-1", "value": "This field contains the name of the user who made the last reaction\rassessment for this patient.", "type": "typed-literal"}, "number": "2", "flags": "P200'", "details": "200", "type": "7", "location": "0;3"}, {"description": {"datatype": "http://www.w3.org/1999/02/22-rdf-syntax-ns#XMLLiteral", "fmType": "5", "fmId": "-1", "value": "This field contains the date/time of the last reaction assessment for\rthis patient.", "type": "typed-literal"}, "number": "3", "flags": "D", "location": "0;4", "type": "1", "name": "assessment_date_time"}], "fmql": {"TYPELABEL": "ADVERSE REACTION ASSESSMENT", "TYPE": "120_86", "OP": "DESCRIBE TYPE"}, "number": "120.86", "location": "^GMR(120.86,", "name": "ADVERSE REACTION ASSESSMENT"}