{"fields": [{"index": "B", "name": "disposables_name", "number": ".01", "flags": "MF", "location": "0;1", "type": "4", "description": {"datatype": "http://www.w3.org/1999/02/22-rdf-syntax-ns#XMLLiteral", "fmType": "5", "fmId": "-1", "value": "This is the name of the disposable product used with this cell saver\rduring this procedure.", "type": "typed-literal"}}, {"description": {"datatype": "http://www.w3.org/1999/02/22-rdf-syntax-ns#XMLLiteral", "fmType": "5", "fmId": "-1", "value": "This is the lot number for this disposable used with the cell saver.", "type": "typed-literal"}, "number": "1", "flags": "F", "location": "0;2", "type": "4", "name": "lot_number"}, {"description": {"datatype": "http://www.w3.org/1999/02/22-rdf-syntax-ns#XMLLiteral", "fmType": "5", "fmId": "-1", "value": "This is the quantity of disposable products with the same name and lot\rnumber used with this cell saver during this procedure.", "type": "typed-literal"}, "number": "2", "flags": "NJ3,0", "location": "0;3", "type": "2", "name": "quantity"}], "fmql": {"TYPELABEL": "DISPOSABLES USED", "TYPE": "130_0134", "OP": "DESCRIBE TYPE"}, "name": "DISPOSABLES USED", "parent": "130.013", "number": "130.0134"}