{"name":"SUPPLEMENTAL FEEDING SITE","number":"119.74","location":"^FH(119.74,","count":"1","lastIEN":"1","description":{"fmId":"-1","fmType":"5","type":"typed-literal","datatype":"http://www.w3.org/1999/02/22-rdf-syntax-ns#XMLLiteral","value":"This file contains a list of Supplemental Feeding Sites and associated\rparameters. A Supplemental Feeding Site prepares orders for a \rgroup of wards for which it is responsible."},"version":"5.5","vpackage":"DIETETICS","fields":[{"number":".01","flags":"RF","name":"NAME","location":"0;1","index":"B","type":"4","inputTransform":"K:$L(X)>30!(X?.N)!($L(X)<3)!'(X'?1P.E) X","description":{"fmId":"-1","fmType":"5","type":"typed-literal","datatype":"http://www.w3.org/1999/02/22-rdf-syntax-ns#XMLLiteral","value":"This field contains the name of the Supplemental Feeding Site. It is\rresponsible for the assembly and delivery of supplemental feedings\rto a group of Dietetic Wards."}},{"number":"1","flags":"F","name":"SHORT NAME","location":"0;2","index":"C","type":"4","inputTransform":"K:X[\"\"\"\"!($A(X)=45) X I $D(X) K:$L(X)>6!($L(X)<1) X","description":{"fmId":"-1","fmType":"5","type":"typed-literal","datatype":"http://www.w3.org/1999/02/22-rdf-syntax-ns#XMLLiteral","value":"This field contains a short 6-character name to be used on various\rreports."}},{"number":"2","flags":"RP119.71'","name":"PRODUCTION FACILITY","location":"0;3","type":"7","details":"119.71","description":{"fmId":"-1","fmType":"5","type":"typed-literal","datatype":"http://www.w3.org/1999/02/22-rdf-syntax-ns#XMLLiteral","value":"This field indicates the production facility that is responsible for\rpreparing the food used in the supplemental feedings distributed by\rthis site."}},{"number":"20","flags":"S","name":"SEPARATE SUPP FDG LABELS?","location":"0;4","type":"3","details":"Y:YES;N:NO;","description":{"fmId":"-1","fmType":"5","type":"typed-literal","datatype":"http://www.w3.org/1999/02/22-rdf-syntax-ns#XMLLiteral","value":"This field, if answered YES, indicates that each supplemental\rfeeding item should be on an individual label rather than having\rall items on the item."}},{"number":"21","flags":"S","name":"INGREDIENTS ON WARD LISTS?","location":"0;5","type":"3","details":"Y:YES;N:NO;","description":{"fmId":"-1","fmType":"5","type":"typed-literal","datatype":"http://www.w3.org/1999/02/22-rdf-syntax-ns#XMLLiteral","value":"This field, if answered YES, will result in the Ward Supplemental\rFeeding lists printing the consolidated ingredient requirements\rfollowing each ward."}},{"number":"99","flags":"S","name":"INACTIVE?","location":"I;1","type":"3","details":"Y:YES;N:NO;","description":{"fmId":"-1","fmType":"5","type":"typed-literal","datatype":"http://www.w3.org/1999/02/22-rdf-syntax-ns#XMLLiteral","value":"This field, if answered YES, will prohibit\rfurther selection of this entry."}}],"fmql":{"OP":"DESCRIBE TYPE","TYPE":"119_74","TYPELABEL":"SUPPLEMENTAL FEEDING SITE"}}