{"count": "0", "description": {"datatype": "http://www.w3.org/1999/02/22-rdf-syntax-ns#XMLLiteral", "fmType": "5", "fmId": "-1", "value": "This file contains a list of basic equipment used in the preparation\rof recipes. A recipe may point to this list to indicate the\rprimary type of equipment used in the recipe preparation.", "type": "typed-literal"}, "fields": [{"index": "B", "name": "name", "number": ".01", "flags": "RF", "location": "0;1", "type": "4", "description": {"datatype": "http://www.w3.org/1999/02/22-rdf-syntax-ns#XMLLiteral", "fmType": "5", "fmId": "-1", "value": "This is the name of an equipment item (large kettle, convection\roven, etc.) and is used by the recipe file to indicate the\rusual preparation equipment needed.", "type": "typed-literal"}}, {"name": "inactive", "description": {"datatype": "http://www.w3.org/1999/02/22-rdf-syntax-ns#XMLLiteral", "fmType": "5", "fmId": "-1", "value": "This field, if answered YES, will prohibit\rfurther selection of this entry.", "type": "typed-literal"}, "number": "99", "flags": "S", "details": "Y:YES;N:NO;", "type": "3", "location": "I;1"}], "fmql": {"TYPELABEL": "EQUIPMENT", "TYPE": "114_4", "OP": "DESCRIBE TYPE"}, "number": "114.4", "location": "^FH(114.4,", "name": "EQUIPMENT"}