{"name":"EXCLUDED SITES","number":"104.104","parent":"104.1","fields":[{"number":".01","flags":"MP61'","name":"EXCLUDED TOPOGRAPHY","location":"0;1","index":"B","type":"7","details":"61","description":{"fmId":"-1","fmType":"5","type":"typed-literal","datatype":"http://www.w3.org/1999/02/22-rdf-syntax-ns#XMLLiteral","value":"This determines what Topography to screen out. Select the appropriate \rTopography to be excluded from the extract."}}],"fmql":{"OP":"DESCRIBE TYPE","TYPE":"104_104","TYPELABEL":"EXCLUDED SITES"}}