{"count": "0", "description": {"datatype": "http://www.w3.org/1999/02/22-rdf-syntax-ns#XMLLiteral", "fmType": "5", "fmId": "-1", "value": "This file stores the length of time it takes to do an operative\rprocedure based on CPT code and surgical specialty.\r ", "type": "typed-literal"}, "fields": [{"index": "B", "name": "surgical_specialty", "description": {"datatype": "http://www.w3.org/1999/02/22-rdf-syntax-ns#XMLLiteral", "fmType": "5", "fmId": "-1", "value": "This is the name of the Surgical Specialty given credit for performing\rthis operative procedure.\r ", "type": "typed-literal"}, "number": ".01", "flags": "RP137.45'X", "location": "0;1", "type": "7", "details": "137.45"}, {"name": "operation", "description": {"datatype": "http://www.w3.org/1999/02/22-rdf-syntax-ns#XMLLiteral", "fmType": "5", "fmId": "-1", "value": "This is information related to the operative procedure.\r ", "type": "typed-literal"}, "number": "1", "flags": "131.251PA", "details": "131.251", "type": "9", "location": "1;0"}], "fmql": {"TYPELABEL": "OPERATION TIMES", "TYPE": "131_25", "OP": "DESCRIBE TYPE"}, "number": "131.25", "location": "^SRO(131.25,", "name": "OPERATION TIMES"}