{"name":"SET MEMBERSHIP","number":"101.439","parent":"101.43","fields":[{"number":".01","flags":"MF","name":"SET","location":"0;1","index":"B","type":"4","inputTransform":"K:$L(X)>8!($L(X)<2) X","description":{"fmId":"-1","fmType":"5","type":"typed-literal","datatype":"http://www.w3.org/1999/02/22-rdf-syntax-ns#XMLLiteral","value":"This is the name of a set to which this orderable item belongs."}},{"number":"2","flags":"S","name":"QO ONLY","location":"0;2","type":"3","details":"1:YES;","description":{"fmId":"-1","fmType":"5","type":"typed-literal","datatype":"http://www.w3.org/1999/02/22-rdf-syntax-ns#XMLLiteral","value":"This field determines if the item may be ordered via the regular order\rdialog for this Set, or only via predefined quick orders."}}],"fmql":{"OP":"DESCRIBE TYPE","TYPE":"101_439","TYPELABEL":"SET MEMBERSHIP"}}