{"count": "0", "description": {"datatype": "http://www.w3.org/1999/02/22-rdf-syntax-ns#XMLLiteral", "fmType": "5", "fmId": "-1", "value": "This file contains problems categorized into groups for inclusion in\ra Selection List.  Items within a category will be ordered according to\rthe Sequence number; up to two decimal digits may be used.", "type": "typed-literal"}, "fields": [{"index": "B", "name": "name", "number": ".01", "flags": "RF", "location": "0;1", "type": "4", "description": {"datatype": "http://www.w3.org/1999/02/22-rdf-syntax-ns#XMLLiteral", "fmType": "5", "fmId": "-1", "value": "This is the name given to this problem group to identify and describe it.", "type": "typed-literal"}}, {"description": {"datatype": "http://www.w3.org/1999/02/22-rdf-syntax-ns#XMLLiteral", "fmType": "5", "fmId": "-1", "value": "This is the date/time this group was last changed; it is stuffed in\rby the Problem List pkg utilities.", "type": "typed-literal"}, "number": "1", "flags": "D", "location": "0;2", "type": "1", "name": "date_last_modified"}], "fmql": {"TYPELABEL": "PROBLEM SELECTION CATEGORY", "TYPE": "125_11", "OP": "DESCRIBE TYPE"}, "number": "125.11", "location": "^GMPL(125.11,", "name": "PROBLEM SELECTION CATEGORY"}