{"name":"INGREDIENT","number":"113","location":"^FHING(","count":"1012","lastIEN":"1013","description":{"fmId":"-1","fmType":"5","type":"typed-literal","datatype":"http://www.w3.org/1999/02/22-rdf-syntax-ns#XMLLiteral","value":"This file is the master list of ingredients used in preparing\rrecipes. It contains purchasing information, such as stock number\rand vendor, issuance data such as the issuing unit, and various\rconversion factors. Nutritive data such as food group, poundage\rfactors, and a pointer to the analogous food nutrient item in\rFile 112 are also included."},"version":"5.5","vpackage":"DIETETICS","fields":[{"number":".01","flags":"RF","name":"NAME","location":"0;1","index":"B","type":"4","inputTransform":"K:$L(X)>50!($L(X)<3)!'(X'?1P.E) X","description":{"fmId":"-1","fmType":"5","type":"typed-literal","datatype":"http://www.w3.org/1999/02/22-rdf-syntax-ns#XMLLiteral","value":"This is the name of the ingredient which is an ordered item\rgenerally and which is used in the preparation of recipes."}},{"number":"1","flags":"RF","name":"SUPPLY DESCRIPTION","location":"0;2","type":"4","inputTransform":"K:$L(X)>21!($L(X)<3) X","description":{"fmId":"-1","fmType":"5","type":"typed-literal","datatype":"http://www.w3.org/1999/02/22-rdf-syntax-ns#XMLLiteral","value":"This is a short description which will be used on purchase\rorders."}},{"number":"2","flags":"F","name":"STOCK NUMBER","location":"0;3","type":"4","inputTransform":"K:X[\"\"\"\"!($A(X)=45) X I $D(X) K:$L(X)>16!($L(X)<1) X","description":{"fmId":"-1","fmType":"5","type":"typed-literal","datatype":"http://www.w3.org/1999/02/22-rdf-syntax-ns#XMLLiteral","value":"This is the Federal Stock Number (with hyphens) for items\robtained from VA Depots or DLA. It may be the local vendor's\rnumber for other items."}},{"number":"3","flags":"P113.2","name":"VENDOR","location":"0;4","type":"7","details":"113.2","description":{"fmId":"-1","fmType":"5","type":"typed-literal","datatype":"http://www.w3.org/1999/02/22-rdf-syntax-ns#XMLLiteral","value":"This field indicates the current vendor from whom the item\ris procured."}},{"number":"4","flags":"RF","name":"UNIT OF PURCHASE (U/P)","location":"0;5","type":"4","inputTransform":"K:$L(X)>2!($L(X)<2) X","description":{"fmId":"-1","fmType":"5","type":"typed-literal","datatype":"http://www.w3.org/1999/02/22-rdf-syntax-ns#XMLLiteral","value":"This is a two-character abbreviation indicating the unit\rof purchase and is such things as CN for can, PK for\rpackage, CS for case, etc."}},{"number":"5","flags":"RP119.1X","name":"DIETETIC UNIT OF ISSUE","location":"0;6","type":"7","details":"119.1","inputTransform":"I $D(X) S X=$P(^FH(119.1,+X,0),\"^\",1)","description":{"fmId":"-1","fmType":"5","type":"typed-literal","datatype":"http://www.w3.org/1999/02/22-rdf-syntax-ns#XMLLiteral","value":"This is the unit of issue that dietetic personnel or supply\rpersonnel use for dispensing the item to ingredient control.\rIt is generally a #10-can or similar description."}},{"number":"6","flags":"NJ4,0","name":"ORDERING MULTIPLE (OF U/P)","location":"0;7","type":"2","inputTransform":"K:+X'=X!(X>9999)!(X<1)!(X?.E1\".\"1N.N) X","description":{"fmId":"-1","fmType":"5","type":"typed-literal","datatype":"http://www.w3.org/1999/02/22-rdf-syntax-ns#XMLLiteral","value":"If the vendor requires that the unit of purchase be bought\rin some multiple, like 6 or 12 or 24, then that multiple\ris indicated here. VA Depot is the most common vendor\rrequiring such multiples."}},{"number":"7","flags":"RNJ9,4","name":"NO. OF ISSUE UNITS IN A U/P","location":"0;8","type":"2","inputTransform":"K:+X'=X!(X>9999)!(X<.0001)!(X?.E1\".\"5N.N) X","description":{"fmId":"-1","fmType":"5","type":"typed-literal","datatype":"http://www.w3.org/1999/02/22-rdf-syntax-ns#XMLLiteral","value":"This is the number of Dietetic issue units in a unit of\rpurchase. If the U/P (unit of Purchase) is a CS that\rcontains 6 #10-cans and the Dietetic Issue unit is\ra #10-can then the value is 6."}},{"number":"8","flags":"NJ8,3","name":"PRICE/UNIT OF PURCHASE","location":"0;9","type":"2","inputTransform":"K:+X'=X!(X>9999)!(X<0)!(X?.E1\".\"4N.N) X","description":{"fmId":"-1","fmType":"5","type":"typed-literal","datatype":"http://www.w3.org/1999/02/22-rdf-syntax-ns#XMLLiteral","value":"This field contains the most recent price of the unit\rof purchase from the vendor."}},{"number":"9","flags":"NJ5,0","name":"REORDER LEVEL (IN U/P)","location":"0;10","type":"2","inputTransform":"K:+X'=X!(X>99999)!(X<0)!(X?.E1\".\"1N.N) X","description":{"fmId":"-1","fmType":"5","type":"typed-literal","datatype":"http://www.w3.org/1999/02/22-rdf-syntax-ns#XMLLiteral","value":"This field indicates that when the on-hand quantity drops\rbelow this value (the re-order level), then additional\rquantities should be ordered."}},{"number":"10","flags":"NJ8,2","name":"ON HAND (IN U/P)","location":"0;11","type":"2","inputTransform":"K:+X'=X!(X>99999)!(X<0)!(X?.E1\".\"3N.N) X","description":{"fmId":"-1","fmType":"5","type":"typed-literal","datatype":"http://www.w3.org/1999/02/22-rdf-syntax-ns#XMLLiteral","value":"This field contains the number of issue units that are on hand."}},{"number":"11","flags":"P113.1'","name":"STORAGE LOCATION","location":"0;12","type":"7","details":"113.1","description":{"fmId":"-1","fmType":"5","type":"typed-literal","datatype":"http://www.w3.org/1999/02/22-rdf-syntax-ns#XMLLiteral","value":"This field indicates the storage location (File 113.1) where\rdietetics normally stores the item and where the stockroom\rrequisition clerk will normally obtain it."}},{"number":"20","flags":"RNJ1,0","name":"FOOD GROUP","location":"0;13","type":"2","inputTransform":"K:+X'=X!(X>6)!(X<1)!(X?.E1\".\"1N.N) X","description":{"fmId":"-1","fmType":"5","type":"typed-literal","datatype":"http://www.w3.org/1999/02/22-rdf-syntax-ns#XMLLiteral","value":"This field contains the food group designated by the VA\rfor this ingredient item."}},{"number":"23","flags":"RSX","name":"RECIPE UNIT","location":"0;16","type":"3","details":"LB:LB;GAL:GAL;EACH:EACH;","inputTransform":"W *7,*7,!!,\"BEWARE! a change in the RECIPE UNIT has considerable impact on the RECIPE data!\" Q","description":{"fmId":"-1","fmType":"5","type":"typed-literal","datatype":"http://www.w3.org/1999/02/22-rdf-syntax-ns#XMLLiteral","value":"This field contains LB, GAL, or EACH and is used to indicate\rwhether weight (LB), volumetric (GAL) or each (EACH) units\rare to be used in recipes to indicate the quantity required\rof this item. Amounts are stored in that file in these units.\r \rIt is extremely important that this field NOT be changed unless\rit is certain that no recipes use this ingredient. Changing\rthe field will invalidate the quantities shown in any recipe\rusing the item."}},{"number":"24","flags":"RNJ9,4","name":"# OF REC UNITS/ISSUE UNIT","location":"0;17","type":"2","inputTransform":"K:+X'=X!(X>9999)!(X<.0001)!(X?.E1\".\"5N.N) X","description":{"fmId":"-1","fmType":"5","type":"typed-literal","datatype":"http://www.w3.org/1999/02/22-rdf-syntax-ns#XMLLiteral","value":"This field indicates the number of recipe units contained in\ra Dietetic Issue unit."}},{"number":"25","flags":"S","name":"INVENTORY?","location":"0;19","type":"3","details":"Y:YES;N:NO;","description":{"fmId":"-1","fmType":"5","type":"typed-literal","datatype":"http://www.w3.org/1999/02/22-rdf-syntax-ns#XMLLiteral","value":"This field, when answered YES, will indicate that inventorying\rof this item is desired. It is often NO for such items as\rcondiment packs in cases of 2000 which are replenished as\rneeded."}},{"number":"26","flags":"NJ1,0","name":"THAW DAYS","location":"0;20","type":"2","inputTransform":"K:+X'=X!(X>3)!(X<0)!(X?.E1\".\"1N.N) X","description":{"fmId":"-1","fmType":"5","type":"typed-literal","datatype":"http://www.w3.org/1999/02/22-rdf-syntax-ns#XMLLiteral","value":"If this is a frozen item requiring thawing before use, then\rthe number of thaw days should be indicated."}},{"number":"27","flags":"P112'","name":"NUTRIENT DATA REFERENCE","location":"0;21","type":"7","details":"112","description":{"fmId":"-1","fmType":"5","type":"typed-literal","datatype":"http://www.w3.org/1999/02/22-rdf-syntax-ns#XMLLiteral","value":"This is a pointer to the nutrient in File 112 which most closely\rapproximates the cooked ingredient. It will be used as a default\rnutrient when performing a nutrient analysis of a recipe containing\rthis ingredient."}},{"number":"28","flags":"NJ7,3","name":"WEIGHT OF RECIPE UNIT IN LBS.","location":"0;22","type":"2","inputTransform":"K:+X'=X!(X>999)!(X<0)!(X?.E1\".\"4N.N) X","description":{"fmId":"-1","fmType":"5","type":"typed-literal","datatype":"http://www.w3.org/1999/02/22-rdf-syntax-ns#XMLLiteral","value":"This value represents the weight of the recipe unit in pounds and\ris required in performing nutrient analyses of recipes containing\rthis ingredient."}},{"number":"29","flags":"D","name":"DATE COST LAST UPDATED","location":"0;23","type":"1","inputTransform":"S %DT=\"E\" D ^%DT S X=Y K:Y<1 X","description":{"fmId":"-1","fmType":"5","type":"typed-literal","datatype":"http://www.w3.org/1999/02/22-rdf-syntax-ns#XMLLiteral","value":"This field contains the date the cost was last updated."}},{"number":"30","flags":"D","name":"DATE QOH LAST UPDATED","location":"0;24","type":"1","inputTransform":"S %DT=\"E\" D ^%DT S X=Y K:Y<1 X","description":{"fmId":"-1","fmType":"5","type":"typed-literal","datatype":"http://www.w3.org/1999/02/22-rdf-syntax-ns#XMLLiteral","value":"This field contains the date the quantity on hand was last updated."}},{"number":"31","flags":"P441","name":"MASTER ITEM #","location":"0;25","type":"7","details":"441","description":{"fmId":"-1","fmType":"5","type":"typed-literal","datatype":"http://www.w3.org/1999/02/22-rdf-syntax-ns#XMLLiteral","value":"This field contains the Master Item number for the ingredient."}},{"number":"99","flags":"S","name":"INACTIVE?","location":"I;1","type":"3","details":"Y:YES;N:NO;","description":{"fmId":"-1","fmType":"5","type":"typed-literal","datatype":"http://www.w3.org/1999/02/22-rdf-syntax-ns#XMLLiteral","value":"This field, if answered YES, will prohibit\rfurther selection of this entry."}}],"fmql":{"OP":"DESCRIBE TYPE","TYPE":"113","TYPELABEL":"INGREDIENT"}}