{"name":"PROSTHESIS INSTALLED","number":"130.01","parent":"130","fields":[{"number":".01","flags":"*P131.9'","name":"PROSTHESIS ITEM","location":"0;1","type":"7","details":"131.9","inputTransform":"S DIC(\"S\")=\"I '$P(^(0),U,6)\" D ^DIC K DIC S DIC=DIE,X=+Y K:Y<0 X","description":{"fmId":"-1","fmType":"5","type":"typed-literal","datatype":"http://www.w3.org/1999/02/22-rdf-syntax-ns#XMLLiteral","value":"This is the name of the implanted prosthetic device required for\rthis operative procedure.  If entered, this information appears\ron the Nurse Intraoperative Report.\r "}},{"number":"1","flags":"F","name":"VENDOR","location":"0;2","type":"4","inputTransform":"K:$L(X)>64!($L(X)<2) X","description":{"fmId":"-1","fmType":"5","type":"typed-literal","datatype":"http://www.w3.org/1999/02/22-rdf-syntax-ns#XMLLiteral","value":"This is the name of the manufacturer of the implanted prosthetic device.\r "}},{"number":"2","flags":"F","name":"MODEL","location":"0;3","type":"4","inputTransform":"K:$L(X)>64!($L(X)<2) X","description":{"fmId":"-1","fmType":"5","type":"typed-literal","datatype":"http://www.w3.org/1999/02/22-rdf-syntax-ns#XMLLiteral","value":"This is the model of the implanted prosthetic device.\r "}},{"number":"2.5","flags":"F","name":"LOT/SERIAL NO","location":"0;5","type":"4","inputTransform":"K:$L(X)>30!($L(X)<1) X","description":{"fmId":"-1","fmType":"5","type":"typed-literal","datatype":"http://www.w3.org/1999/02/22-rdf-syntax-ns#XMLLiteral","value":"This is the lot/serial number of the implanted prosthetic device.\r "}},{"number":"3","flags":"F","name":"*STERILE CODE","location":"0;4","type":"4","inputTransform":"K:$L(X)>30!($L(X)<1) X","description":{"fmId":"-1","fmType":"5","type":"typed-literal","datatype":"http://www.w3.org/1999/02/22-rdf-syntax-ns#XMLLiteral","value":"This is the sterilization number of the implanted device.  This field is\rmarked for deletion."}},{"number":"4","flags":"F","name":"*STERILE NUMBER","location":"0;6","type":"4","inputTransform":"K:$L(X)>30!($L(X)<1) X","description":{"fmId":"-1","fmType":"5","type":"typed-literal","datatype":"http://www.w3.org/1999/02/22-rdf-syntax-ns#XMLLiteral","value":"This is the sterilization number of the implanted prosthetic device.\rThis field is marked for deletion."}},{"number":"5","flags":"S","name":"STERILE RESP","location":"0;7","type":"3","details":"M:MANUFACTURER;SPD:SPD;SUR:SURGERY;","description":{"fmId":"-1","fmType":"5","type":"typed-literal","datatype":"http://www.w3.org/1999/02/22-rdf-syntax-ns#XMLLiteral","value":"This is the code corresponding to the sterilization accountability.\rAlthough this information is optional, it may be useful in documentation\rof this case.\r "}},{"number":"6","flags":"F","name":"SIZE","location":"1;1","type":"4","inputTransform":"K:$L(X)>30!($L(X)<1) X","description":{"fmId":"-1","fmType":"5","type":"typed-literal","datatype":"http://www.w3.org/1999/02/22-rdf-syntax-ns#XMLLiteral","value":"This is the size of the implanted prosthetic device.\r "}},{"number":"7","flags":"NJ5,0","name":"QUANTITY","location":"1;2","type":"2","inputTransform":"K:+X'=X!(X>99999)!(X<1)!(X?.E1\".\"1N.N) X","description":{"fmId":"-1","fmType":"5","type":"typed-literal","datatype":"http://www.w3.org/1999/02/22-rdf-syntax-ns#XMLLiteral","value":"This is the quantity of this prosthetic device used for this operative\rprocedure.\r "}},{"number":"8","flags":"S","name":"IMPLANT STERILITY CHECKED","location":"2;1","type":"3","details":"Y:YES;N:NO;","description":{"fmId":"-1","fmType":"5","type":"typed-literal","datatype":"http://www.w3.org/1999/02/22-rdf-syntax-ns#XMLLiteral","value":"This field documents whether or not the implant sterility was checked.\rYour answer should be YES or NO.  This field is required for all\rprosthesis items entered for a surgery case."}},{"number":"9","flags":"DX","name":"STERILITY EXPIRATION DATE","location":"2;2","type":"1","inputTransform":"S Z=$E($P(^SRF($S($D(SRTN):SRTN,1:D0),0),U,9),1,7) D EN3^SROVAR K:Y<1 X","description":{"fmId":"-1","fmType":"5","type":"typed-literal","datatype":"http://www.w3.org/1999/02/22-rdf-syntax-ns#XMLLiteral","value":"This field documents the sterility expiration date. This field is\rrequired for all prosthesis items entered for a surgery case. \rExpiration Date can not be prior to Date of Operation."}},{"number":"10","flags":"*P200'","name":"RN VERIFIER","location":"2;3","type":"7","details":"200","inputTransform":"S DIC(\"S\")=\"S RESTRICT=\"\"130.01,10\"\" D KEY^SROXPR I $D(SROK)\" D ^DIC K DIC S DIC=$G(DIE),X=+Y K:Y<0 X","description":{"fmId":"-1","fmType":"5","type":"typed-literal","datatype":"http://www.w3.org/1999/02/22-rdf-syntax-ns#XMLLiteral","value":"This is the name of the person that verified the sterility information. \rThis field may be restricted by locally determined keys so that only\rpeople with the appropriate keys can be entered."}},{"number":"11","flags":"F","name":"LOT NUMBER","location":"1;3","type":"4","inputTransform":"K:$L(X)>30!($L(X)<1) X","description":{"fmId":"-1","fmType":"5","type":"typed-literal","datatype":"http://www.w3.org/1999/02/22-rdf-syntax-ns#XMLLiteral","value":"Indicate the lot number of the prosthesis that was implanted during \rsurgery. This is a required field. Enter \"NA\" if this prosthesis does\rnot have a Lot Number."}},{"number":"12","flags":"F","name":"SERIAL NUMBER","location":"1;4","type":"4","inputTransform":"K:$L(X)>30!($L(X)<1) X","description":{"fmId":"-1","fmType":"5","type":"typed-literal","datatype":"http://www.w3.org/1999/02/22-rdf-syntax-ns#XMLLiteral","value":"Indicate the serial number of the prosthesis that was implanted during \rsurgery. This is a required field. Enter \"NA\" if this prosthesis does \rnot have a Serial Number."}}],"fmql":{"OP":"DESCRIBE TYPE","TYPE":"130_01","TYPELABEL":"PROSTHESIS INSTALLED"}}