{"count": "0", "description": {"datatype": "http://www.w3.org/1999/02/22-rdf-syntax-ns#XMLLiteral", "fmType": "5", "fmId": "-1", "value": "This file contains the various site configurable parameters for the\rIntake and Output application.", "type": "typed-literal"}, "fields": [{"index": "B", "name": "name", "number": ".01", "flags": "RFXI", "location": "0;1", "type": "4", "description": {"datatype": "http://www.w3.org/1999/02/22-rdf-syntax-ns#XMLLiteral", "fmType": "5", "fmId": "-1", "value": "This is an arbitrary name for the single entry in this file.", "type": "typed-literal"}}, {"description": {"datatype": "http://www.w3.org/1999/02/22-rdf-syntax-ns#XMLLiteral", "fmType": "5", "fmId": "-1", "value": "This field stores the starting hour for the night shift in military text \rformat.  For example: 2300.  Only one entry is required.  This data is used\rto print a patient intake/output report by shift.", "type": "typed-literal"}, "number": "1", "flags": "RFX", "location": "1;1", "type": "4", "name": "night"}, {"description": {"datatype": "http://www.w3.org/1999/02/22-rdf-syntax-ns#XMLLiteral", "fmType": "5", "fmId": "-1", "value": "This field stores the starting hour for the day shift.  For example: 0700.", "type": "typed-literal"}, "number": "2", "flags": "RFX", "location": "1;2", "type": "4", "name": "day"}, {"description": {"datatype": "http://www.w3.org/1999/02/22-rdf-syntax-ns#XMLLiteral", "fmType": "5", "fmId": "-1", "value": "This field stores the starting hour for the evening shift such as 1500.", "type": "typed-literal"}, "number": "3", "flags": "RFX", "location": "1;3", "type": "4", "name": "evening"}, {"description": {"datatype": "http://www.w3.org/1999/02/22-rdf-syntax-ns#XMLLiteral", "fmType": "5", "fmId": "-1", "value": "This field identifies a default value for the amount of solution generally \rused in flushing IV ports and locks.", "type": "typed-literal"}, "number": "4", "flags": "RNJ3,0", "location": "1;4", "type": "2", "name": "mls_of_flush"}, {"name": "gmry_on_off_line", "description": {"datatype": "http://www.w3.org/1999/02/22-rdf-syntax-ns#XMLLiteral", "fmType": "5", "fmId": "-1", "value": "The manager can set this field to enable or disable the application.", "type": "typed-literal"}, "number": "5", "flags": "S", "details": "1:OFF-LINE;0:ON-LINE;", "type": "3", "location": "OFF;1"}], "fmql": {"TYPELABEL": "GMRY NUR SHIFT/OTHER", "TYPE": "126_95", "OP": "DESCRIBE TYPE"}, "number": "126.95", "location": "^GMRD(126.95,", "name": "GMRY NUR SHIFT/OTHER"}