{"fields": [{"index": "B", "name": "administrative_update_team", "description": {"datatype": "http://www.w3.org/1999/02/22-rdf-syntax-ns#XMLLiteral", "fmType": "5", "fmId": "-1", "value": "This field allows team lists from the OE/RR LIST (#100.21) file to be\rentered. All provider/users of the teams will have administrative update\rauthority for requests directed to this service.", "type": "typed-literal"}, "number": ".01", "flags": "MP100.21'", "location": "0;1", "type": "7", "details": "100.21"}, {"name": "notification_recipients", "description": {"datatype": "http://www.w3.org/1999/02/22-rdf-syntax-ns#XMLLiteral", "fmType": "5", "fmId": "-1", "value": "This field, if set to YES will include the users on the specified team in\rthe list of notification recipients for this service.", "type": "typed-literal"}, "number": ".02", "flags": "S", "details": "0:NO;1:YES;", "type": "3", "location": "0;2"}], "fmql": {"TYPELABEL": "ADMINISTRATIVE UPDATE TEAMS", "TYPE": "123_58", "OP": "DESCRIBE TYPE"}, "name": "ADMINISTRATIVE UPDATE TEAMS", "parent": "123.5", "number": "123.58"}