{"name":"NON-OPERATIVE OCCURRENCES","number":"130.053","parent":"130","fields":[{"number":".01","flags":"F","name":"NON-OPERATIVE OCCURRENCES","location":"0;1","index":"B","type":"4","inputTransform":"K:$L(X)>40!($L(X)<1) X","description":{"fmId":"-1","fmType":"5","type":"typed-literal","datatype":"http://www.w3.org/1999/02/22-rdf-syntax-ns#XMLLiteral","value":"This is a occurrence that is not related to a surgical procedure.  If\rthere are not any non-operative occurrences, this field should be left\rblank.  Do not enter 'NO' or 'NONE'.\r "}},{"number":"1","flags":"S","name":"OUTCOME TO DATE","location":"0;2","type":"3","details":"U:UNRESOLVED;I:IMPROVED;D:DEATH;W:WORSE;","description":{"fmId":"-1","fmType":"5","type":"typed-literal","datatype":"http://www.w3.org/1999/02/22-rdf-syntax-ns#XMLLiteral","value":"This is the outcome to date of this non-operative occurrence.\r "}},{"number":"2","flags":"D","name":"DATE OCCURRENCE NOTED","location":"0;3","type":"1","inputTransform":"S %DT=\"ET\" D ^%DT S X=Y K:Y<1 X","description":{"fmId":"-1","fmType":"5","type":"typed-literal","datatype":"http://www.w3.org/1999/02/22-rdf-syntax-ns#XMLLiteral","value":"This is the date that this occurrence was noted.  The time of day\rcan be entered, but is not required.\r "}},{"number":"3","flags":"F","name":"TREATMENT INSTITUTED","location":"0;4","type":"4","inputTransform":"K:$L(X)>40!($L(X)<1) X","description":{"fmId":"-1","fmType":"5","type":"typed-literal","datatype":"http://www.w3.org/1999/02/22-rdf-syntax-ns#XMLLiteral","value":"This is the type of treatment instituted as a result of this\rnon-operative occurrence.\r "}},{"number":"4","flags":"130.534","name":"OCCURRENCE COMMENTS","location":"1;0","type":"5","description":{"fmId":"-1","fmType":"5","type":"typed-literal","datatype":"http://www.w3.org/1999/02/22-rdf-syntax-ns#XMLLiteral","value":"This is information that may be helpful in documentation of the\rnon-operative occurrence.\r "}},{"number":"5","flags":"R*P136.5'","name":"OCCURRENCE CATEGORY","location":"0;5","type":"7","details":"136.5","inputTransform":"S DIC(\"S\")=\"I '$P(^(0),U,2)\" D ^DIC K DIC S DIC=DIE,X=+Y K:Y<0 X","description":{"fmId":"-1","fmType":"5","type":"typed-literal","datatype":"http://www.w3.org/1999/02/22-rdf-syntax-ns#XMLLiteral","value":"This is the name of the category for which this occurrence will\rbe grouped for Surgery Central Office reporting needs.\r "}}],"fmql":{"OP":"DESCRIBE TYPE","TYPE":"130_053","TYPELABEL":"NON-OPERATIVE OCCURRENCES"}}