{"fields": [{"description": {"datatype": "http://www.w3.org/1999/02/22-rdf-syntax-ns#XMLLiteral", "fmType": "5", "fmId": "-1", "value": "This is the meal number for which food items will be entered.", "type": "typed-literal"}, "number": ".01", "flags": "MRNJ1,0X", "location": "0;1", "type": "2", "name": "meal_number"}, {"name": "food_item", "description": {"datatype": "http://www.w3.org/1999/02/22-rdf-syntax-ns#XMLLiteral", "fmType": "5", "fmId": "-1", "value": "This multiple represents the food items, selected from the\rFood Nutrient file, which are represented in the meal.", "type": "typed-literal"}, "number": "1", "flags": "112.63P", "details": "112.63", "type": "9", "location": "1;0"}, {"name": "meal", "description": {"datatype": "http://www.w3.org/1999/02/22-rdf-syntax-ns#XMLLiteral", "fmType": "5", "fmId": "-1", "value": "This field represents the meal file.", "type": "typed-literal"}, "number": "2", "flags": "P116.1'", "details": "116.1", "type": "7", "location": "0;2"}, {"name": "production_diet", "description": {"datatype": "http://www.w3.org/1999/02/22-rdf-syntax-ns#XMLLiteral", "fmType": "5", "fmId": "-1", "value": "This is a pointer to the Production Diet file (116.2) to indicate\rthe Production Diet which associates with the menu.", "type": "typed-literal"}, "number": "3", "flags": "P116.2", "details": "116.2", "type": "7", "location": "0;3"}, {"name": "recipe", "description": {"datatype": "http://www.w3.org/1999/02/22-rdf-syntax-ns#XMLLiteral", "fmType": "5", "fmId": "-1", "value": "This multiple stores the selected recipes from the Recipe file\rused for the Meal Analysis.", "type": "typed-literal"}, "number": "4", "flags": "112.64P", "details": "112.64", "type": "9", "location": "2;0"}], "fmql": {"TYPELABEL": "MEAL NUMBER", "TYPE": "112_62", "OP": "DESCRIBE TYPE"}, "name": "MEAL NUMBER", "parent": "112.61", "number": "112.62"}