{"name":"FOOD NUTRIENTS","number":"112","location":"^FHNU(","count":"12335","lastIEN":"15600","description":{"fmId":"-1","fmType":"5","type":"typed-literal","datatype":"http://www.w3.org/1999/02/22-rdf-syntax-ns#XMLLiteral","value":"This file contains both standard USDA nutrient data based upon\rHandbook 456 and Revised Handbook 8 as well as user entered data.\rThe standard data includes 32 common nutrients."},"version":"5.5","vpackage":"DIETETICS","fields":[{"number":".01","flags":"RF","name":"NAME","location":"0;1","index":"B","type":"4","inputTransform":"K:X[\"\"\"\"!($A(X)=45) X I $D(X) K:$L(X)>60!($L(X)<3)!'(X'?1P.E)!(X'?.ANP) X","description":{"fmId":"-1","fmType":"5","type":"typed-literal","datatype":"http://www.w3.org/1999/02/22-rdf-syntax-ns#XMLLiteral","value":"This field contains the name of the food nutrient item."}},{"number":"1","flags":"F","name":"CODE","location":"0;2","index":"C","type":"4","inputTransform":"K:X[\"\"\"\"!($A(X)=45) X I $D(X) K:$L(X)>6!($L(X)<1) X","description":{"fmId":"-1","fmType":"5","type":"typed-literal","datatype":"http://www.w3.org/1999/02/22-rdf-syntax-ns#XMLLiteral","value":"This field, if present, contains the USDA code of the food\rnutrient item. It may be either a Revised Handbook 8 number\ror a Handbook 456 number."}},{"number":"2","flags":"F","name":"COMMON UNITS","location":"0;3","type":"4","inputTransform":"K:$L(X)>10!($L(X)<1) X","description":{"fmId":"-1","fmType":"5","type":"typed-literal","datatype":"http://www.w3.org/1999/02/22-rdf-syntax-ns#XMLLiteral","value":"This field represents the type of common units used (e.g., oz.,\rserving, each) when quantities are to be represented in common\runits."}},{"number":"3","flags":"NJ8,3","name":"GRAMS/COMMON UNIT","location":"0;4","type":"2","inputTransform":"K:+X'=X!(X>9999)!(X<0)!(X?.E1\".\"4N.N) X","description":{"fmId":"-1","fmType":"5","type":"typed-literal","datatype":"http://www.w3.org/1999/02/22-rdf-syntax-ns#XMLLiteral","value":"This field contains the number of grams in the common unit\rspecified for this nutrient."}},{"number":"4","flags":"S","name":"ORIGINAL NAME ON QUICK LIST?","location":".6;1","type":"3","details":"Y:YES;N:NO;","description":{"fmId":"-1","fmType":"5","type":"typed-literal","datatype":"http://www.w3.org/1999/02/22-rdf-syntax-ns#XMLLiteral","value":"This field, when answered YES, means that the main name\rof this nutrient will be on a Quick List for rapid look-up.\rIn short, this is a commonly used item."}},{"number":"4.2","flags":"F","name":"ALTERNATE NAME","location":".6;2","index":"B","type":"4","inputTransform":"K:X[\"\"\"\"!($A(X)=45) X I $D(X) K:$L(X)>40!($L(X)<3) X","description":{"fmId":"-1","fmType":"5","type":"typed-literal","datatype":"http://www.w3.org/1999/02/22-rdf-syntax-ns#XMLLiteral","value":"This field may contain an alternate name for the nutrient item."}},{"number":"4.4","flags":"S","name":"ALT NAME QUICK LIST?","location":".6;3","type":"3","details":"Y:YES;N:NO;","description":{"fmId":"-1","fmType":"5","type":"typed-literal","datatype":"http://www.w3.org/1999/02/22-rdf-syntax-ns#XMLLiteral","value":"This field, when answered YES, means that the alternate name\rof this nutrient is also on the Quick List for rapid look-up."}},{"number":"5","flags":"NJ3,0","name":"% AS PURCHASED","location":"0;5","type":"2","inputTransform":"K:+X'=X!(X>600)!(X<0)!(X?.E1\".\"1N.N) X","description":{"fmId":"-1","fmType":"5","type":"typed-literal","datatype":"http://www.w3.org/1999/02/22-rdf-syntax-ns#XMLLiteral","value":"This field contains the percentage of the as purchased weight\rthat is present after preparation."}},{"number":"6","flags":"SI","name":"EDITABLE?","location":"0;6","type":"3","details":"Y:YES;N:NO;","description":{"fmId":"-1","fmType":"5","type":"typed-literal","datatype":"http://www.w3.org/1999/02/22-rdf-syntax-ns#XMLLiteral","value":"This field, when answered NO, means that the item is an USDA\ritem and that the Handbook values for the various nutrients\rcannot be edited by dietetic personnel."}},{"number":"7","flags":"S","name":"TYPE","location":"0;7","type":"3","details":"E:EDIBLE;R:RAW/RARE;X:RECIPE;","description":{"fmId":"-1","fmType":"5","type":"typed-literal","datatype":"http://www.w3.org/1999/02/22-rdf-syntax-ns#XMLLiteral","value":"This field, if E, will allow selection of edible foods for energy\ranalyses; if R, can be selected for recipe analyses.\rIf X, analysis is of a recipe in File 114 and cannot be selected."}},{"number":"11","flags":"NJ9,3","name":"PROTEIN; GM/100G","location":"1;1","type":"2","inputTransform":"K:+X'=X!(X>99999)!(X<0)!(X?.E1\".\"4N.N) X","description":{"fmId":"-1","fmType":"5","type":"typed-literal","datatype":"http://www.w3.org/1999/02/22-rdf-syntax-ns#XMLLiteral","value":"This is the value per 100 grams for this nutrient."}},{"number":"12","flags":"NJ9,3","name":"LIPIDS; GM/100G","location":"1;2","type":"2","inputTransform":"K:+X'=X!(X>99999)!(X<0)!(X?.E1\".\"4N.N) X","description":{"fmId":"-1","fmType":"5","type":"typed-literal","datatype":"http://www.w3.org/1999/02/22-rdf-syntax-ns#XMLLiteral","value":"This is the value per 100 grams for this nutrient."}},{"number":"13","flags":"NJ9,3","name":"CARBOHYDRATE; GM/100G","location":"1;3","type":"2","inputTransform":"K:+X'=X!(X>99999)!(X<0)!(X?.E1\".\"4N.N) X","description":{"fmId":"-1","fmType":"5","type":"typed-literal","datatype":"http://www.w3.org/1999/02/22-rdf-syntax-ns#XMLLiteral","value":"This is the value per 100 grams for this nutrient."}},{"number":"14","flags":"NJ9,3","name":"FOOD ENERGY; KCAL/100G","location":"1;4","type":"2","inputTransform":"K:+X'=X!(X>99999)!(X<0)!(X?.E1\".\"4N.N) X","description":{"fmId":"-1","fmType":"5","type":"typed-literal","datatype":"http://www.w3.org/1999/02/22-rdf-syntax-ns#XMLLiteral","value":"This is the value per 100 grams for this nutrient."}},{"number":"15","flags":"NJ9,3","name":"WATER; GM/100G","location":"1;5","type":"2","inputTransform":"K:+X'=X!(X>99999)!(X<0)!(X?.E1\".\"4N.N) X","description":{"fmId":"-1","fmType":"5","type":"typed-literal","datatype":"http://www.w3.org/1999/02/22-rdf-syntax-ns#XMLLiteral","value":"This is the value per 100 grams for this nutrient."}},{"number":"18","flags":"NJ9,3","name":"CALCIUM; MG/100G","location":"1;8","type":"2","inputTransform":"K:+X'=X!(X>99999)!(X<0)!(X?.E1\".\"4N.N) X","description":{"fmId":"-1","fmType":"5","type":"typed-literal","datatype":"http://www.w3.org/1999/02/22-rdf-syntax-ns#XMLLiteral","value":"This is the value per 100 grams for this nutrient."}},{"number":"19","flags":"NJ9,3","name":"IRON; MG/100G","location":"1;9","type":"2","inputTransform":"K:+X'=X!(X>99999)!(X<0)!(X?.E1\".\"4N.N) X","description":{"fmId":"-1","fmType":"5","type":"typed-literal","datatype":"http://www.w3.org/1999/02/22-rdf-syntax-ns#XMLLiteral","value":"This is the value per 100 grams for this nutrient."}},{"number":"20","flags":"NJ9,3","name":"MAGNESIUM; MG/100G","location":"1;10","type":"2","inputTransform":"K:+X'=X!(X>99999)!(X<0)!(X?.E1\".\"4N.N) X","description":{"fmId":"-1","fmType":"5","type":"typed-literal","datatype":"http://www.w3.org/1999/02/22-rdf-syntax-ns#XMLLiteral","value":"This is the value per 100 grams for this nutrient."}},{"number":"21","flags":"NJ9,3","name":"PHOSPHORUS; MG/100G","location":"1;11","type":"2","inputTransform":"K:+X'=X!(X>99999)!(X<0)!(X?.E1\".\"4N.N) X","description":{"fmId":"-1","fmType":"5","type":"typed-literal","datatype":"http://www.w3.org/1999/02/22-rdf-syntax-ns#XMLLiteral","value":"This is the value per 100 grams for this nutrient."}},{"number":"22","flags":"NJ9,3","name":"POTASSIUM; MG/100G","location":"1;12","type":"2","inputTransform":"K:+X'=X!(X>99999)!(X<0)!(X?.E1\".\"4N.N) X","description":{"fmId":"-1","fmType":"5","type":"typed-literal","datatype":"http://www.w3.org/1999/02/22-rdf-syntax-ns#XMLLiteral","value":"This is the value per 100 grams for this nutrient."}},{"number":"23","flags":"NJ9,3","name":"SODIUM; MG/100G","location":"1;13","type":"2","inputTransform":"K:+X'=X!(X>99999)!(X<0)!(X?.E1\".\"4N.N) X","description":{"fmId":"-1","fmType":"5","type":"typed-literal","datatype":"http://www.w3.org/1999/02/22-rdf-syntax-ns#XMLLiteral","value":"This is the value per 100 grams for this nutrient."}},{"number":"24","flags":"NJ9,3","name":"ZINC; MG/100G","location":"1;14","type":"2","inputTransform":"K:+X'=X!(X>99999)!(X<0)!(X?.E1\".\"4N.N) X","description":{"fmId":"-1","fmType":"5","type":"typed-literal","datatype":"http://www.w3.org/1999/02/22-rdf-syntax-ns#XMLLiteral","value":"This is the value per 100 grams for this nutrient."}},{"number":"25","flags":"NJ9,3","name":"COPPER; MG/100G","location":"1;15","type":"2","inputTransform":"K:+X'=X!(X>99999)!(X<0)!(X?.E1\".\"4N.N) X","description":{"fmId":"-1","fmType":"5","type":"typed-literal","datatype":"http://www.w3.org/1999/02/22-rdf-syntax-ns#XMLLiteral","value":"This is the value per 100 grams for this nutrient."}},{"number":"26","flags":"NJ9,3","name":"MANGANESE; MG/100G","location":"1;16","type":"2","inputTransform":"K:+X'=X!(X>99999)!(X<0)!(X?.E1\".\"4N.N) X","description":{"fmId":"-1","fmType":"5","type":"typed-literal","datatype":"http://www.w3.org/1999/02/22-rdf-syntax-ns#XMLLiteral","value":"This is the value per 100 grams for this nutrient."}},{"number":"27","flags":"NJ9,3","name":"ALPHA TOCOPHEROL; MG/100G","location":"1;17","type":"2","inputTransform":"K:+X'=X!(X>99999)!(X<0)!(X?.E1\".\"4N.N) X","description":{"fmId":"-1","fmType":"5","type":"typed-literal","datatype":"http://www.w3.org/1999/02/22-rdf-syntax-ns#XMLLiteral","value":"This is the value per 100 grams for this nutrient."}},{"number":"28","flags":"NJ9,3","name":"VITAMIN A; IU/100G","location":"1;18","type":"2","inputTransform":"K:+X'=X!(X>99999)!(X<0)!(X?.E1\".\"4N.N) X","description":{"fmId":"-1","fmType":"5","type":"typed-literal","datatype":"http://www.w3.org/1999/02/22-rdf-syntax-ns#XMLLiteral","value":"This is the value per 100 grams for this nutrient."}},{"number":"29","flags":"NJ9,3","name":"ASCORBIC ACID; MG/100G","location":"1;19","type":"2","inputTransform":"K:+X'=X!(X>99999)!(X<0)!(X?.E1\".\"4N.N) X","description":{"fmId":"-1","fmType":"5","type":"typed-literal","datatype":"http://www.w3.org/1999/02/22-rdf-syntax-ns#XMLLiteral","value":"This is the value per 100 grams for this nutrient."}},{"number":"30","flags":"NJ9,3","name":"THIAMIN; MG/100G","location":"1;20","type":"2","inputTransform":"K:+X'=X!(X>99999)!(X<0)!(X?.E1\".\"4N.N) X","description":{"fmId":"-1","fmType":"5","type":"typed-literal","datatype":"http://www.w3.org/1999/02/22-rdf-syntax-ns#XMLLiteral","value":"This is the value per 100 grams for this nutrient."}},{"number":"31","flags":"NJ9,3","name":"RIBOFLAVIN; MG/100G","location":"2;1","type":"2","inputTransform":"K:+X'=X!(X>99999)!(X<0)!(X?.E1\".\"4N.N) X","description":{"fmId":"-1","fmType":"5","type":"typed-literal","datatype":"http://www.w3.org/1999/02/22-rdf-syntax-ns#XMLLiteral","value":"This is the value per 100 grams for this nutrient."}},{"number":"32","flags":"NJ9,3","name":"NIACIN; MG/100G","location":"2;2","type":"2","inputTransform":"K:+X'=X!(X>99999)!(X<0)!(X?.E1\".\"4N.N) X","description":{"fmId":"-1","fmType":"5","type":"typed-literal","datatype":"http://www.w3.org/1999/02/22-rdf-syntax-ns#XMLLiteral","value":"This is the value per 100 grams for this nutrient."}},{"number":"33","flags":"NJ9,3","name":"PANTOTHENIC ACID; MG/100G","location":"2;3","type":"2","inputTransform":"K:+X'=X!(X>99999)!(X<0)!(X?.E1\".\"4N.N) X","description":{"fmId":"-1","fmType":"5","type":"typed-literal","datatype":"http://www.w3.org/1999/02/22-rdf-syntax-ns#XMLLiteral","value":"This is the value per 100 grams for this nutrient."}},{"number":"34","flags":"NJ9,3","name":"VITAMIN B6; MG/100G","location":"2;4","type":"2","inputTransform":"K:+X'=X!(X>99999)!(X<0)!(X?.E1\".\"4N.N) X","description":{"fmId":"-1","fmType":"5","type":"typed-literal","datatype":"http://www.w3.org/1999/02/22-rdf-syntax-ns#XMLLiteral","value":"This is the value per 100 grams for this nutrient."}},{"number":"35","flags":"NJ9,3","name":"FOLATE; MCG/100G","location":"2;5","type":"2","inputTransform":"K:+X'=X!(X>99999)!(X<0)!(X?.E1\".\"4N.N) X","description":{"fmId":"-1","fmType":"5","type":"typed-literal","datatype":"http://www.w3.org/1999/02/22-rdf-syntax-ns#XMLLiteral","value":"This is the value per 100 grams for this nutrient."}},{"number":"36","flags":"NJ9,3","name":"VITAMIN B12; MCG/100G","location":"2;6","type":"2","inputTransform":"K:+X'=X!(X>99999)!(X<0)!(X?.E1\".\"4N.N) X","description":{"fmId":"-1","fmType":"5","type":"typed-literal","datatype":"http://www.w3.org/1999/02/22-rdf-syntax-ns#XMLLiteral","value":"This is the value per 100 grams for this nutrient."}},{"number":"37","flags":"NJ9,3","name":"LINOLEIC ACID; GM/100G","location":"2;7","type":"2","inputTransform":"K:+X'=X!(X>99999)!(X<0)!(X?.E1\".\"4N.N) X","description":{"fmId":"-1","fmType":"5","type":"typed-literal","datatype":"http://www.w3.org/1999/02/22-rdf-syntax-ns#XMLLiteral","value":"This is the value per 100 grams for this nutrient."}},{"number":"38","flags":"NJ9,3","name":"LINOLENIC ACID; GM/100G","location":"2;8","type":"2","inputTransform":"K:+X'=X!(X>99999)!(X<0)!(X?.E1\".\"4N.N) X","description":{"fmId":"-1","fmType":"5","type":"typed-literal","datatype":"http://www.w3.org/1999/02/22-rdf-syntax-ns#XMLLiteral","value":"This is the value per 100 grams for this nutrient."}},{"number":"39","flags":"NJ9,3","name":"CHOLESTEROL; MG/100G","location":"2;9","type":"2","inputTransform":"K:+X'=X!(X>99999)!(X<0)!(X?.E1\".\"4N.N) X","description":{"fmId":"-1","fmType":"5","type":"typed-literal","datatype":"http://www.w3.org/1999/02/22-rdf-syntax-ns#XMLLiteral","value":"This is the value per 100 grams for this nutrient."}},{"number":"40","flags":"NJ10,3","name":"SATURATED FAT; GM/100G","location":"2;10","type":"2","inputTransform":"K:+X'=X!(X>999999)!(X<0)!(X?.E1\".\"4N.N) X","description":{"fmId":"-1","fmType":"5","type":"typed-literal","datatype":"http://www.w3.org/1999/02/22-rdf-syntax-ns#XMLLiteral","value":"This is the value per 100 grams for this nutrient."}},{"number":"41","flags":"NJ10,3","name":"MONOUNSATURATED FAT; GM/100G","location":"2;11","type":"2","inputTransform":"K:+X'=X!(X>999999)!(X<0)!(X?.E1\".\"4N.N) X","description":{"fmId":"-1","fmType":"5","type":"typed-literal","datatype":"http://www.w3.org/1999/02/22-rdf-syntax-ns#XMLLiteral","value":"This is the value per 100 grams for this nutrient."}},{"number":"42","flags":"NJ10,3","name":"POLYUNSATURATED FAT; GM/100G","location":"2;12","type":"2","inputTransform":"K:+X'=X!(X>999999)!(X<0)!(X?.E1\".\"4N.N) X","description":{"fmId":"-1","fmType":"5","type":"typed-literal","datatype":"http://www.w3.org/1999/02/22-rdf-syntax-ns#XMLLiteral","value":"This is the value per 100 grams for this nutrient."}},{"number":"43","flags":"NJ9,3","name":"VITAMIN A; RE/100G","location":"2;13","type":"2","inputTransform":"K:+X'=X!(X>99999)!(X<0)!(X?.E1\".\"4N.N) X","description":{"fmId":"-1","fmType":"5","type":"typed-literal","datatype":"http://www.w3.org/1999/02/22-rdf-syntax-ns#XMLLiteral","value":"This is the value per 100 grams for this nutrient."}},{"number":"44","flags":"NJ9,3","name":"ASH; GM/100G","location":"2;14","type":"2","inputTransform":"K:+X'=X!(X>99999)!(X<0)!(X?.E1\".\"4N.N) X","description":{"fmId":"-1","fmType":"5","type":"typed-literal","datatype":"http://www.w3.org/1999/02/22-rdf-syntax-ns#XMLLiteral","value":"This is the value per 100 grams for this nutrient."}},{"number":"45","flags":"NJ9,3","name":"ALCOHOL; GM/100G","location":"2;15","type":"2","inputTransform":"K:+X'=X!(X>99999)!(X<0)!(X?.E1\".\"4N.N) X","description":{"fmId":"-1","fmType":"5","type":"typed-literal","datatype":"http://www.w3.org/1999/02/22-rdf-syntax-ns#XMLLiteral","value":"This is the value per 100 grams for this nutrient."}},{"number":"46","flags":"NJ9,3","name":"CAFFEINE; MG/100G","location":"2;16","type":"2","inputTransform":"K:+X'=X!(X>99999)!(X<0)!(X?.E1\".\"4N.N) X","description":{"fmId":"-1","fmType":"5","type":"typed-literal","datatype":"http://www.w3.org/1999/02/22-rdf-syntax-ns#XMLLiteral","value":"This is the value per 100 grams for this nutrient."}},{"number":"47","flags":"NJ9,3","name":"TOTAL DIETARY FIBER; GM/100G","location":"2;17","type":"2","inputTransform":"K:+X'=X!(X>99999)!(X<0)!(X?.E1\".\"4N.N) X","description":{"fmId":"-1","fmType":"5","type":"typed-literal","datatype":"http://www.w3.org/1999/02/22-rdf-syntax-ns#XMLLiteral","value":"This is the value per 100 grams for this nutrient."}},{"number":"48","flags":"NJ9,3","name":"TOTAL TOCOPHEROL; MG/100G","location":"2;18","type":"2","inputTransform":"K:+X'=X!(X>99999)!(X<0)!(X?.E1\".\"4N.N) X","description":{"fmId":"-1","fmType":"5","type":"typed-literal","datatype":"http://www.w3.org/1999/02/22-rdf-syntax-ns#XMLLiteral","value":"This is the value per 100 grams for this nutrient."}},{"number":"51","flags":"NJ9,3","name":"TRYPTOPHAN; GM/100G","location":"3;1","type":"2","inputTransform":"K:+X'=X!(X>99999)!(X<0)!(X?.E1\".\"4N.N) X","description":{"fmId":"-1","fmType":"5","type":"typed-literal","datatype":"http://www.w3.org/1999/02/22-rdf-syntax-ns#XMLLiteral","value":"This is the value per 100 grams for this nutrient."}},{"number":"52","flags":"NJ9,3","name":"THREONINE; GM/100G","location":"3;2","type":"2","inputTransform":"K:+X'=X!(X>99999)!(X<0)!(X?.E1\".\"4N.N) X","description":{"fmId":"-1","fmType":"5","type":"typed-literal","datatype":"http://www.w3.org/1999/02/22-rdf-syntax-ns#XMLLiteral","value":"This is the value per 100 grams for this nutrient."}},{"number":"53","flags":"NJ9,3","name":"ISOLEUCINE; GM/100G","location":"3;3","type":"2","inputTransform":"K:+X'=X!(X>99999)!(X<0)!(X?.E1\".\"4N.N) X","description":{"fmId":"-1","fmType":"5","type":"typed-literal","datatype":"http://www.w3.org/1999/02/22-rdf-syntax-ns#XMLLiteral","value":"This is the value per 100 grams for this nutrient."}},{"number":"54","flags":"NJ9,3","name":"LEUCINE; GM/100G","location":"3;4","type":"2","inputTransform":"K:+X'=X!(X>99999)!(X<0)!(X?.E1\".\"4N.N) X","description":{"fmId":"-1","fmType":"5","type":"typed-literal","datatype":"http://www.w3.org/1999/02/22-rdf-syntax-ns#XMLLiteral","value":"This is the value per 100 grams for this nutrient."}},{"number":"55","flags":"NJ9,3","name":"LYSINE; GM/100G","location":"3;5","type":"2","inputTransform":"K:+X'=X!(X>99999)!(X<0)!(X?.E1\".\"4N.N) X","description":{"fmId":"-1","fmType":"5","type":"typed-literal","datatype":"http://www.w3.org/1999/02/22-rdf-syntax-ns#XMLLiteral","value":"This is the value per 100 grams for this nutrient."}},{"number":"56","flags":"NJ9,3","name":"METHIONINE; GM/100G","location":"3;6","type":"2","inputTransform":"K:+X'=X!(X>99999)!(X<0)!(X?.E1\".\"4N.N) X","description":{"fmId":"-1","fmType":"5","type":"typed-literal","datatype":"http://www.w3.org/1999/02/22-rdf-syntax-ns#XMLLiteral","value":"This is the value per 100 grams for this nutrient."}},{"number":"57","flags":"NJ9,3","name":"CYSTINE; GM/100G","location":"3;7","type":"2","inputTransform":"K:+X'=X!(X>99999)!(X<0)!(X?.E1\".\"4N.N) X","description":{"fmId":"-1","fmType":"5","type":"typed-literal","datatype":"http://www.w3.org/1999/02/22-rdf-syntax-ns#XMLLiteral","value":"This is the value per 100 grams for this nutrient."}},{"number":"58","flags":"NJ9,3","name":"PHENYLALANINE; GM/100G","location":"3;8","type":"2","inputTransform":"K:+X'=X!(X>99999)!(X<0)!(X?.E1\".\"4N.N) X","description":{"fmId":"-1","fmType":"5","type":"typed-literal","datatype":"http://www.w3.org/1999/02/22-rdf-syntax-ns#XMLLiteral","value":"This is the value per 100 grams for this nutrient."}},{"number":"59","flags":"NJ9,3","name":"TYROSINE; GM/100G","location":"3;9","type":"2","inputTransform":"K:+X'=X!(X>99999)!(X<0)!(X?.E1\".\"4N.N) X","description":{"fmId":"-1","fmType":"5","type":"typed-literal","datatype":"http://www.w3.org/1999/02/22-rdf-syntax-ns#XMLLiteral","value":"This is the value per 100 grams for this nutrient."}},{"number":"60","flags":"NJ9,3","name":"VALINE; GM/100G","location":"3;10","type":"2","inputTransform":"K:+X'=X!(X>99999)!(X<0)!(X?.E1\".\"4N.N) X","description":{"fmId":"-1","fmType":"5","type":"typed-literal","datatype":"http://www.w3.org/1999/02/22-rdf-syntax-ns#XMLLiteral","value":"This is the value per 100 grams for this nutrient."}},{"number":"61","flags":"NJ9,3","name":"ARGININE; GM/100G","location":"3;11","type":"2","inputTransform":"K:+X'=X!(X>99999)!(X<0)!(X?.E1\".\"4N.N) X","description":{"fmId":"-1","fmType":"5","type":"typed-literal","datatype":"http://www.w3.org/1999/02/22-rdf-syntax-ns#XMLLiteral","value":"This is the value per 100 grams for this nutrient."}},{"number":"62","flags":"NJ9,3","name":"HISTIDINE; GM/100G","location":"3;12","type":"2","inputTransform":"K:+X'=X!(X>99999)!(X<0)!(X?.E1\".\"4N.N) X","description":{"fmId":"-1","fmType":"5","type":"typed-literal","datatype":"http://www.w3.org/1999/02/22-rdf-syntax-ns#XMLLiteral","value":"This is the value per 100 grams for this nutrient."}},{"number":"63","flags":"NJ9,3","name":"ALANINE; GM/100G","location":"3;13","type":"2","inputTransform":"K:+X'=X!(X>99999)!(X<0)!(X?.E1\".\"4N.N) X","description":{"fmId":"-1","fmType":"5","type":"typed-literal","datatype":"http://www.w3.org/1999/02/22-rdf-syntax-ns#XMLLiteral","value":"This is the value per 100 grams for this nutrient."}},{"number":"64","flags":"NJ9,3","name":"ASPARTIC ACID; GM/100G","location":"3;14","type":"2","inputTransform":"K:+X'=X!(X>99999)!(X<0)!(X?.E1\".\"4N.N) X","description":{"fmId":"-1","fmType":"5","type":"typed-literal","datatype":"http://www.w3.org/1999/02/22-rdf-syntax-ns#XMLLiteral","value":"This is the value per 100 grams for this nutrient."}},{"number":"65","flags":"NJ9,3","name":"GLUTAMIC ACID; GM/100G","location":"3;15","type":"2","inputTransform":"K:+X'=X!(X>99999)!(X<0)!(X?.E1\".\"4N.N) X","description":{"fmId":"-1","fmType":"5","type":"typed-literal","datatype":"http://www.w3.org/1999/02/22-rdf-syntax-ns#XMLLiteral","value":"This is the value per 100 grams for this nutrient."}},{"number":"66","flags":"NJ9,3","name":"GLYCINE; GM/100G","location":"3;16","type":"2","inputTransform":"K:+X'=X!(X>99999)!(X<0)!(X?.E1\".\"4N.N) X","description":{"fmId":"-1","fmType":"5","type":"typed-literal","datatype":"http://www.w3.org/1999/02/22-rdf-syntax-ns#XMLLiteral","value":"This is the value per 100 grams for this nutrient."}},{"number":"67","flags":"NJ9,3","name":"PROLINE; GM/100G","location":"3;17","type":"2","inputTransform":"K:+X'=X!(X>99999)!(X<0)!(X?.E1\".\"4N.N) X","description":{"fmId":"-1","fmType":"5","type":"typed-literal","datatype":"http://www.w3.org/1999/02/22-rdf-syntax-ns#XMLLiteral","value":"This is the value per 100 grams for this nutrient."}},{"number":"68","flags":"NJ9,3","name":"SERINE; GM/100G","location":"3;18","type":"2","inputTransform":"K:+X'=X!(X>99999)!(X<0)!(X?.E1\".\"4N.N) X","description":{"fmId":"-1","fmType":"5","type":"typed-literal","datatype":"http://www.w3.org/1999/02/22-rdf-syntax-ns#XMLLiteral","value":"This is the value per 100 grams for this nutrient."}},{"number":"71","flags":"NJ9,3","name":"CAPRIC ACID; GM/100G","location":"4;1","type":"2","inputTransform":"K:+X'=X!(X>99999)!(X<0)!(X?.E1\".\"4N.N) X","description":{"fmId":"-1","fmType":"5","type":"typed-literal","datatype":"http://www.w3.org/1999/02/22-rdf-syntax-ns#XMLLiteral","value":"This is the value per 100 grams for this nutrient."}},{"number":"72","flags":"NJ9,3","name":"LAURIC ACID; GM/100G","location":"4;2","type":"2","inputTransform":"K:+X'=X!(X>99999)!(X<0)!(X?.E1\".\"4N.N) X","description":{"fmId":"-1","fmType":"5","type":"typed-literal","datatype":"http://www.w3.org/1999/02/22-rdf-syntax-ns#XMLLiteral","value":"This is the value per 100 grams for this nutrient."}},{"number":"73","flags":"NJ9,3","name":"MYRISTIC ACID; GM/100G","location":"4;3","type":"2","inputTransform":"K:+X'=X!(X>99999)!(X<0)!(X?.E1\".\"4N.N) X","description":{"fmId":"-1","fmType":"5","type":"typed-literal","datatype":"http://www.w3.org/1999/02/22-rdf-syntax-ns#XMLLiteral","value":"This is the value per 100 grams for this nutrient."}},{"number":"74","flags":"NJ9,3","name":"PALMITIC ACID; GM/100G","location":"4;4","type":"2","inputTransform":"K:+X'=X!(X>99999)!(X<0)!(X?.E1\".\"4N.N) X","description":{"fmId":"-1","fmType":"5","type":"typed-literal","datatype":"http://www.w3.org/1999/02/22-rdf-syntax-ns#XMLLiteral","value":"This is the value per 100 grams for this nutrient."}},{"number":"75","flags":"NJ9,3","name":"PALMITOLEIC ACID; GM/100G","location":"4;5","type":"2","inputTransform":"K:+X'=X!(X>99999)!(X<0)!(X?.E1\".\"4N.N) X","description":{"fmId":"-1","fmType":"5","type":"typed-literal","datatype":"http://www.w3.org/1999/02/22-rdf-syntax-ns#XMLLiteral","value":"This is the value per 100 grams for this nutrient."}},{"number":"76","flags":"NJ9,3","name":"STEARIC ACID; GM/100G","location":"4;6","type":"2","inputTransform":"K:+X'=X!(X>99999)!(X<0)!(X?.E1\".\"4N.N) X","description":{"fmId":"-1","fmType":"5","type":"typed-literal","datatype":"http://www.w3.org/1999/02/22-rdf-syntax-ns#XMLLiteral","value":"This is the value per 100 grams for this nutrient."}},{"number":"77","flags":"NJ9,3","name":"OLEIC ACID; GM/100G","location":"4;7","type":"2","inputTransform":"K:+X'=X!(X>99999)!(X<0)!(X?.E1\".\"4N.N) X","description":{"fmId":"-1","fmType":"5","type":"typed-literal","datatype":"http://www.w3.org/1999/02/22-rdf-syntax-ns#XMLLiteral","value":"This is the value per 100 grams for this nutrient."}},{"number":"78","flags":"NJ9,3","name":"ARACHIDONIC ACID; GM/100G","location":"4;8","type":"2","inputTransform":"K:+X'=X!(X>99999)!(X<0)!(X?.E1\".\"4N.N) X","description":{"fmId":"-1","fmType":"5","type":"typed-literal","datatype":"http://www.w3.org/1999/02/22-rdf-syntax-ns#XMLLiteral","value":"This is the value per 100 grams for this nutrient."}},{"number":"79","flags":"NJ6,2","name":"VITAMIN K; MCG/100G","location":"4;9","type":"2","inputTransform":"K:+X'=X!(X>999)!(X<0)!(X?.E1\".\"3N.N) X","description":{"fmId":"-1","fmType":"5","type":"typed-literal","datatype":"http://www.w3.org/1999/02/22-rdf-syntax-ns#XMLLiteral","value":"This is the value per 100 gms. of this nutrient"}},{"number":"80","flags":"NJ6,2","name":"SELENIUM; MCG/100G","location":"4;10","type":"2","inputTransform":"K:+X'=X!(X>999)!(X<0)!(X?.E1\".\"3N.N) X","description":{"fmId":"-1","fmType":"5","type":"typed-literal","datatype":"http://www.w3.org/1999/02/22-rdf-syntax-ns#XMLLiteral","value":"This is the value per 100 gms. of this nutrient."}},{"number":"98","flags":"F","name":"SOURCE OF DATA","location":"20;1","type":"4","inputTransform":"K:$L(X)>80!($L(X)<1) X","description":{"fmId":"-1","fmType":"5","type":"typed-literal","datatype":"http://www.w3.org/1999/02/22-rdf-syntax-ns#XMLLiteral","value":"This is the value per 100 grams for this nutrient."}},{"number":"99","flags":"S","name":"INACTIVE?","location":"I;1","type":"3","details":"Y:YES;N:NO;","description":{"fmId":"-1","fmType":"5","type":"typed-literal","datatype":"http://www.w3.org/1999/02/22-rdf-syntax-ns#XMLLiteral","value":"This field, if answered YES, will prohibit\rfurther selection of this entry."}}],"fmql":{"OP":"DESCRIBE TYPE","TYPE":"112","TYPELABEL":"FOOD NUTRIENTS"}}