{"name":"TUBEFEEDING PRODUCT","number":"115.1619","parent":"115.016","fields":[{"number":".01","flags":"MP118.2'","name":"TUBEFEEDING PRODUCT","location":"0;1","index":"B","type":"7","details":"118.2","description":{"fmId":"-1","fmType":"5","type":"typed-literal","datatype":"http://www.w3.org/1999/02/22-rdf-syntax-ns#XMLLiteral","value":"This multiple stores the tubefeeding product(s) for the recurring meal."}},{"number":"1","flags":"S","name":"STRENGTH","location":"0;2","type":"3","details":"1:1/4;2:1/2;3:3/4;4:FULL;","description":{"fmId":"-1","fmType":"5","type":"typed-literal","datatype":"http://www.w3.org/1999/02/22-rdf-syntax-ns#XMLLiteral","value":"This field stores the strength of the tubefeeding for the recurring meal."}},{"number":"2","flags":"F","name":"QUANTITY","location":"0;3","type":"4","inputTransform":"K:$L(X)>20!($L(X)<3) X","description":{"fmId":"-1","fmType":"5","type":"typed-literal","datatype":"http://www.w3.org/1999/02/22-rdf-syntax-ns#XMLLiteral","value":"This field stores the quantity of the tubefeeding for the recurring meal."}},{"number":"3","flags":"NJ4,0","name":"PRODUCT ML'S/DAY","location":"0;4","type":"2","inputTransform":"K:+X'=X!(X>9999)!(X<1)!(X?.E1\".\"1N.N) X","description":{"fmId":"-1","fmType":"5","type":"typed-literal","datatype":"http://www.w3.org/1999/02/22-rdf-syntax-ns#XMLLiteral","value":"This field stores the product ml's per day of this tubefeeding product\rfor the recurring meal."}},{"number":"4","flags":"NJ4,0","name":"WATER ML'S/DAY","location":"0;5","type":"2","inputTransform":"K:+X'=X!(X>9999)!(X<1)!(X?.E1\".\"1N.N) X","description":{"fmId":"-1","fmType":"5","type":"typed-literal","datatype":"http://www.w3.org/1999/02/22-rdf-syntax-ns#XMLLiteral","value":"This field stores the water ml's per day of this tubefeeding product\rfor the recurring meal."}},{"number":"5","flags":"NJ4,0","name":"KCALS/DAY","location":"0;6","type":"2","inputTransform":"K:+X'=X!(X>9999)!(X<1)!(X?.E1\".\"1N.N) X","description":{"fmId":"-1","fmType":"5","type":"typed-literal","datatype":"http://www.w3.org/1999/02/22-rdf-syntax-ns#XMLLiteral","value":"This field stores the kcals per day of this tubefeeding product\rfor the recurring meal."}}],"fmql":{"OP":"DESCRIBE TYPE","TYPE":"115_1619","TYPELABEL":"TUBEFEEDING PRODUCT"}}