{"name":"LOCAL SURGICAL SPECIALTY","number":"137.45","location":"^SRO(137.45,","count":"13","lastIEN":"13","description":{"fmId":"-1","fmType":"5","type":"typed-literal","datatype":"http://www.w3.org/1999/02/22-rdf-syntax-ns#XMLLiteral","value":"This file contains the Surgical Specialties used locally.  This file\rcontains all the entries in the national SURGICAL SPECIALTY file (45.3)\ras well as locally created entries.  All entries should point to a\rstandard entry in the national SURGICAL SPECIALTY file."},"version":"3","fields":[{"number":".01","flags":"RF","name":"NAME","location":"0;1","type":"4","inputTransform":"K:X[\"\"\"\"!($A(X)=45) X I $D(X) K:$L(X)>40!($L(X)<3)!'(X'?1P.E) X","description":{"fmId":"-1","fmType":"5","type":"typed-literal","datatype":"http://www.w3.org/1999/02/22-rdf-syntax-ns#XMLLiteral","value":"This is the name of the 'local' surgical specialty used at this site."}},{"number":"1","flags":"R*P45.3'O","name":"NATIONAL SURGICAL SPECIALTY","location":"0;2","index":"C","type":"7","details":"45.3","inputTransform":"S DIC(\"S\")=\"I $P(^(0),U)?2N&(+^(0)>47&(+^(0)<63)!(+^(0)=78))\" D ^DIC K DIC S DIC=DIE,X=+Y K:Y<0 X","description":{"fmId":"-1","fmType":"5","type":"typed-literal","datatype":"http://www.w3.org/1999/02/22-rdf-syntax-ns#XMLLiteral","value":"This is the 'national' surgical specialty in file 45.3 to which this\r'local' specialty points."}},{"number":"2","flags":"*P44'","name":"ASSOCIATED CLINIC","location":"0;5","type":"7","details":"44","inputTransform":"S DIC(\"S\")=\"I $$HL^SROUTL0(Y,$G(SRSITE(\"\"DIV\"\"))),$$ACTCLIN^SROUTL(Y)\" D ^DIC K DIC S DIC=DIE,X=+Y K:Y<0 X","description":{"fmId":"-1","fmType":"5","type":"typed-literal","datatype":"http://www.w3.org/1999/02/22-rdf-syntax-ns#XMLLiteral","value":"This is the default clinic associated with operations or procedures\rperformed by this surgical specialty.  This information is used to\rdocument patient encounters in the VISIT file (#900010)."}},{"number":"10","flags":"S","name":"INACTIVE?","location":"0;3","type":"3","details":"1:YES;","description":{"fmId":"-1","fmType":"5","type":"typed-literal","datatype":"http://www.w3.org/1999/02/22-rdf-syntax-ns#XMLLiteral","value":"Enter 'YES' to make this specialty inactive and to prevent its selection\rand use by users in the Surgery Package."}},{"number":"11","flags":"F","name":"CODE","location":"0;4","index":"D","type":"4","inputTransform":"K:X[\"\"\"\"!($A(X)=45) X I $D(X) K:$L(X)>5!($L(X)<1) X","description":{"fmId":"-1","fmType":"5","type":"typed-literal","datatype":"http://www.w3.org/1999/02/22-rdf-syntax-ns#XMLLiteral","value":"This is a code used for selecting local surgical specialties.  Your answer\rmay be a number, number/letter combination, or brief alphabetic code. \rThe specialty code is optional.\r "}}],"fmql":{"OP":"DESCRIBE TYPE","TYPE":"137_45","TYPELABEL":"LOCAL SURGICAL SPECIALTY"}}