{"count": "0", "description": {"datatype": "http://www.w3.org/1999/02/22-rdf-syntax-ns#XMLLiteral", "fmType": "5", "fmId": "-1", "value": "This file contains irrigation solutions used during the operative\rprocedure.  It is pointed to by the IRRIGATION sub-file in the\rSurgery file.  The Irrigation file is distributed with pre-supplied\rentries, however additions may be made at each site.", "type": "typed-literal"}, "fields": [{"index": "B", "name": "name", "number": ".01", "flags": "RF", "location": "0;1", "type": "4", "description": {"datatype": "http://www.w3.org/1999/02/22-rdf-syntax-ns#XMLLiteral", "fmType": "5", "fmId": "-1", "value": "This is the name of the solution used for irrigation during the\roperative procedure.\r ", "type": "typed-literal"}}, {"index": "C", "name": "abbreviation", "number": "1", "flags": "F", "location": "0;2", "type": "4", "description": {"datatype": "http://www.w3.org/1999/02/22-rdf-syntax-ns#XMLLiteral", "fmType": "5", "fmId": "-1", "value": "This is the Abbreviation of the name of the irrigation solution.\r ", "type": "typed-literal"}}, {"name": "inactive", "description": {"datatype": "http://www.w3.org/1999/02/22-rdf-syntax-ns#XMLLiteral", "fmType": "5", "fmId": "-1", "value": "Enter 'YES' to make this entry inactive and to prevent its selection and\ruse by users of the Surgery Package.", "type": "typed-literal"}, "number": "10", "flags": "S", "details": "1:YES;", "type": "3", "location": "0;3"}], "fmql": {"TYPELABEL": "IRRIGATION", "TYPE": "133_6", "OP": "DESCRIBE TYPE"}, "number": "133.6", "location": "^SRO(133.6,", "name": "IRRIGATION"}