{"count": "0", "description": {"datatype": "http://www.w3.org/1999/02/22-rdf-syntax-ns#XMLLiteral", "fmType": "5", "fmId": "-1", "value": "The Surgery package uses this file for its HL7 interface with VistA and\rNon-VistA packages or systems. The file acts as a mapping and processing\rtool for receiving information from other applications and transmitting\rinformation from the Surgery package.\r \rData in this file SHOULD NOT be altered through the use of VA\rFileMan;input to this field should only take place through the Surgery\rInterface Management Menu options.\r \rPer VHA Directive 10-93-142, this file definition SHOULD NOT be modified.", "type": "typed-literal"}, "fields": [{"description": {"datatype": "http://www.w3.org/1999/02/22-rdf-syntax-ns#XMLLiteral", "fmType": "5", "fmId": "-1", "value": "This field is used to map VistA fields to HL7 (OBR-4 and OBX-3 identifiers)\rsegment sequences.  This field is used as a text identifier for the field\rnumber.", "type": "typed-literal"}, "number": ".01", "flags": "RIF", "location": "0;1", "type": "4", "name": "text"}, {"description": {"datatype": "http://www.w3.org/1999/02/22-rdf-syntax-ns#XMLLiteral", "fmType": "5", "fmId": "-1", "value": "This field holds the FILE/SUBFILE number of the VistA field that will be\redited (e.g. 130).", "type": "typed-literal"}, "number": "1", "flags": "NJ8,4", "location": "0;2", "type": "2", "name": "file_subfile"}, {"description": {"datatype": "http://www.w3.org/1999/02/22-rdf-syntax-ns#XMLLiteral", "fmType": "5", "fmId": "-1", "value": "This is the corresponding VistA field number of the text name that will be\rpassed in either the OBX-3 or OBR-4 sequence.", "type": "typed-literal"}, "number": "2", "flags": "NJ9,4", "location": "0;3", "type": "2", "name": "field"}, {"name": "interface", "description": {"datatype": "http://www.w3.org/1999/02/22-rdf-syntax-ns#XMLLiteral", "fmType": "5", "fmId": "-1", "value": "This field is used to determine ownership of data among systems.  Data\rshould be entered in this field. Except for OBR segment identifiers like\rOPERATION and PROCEDURE that do not have a FILE/SUBFILE and FIELD\rassociations, all other entries should be set to send, receive or ignore.\rExcluding these entries will allow the users to send or receive individual\rpieces of underlying information related to the operation or procedure. If\rthe field is set to R, the information will be received into the Surgery\rpackage.  If the field is set to S, the information will be transmitted\rfrom the Surgery package.  If the field is not part of the interface the\rfield should be set to I, for ignore.", "type": "typed-literal"}, "number": "3", "flags": "RSX", "details": "R:RECEIVE;I:IGNORE;S:SEND;S/R:SEND AND RECEIVE;", "type": "3", "location": "0;4"}, {"description": {"datatype": "http://www.w3.org/1999/02/22-rdf-syntax-ns#XMLLiteral", "fmType": "5", "fmId": "-1", "value": "This field identifies the HL7 segment that will be holding the\rinformation, (e.g., OBX).", "type": "typed-literal"}, "number": "4", "flags": "RF", "location": "0;5", "type": "4", "name": "segment"}, {"name": "value", "description": {"datatype": "http://www.w3.org/1999/02/22-rdf-syntax-ns#XMLLiteral", "fmType": "5", "fmId": "-1", "value": "This field is used to identify the type of information being passed by the\rOBX segment.  This field will be blank for all OBR segments.", "type": "typed-literal"}, "number": "5", "flags": "S", "details": "ST:STRING;TX:TEXT;FT:FORMATTED TEXT;DT:DATE;TM:TIME;TS:TIME STAMP;PN:PERSON NAME;TN:TELEPHONE NUMBER;AD:ADDRESS;CK:COMPOSITE ID WITH CHECK DIGIT;CN:COMPOSITE ID AND NAME;CE:CODED ENTRY;RP:REFERENCE POINTER;NM:NUMERIC;", "type": "3", "location": "0;6"}, {"description": {"datatype": "http://www.w3.org/1999/02/22-rdf-syntax-ns#XMLLiteral", "fmType": "5", "fmId": "-1", "value": "This field holds the HL7 sequence and field position of the corresponding\rVistA field.  The field should contain the sequence number separated by a\rdash ('-') and followed by the sub-component location (value should be 1\rif no sub-component separator).", "type": "typed-literal"}, "number": "6", "flags": "F", "location": "0;8", "type": "4", "name": "hl7_sequence"}, {"description": {"datatype": "http://www.w3.org/1999/02/22-rdf-syntax-ns#XMLLiteral", "fmType": "5", "fmId": "-1", "value": "This field identifies the HL7 message sent for the information.", "type": "typed-literal"}, "number": "7", "flags": "F", "location": "0;7", "type": "4", "name": "message"}, {"description": {"datatype": "http://www.w3.org/1999/02/22-rdf-syntax-ns#XMLLiteral", "fmType": "5", "fmId": "-1", "value": "This field corresponds to the VistA file location level in terms of a VA\rFileMan DIE call.", "type": "typed-literal"}, "number": "8", "flags": "NJ1,0", "location": "0;9", "type": "2", "name": "level"}, {"name": "related_pointer", "description": {"datatype": "http://www.w3.org/1999/02/22-rdf-syntax-ns#XMLLiteral", "fmType": "5", "fmId": "-1", "value": "This field is used to link the HL7 sequence fields in a single segment for\rprocessing in a DR string.  This field should only link those fields\rlocated on a single segment.", "type": "typed-literal"}, "number": "9", "flags": "133.29P", "details": "133.29", "type": "9", "location": "1;0"}, {"name": "related_menu_items", "description": {"datatype": "http://www.w3.org/1999/02/22-rdf-syntax-ns#XMLLiteral", "fmType": "5", "fmId": "-1", "value": "This multiple is used to link all OBR segments to all underlying OBX\rsegments.", "type": "typed-literal"}, "number": "10", "flags": "133.21P", "details": "133.21", "type": "9", "location": "2;0"}, {"description": {"datatype": "http://www.w3.org/1999/02/22-rdf-syntax-ns#XMLLiteral", "fmType": "5", "fmId": "-1", "value": "This field is used to base the code that relates to the identifier.  HL7\rstandards call for information to be base in this form:\r<code><text><coding scheme>.", "type": "typed-literal"}, "number": "11", "flags": "F", "location": "0;10", "type": "4", "name": "identifier"}, {"description": {"datatype": "http://www.w3.org/1999/02/22-rdf-syntax-ns#XMLLiteral", "fmType": "5", "fmId": "-1", "value": "This field is used to base the coding scheme that relates to the\ridentifier.  The standard coding method is to use L for local fields and\r99VAfile# (99VA200, NEW PERSON file) for VA specific files.  Other coding\rschemes include AS4 for (ASTM) American Society for testing and materials,\rC4 for CPT4, and I9 for ICD9.", "type": "typed-literal"}, "number": "12", "flags": "F", "location": "0;11", "type": "4", "name": "coding_scheme"}, {"description": {"datatype": "http://www.w3.org/1999/02/22-rdf-syntax-ns#XMLLiteral", "fmType": "5", "fmId": "-1", "value": "This field represent the identified field's unit of measure.  This value\rmust correspond to the ISO standards set forth by the HL7 standard.", "type": "typed-literal"}, "number": "13", "flags": "F", "location": "0;12", "type": "4", "name": "unit"}, {"name": "always_create_new_entry", "description": {"datatype": "http://www.w3.org/1999/02/22-rdf-syntax-ns#XMLLiteral", "fmType": "5", "fmId": "-1", "value": "This field is used by the incoming message processing routine to determine\rif the value should always create a new entry in the file.", "type": "typed-literal"}, "number": "14", "flags": "S", "details": "1:YES;0:NO;", "type": "3", "location": "0;13"}], "fmql": {"TYPELABEL": "SURGERY INTERFACE PARAMETER", "TYPE": "133_2", "OP": "DESCRIBE TYPE"}, "number": "133.2", "location": "^SRO(133.2,", "name": "SURGERY INTERFACE PARAMETER"}