{"fields": [{"index": "B", "name": "date_time", "number": ".01", "flags": "DX", "location": "0;1", "type": "1", "description": {"datatype": "http://www.w3.org/1999/02/22-rdf-syntax-ns#XMLLiteral", "fmType": "5", "fmId": "-1", "value": "This field contains the date/time the user indicated to ART that the\rpatient's chart was marked for this reactant.", "type": "typed-literal"}}, {"name": "user_entering", "description": {"datatype": "http://www.w3.org/1999/02/22-rdf-syntax-ns#XMLLiteral", "fmType": "5", "fmId": "-1", "value": "This is the user who indicated that the chart was marked.", "type": "typed-literal"}, "number": "1", "flags": "P200'I", "details": "200", "type": "7", "location": "0;2"}], "fmql": {"TYPELABEL": "CHART MARKED", "TYPE": "120_813", "OP": "DESCRIBE TYPE"}, "name": "CHART MARKED", "parent": "120.8", "number": "120.813"}