{"name":"CLINICIAN(S)","number":"119.66","parent":"119.6","fields":[{"number":".01","flags":"MP200'","name":"CLINICIAN(S)","location":"0;1","index":"B","type":"7","details":"200","description":{"fmId":"-1","fmType":"5","type":"typed-literal","datatype":"http://www.w3.org/1999/02/22-rdf-syntax-ns#XMLLiteral","value":"This field allows entry of multiple clinicians for each ward or \routpatient location.\r \rThis field contains the clinician(s) assigned to the ward or \routpatient location and the one(s) to whom dietetic consults will be \rrouted and notification made of special diet orders and tubefeedings.\r \rThe monitor alerts will also automatically go to the clinicians set up \rin this field for the ward or outpatient location."}}],"fmql":{"OP":"DESCRIBE TYPE","TYPE":"119_66","TYPELABEL":"CLINICIAN(S)"}}