{"name":"OE/RR AUTO-DC RULES","number":"100.6","location":"^ORD(100.6,","count":"10","lastIEN":"10","description":{"fmId":"-1","fmType":"5","type":"typed-literal","datatype":"http://www.w3.org/1999/02/22-rdf-syntax-ns#XMLLiteral","value":"This file contains the locally-defined rules that control if and when\ractive orders are automatically discontinued within each division.\r \rIt is strongly recommended that this file not be edited using\rFile Manager.  Please use the edit options provided in CPRS."},"version":"3.0","vpackage":"OR","fields":[{"number":".01","flags":"RF","name":"NAME","location":"0;1","index":"B","type":"4","inputTransform":"K:$L(X)>50!($L(X)<3) X","description":{"fmId":"-1","fmType":"5","type":"typed-literal","datatype":"http://www.w3.org/1999/02/22-rdf-syntax-ns#XMLLiteral","value":"This is the name of the rule, used to identify it uniquely in the file;\rit is visible in the Rule Editor only."}},{"number":"1","flags":"D","name":"INACTIVATED","location":"1;1","type":"1","inputTransform":"S %DT=\"ESTXR\" D ^%DT S X=Y K:Y<1 X","description":{"fmId":"-1","fmType":"5","type":"typed-literal","datatype":"http://www.w3.org/1999/02/22-rdf-syntax-ns#XMLLiteral","value":"This is the date/time this rule is no longer considered active; after this\rdate/time, this rule will no longer apply."}},{"number":"1.5","flags":"100.61DA","name":"ACTIVATION HISTORY","location":"2;0","type":"9","details":"100.61"},{"number":"2","flags":"RS","name":"TYPE OF EVENT","location":"0;2","type":"3","details":"A:ADMISSION;T:TRANSFER;D:DISCHARGE;S:SPECIALTY TRANSFER;O:O.R.;","description":{"fmId":"-1","fmType":"5","type":"typed-literal","datatype":"http://www.w3.org/1999/02/22-rdf-syntax-ns#XMLLiteral","value":"This is the event that should cause orders to be automatically \rdiscontinued; for OR events, the orders will be discontinued when the\rTIME PAT OUT OF OR field is entered in the Surgery package."}},{"number":"3","flags":"RP4'","name":"DIVISION","location":"0;3","type":"7","details":"4","description":{"fmId":"-1","fmType":"5","type":"typed-literal","datatype":"http://www.w3.org/1999/02/22-rdf-syntax-ns#XMLLiteral","value":"This is the division that this auto-dc rule should be applied to; for\ra transfer across divisions, this should be the new division that the\rpatient is going to."}},{"number":"4","flags":"P100.03'","name":"DC REASON","location":"0;4","type":"7","details":"100.03","description":{"fmId":"-1","fmType":"5","type":"typed-literal","datatype":"http://www.w3.org/1999/02/22-rdf-syntax-ns#XMLLiteral","value":"This is the reason that will be saved with the order indicating why it\rwas automatically discontinued."}},{"number":"5","flags":"RF","name":"DISPLAY TEXT","location":"0;5","type":"4","inputTransform":"K:$L(X)>60!($L(X)<3) X","description":{"fmId":"-1","fmType":"5","type":"typed-literal","datatype":"http://www.w3.org/1999/02/22-rdf-syntax-ns#XMLLiteral","value":"This field is the name of the rule as it will appear to the user in\rCPRS."}},{"number":"6","flags":"S","name":"EXCEPT FROM OBSERVATION","location":"0;6","type":"3","details":"0:NO;1:IF READMITTING;2:YES;","description":{"fmId":"-1","fmType":"5","type":"typed-literal","datatype":"http://www.w3.org/1999/02/22-rdf-syntax-ns#XMLLiteral","value":"This indicates if an observation treating specialty should prevent this\rrule from being applied, when the patient is discharged from it.  Enter\rYES if an observation specialty should always be considered an exception\rto this rule, or NO to never consider it.  IF READMITTED will cause the\rclerk to be asked if the patient will be immediately admitted again, and\ra response of YES will prevent this rule from being applied; because it\rrequires user interaction, this value should only be used with the non-\rtasked OR GUA EVENT PROCESSOR NOTASK protocol on DGPM MOVEMENT EVENTS,\rotherwise a value of NO will be assumed and this rule will be applied\rwithout exception."}},{"number":"30","flags":"100.63P","name":"MAS MOVEMENT TYPES","location":"3;0","type":"9","details":"100.63","description":{"fmId":"-1","fmType":"5","type":"typed-literal","datatype":"http://www.w3.org/1999/02/22-rdf-syntax-ns#XMLLiteral","value":"These are the MAS Movement Types that define this event; when an MAS event\roccurs for one of these types, this rule will be processed if active."}},{"number":"40","flags":"100.64P","name":"EXCLUDED TREATING SPECIALTIES","location":"4;0","type":"9","details":"100.64","description":{"fmId":"-1","fmType":"5","type":"typed-literal","datatype":"http://www.w3.org/1999/02/22-rdf-syntax-ns#XMLLiteral","value":"These are treating specialties that will cause this rule to not be\rprocessed, if the EXCEPT FROM and TO specialties match the patient's\rtransfer."}},{"number":"50","flags":"100.62","name":"INCLUDED LOCATIONS","location":"5;0","type":"9","details":"100.62"},{"number":"60","flags":"100.66P","name":"INCLUDED DIVISIONS","location":"6;0","type":"9","details":"100.66","description":{"fmId":"-1","fmType":"5","type":"typed-literal","datatype":"http://www.w3.org/1999/02/22-rdf-syntax-ns#XMLLiteral","value":"These are the divisions that will cause this rule to be processed, if the\rFROM division matches the patient's transfer."}},{"number":"70","flags":"100.67P","name":"INCLUDED PACKAGES","location":"7;0","type":"9","details":"100.67","description":{"fmId":"-1","fmType":"5","type":"typed-literal","datatype":"http://www.w3.org/1999/02/22-rdf-syntax-ns#XMLLiteral","value":"These are the packages whose orders are to be automatically discontinued\rwhen this rule is processed."}},{"number":"80","flags":"100.68P","name":"EXCLUDED ORDERABLE ITEMS","location":"8;0","type":"9","details":"100.68","description":{"fmId":"-1","fmType":"5","type":"typed-literal","datatype":"http://www.w3.org/1999/02/22-rdf-syntax-ns#XMLLiteral","value":"These are the orderable items that are NOT to be automatically\rdiscontinued when this rule is processed, even if an order for it belongs\rto a package in the INCLUDED PACKAGES multiple."}},{"number":"81","flags":"100.681DA","name":"EDIT HISTORY","location":"9;0","type":"9","details":"100.681"},{"number":"100","flags":"100.65P","name":"EXCLUDED DISPLAY GROUP","location":"10;0","type":"9","details":"100.65"}],"fmql":{"OP":"DESCRIBE TYPE","TYPE":"100_6","TYPELABEL":"OE/RR AUTO-DC RULES"}}