{"count": "0", "description": {"datatype": "http://www.w3.org/1999/02/22-rdf-syntax-ns#XMLLiteral", "fmType": "5", "fmId": "-1", "value": "This file contains entries regarding the assessment of the patient's\rmood before and after the operative procedure.  It is distributed\rwith pre-supplied entries, however sites may wish to make additions\rto it.", "type": "typed-literal"}, "fields": [{"index": "B", "name": "name", "number": ".01", "flags": "RF", "location": "0;1", "type": "4", "description": {"datatype": "http://www.w3.org/1999/02/22-rdf-syntax-ns#XMLLiteral", "fmType": "5", "fmId": "-1", "value": "This is the assessment of the patient's mood.\r ", "type": "typed-literal"}}, {"index": "C", "name": "code", "number": "1", "flags": "RF", "location": "0;2", "type": "4", "description": {"datatype": "http://www.w3.org/1999/02/22-rdf-syntax-ns#XMLLiteral", "fmType": "5", "fmId": "-1", "value": "This is the code corresponding to the assessment of the patient's mood.\r ", "type": "typed-literal"}}, {"name": "inactive", "description": {"datatype": "http://www.w3.org/1999/02/22-rdf-syntax-ns#XMLLiteral", "fmType": "5", "fmId": "-1", "value": "Enter 'YES' to inactivate this file entry and to prevent its selection\rby Surgery users.", "type": "typed-literal"}, "number": "10", "flags": "S", "details": "1:YES;", "type": "3", "location": "0;3"}], "fmql": {"TYPELABEL": "PATIENT MOOD ", "TYPE": "135_3", "OP": "DESCRIBE TYPE"}, "number": "135.3", "location": "^SRO(135.3,", "name": "PATIENT MOOD "}