{"name":"OPERATING ROOM","number":"131.81","parent":"131.8","fields":[{"number":".01","flags":"M*P131.7'X","name":"OPERATING ROOM","location":"0;1","type":"7","details":"131.7","inputTransform":"S DIC(\"S\")=\"I $$ORDIV^SROUTL0(+Y),('$P(^SRS(+Y,0),U,6))\" D ^DIC K DIC S DIC=DIE,X=+Y K:Y<0 X S:$D(X) DINUM=X","description":{"fmId":"-1","fmType":"5","type":"typed-literal","datatype":"http://www.w3.org/1999/02/22-rdf-syntax-ns#XMLLiteral","value":"This is the name of the operating room.\r "}},{"number":"1","flags":"DXO","name":"START TIME","location":"0;2","type":"1","inputTransform":"S X=$E(DA(1),4,5)_\"/\"_$E(DA(1),6,7)_\"/\"_$E(DA(1),2,3)_\"@\"_X,%DT=\"ETXR\" D ^%DT S X=Y K:Y<1 X","description":{"fmId":"-1","fmType":"5","type":"typed-literal","datatype":"http://www.w3.org/1999/02/22-rdf-syntax-ns#XMLLiteral","value":"This is the time of day that this operating room begins functioning\ron the date selected.\r "}},{"number":"2","flags":"DOX","name":"END TIME","location":"0;3","type":"1","inputTransform":"S X=$E(DA(1),4,5)_\"/\"_$E(DA(1),6,7)_\"/\"_$E(DA(1),2,3)_\"@\"_X,%DT=\"ETXR\" D ^%DT S X=Y K:Y<1 X","description":{"fmId":"-1","fmType":"5","type":"typed-literal","datatype":"http://www.w3.org/1999/02/22-rdf-syntax-ns#XMLLiteral","value":"This is the time that this operating room stops functioning on this\rdate.  It will be used when generating the operating room utilization\rreports.\r "}},{"number":"3","flags":"S","name":"INACTIVE (Y/N)","location":"0;4","type":"3","details":"Y:YES;N:NO;","description":{"fmId":"-1","fmType":"5","type":"typed-literal","datatype":"http://www.w3.org/1999/02/22-rdf-syntax-ns#XMLLiteral","value":"This flags the operating room if inactive on the date selected.\r "}}],"fmql":{"OP":"DESCRIBE TYPE","TYPE":"131_81","TYPELABEL":"OPERATING ROOM"}}