{"fields": [{"name": "anesthesia_technique", "description": {"datatype": "http://www.w3.org/1999/02/22-rdf-syntax-ns#XMLLiteral", "fmType": "5", "fmId": "-1", "value": "This is the anesthesia technique used during this case corresponding to\rthe American Board of Anesthesiologists universal list of anesthesia\rtechniques (except for REGIONAL, LOCAL and NO ANESTHESIA). If entered,\rthis information will appear on various anesthesia reports.", "type": "typed-literal"}, "number": ".01", "flags": "SX", "details": "G:GENERAL;M:MONITORED ANESTHESIA CARE;S:SPINAL;E:EPIDURAL;R:REGIONAL;O:OTHER;L:LOCAL;N:NO ANESTHESIA;", "type": "3", "location": "0;1"}, {"name": "principal_tech", "description": {"datatype": "http://www.w3.org/1999/02/22-rdf-syntax-ns#XMLLiteral", "fmType": "5", "fmId": "-1", "value": "This indicates whether this technique is the principal technique for\rthis procedure. If this is the only technique used, 'YES' must be\rentered at this prompt. General anesthesia should take precedence over \rall other forms of anesthesia.", "type": "typed-literal"}, "number": ".05", "flags": "SX", "details": "Y:YES;N:NO;", "type": "3", "location": "0;3"}, {"name": "patient_status", "description": {"datatype": "http://www.w3.org/1999/02/22-rdf-syntax-ns#XMLLiteral", "fmType": "5", "fmId": "-1", "value": "This indicates the status of the patient while anesthetized.\r ", "type": "typed-literal"}, "number": "2", "flags": "S", "details": "I:INDUCED;A:AWAKE;S:SEDATED;", "type": "3", "location": "0;4"}, {"name": "approach", "description": {"datatype": "http://www.w3.org/1999/02/22-rdf-syntax-ns#XMLLiteral", "fmType": "5", "fmId": "-1", "value": "This is the code corresponding to the approach technique used for\rendotracheal intubation.  This information is not required, but \rmay be useful for documentation.", "type": "typed-literal"}, "number": "3", "flags": "S", "details": "D:DIRECT VISION LARYNGOSCOPY;R:RAPID SEQUENCE;B:BLIND;BL:BLIND LARYNGOSCOPY;F:FIBEROPTIC LARYNGOSCOPY;", "type": "3", "location": "0;5"}, {"name": "route", "description": {"datatype": "http://www.w3.org/1999/02/22-rdf-syntax-ns#XMLLiteral", "fmType": "5", "fmId": "-1", "value": "This is the code corresponding to the route of the endotracheal\rtube to the trachea.  This information is not required, but may\rbe useful for documentation.", "type": "typed-literal"}, "number": "4", "flags": "S", "details": "O:ORAL;N:NASAL;T:TRACHEOSTOMY;", "type": "3", "location": "0;6"}, {"name": "laryngoscope_type", "description": {"datatype": "http://www.w3.org/1999/02/22-rdf-syntax-ns#XMLLiteral", "fmType": "5", "fmId": "-1", "value": "This is the code corresponding to the type of scope or laryngoscope\rblade used to facilitate endotracheal intubation.  Although not\rrequired, it may be useful for documentation.", "type": "typed-literal"}, "number": "5", "flags": "S", "details": "M:MACINTOSH;MI:MILLER;G:GUEDEL;W:WIS-FOREGGER;FS:FIBEROPTIC STYLET;FB:FIBEROPTIC BRONCHOSCOPE;FL:FIBEROPTIC LARYNGOSCOPE;O:OTHER;", "type": "3", "location": "0;7"}, {"description": {"datatype": "http://www.w3.org/1999/02/22-rdf-syntax-ns#XMLLiteral", "fmType": "5", "fmId": "-1", "value": "This is the size of the laryngoscope used to facilitate endotracheal\rintubation.  This information is not required, but may be useful for\rdocumentation.\r ", "type": "typed-literal"}, "number": "6", "flags": "NJ3,0", "location": "0;8", "type": "2", "name": "laryngoscope_size"}, {"name": "stylet_used_y_n", "description": {"datatype": "http://www.w3.org/1999/02/22-rdf-syntax-ns#XMLLiteral", "fmType": "5", "fmId": "-1", "value": "This indicates whether a stylet was used to shape the endotracheal\rtube during intubation.  This information is optional, but may be\ruseful in documentation of this case.\r ", "type": "typed-literal"}, "number": "7", "flags": "S", "details": "Y:YES;N:NO;", "type": "3", "location": "0;9"}, {"name": "lidocaine_topical", "description": {"datatype": "http://www.w3.org/1999/02/22-rdf-syntax-ns#XMLLiteral", "fmType": "5", "fmId": "-1", "value": "This indicates whether topical lidocaine is utilized to facilitate\rendotracheal intubation.  This information is not required, but may\rbe useful for documentation.", "type": "typed-literal"}, "number": "8", "flags": "S", "details": "Y:YES;N:NO;", "type": "3", "location": "0;10"}, {"name": "lidocaine_iv", "description": {"datatype": "http://www.w3.org/1999/02/22-rdf-syntax-ns#XMLLiteral", "fmType": "5", "fmId": "-1", "value": "This indicates whether intravenous lidocaine is administered prior to the\rendotracheal intubation.  This information is not required, but may be\ruseful for documentation.", "type": "typed-literal"}, "number": "9", "flags": "S", "details": "Y:YES;N:NO;", "type": "3", "location": "0;11"}, {"name": "tube_type", "description": {"datatype": "http://www.w3.org/1999/02/22-rdf-syntax-ns#XMLLiteral", "fmType": "5", "fmId": "-1", "value": "This is the code corresponding to the type of endotracheal tube used\rduring the major portion of the procedure.  This information is not \rrequired, but may be useful for documentation.", "type": "typed-literal"}, "number": "10", "flags": "S", "details": "P:PVC LOW PRESSURE;S:SILASTIC LOW PRESSURE;R:REINFORCED;B:BIVONA CUFF;2R:2 LUMEN, RT. ENDOBRONCHIAL;2L:2 LUMEN, LT. ENDOBRONCHIAL;T:TRACHEOSTOMY CUFFED;L:LASER PROTECTED;O:OTHER;", "type": "3", "location": "0;12"}, {"description": {"datatype": "http://www.w3.org/1999/02/22-rdf-syntax-ns#XMLLiteral", "fmType": "5", "fmId": "-1", "value": "This is the size of the endotracheal tube.  This information is not\rrequired, but may be useful for documentation.\r ", "type": "typed-literal"}, "number": "11", "flags": "NJ5,1", "location": "0;13", "type": "2", "name": "tube_size"}, {"name": "trauma", "description": {"datatype": "http://www.w3.org/1999/02/22-rdf-syntax-ns#XMLLiteral", "fmType": "5", "fmId": "-1", "value": "Definition Revised (2004):\rThe code corresponding to trauma resulting from the endotracheal \rintubation process. This should be documented on the anesthesia \rrecord. Choose from:\r \r  1. None\r  2. Lip laceration or hematoma\r  3. Tooth chipped, loosened or lost\r  4. Tongue hematoma or laceration\r  5. Pharyngeal laceration\r  6, Other laryngeal injury\r  7. Failure to intubate as intended\r \rThis information is entered by Anesthesia personnel and is not the \rresponsibility of the Nurse Reviewer.", "type": "typed-literal"}, "number": "12", "flags": "S", "details": "1:NONE;2:LIP LACERATION OR HEMATOMA;3:TOOTH CHIPPED, LOOSENED OR LOST;4:TONGUE HEMATOMA OR LACERATION;5:PHARYNGEAL LACERATION;6:OTHER LARYNGEAL INJURY;7:FAILURE TO INTUBATE AS INTENDED;", "type": "3", "location": "0;14"}, {"name": "bite_block_y_n", "description": {"datatype": "http://www.w3.org/1999/02/22-rdf-syntax-ns#XMLLiteral", "fmType": "5", "fmId": "-1", "value": "This indicates if a bite block is used to protect the endotracheal tube.\rThis information is not required, but may be useful for documentation.\r ", "type": "typed-literal"}, "number": "13", "flags": "S", "details": "Y:YES;N:NO;", "type": "3", "location": "0;15"}, {"name": "tube_lubrication", "description": {"datatype": "http://www.w3.org/1999/02/22-rdf-syntax-ns#XMLLiteral", "fmType": "5", "fmId": "-1", "value": "This indicates whether lubrication was used with the endotracheal\rtube.  Although not required, this information may be useful for\rdocumentation.\r ", "type": "typed-literal"}, "number": "14", "flags": "S", "details": "Y:YES;N:NO;", "type": "3", "location": "0;16"}, {"description": {"datatype": "http://www.w3.org/1999/02/22-rdf-syntax-ns#XMLLiteral", "fmType": "5", "fmId": "-1", "value": "This is the length of the endotracheal tube at the external reference \rpoint. This information is not required, but may be useful for\rdocumentation of this case.\r ", "type": "typed-literal"}, "number": "15", "flags": "NJ3,0", "location": "0;17", "type": "2", "name": "taped_at_length"}, {"name": "breath_sounds_ok_bilat", "description": {"datatype": "http://www.w3.org/1999/02/22-rdf-syntax-ns#XMLLiteral", "fmType": "5", "fmId": "-1", "value": "This indicates whether breath sounds are audible and equal bilaterally.\rThis information is not required, but may be useful for documentation.\r ", "type": "typed-literal"}, "number": "16", "flags": "S", "details": "Y:YES;N:NO;", "type": "3", "location": "0;18"}, {"name": "heat_moisture_exchanger", "description": {"datatype": "http://www.w3.org/1999/02/22-rdf-syntax-ns#XMLLiteral", "fmType": "5", "fmId": "-1", "value": "This indicates whether a passive heat and moisture exchanger is used \rin the breathing circuit.  This information is not required, but may \rbe useful for documentation and review.\r ", "type": "typed-literal"}, "number": "17", "flags": "S", "details": "Y:YES;N:NO;", "type": "3", "location": "0;19"}, {"name": "bact_filter_in_circuit", "description": {"datatype": "http://www.w3.org/1999/02/22-rdf-syntax-ns#XMLLiteral", "fmType": "5", "fmId": "-1", "value": "This indicates whether a bacterial filter is used in the breathing \rcircuit.  This information is not required, but may be useful for\rdocumentation.\r ", "type": "typed-literal"}, "number": "18", "flags": "S", "details": "Y:YES;N:NO;", "type": "3", "location": "0;20"}, {"description": {"datatype": "http://www.w3.org/1999/02/22-rdf-syntax-ns#XMLLiteral", "fmType": "5", "fmId": "-1", "value": "This is the anesthesia ventilator tidal volume setting at the end\rof the case.\r ", "type": "typed-literal"}, "number": "19", "flags": "NJ5,0", "location": "0;21", "type": "2", "name": "end_vent_tv"}, {"description": {"datatype": "http://www.w3.org/1999/02/22-rdf-syntax-ns#XMLLiteral", "fmType": "5", "fmId": "-1", "value": "This is the anesthesia ventilator rate setting at the end of the\roperative procedure.\r ", "type": "typed-literal"}, "number": "20", "flags": "NJ4,0", "location": "0;22", "type": "2", "name": "end_vent_rate"}, {"name": "extubated_in", "description": {"datatype": "http://www.w3.org/1999/02/22-rdf-syntax-ns#XMLLiteral", "fmType": "5", "fmId": "-1", "value": "This is the code corresponding to the location wherein the endotracheal\rtube is removed.  This information is not required, but may be useful\rfor documentation, review or concurrent monitoring.\r ", "type": "typed-literal"}, "number": "21", "flags": "S", "details": "O:OR;P:PACU;S:SICU;", "type": "3", "location": "0;23"}, {"name": "reintubated_w_i_8_hrs", "description": {"datatype": "http://www.w3.org/1999/02/22-rdf-syntax-ns#XMLLiteral", "fmType": "5", "fmId": "-1", "value": "This indicates whether the patient required reintubation within 8 hours \rfor ventilatory insufficiency or airway obstruction.  Do not include\rintubation for a following surgical procedure.\r ", "type": "typed-literal"}, "number": "22", "flags": "S", "details": "Y:YES;N:NO;", "type": "3", "location": "0;24"}, {"name": "preoxygenation", "description": {"datatype": "http://www.w3.org/1999/02/22-rdf-syntax-ns#XMLLiteral", "fmType": "5", "fmId": "-1", "value": "This is used to document the process of preoxygenation prior to\rinduction of anesthesia.\r ", "type": "typed-literal"}, "number": "23", "flags": "S", "details": "Y:YES;N:NO;", "type": "3", "location": "0;25"}, {"name": "anesthesia_agents", "description": {"datatype": "http://www.w3.org/1999/02/22-rdf-syntax-ns#XMLLiteral", "fmType": "5", "fmId": "-1", "value": "This is information related to the anesthesia agents used for this\rtechnique.\r \r ", "type": "typed-literal"}, "number": "24", "flags": "130.47PA", "details": "130.47", "type": "9", "location": "1;0"}, {"name": "continuous", "description": {"datatype": "http://www.w3.org/1999/02/22-rdf-syntax-ns#XMLLiteral", "fmType": "5", "fmId": "-1", "value": "This indicates whether a catheter is placed for continuous or intermittent\radministration of a drug for spinal or epidural anesthesia.", "type": "typed-literal"}, "number": "25", "flags": "S", "details": "Y:YES;N:NO;", "type": "3", "location": "2;1"}, {"name": "baricity", "description": {"datatype": "http://www.w3.org/1999/02/22-rdf-syntax-ns#XMLLiteral", "fmType": "5", "fmId": "-1", "value": "This is the code corresponding to the baricity of the anesthesia drug\rfluid vehicle in relationship to the spinal fluid.\r ", "type": "typed-literal"}, "number": "26", "flags": "S", "details": "1:HYPERBARIC;2:HYPOBARIC;3:ISOBARIC;", "type": "3", "location": "2;2"}, {"name": "puncture_site", "description": {"datatype": "http://www.w3.org/1999/02/22-rdf-syntax-ns#XMLLiteral", "fmType": "5", "fmId": "-1", "value": "This is the code corresponding to the spinal or epidural needle\rpuncture site.  This information is not required, but may be useful\rfor documentation and review.\r ", "type": "typed-literal"}, "number": "27", "flags": "S", "details": "1:L2-3;2:L3-4;3:L4-5;4:L5-S1;5:OTHER;", "type": "3", "location": "2;3"}, {"name": "spinal_approach", "description": {"datatype": "http://www.w3.org/1999/02/22-rdf-syntax-ns#XMLLiteral", "fmType": "5", "fmId": "-1", "value": "This is the code corresponding to the approach of the placement of the\rspinal or epidural needle.  This information is not required, but may be\ruseful for documentation and review.\r ", "type": "typed-literal"}, "number": "28", "flags": "S", "details": "M:MIDLINE;L:LATERAL;", "type": "3", "location": "2;4"}, {"name": "needle_size", "description": {"datatype": "http://www.w3.org/1999/02/22-rdf-syntax-ns#XMLLiteral", "fmType": "5", "fmId": "-1", "value": "This is the code corresponding to the needle size used for the spinal\ror epidural technique.  This information is not required, but may be \ruseful for documentation and review.\r ", "type": "typed-literal"}, "number": "29", "flags": "S", "details": "1:20G;2:22G;3:25G;4:16 G TOUHY;5:26G;", "type": "3", "location": "2;5"}, {"name": "epidural_method", "description": {"datatype": "http://www.w3.org/1999/02/22-rdf-syntax-ns#XMLLiteral", "fmType": "5", "fmId": "-1", "value": "This is the code corresponding to the method used to determine the\rplacement of the epidural needle.  This information is not required,  \rbut may be useful for documentation and review.\r ", "type": "typed-literal"}, "number": "30", "flags": "S", "details": "H:HANGING DROP;L:LOSS OF RESISTANCE;B:BOTH;", "type": "3", "location": "3;1"}, {"name": "multiple_attempts", "description": {"datatype": "http://www.w3.org/1999/02/22-rdf-syntax-ns#XMLLiteral", "fmType": "5", "fmId": "-1", "value": "This indicates whether more than one skin puncture was required to achieve\rproper placement of the needle.\r ", "type": "typed-literal"}, "number": "31", "flags": "S", "details": "Y:YES;N:NO;", "type": "3", "location": "3;2"}, {"name": "test_dose", "description": {"datatype": "http://www.w3.org/1999/02/22-rdf-syntax-ns#XMLLiteral", "fmType": "5", "fmId": "-1", "value": "This is information related to the test dose of the anesthesia agent.\r ", "type": "typed-literal"}, "number": "32", "flags": "130.48PA", "details": "130.48", "type": "9", "location": "4;0"}, {"description": {"datatype": "http://www.w3.org/1999/02/22-rdf-syntax-ns#XMLLiteral", "fmType": "5", "fmId": "-1", "value": "This is the volume (mls.) of the test dose fluid vehicle.", "type": "typed-literal"}, "number": "33", "flags": "NJ2,0", "location": "3;3", "type": "2", "name": "test_dose_vol_ml"}, {"name": "dural_puncture", "description": {"datatype": "http://www.w3.org/1999/02/22-rdf-syntax-ns#XMLLiteral", "fmType": "5", "fmId": "-1", "value": "This indicates whether dural puncture is recognized during the epidural \rneedle or catheter placement.  This information is not required.\r ", "type": "typed-literal"}, "number": "34", "flags": "S", "details": "Y:YES;N:NO;", "type": "3", "location": "3;4"}, {"name": "catheter_removed_by", "description": {"datatype": "http://www.w3.org/1999/02/22-rdf-syntax-ns#XMLLiteral", "fmType": "5", "fmId": "-1", "value": "This is the name of the person removing the continuous catheter from\rthe puncture site.  This information is not required, but may be useful\rfor documentation and review.\r ", "type": "typed-literal"}, "number": "35", "flags": "*P200'", "details": "200", "type": "7", "location": "3;5"}, {"name": "administration_method", "description": {"datatype": "http://www.w3.org/1999/02/22-rdf-syntax-ns#XMLLiteral", "fmType": "5", "fmId": "-1", "value": "This is the code corresponding to the method of administration of the\ranesthetic agent.  This information is not required.", "type": "typed-literal"}, "number": "36", "flags": "S", "details": "B:BOLUS;I:INTERMITTENT;D:DRIP INFUSION;", "type": "3", "location": "3;6"}, {"name": "purpose", "description": {"datatype": "http://www.w3.org/1999/02/22-rdf-syntax-ns#XMLLiteral", "fmType": "5", "fmId": "-1", "value": "This is the code corresponding to the reason for using a regional\rtechnique.  This information is not required, but may be useful for\rdocumentation and review.\r ", "type": "typed-literal"}, "number": "37", "flags": "S", "details": "1:FOR SURGICAL PROCEDURE;2:FOR PAIN RELIEF POST-OP;3:FOR CHRONIC PAIN CONTROL;", "type": "3", "location": "3;7"}, {"name": "block_site", "description": {"datatype": "http://www.w3.org/1999/02/22-rdf-syntax-ns#XMLLiteral", "fmType": "5", "fmId": "-1", "value": "This is information about the block site.\r ", "type": "typed-literal"}, "number": "38", "flags": "130.49P", "details": "130.49", "type": "9", "location": "5;0"}, {"name": "extubated_by", "description": {"datatype": "http://www.w3.org/1999/02/22-rdf-syntax-ns#XMLLiteral", "fmType": "5", "fmId": "-1", "value": "This is the name of the person responsible for removing the endotracheal\rtube.  Although optional, this information may be useful for documentation.\r ", "type": "typed-literal"}, "number": "39", "flags": "*P200'", "details": "200", "type": "7", "location": "6;1"}, {"description": {"datatype": "http://www.w3.org/1999/02/22-rdf-syntax-ns#XMLLiteral", "fmType": "5", "fmId": "-1", "value": "These are comments related to anesthesia care for this case.\r ", "type": "typed-literal"}, "number": "40", "flags": "130.5", "location": "7;0", "type": "5", "name": "anesthesia_comments"}, {"name": "monitored_anes_care_y_n", "description": {"datatype": "http://www.w3.org/1999/02/22-rdf-syntax-ns#XMLLiteral", "fmType": "5", "fmId": "-1", "value": "This indicates whether the anesthesia personnel monitored this patient \rwithout anesthesia.  This information is not required, but may be \ruseful for documentation and review.\r ", "type": "typed-literal"}, "number": "41", "flags": "S", "details": "Y:YES;N:NO;", "type": "3", "location": "8;1"}, {"name": "intubated___y_n", "description": {"datatype": "http://www.w3.org/1999/02/22-rdf-syntax-ns#XMLLiteral", "fmType": "5", "fmId": "-1", "value": "This indicates whether an endotracheal tube is placed.\r ", "type": "typed-literal"}, "number": "42", "flags": "S", "details": "Y:YES;N:NO;", "type": "3", "location": "8;2"}, {"name": "level", "description": {"datatype": "http://www.w3.org/1999/02/22-rdf-syntax-ns#XMLLiteral", "fmType": "5", "fmId": "-1", "value": "This is the code corresponding to the neurodermatome anesthesia\rsensory level.\r ", "type": "typed-literal"}, "number": "43", "flags": "S", "details": "T4:T4;T6:T6;T8:T8;T10:T10;T12:T12;ONE-SIDED:ONE-SIDED;", "type": "3", "location": "8;3"}, {"description": {"datatype": "http://www.w3.org/1999/02/22-rdf-syntax-ns#XMLLiteral", "fmType": "5", "fmId": "-1", "value": "This is the date/time that the continuous regional block catheter was\rremoved.  Times entered without a date will be converted to the date\rof the operation at that time.\r ", "type": "typed-literal"}, "number": "44", "flags": "DX", "location": "8;4", "type": "1", "name": "date_time_catheter_removed"}], "fmql": {"TYPELABEL": "ANESTHESIA TECHNIQUE", "TYPE": "130_06", "OP": "DESCRIBE TYPE"}, "name": "ANESTHESIA TECHNIQUE", "parent": "130", "number": "130.06"}