{"name":"SYNONYM","number":"10.21","parent":"10.2","fields":[{"number":".01","flags":"F","name":"SYNONYM","location":"0;1","index":"B","type":"4","inputTransform":"K:$L(X)>16!($L(X)<1) X","description":{"fmId":"-1","fmType":"5","type":"typed-literal","datatype":"http://www.w3.org/1999/02/22-rdf-syntax-ns#XMLLiteral","value":"This field contains another name by which this ethnicity can be called\rup.  When entering this ethnicity, users will be allowed to select either\rthe name of the ethnicity or one of the synonyms."}}],"fmql":{"OP":"DESCRIBE TYPE","TYPE":"10_21","TYPELABEL":"SYNONYM"}}