{"fields": [{"index": "B", "name": "iv_intake_date_time", "number": ".01", "flags": "RDX", "location": "0;1", "type": "1", "description": {"datatype": "http://www.w3.org/1999/02/22-rdf-syntax-ns#XMLLiteral", "fmType": "5", "fmId": "-1", "value": "This field documents the end date/time point for this IV fluid intake\rperiod.  NO FUTURE DATE/TIME OR DATE/TIME BEFORE THE IV STARTED ALLOWED !!!", "type": "typed-literal"}}, {"description": {"datatype": "http://www.w3.org/1999/02/22-rdf-syntax-ns#XMLLiteral", "fmType": "5", "fmId": "-1", "value": "This field contains the amount of solution left in the IV container. \rEnter \"*\" if amount of solution absorbed is unknown.", "type": "typed-literal"}, "number": "1", "flags": "RFX", "location": "0;2", "type": "4", "name": "amount_left"}, {"type": "6", "description": {"datatype": "http://www.w3.org/1999/02/22-rdf-syntax-ns#XMLLiteral", "fmType": "5", "fmId": "-1", "value": "This field contains the amount of IV fluid absorbed.  The amount is computed\rfrom the total volume of the IV solution field value and the records of\rAMOUNT LEFT.", "type": "typed-literal"}, "flags": "CJ8,0", "number": "2", "name": "iv_intake_amount"}, {"name": "entered_by", "description": {"datatype": "http://www.w3.org/1999/02/22-rdf-syntax-ns#XMLLiteral", "fmType": "5", "fmId": "-1", "value": "This field holds the name of the person who entered the data.  Pointer to \rNEW PERSON file (#200).", "type": "typed-literal"}, "number": "3", "flags": "RP200'", "details": "200", "type": "7", "location": "0;4"}, {"name": "hospital_location", "description": {"datatype": "http://www.w3.org/1999/02/22-rdf-syntax-ns#XMLLiteral", "fmType": "5", "fmId": "-1", "value": "This field identifies the hospital location of the patient.  Pointer to \rHOSPITAL LOCATION file (#44).", "type": "typed-literal"}, "number": "4", "flags": "R*P44'", "details": "44", "type": "7", "location": "0;5"}], "fmql": {"TYPELABEL": "IV INTAKE", "TYPE": "126_313", "OP": "DESCRIBE TYPE"}, "name": "IV INTAKE", "parent": "126.03", "number": "126.313"}