{"fields": [{"index": "B", "name": "sequence", "number": ".01", "flags": "MNJ5,1", "location": "0;1", "type": "2", "description": {"datatype": "http://www.w3.org/1999/02/22-rdf-syntax-ns#XMLLiteral", "fmType": "5", "fmId": "-1", "value": "This field specifies the order in which this item will be displayed or\rprocessed.", "type": "typed-literal"}}, {"description": {"datatype": "http://www.w3.org/1999/02/22-rdf-syntax-ns#XMLLiteral", "fmType": "5", "fmId": "-1", "value": "This is code that will be used as the third piece of DIR(0) when asking\rthis prompt.", "type": "typed-literal"}, "number": ".1", "flags": "K", "location": ".1;E1,245", "type": "10", "name": "input_transform"}, {"name": "parent", "description": {"datatype": "http://www.w3.org/1999/02/22-rdf-syntax-ns#XMLLiteral", "fmType": "5", "fmId": "-1", "value": "This field controls the behavior of this prompt.  If a parent is defined\rhere, this prompt will be asked from within the parent's dialog; when it\ris invoked independently based on its position sequence number, the child\rprompt will be ignored.", "type": "typed-literal"}, "number": "1", "flags": "P101.41'", "details": "101.41", "type": "7", "location": "0;11"}, {"index": "AD", "name": "item", "description": {"datatype": "http://www.w3.org/1999/02/22-rdf-syntax-ns#XMLLiteral", "fmType": "5", "fmId": "-1", "value": "This field points to an order dialog which is subordinate to this dialog.\rNOTE:  The parent dialog menu or one of its ancestors may not be entered\ras an item.", "type": "typed-literal"}, "number": "2", "flags": "P101.41'X", "location": "0;2", "type": "7", "details": "101.41"}, {"description": {"datatype": "http://www.w3.org/1999/02/22-rdf-syntax-ns#XMLLiteral", "fmType": "5", "fmId": "-1", "value": "This is a short abbreviation for this item dialog to be used when this\rdialog is displayed for selection.", "type": "typed-literal"}, "number": "3", "flags": "FX", "location": "0;3", "type": "4", "name": "mnemonic"}, {"description": {"datatype": "http://www.w3.org/1999/02/22-rdf-syntax-ns#XMLLiteral", "fmType": "5", "fmId": "-1", "value": "This field allows the text that normally appears for this item to be\rreplaced with alternate text for use in this dialog or menu.", "type": "typed-literal"}, "number": "4", "flags": "FX", "location": "0;4", "type": "4", "name": "display_text"}, {"name": "display_only", "description": {"datatype": "http://www.w3.org/1999/02/22-rdf-syntax-ns#XMLLiteral", "fmType": "5", "fmId": "-1", "value": "This field identifies an item as being free text for display purposes\ronly.  The text in the Display Text field will be displayed, but it\ris not selectable; if designated as a header, the text will be underlined.", "type": "typed-literal"}, "number": "5", "flags": "S", "details": "0:NO;1:YES;2:YES-HEADER;", "type": "3", "location": "0;5"}, {"name": "required", "description": {"datatype": "http://www.w3.org/1999/02/22-rdf-syntax-ns#XMLLiteral", "fmType": "5", "fmId": "-1", "value": "This field indicates that the user must enter a response to this prompt.", "type": "typed-literal"}, "number": "6", "flags": "S", "details": "1:YES;0:NO;", "type": "3", "location": "0;6"}, {"name": "multiple_valued", "description": {"datatype": "http://www.w3.org/1999/02/22-rdf-syntax-ns#XMLLiteral", "fmType": "5", "fmId": "-1", "value": "This field determines if this prompt will be allowed to have multiple\rvalues, or be prompted for only once; if this prompt is a sub-dialog,\rthe entire dialog will be asked once or many times, as a group.", "type": "typed-literal"}, "number": "7", "flags": "S", "details": "1:YES;0:NO;", "type": "3", "location": "0;7"}, {"description": {"datatype": "http://www.w3.org/1999/02/22-rdf-syntax-ns#XMLLiteral", "fmType": "5", "fmId": "-1", "value": "This is the maximum number of values that may be entered for this prompt,\rif it is flagged as being multiple-valued.  For example, a diet order may\rhave up to 5 diet modifications entered, where 5 is the maximum allowed\rthat would be entered here.", "type": "typed-literal"}, "number": "7.1", "flags": "NJ2,0", "location": "0;12", "type": "2", "name": "max_number_of_multiples"}, {"description": {"datatype": "http://www.w3.org/1999/02/22-rdf-syntax-ns#XMLLiteral", "fmType": "5", "fmId": "-1", "value": "This is text that will be used in place of the prompt when the order is\rdisplayed for place, edit, or cancel, or at the top of a multiple-valued\rprompt.  The Display Text for the prompt will be used together with the\rinstance number to prompt for user input; for example if Title=\"Lab Tests:\"\rand Display Text=\"Test:\" the user would see\r  Lab Tests:\r  1. Test:\r  2. Test:", "type": "typed-literal"}, "number": "7.2", "flags": "F", "location": "0;13", "type": "4", "name": "title"}, {"description": {"datatype": "http://www.w3.org/1999/02/22-rdf-syntax-ns#XMLLiteral", "fmType": "5", "fmId": "-1", "value": "This field contains text that will be appended to the beginning of the\rdisplay text when prompting for additional values; if this field is\rempty, then \"Another \" will be used.", "type": "typed-literal"}, "number": "7.3", "flags": "F", "location": "0;14", "type": "4", "name": "prompt"}, {"name": "ask_on_edit_only", "description": {"datatype": "http://www.w3.org/1999/02/22-rdf-syntax-ns#XMLLiteral", "fmType": "5", "fmId": "-1", "value": "This field determines the behaviour of the dialog driver for this prompt;\rif no value or the defined default is usually correct for this prompt,\renter YES here to have this prompt skipped on the first pass through this\rdialog when creating an order.", "type": "typed-literal"}, "number": "8", "flags": "S", "details": "1:YES;0:NO;", "type": "3", "location": "0;8"}, {"description": {"datatype": "http://www.w3.org/1999/02/22-rdf-syntax-ns#XMLLiteral", "fmType": "5", "fmId": "-1", "value": "This field determines the behaviour of the dialog driver for this prompt\rwhen taking a particular action on an order created by this dialog.  If\rthis string contains \"R\", this prompt will be asked when renewing an order;\rif this string contains \"C\", this prompt will be asked when changing an\rorder; if this string contains \"W\", this prompt will be asked when\rrewriting an order.", "type": "typed-literal"}, "number": "9", "flags": "F", "location": "0;9", "type": "4", "name": "ask_on_action"}, {"description": {"datatype": "http://www.w3.org/1999/02/22-rdf-syntax-ns#XMLLiteral", "fmType": "5", "fmId": "-1", "value": "For pointer-type prompts, this is the index to use when searching the file;\rit must be in the form of a regular cross-reference.  To search on multiple\rindices, enter a string of index names separated by semi-colons, i.e. \"B;C\".", "type": "typed-literal"}, "number": "10", "flags": "F", "location": "0;10", "type": "4", "name": "index"}, {"description": {"datatype": "http://www.w3.org/1999/02/22-rdf-syntax-ns#XMLLiteral", "fmType": "5", "fmId": "-1", "value": "This field contains the help message to be presented when the user enters\ra question mark at this prompt.", "type": "typed-literal"}, "number": "11", "flags": "F", "location": "1;1", "type": "4", "name": "help_message"}, {"description": {"datatype": "http://www.w3.org/1999/02/22-rdf-syntax-ns#XMLLiteral", "fmType": "5", "fmId": "-1", "value": "This field contains a routine to execute that will replace the standard\rDIC lookup for this prompt; it must be entered here as LINETAG;ROUTINE\rusing a ; instead of ^ and where LINETAG is optional.", "type": "typed-literal"}, "number": "12", "flags": "F", "location": "1;2", "type": "4", "name": "special_lookup_routine"}, {"description": {"datatype": "http://www.w3.org/1999/02/22-rdf-syntax-ns#XMLLiteral", "fmType": "5", "fmId": "-1", "value": "This is MUMPS code that sets $T to determine if this prompt should be asked\ror simply given a default value and presented to the user for acceptance\ror editing.  For example, the prompt \"Pregnant: \" may have code here to\rcheck the sex of the current patient, i.e. I ORSEX=\"F\" will allow it to be\rasked only for female patients.", "type": "typed-literal"}, "number": "13", "flags": "K", "location": "3;E1,245", "type": "10", "name": "ask_on_condition"}, {"description": {"datatype": "http://www.w3.org/1999/02/22-rdf-syntax-ns#XMLLiteral", "fmType": "5", "fmId": "-1", "value": "For pointer-type prompts, this field may contain MUMPS code that will be\rset into DIC(\"S\") to screen the possible choices in the pointed-to file.", "type": "typed-literal"}, "number": "14", "flags": "K", "location": "4;E1,245", "type": "10", "name": "screen"}, {"description": {"datatype": "http://www.w3.org/1999/02/22-rdf-syntax-ns#XMLLiteral", "fmType": "5", "fmId": "-1", "value": "This is code that will be executed after a response is entered to this\rprompt; if this prompt should be re-asked, kill the variable DONE.\rIf execution of the ordering dialog should be stopped, set ORQUIT=1.", "type": "typed-literal"}, "number": "15", "flags": "K", "location": "5;E1,245", "type": "10", "name": "postselection_action"}, {"description": {"datatype": "http://www.w3.org/1999/02/22-rdf-syntax-ns#XMLLiteral", "fmType": "5", "fmId": "-1", "value": "This is code that is to be executed when the user enters two or more\rquestion marks at this prompt.", "type": "typed-literal"}, "number": "16", "flags": "K", "location": "6;E1,245", "type": "10", "name": "xecutable_help"}, {"description": {"datatype": "http://www.w3.org/1999/02/22-rdf-syntax-ns#XMLLiteral", "fmType": "5", "fmId": "-1", "value": "This is code that is to be executed to determine the appropriate default\rvalue for this prompt, setting Y=internal form of this value.", "type": "typed-literal"}, "number": "17", "flags": "K", "location": "7;E1,245", "type": "10", "name": "default"}, {"description": {"datatype": "http://www.w3.org/1999/02/22-rdf-syntax-ns#XMLLiteral", "fmType": "5", "fmId": "-1", "value": "This is default text to be stuffed into this word-processing prompt.", "type": "typed-literal"}, "number": "18", "flags": "101.41218", "location": "8;0", "type": "5", "name": "default_wordprocessing_text"}, {"description": {"datatype": "http://www.w3.org/1999/02/22-rdf-syntax-ns#XMLLiteral", "fmType": "5", "fmId": "-1", "value": "This is code that will be executed at the beginning of the processing of\rthis prompt, before the Default and Ask on Condition fields are executed;\rany special setup required for this field should be done here.", "type": "typed-literal"}, "number": "19", "flags": "K", "location": "9;E1,245", "type": "10", "name": "entry_action"}, {"description": {"datatype": "http://www.w3.org/1999/02/22-rdf-syntax-ns#XMLLiteral", "fmType": "5", "fmId": "-1", "value": "This is code that will be executed at the very end of the processing of\rthis prompt, after prompting and the Validation field is executed;\rany special cleanup should be done here.", "type": "typed-literal"}, "number": "20", "flags": "K", "location": "10;E1,245", "type": "10", "name": "exit_action"}, {"index": "ATXT", "name": "order_text_sequence", "number": "21", "flags": "NJ5,2", "location": "2;1", "type": "2", "description": {"datatype": "http://www.w3.org/1999/02/22-rdf-syntax-ns#XMLLiteral", "fmType": "5", "fmId": "-1", "value": "This field indicates the order in which values will be concatenated\rtogether to build the order text; this may differ from the prompting\rorder defined in the .01 Sequence field.", "type": "typed-literal"}}, {"description": {"datatype": "http://www.w3.org/1999/02/22-rdf-syntax-ns#XMLLiteral", "fmType": "5", "fmId": "-1", "value": "This is a string of characters that will define any exceptions to how\rthe external form of this value is generated.  Possible values include:\r  Pointer         -> <field #>~<piece in RPC list of field #>, default =.01\r  Set of Codes    -> 1~<piece in RPC list of code> to use code for name\r  Date/Time       -> Format string to pass $$FMTE^XLFDT (default = 2)\r  \r  Suppress value  -> @\r  Replace value   -> @<ptr> where ptr is the Dialog IEN of the prompt\r                      whose value, when present, supersedes this value\r  Required value  -> *<ptr> where ptr is the Dialog IEN of the prompt\r                      whose value is required to be present to include\r                      this value\r  Ignore if same  -> =<ptr> where ptr is the Dialog IEN of the prompt\r                      whose value, if the external form is the same,\r                      supersedes this value", "type": "typed-literal"}, "number": "22", "flags": "F", "location": "2;2", "type": "4", "name": "format"}, {"description": {"datatype": "http://www.w3.org/1999/02/22-rdf-syntax-ns#XMLLiteral", "fmType": "5", "fmId": "-1", "value": "This is the external form of a value that is not to be included when building\rthe order text.  E.g. to include the urgency in the order text unless it\ris routine, enter \"ROUTINE\" here.", "type": "typed-literal"}, "number": "23", "flags": "F", "location": "2;3", "type": "4", "name": "omit_text"}, {"description": {"datatype": "http://www.w3.org/1999/02/22-rdf-syntax-ns#XMLLiteral", "fmType": "5", "fmId": "-1", "value": "This field contains text that will be appended to the order text\rimmediately in front of this value, e.g. \"Instructions:\".  If this text\ris contained in a variable, enter @NAME where NAME is the variable name.", "type": "typed-literal"}, "number": "24", "flags": "F", "location": "2;4", "type": "4", "name": "leading_text"}, {"description": {"datatype": "http://www.w3.org/1999/02/22-rdf-syntax-ns#XMLLiteral", "fmType": "5", "fmId": "-1", "value": "This field contains text that will be appended to the order text\rimmediately following this value, e.g. \"refills\".  If this text is\rcontained in a variable, enter @NAME where NAME is the variable name.", "type": "typed-literal"}, "number": "25", "flags": "F", "location": "2;5", "type": "4", "name": "trailing_text"}, {"name": "start_new_line", "description": {"datatype": "http://www.w3.org/1999/02/22-rdf-syntax-ns#XMLLiteral", "fmType": "5", "fmId": "-1", "value": "This field determines if this value is concatenated onto the current line\rwhen building the order text, or if a new line is started with this value.", "type": "typed-literal"}, "number": "26", "flags": "S", "details": "1:YES;0:NO;", "type": "3", "location": "2;6"}, {"name": "wordwrap", "description": {"datatype": "http://www.w3.org/1999/02/22-rdf-syntax-ns#XMLLiteral", "fmType": "5", "fmId": "-1", "value": "This field determines if this text should be wrapped when added to the\rorder text, or appended line by line as stored in the file; this is only\rused for word-processing type prompts.", "type": "typed-literal"}, "number": "27", "flags": "S", "details": "1:DON'T WRAP;0:WRAP;", "type": "3", "location": "2;7"}, {"description": {"datatype": "http://www.w3.org/1999/02/22-rdf-syntax-ns#XMLLiteral", "fmType": "5", "fmId": "-1", "value": "Stores the type of Windows control necessary to get the data for this\rprompt.", "type": "typed-literal"}, "number": "101", "flags": "F", "location": "W;1", "type": "4", "name": "windows_control"}, {"description": {"datatype": "http://www.w3.org/1999/02/22-rdf-syntax-ns#XMLLiteral", "fmType": "5", "fmId": "-1", "value": "This is the API that should be called when the control is used.  How the API\ris used varys with the control.  Examples are: filling list boxes, getting\rboilerplate text, etc.", "type": "typed-literal"}, "number": "102", "flags": "F", "location": "W;2", "type": "4", "name": "api_name"}, {"description": {"datatype": "http://www.w3.org/1999/02/22-rdf-syntax-ns#XMLLiteral", "fmType": "5", "fmId": "-1", "value": "A parameter that is used by the API call may be stored here.", "type": "typed-literal"}, "number": "103", "flags": "F", "location": "W;3", "type": "4", "name": "api_parameter_1"}, {"description": {"datatype": "http://www.w3.org/1999/02/22-rdf-syntax-ns#XMLLiteral", "fmType": "5", "fmId": "-1", "value": "This is silent code that is executed when building the dialog for windows.\rIt identifies which prompts should be included in the dialog.  The condition\rshould leave $T false if the prompt should not be asked.", "type": "typed-literal"}, "number": "113", "flags": "K", "location": "W3;E1,245", "type": "10", "name": "windows_condition"}, {"description": {"datatype": "http://www.w3.org/1999/02/22-rdf-syntax-ns#XMLLiteral", "fmType": "5", "fmId": "-1", "value": "This code should silently set the default value of a prompt when it is \rselected.", "type": "typed-literal"}, "number": "117", "flags": "K", "location": "W7;E1,245", "type": "10", "name": "windows_default"}], "fmql": {"TYPELABEL": "ITEMS", "TYPE": "101_412", "OP": "DESCRIBE TYPE"}, "name": "ITEMS", "parent": "101.41", "number": "101.412"}