{"fields": [{"index": "B", "name": "date_time_of_action_entry", "number": ".01", "flags": "RDX", "location": "0;1", "type": "1", "description": {"datatype": "http://www.w3.org/1999/02/22-rdf-syntax-ns#XMLLiteral", "fmType": "5", "fmId": "-1", "value": "This is the actual date and time the activity tracking update was added\rto the REQUEST PROCESSING ACTIVITY multiple.", "type": "typed-literal"}}, {"description": {"datatype": "http://www.w3.org/1999/02/22-rdf-syntax-ns#XMLLiteral", "fmType": "5", "fmId": "-1", "value": "This is the free text name of the individual that entered this activity \rat the facility referenced in the ROUTING FACILITY field. \r \rThis field will only be popluated for activities entered on a remote \rVistA system for an inter-facility consult. ", "type": "typed-literal"}, "number": ".21", "flags": "F", "location": "2;1", "type": "4", "name": "remote_entering_person"}, {"description": {"datatype": "http://www.w3.org/1999/02/22-rdf-syntax-ns#XMLLiteral", "fmType": "5", "fmId": "-1", "value": "This is the free text name of the individual that is responsible for this \ractivity at the facility referenced in the ROUTING FACILITY field.\r \rThis field will only be popluated for activities entered on a remote\rVistA system for an inter-facility consult.         ", "type": "typed-literal"}, "number": ".22", "flags": "F", "location": "2;2", "type": "4", "name": "remote_responsible_person"}, {"description": {"datatype": "http://www.w3.org/1999/02/22-rdf-syntax-ns#XMLLiteral", "fmType": "5", "fmId": "-1", "value": "This is the short representation of the time zone in which this activity \rtook place.  When an inter-facility consult update message is generated at\ra remote facility, the current MAILMAN TIME ZONE at that facility is sent \rwith the message and stored in this field.", "type": "typed-literal"}, "number": ".23", "flags": "F", "location": "2;3", "type": "4", "name": "remote_activity_time_zone"}, {"description": {"datatype": "http://www.w3.org/1999/02/22-rdf-syntax-ns#XMLLiteral", "fmType": "5", "fmId": "-1", "value": "This field will contain a reference to a  result stored on a remote\rVistA system. \r \rResult will be in form: \r  ien;source file of result;institution ien where result resides", "type": "typed-literal"}, "number": ".24", "flags": "F", "location": "2;4", "type": "4", "name": "remote_result"}, {"description": {"datatype": "http://www.w3.org/1999/02/22-rdf-syntax-ns#XMLLiteral", "fmType": "5", "fmId": "-1", "value": "This field will hold the date/time this particular activity was filed at \rthe remote facility.  This field will be used in conjunction with the \rDATE/TIME OF ACTUAL ACTIVITY field to detect and reject the filing of \rduplicate activities.", "type": "typed-literal"}, "number": ".25", "flags": "D", "location": "2;5", "type": "1", "name": "remote_date_time_of_filing"}, {"description": {"datatype": "http://www.w3.org/1999/02/22-rdf-syntax-ns#XMLLiteral", "fmType": "5", "fmId": "-1", "value": "This field holds the name of the service that the inter-facility consult\rwas was directed to at the remote site prior to being forwarded.", "type": "typed-literal"}, "number": ".31", "flags": "F", "location": "3;1", "type": "4", "name": "previous_remote_service_name"}, {"name": "activity", "description": {"datatype": "http://www.w3.org/1999/02/22-rdf-syntax-ns#XMLLiteral", "fmType": "5", "fmId": "-1", "value": "This is the activity that is being updated.", "type": "typed-literal"}, "number": "1", "flags": "P123.1'", "details": "123.1", "type": "7", "location": "0;2"}, {"description": {"datatype": "http://www.w3.org/1999/02/22-rdf-syntax-ns#XMLLiteral", "fmType": "5", "fmId": "-1", "value": "The Date and time the actual activity was done.  This may be different \rthan the DATE/TIME OF ACTION ENTRY for certain actions.", "type": "typed-literal"}, "number": "2", "flags": "DX", "location": "0;3", "type": "1", "name": "date_time_of_actual_activity"}, {"name": "whos_responsible_for_activity", "description": {"datatype": "http://www.w3.org/1999/02/22-rdf-syntax-ns#XMLLiteral", "fmType": "5", "fmId": "-1", "value": "The clinician or service person responsible for the activity.", "type": "typed-literal"}, "number": "3", "flags": "RP200'", "details": "200", "type": "7", "location": "0;4"}, {"name": "who_entered_activity", "number": "4", "flags": "RP200'", "details": "200", "type": "7", "location": "0;5"}, {"description": {"datatype": "http://www.w3.org/1999/02/22-rdf-syntax-ns#XMLLiteral", "fmType": "5", "fmId": "-1", "value": "A comment may be added here which would be associated with the Action\rType selected at the \"Select Action: \" prompt.", "type": "typed-literal"}, "number": "5", "flags": "123.25", "location": "1;0", "type": "5", "name": "comment"}, {"name": "forwarded_from", "description": {"datatype": "http://www.w3.org/1999/02/22-rdf-syntax-ns#XMLLiteral", "fmType": "5", "fmId": "-1", "value": "This is the Service which forwarded the Consult to the new TO SERVICE.\rIt is maintained for an audit trail.", "type": "typed-literal"}, "number": "6", "flags": "P123.5'", "details": "123.5", "type": "7", "location": "0;6"}, {"name": "previously_assigned_to", "description": {"datatype": "http://www.w3.org/1999/02/22-rdf-syntax-ns#XMLLiteral", "fmType": "5", "fmId": "-1", "value": "This is the provider who was previously identified in the ATTENTION (#7) \rfield of the REQUEST/CONSULTATION (#123) file.", "type": "typed-literal"}, "number": "7", "flags": "P200'", "details": "200", "type": "7", "location": "0;7"}, {"name": "printed_to", "description": {"datatype": "http://www.w3.org/1999/02/22-rdf-syntax-ns#XMLLiteral", "fmType": "5", "fmId": "-1", "value": "This is the printer that the CONSULT FORM 513 was printed to upon the\rorders release from OE/RR or when the Consult/Request order is forwarded\rfrom one service to another.", "type": "typed-literal"}, "number": "8", "flags": "P3.5'", "details": "3.5", "type": "7", "location": "0;8"}, {"name": "result", "description": {"datatype": "http://www.w3.org/1999/02/22-rdf-syntax-ns#XMLLiteral", "fmType": "5", "fmId": "-1", "value": "This is the result that was updated when this activity occurred.", "type": "typed-literal"}, "number": "9", "flags": "V", "details": "8925", "type": "8", "location": "0;9"}, {"name": "action_method", "description": {"datatype": "http://www.w3.org/1999/02/22-rdf-syntax-ns#XMLLiteral", "fmType": "5", "fmId": "-1", "value": "The action method will identify how the user performed the action, from a\rconsults menu, Order entry menu, a GUI menu, or a TIU interface.", "type": "typed-literal"}, "number": "10", "flags": "S", "details": "1:Consult Actions;2:Order Actions;3:GUI Actions;4:TIU Interface;", "type": "3", "location": "0;10"}], "fmql": {"TYPELABEL": "REQUEST PROCESSING ACTIVITY", "TYPE": "123_02", "OP": "DESCRIBE TYPE"}, "name": "REQUEST PROCESSING ACTIVITY", "parent": "123", "number": "123.02"}