{"name":"START TIME","number":"131.705","parent":"131.704","fields":[{"number":".01","flags":"FI","name":"START TIME","location":"0;1","index":"B","type":"4","inputTransform":"K:$L(X)>5!($L(X)<1) X","description":{"fmId":"-1","fmType":"5","type":"typed-literal","datatype":"http://www.w3.org/1999/02/22-rdf-syntax-ns#XMLLiteral","value":"This is the time that the blockout begins.\r "}},{"number":"1","flags":"FI","name":"END TIME","location":"0;2","type":"4","inputTransform":"K:X[\"\"\"\"!($A(X)=45) X I $D(X) K:$L(X)>5!($L(X)<1) X","description":{"fmId":"-1","fmType":"5","type":"typed-literal","datatype":"http://www.w3.org/1999/02/22-rdf-syntax-ns#XMLLiteral","value":"This is the time that the blockout ends.\r "}},{"number":"2","flags":"FI","name":"HOW OFTEN","location":"0;3","type":"4","inputTransform":"K:$L(X)>3!($L(X)<1) X","description":{"fmId":"-1","fmType":"5","type":"typed-literal","datatype":"http://www.w3.org/1999/02/22-rdf-syntax-ns#XMLLiteral","value":"This indicates how often this blockout should occur.  For example,\revery week, once per month, or every other week.\r "}}],"fmql":{"OP":"DESCRIBE TYPE","TYPE":"131_705","TYPELABEL":"START TIME"}}