{"name":"TIME ADM","number":"130.34","parent":"130.33","fields":[{"number":".01","flags":"DX","name":"TIME ADM","location":"0;1","type":"1","inputTransform":"S Z=$E($P(^SRF($S($D(SRTN):SRTN,1:DA(2)),0),\"^\",9),1,7),X=$S(X?1.4N.A!(X?1.2N1\":\"2N.A):Z_\"@\"_X,1:X) K %DT,Z S %DT=\"ERTX\" D ^%DT S X=Y K:Y<1 X","description":{"fmId":"-1","fmType":"5","type":"typed-literal","datatype":"http://www.w3.org/1999/02/22-rdf-syntax-ns#XMLLiteral","value":"This is the date and time that this medication was administered.\r "}},{"number":"1","flags":"FX","name":"DOSE","location":"0;2","type":"4","inputTransform":"N SRX K:$L(X)>15!($L(X)<1) X I $D(X) S SRX=$P(X,+X,2),X=+X D ZERO^SROUTL1 S X=X_SRX","description":{"fmId":"-1","fmType":"5","type":"typed-literal","datatype":"http://www.w3.org/1999/02/22-rdf-syntax-ns#XMLLiteral","value":"This is the dose of the medication, including units (mg, ml, etc.), \rgiven at this time. Although optional, this information may be useful\rin documentation of this case."}},{"number":"2","flags":"*P200'","name":"ORDERED BY","location":"0;3","type":"7","details":"200","inputTransform":"S DIC(\"S\")=\"S RESTRICT=\"\"130.34,2\"\" D KEY^SROXPR I $D(SROK)\" D ^DIC K DIC S DIC=DIE,X=+Y K:Y<0 X","description":{"fmId":"-1","fmType":"5","type":"typed-literal","datatype":"http://www.w3.org/1999/02/22-rdf-syntax-ns#XMLLiteral","value":"This is the name of the person ordering this dose of medication.  This\rinformation is optional, but may be useful in documentation.\r "}},{"number":"3","flags":"*P200'","name":"ADMIN BY","location":"0;4","type":"7","details":"200","inputTransform":"S DIC(\"S\")=\"S RESTRICT=\"\"130.34,3\"\" D KEY^SROXPR I $D(SROK)\" D ^DIC K DIC S DIC=DIE,X=+Y K:Y<0 X","description":{"fmId":"-1","fmType":"5","type":"typed-literal","datatype":"http://www.w3.org/1999/02/22-rdf-syntax-ns#XMLLiteral","value":"This is the name of the person administering this dose of the\rmedication.  This information is optional, but may be useful for\rdocumentation of the case.\r "}},{"number":"4","flags":"S","name":"ROUTE","location":"0;5","type":"3","details":"IV:INTRAVENOUS;T:TOPICAL;IR:IRRIGATION;IM:INTRAMUSCULAR;R:RECTAL;S:SUBLINGUAL;SC:SUBCUTANEOUS;IN:INFILTRATE;O:OTHER;P:PREPUMP;OR:ORAL;","description":{"fmId":"-1","fmType":"5","type":"typed-literal","datatype":"http://www.w3.org/1999/02/22-rdf-syntax-ns#XMLLiteral","value":"This is the code corresponding to the route of administration of the\rmedication.\r "}},{"number":"5","flags":"F","name":"MEDICATION COMMENTS","location":"0;6","type":"4","inputTransform":"K:$L(X)>60!($L(X)<2) X","description":{"fmId":"-1","fmType":"5","type":"typed-literal","datatype":"http://www.w3.org/1999/02/22-rdf-syntax-ns#XMLLiteral","value":"These are comments pertaining to the administration of the medication\rat this time.\r "}}],"fmql":{"OP":"DESCRIBE TYPE","TYPE":"130_34","TYPELABEL":"TIME ADM"}}