{"name":"SUPPLEMENTAL FEEDINGS","number":"118","location":"^FH(118,","count":"1","lastIEN":"1","description":{"fmId":"-1","fmType":"5","type":"typed-literal","datatype":"http://www.w3.org/1999/02/22-rdf-syntax-ns#XMLLiteral","value":"This file contains all items served as supplemental feedings.\rWhen appropriate, it may include combinations such as ice cream\rwith spoon. Items designed for bulk delivery to the wards are\ralso contained in this file."},"version":"5.5","vpackage":"DIETETICS","fields":[{"number":".01","flags":"RF","name":"NAME","location":"0;1","index":"B","type":"4","inputTransform":"K:$L(X)>20!($L(X)<3)!'(X'?1P.E)!(X'?.ANP) X","description":{"fmId":"-1","fmType":"5","type":"typed-literal","datatype":"http://www.w3.org/1999/02/22-rdf-syntax-ns#XMLLiteral","value":"This field contains the name of the Supplemental Feeding."}},{"number":"1","flags":"118.01","name":"SYNONYM","location":"S;0","type":"9","details":"118.01","description":{"fmId":"-1","fmType":"5","type":"typed-literal","datatype":"http://www.w3.org/1999/02/22-rdf-syntax-ns#XMLLiteral","value":"This field allows for a number of synonyms for the supplemental\rfeeding to be entered."}},{"number":"5","flags":"S","name":"LABEL?","location":"0;2","type":"3","details":"Y:YES;N:NO;","description":{"fmId":"-1","fmType":"5","type":"typed-literal","datatype":"http://www.w3.org/1999/02/22-rdf-syntax-ns#XMLLiteral","value":"This field, when answered NO, means that a label will not\rbe produced for this item when separate supplemental feeding\rlabels for each item have been specified in the site\rparameters."}},{"number":"7","flags":"S","name":"VEHICLE FOR MEDS?","location":"0;4","type":"3","details":"Y:YES;N:NO;","description":{"fmId":"-1","fmType":"5","type":"typed-literal","datatype":"http://www.w3.org/1999/02/22-rdf-syntax-ns#XMLLiteral","value":"This field, when answered YES, means that the supplemental\rfeeding is typically used as a vehicle for meds."}},{"number":"10","flags":"S","name":"BULK ONLY?","location":"0;3","type":"3","details":"Y:YES;N:NO;","description":{"fmId":"-1","fmType":"5","type":"typed-literal","datatype":"http://www.w3.org/1999/02/22-rdf-syntax-ns#XMLLiteral","value":"This field, when answered YES, means that this supplemental\rfeeding item can ONLY be selected as a bulk feeding for ward\rdelivery and may not be selected as an individual feeding item."}},{"number":"11","flags":"P114'","name":"CORRESPONDING RECIPE","location":"0;7","type":"7","details":"114","description":{"fmId":"-1","fmType":"5","type":"typed-literal","datatype":"http://www.w3.org/1999/02/22-rdf-syntax-ns#XMLLiteral","value":"This field is a pointer to the recipe in file 114 (the Recipe file)\rwhich contains the ingredients for this feeding. Cost and other data\rfor this feeding will be retrieved from the recipe file."}},{"number":"20","flags":"CJ8,2","name":"COST","type":"6","computation":"X ^DD(118,20,9.2) S X=$P(Y(118,20,101),U,13) S D0=Y(118,20,80) S X=$J(X,0,2)","description":{"fmId":"-1","fmType":"5","type":"typed-literal","datatype":"http://www.w3.org/1999/02/22-rdf-syntax-ns#XMLLiteral","value":"This is the portion cost of the supplemental feeding and is a\rcomputed field which obtains the value from the recipe file based\rupon the 'Corresponding Recipe' pointer."}},{"number":"99","flags":"S","name":"INACTIVE?","location":"I;1","type":"3","details":"Y:YES;N:NO;","description":{"fmId":"-1","fmType":"5","type":"typed-literal","datatype":"http://www.w3.org/1999/02/22-rdf-syntax-ns#XMLLiteral","value":"This field, when answered YES, means that further selection of\rthis item by dietetic personnel is prohibited."}}],"fmql":{"OP":"DESCRIBE TYPE","TYPE":"118","TYPELABEL":"SUPPLEMENTAL FEEDINGS"}}