{"fields": [{"name": "other_associated_diagnosis", "description": {"datatype": "http://www.w3.org/1999/02/22-rdf-syntax-ns#XMLLiteral", "fmType": "5", "fmId": "-1", "value": "This is a diagnosis associated with the other procedure.", "type": "typed-literal"}, "number": ".01", "flags": "MP80'", "details": "80", "type": "7", "location": "0;1"}], "fmql": {"TYPELABEL": "OTHER ASSOCIATED DIAGNOSES", "TYPE": "136_32", "OP": "DESCRIBE TYPE"}, "name": "OTHER ASSOCIATED DIAGNOSES", "parent": "136.03", "number": "136.32"}