{"name":"DRUG INGREDIENTS","number":"120.824","parent":"120.82","fields":[{"number":".01","flags":"M*P50.416'","name":"DRUG INGREDIENT","location":"0;1","index":"B","type":"7","details":"50.416","inputTransform":"S DIC(\"S\")=\"N GMRA S GMRA=$P(^(0),U) X \"\"I $L(GMRA),$D(^PS(50.416,\"\"\"\"P\"\"\"\",GMRA,Y))\"\" Q\" D ^DIC K DIC S DIC=DIE,X=+Y K:Y<0 X","description":{"fmId":"-1","fmType":"5","type":"typed-literal","datatype":"http://www.w3.org/1999/02/22-rdf-syntax-ns#XMLLiteral","value":"This is one of the drug ingredients that make up this causative agent.\rMust be a primary ingredient."}}],"fmql":{"OP":"DESCRIBE TYPE","TYPE":"120_824","TYPELABEL":"DRUG INGREDIENTS"}}