{"name":"LAB RESULTS","number":"100.518","parent":"100.05","fields":[{"number":".01","flags":"D","name":"RESULTS DATE/TIME","location":"0;1","index":"B","type":"1","inputTransform":"S %DT=\"E\" D ^%DT S X=Y K:X<1 X"},{"number":"1","flags":"F","name":"WBC TEST NAME","location":"0;2","type":"4","inputTransform":"K:$L(X)>40!($L(X)<3) X"},{"number":"2","flags":"NJ9,3X","name":"WBC RESULT","location":"0;3","type":"2","inputTransform":"K:+X'=X!(X>99999)!(X<0)!(X?.E1\".\"4.N) X"},{"number":"3","flags":"F","name":"ANC TEST NAME","location":"0;4","type":"4","inputTransform":"K:$L(X)>40!($L(X)<3) X"},{"number":"4","flags":"NJ9,3","name":"ANC RESULT","location":"0;5","type":"2","inputTransform":"K:+X'=X!(X>99999)!(X<0)!(X?.E1\".\"4.N) X"}],"fmql":{"OP":"DESCRIBE TYPE","TYPE":"100_518","TYPELABEL":"LAB RESULTS"}}