{"name":"Monitors","number":"115.11","parent":"115.01","fields":[{"number":".01","flags":"F","name":"Monitors","location":"0;1","index":"B","type":"4","inputTransform":"K:$L(X)>60!($L(X)<3) X","description":{"fmId":"-1","fmType":"5","type":"typed-literal","datatype":"http://www.w3.org/1999/02/22-rdf-syntax-ns#XMLLiteral","value":"This field contains Performance Monitors occurring during\rthis admission."}},{"number":"1","flags":"RD","name":"DATE/TIME","location":"0;2","index":"AC","type":"1","inputTransform":"S %DT=\"ESTX\" D ^%DT S X=Y K:Y<1 X","description":{"fmId":"-1","fmType":"5","type":"typed-literal","datatype":"http://www.w3.org/1999/02/22-rdf-syntax-ns#XMLLiteral","value":"|TAB|This is the date/time the monitor was entered."}},{"number":"2","flags":"F","name":"COMMENT","location":"0;3","type":"4","inputTransform":"K:$L(X)>60!($L(X)<3) X","description":{"fmId":"-1","fmType":"5","type":"typed-literal","datatype":"http://www.w3.org/1999/02/22-rdf-syntax-ns#XMLLiteral","value":"This is a comment entered by the person clearing the monitor.\rIt should reflect the action taken."}},{"number":"3","flags":"P200'","name":"CLEARED BY","location":"0;4","type":"7","details":"200","description":{"fmId":"-1","fmType":"5","type":"typed-literal","datatype":"http://www.w3.org/1999/02/22-rdf-syntax-ns#XMLLiteral","value":"This is a pointer to the person clearing the monitor."}},{"number":"5","flags":"D","name":"DATE/TIME CLEARED","location":"0;5","type":"1","inputTransform":"S %DT=\"ESTX\" D ^%DT S X=Y K:Y<1 X","description":{"fmId":"-1","fmType":"5","type":"typed-literal","datatype":"http://www.w3.org/1999/02/22-rdf-syntax-ns#XMLLiteral","value":"This is the date/time the monitor was cleared."}},{"number":"6","flags":"NJ9,3","name":"MONITOR VALUE","location":"0;6","type":"2","inputTransform":"K:+X'=X!(X>99999)!(X<0)!(X?.E1\".\"4.N) X","description":{"fmId":"-1","fmType":"5","type":"typed-literal","datatype":"http://www.w3.org/1999/02/22-rdf-syntax-ns#XMLLiteral","value":"This is a value of a specific monitor."}}],"fmql":{"OP":"DESCRIBE TYPE","TYPE":"115_11","TYPELABEL":"Monitors"}}