{"name":"SIGN/SYMPTOMS","number":"120.83","location":"^GMRD(120.83,","count":"558","lastIEN":"564","description":{"fmId":"-1","fmType":"5","type":"typed-literal","datatype":"http://www.w3.org/1999/02/22-rdf-syntax-ns#XMLLiteral","value":"A listing of possible allergic reactions.\r \rPer VHA directive XXX, this file has been \"locked down\" by Data\rStandardization (DS).  The file definition (i.e. data dictionary) shall\rnot be modified.  All additions, changes and deletions to entries in the\rfile shall be done by Enterprise Reference Terminology (ERT) using the\rMaster File Server (MFS), provided by Common Services (CS).  Creating\rand/or editing locally defined fields in the file are not permitted.  Use\rof locally defined fields that were created prior to VHA Directive XXX\rshall not be supported."},"version":"4.0","vpackage":"ADVERSE REACTION TRACKING","fields":[{"number":".01","flags":"RF","name":"NAME","location":"0;1","index":"B","type":"4","inputTransform":"K:X[\"\"\"\"!($A(X)=45) X I $D(X) K:$L(X)>30!($L(X)<3)!'(X'?1P.E) X","description":{"fmId":"-1","fmType":"5","type":"typed-literal","datatype":"http://www.w3.org/1999/02/22-rdf-syntax-ns#XMLLiteral","value":"A sign/symptom that can be associated with an allergy."}},{"number":"1","flags":"SX","name":"NATIONAL SIGN/SYMPTOM","location":"0;2","type":"3","details":"1:NATIONAL SIGN/SYMPTOM;","description":{"fmId":"-1","fmType":"5","type":"typed-literal","datatype":"http://www.w3.org/1999/02/22-rdf-syntax-ns#XMLLiteral","value":"Indicates whether this sign/symptom has been released with the national\rpackage or has been added locally."}},{"number":"2","flags":"120.832","name":"SYNONYM","location":"2;0","type":"9","details":"120.832","description":{"fmId":"-1","fmType":"5","type":"typed-literal","datatype":"http://www.w3.org/1999/02/22-rdf-syntax-ns#XMLLiteral","value":"A list of synonyms that can also be used to look up this sign/symptom."}},{"number":"99.98","flags":"RSI","name":"MASTER ENTRY FOR VUID","location":"VUID;2","type":"3","details":"1:YES;0:NO;","description":{"fmId":"-1","fmType":"5","type":"typed-literal","datatype":"http://www.w3.org/1999/02/22-rdf-syntax-ns#XMLLiteral","value":"This field identifies the Master entry for a VUID associated with\ra Term/Concept."}},{"number":"99.99","flags":"RFXI","name":"VUID","location":"VUID;1","index":"AVUID","type":"4","inputTransform":"S X=+X K:$L(X)>20!($L(X)<1)!'(X?1.20N) X","description":{"fmId":"-1","fmType":"5","type":"typed-literal","datatype":"http://www.w3.org/1999/02/22-rdf-syntax-ns#XMLLiteral","value":"VHA Unique ID (VUID).  A unique meaningless integer assigned to\rreference terms VHA wide."}},{"number":"99.991","flags":"120.8399DA","name":"EFFECTIVE DATE/TIME","location":"TERMSTATUS;0","type":"9","details":"120.8399","description":{"fmId":"-1","fmType":"5","type":"typed-literal","datatype":"http://www.w3.org/1999/02/22-rdf-syntax-ns#XMLLiteral","value":"Describes the pair status and effective date/time for each\rreference term."}}],"fmql":{"OP":"DESCRIBE TYPE","TYPE":"120_83","TYPELABEL":"SIGN/SYMPTOMS"}}