{"fields": [{"description": {"datatype": "http://www.w3.org/1999/02/22-rdf-syntax-ns#XMLLiteral", "fmType": "5", "fmId": "-1", "value": "This is the number of the entry.", "type": "typed-literal"}, "number": ".001", "flags": "NJ4,0X", "location": " ", "type": "2", "name": "number"}, {"index": "B", "name": "system_parameters", "number": ".01", "flags": "MRF", "location": "0;1", "type": "4", "description": {"datatype": "http://www.w3.org/1999/02/22-rdf-syntax-ns#XMLLiteral", "fmType": "5", "fmId": "-1", "value": "This is the name of the system as found in the global node\r^%ZOSF(\"VOL\").  An entry should be made here for each CPU\rsystem that generates orders.", "type": "typed-literal"}}, {"name": "event_filer_shutdown", "description": {"datatype": "http://www.w3.org/1999/02/22-rdf-syntax-ns#XMLLiteral", "fmType": "5", "fmId": "-1", "value": "This field is used by the option ORTRNOFF to shutdown the\rOE/RR background filer. It is not to be edited.", "type": "typed-literal"}, "number": "1", "flags": "SI", "details": "0:NO;1:YES;", "type": "3", "location": "0;2"}], "fmql": {"TYPELABEL": "SYSTEM PARAMETERS", "TYPE": "100_992", "OP": "DESCRIBE TYPE"}, "name": "SYSTEM PARAMETERS", "parent": "100.99", "number": "100.992"}