{"fields": [{"index": "B", "name": "guest_meal_date_time", "number": ".01", "flags": "MDX", "location": "0;1", "type": "1", "description": {"datatype": "http://www.w3.org/1999/02/22-rdf-syntax-ns#XMLLiteral", "fmType": "5", "fmId": "-1", "value": "This field will contain the date/time of the guest meal.", "type": "typed-literal"}}, {"name": "classification", "description": {"datatype": "http://www.w3.org/1999/02/22-rdf-syntax-ns#XMLLiteral", "fmType": "5", "fmId": "-1", "value": "This field will contain the classification type for the guest meal.", "type": "typed-literal"}, "number": "1", "flags": "S", "details": "E:EMPLOYEE;G:GRATUITOUS;O:OOD;P:PAID;V:VOLUNTEER;", "type": "3", "location": "0;2"}, {"name": "meal", "description": {"datatype": "http://www.w3.org/1999/02/22-rdf-syntax-ns#XMLLiteral", "fmType": "5", "fmId": "-1", "value": "This field will store the meal (breakfast/noon/evening) for the guest meal.", "type": "typed-literal"}, "number": "2", "flags": "S", "details": "B:Breakfast;N:Noon;E:Evening;", "type": "3", "location": "0;3"}, {"description": {"datatype": "http://www.w3.org/1999/02/22-rdf-syntax-ns#XMLLiteral", "fmType": "5", "fmId": "-1", "value": "This field stores the charge amount for the guest meal.", "type": "typed-literal"}, "number": "3", "flags": "NJ6,2", "location": "0;4", "type": "2", "name": "charge"}, {"name": "location", "description": {"datatype": "http://www.w3.org/1999/02/22-rdf-syntax-ns#XMLLiteral", "fmType": "5", "fmId": "-1", "value": "This field indicates the location for this guest meal request.", "type": "typed-literal"}, "number": "4", "flags": "P119.6'", "details": "119.6", "type": "7", "location": "0;5"}, {"name": "roombed", "description": {"datatype": "http://www.w3.org/1999/02/22-rdf-syntax-ns#XMLLiteral", "fmType": "5", "fmId": "-1", "value": "This field will store the ROOM and BED # for the outpatient recurring meal\rbeing ordered.", "type": "typed-literal"}, "number": "4.5", "flags": "P405.4'", "details": "405.4", "type": "7", "location": "0;11"}, {"name": "diet", "description": {"datatype": "http://www.w3.org/1999/02/22-rdf-syntax-ns#XMLLiteral", "fmType": "5", "fmId": "-1", "value": "This is the Diet for the guest meal.  The diet will be stuffed from the\rvalue set in the OUTPATIENT DIET1 site parameter in file #119.9.", "type": "typed-literal"}, "number": "5", "flags": "P111'", "details": "111", "type": "7", "location": "0;6"}, {"description": {"datatype": "http://www.w3.org/1999/02/22-rdf-syntax-ns#XMLLiteral", "fmType": "5", "fmId": "-1", "value": "Stores the last date and time a diet card was printed for this\routpatient meal.", "type": "typed-literal"}, "number": "6", "flags": "D", "location": "0;7", "type": "1", "name": "date_time_ticket_last_printed"}, {"description": {"datatype": "http://www.w3.org/1999/02/22-rdf-syntax-ns#XMLLiteral", "fmType": "5", "fmId": "-1", "value": "Stores the last date and time a diet card was printed for this\routpatient meal.", "type": "typed-literal"}, "number": "7", "flags": "D", "location": "0;8", "type": "1", "name": "date_time_card_last_printed"}, {"name": "status", "description": {"datatype": "http://www.w3.org/1999/02/22-rdf-syntax-ns#XMLLiteral", "fmType": "5", "fmId": "-1", "value": "This field stores the status of the guest meal, which is either \"ordered\"\ror \"cancelled\".", "type": "typed-literal"}, "number": "8", "flags": "S", "details": "C:CANCELLED;O:ORDERED;", "type": "3", "location": "0;9"}, {"name": "guest_meal_clerk", "description": {"datatype": "http://www.w3.org/1999/02/22-rdf-syntax-ns#XMLLiteral", "fmType": "5", "fmId": "-1", "value": "This field stores the person who has entered the guest meal.", "type": "typed-literal"}, "number": "9", "flags": "P200'", "details": "200", "type": "7", "location": "0;10"}], "fmql": {"TYPELABEL": "GUEST MEALS", "TYPE": "115_018", "OP": "DESCRIBE TYPE"}, "name": "GUEST MEALS", "parent": "115", "number": "115.018"}