{"name":"GMRCR PROTOCOL","number":"123.99","parent":"123.9","fields":[{"number":".01","flags":"MP101'X","name":"GMRCR PROTOCOL","location":"0;1","index":"B","type":"7","details":"101","inputTransform":"S:$D(X) DINUM=X","description":{"fmId":"-1","fmType":"5","type":"typed-literal","datatype":"http://www.w3.org/1999/02/22-rdf-syntax-ns#XMLLiteral","value":"This is a temporary field used to load the existing GMRCR protocols at a\rsite before the CPRS Version 1 install.  This was necessary because the\rConsult 3.0 package distributes file link services for specific protocols\rwhich sites may have changed."}},{"number":".02","flags":"V","name":"FILE LINK PRE-CPRS V1 INSTALL","location":"0;2","type":"8","details":"123.5","description":{"fmId":"-1","fmType":"5","type":"typed-literal","datatype":"http://www.w3.org/1999/02/22-rdf-syntax-ns#XMLLiteral","value":"This is the value from the FILE LINK field stored with the GMRCR protocols\rbefore the install of CPRS V1.0."}}],"fmql":{"OP":"DESCRIBE TYPE","TYPE":"123_99","TYPELABEL":"GMRCR PROTOCOL"}}