{"count": "0", "description": {"datatype": "http://www.w3.org/1999/02/22-rdf-syntax-ns#XMLLiteral", "fmType": "5", "fmId": "-1", "value": "This file contains entries describing the destination of the patient\rupon completion of the procedure: requested disposition, postoperative\rdisposition or post-anesthesia care disposition.", "type": "typed-literal"}, "fields": [{"index": "B", "name": "disposition", "number": ".01", "flags": "RF", "location": "0;1", "type": "4", "description": {"datatype": "http://www.w3.org/1999/02/22-rdf-syntax-ns#XMLLiteral", "fmType": "5", "fmId": "-1", "value": "This is the name of the surgery disposition.", "type": "typed-literal"}}, {"index": "C", "name": "code", "number": "1", "flags": "F", "location": "0;2", "type": "4", "description": {"datatype": "http://www.w3.org/1999/02/22-rdf-syntax-ns#XMLLiteral", "fmType": "5", "fmId": "-1", "value": "This optional code is used to facilitate disposition selection and lookup.", "type": "typed-literal"}}, {"name": "inactive", "description": {"datatype": "http://www.w3.org/1999/02/22-rdf-syntax-ns#XMLLiteral", "fmType": "5", "fmId": "-1", "value": "Enter 'YES' to inactivate this file entry and to prevent its selection\rby Surgery users.", "type": "typed-literal"}, "number": "2", "flags": "S", "details": "1:YES;", "type": "3", "location": "0;3"}, {"name": "synonym", "number": "3", "flags": "131.63", "details": "131.63", "type": "9", "location": "1;0"}], "fmql": {"TYPELABEL": "SURGERY DISPOSITION", "TYPE": "131_6", "OP": "DESCRIBE TYPE"}, "number": "131.6", "location": "^SRO(131.6,", "name": "SURGERY DISPOSITION"}