{"name":"EXCLUDED DISPLAY GROUP","number":"100.65","parent":"100.6","fields":[{"number":".01","flags":"MP100.98'","name":"EXCEPT ORDERS IN DISPLAY GROUP","location":"0;1","index":"B","type":"7","details":"100.98","description":{"fmId":"-1","fmType":"5","type":"typed-literal","datatype":"http://www.w3.org/1999/02/22-rdf-syntax-ns#XMLLiteral","value":" \rAny order related to the display group entered in the excluded \rdisplay group multiple will be exempt from any\rauto-discontinuing normally triggered by this rule.\r \rYou can use the excluded display group to protect a group of \rorders from being auto-discontinued.  If an order belonging to\rthis display group is found while processing this rule it will\rbe skipped and not be auto-discontinued."}}],"fmql":{"OP":"DESCRIBE TYPE","TYPE":"100_65","TYPELABEL":"EXCLUDED DISPLAY GROUP"}}