{"fields": [{"index": "B", "name": "order_check", "description": {"datatype": "http://www.w3.org/1999/02/22-rdf-syntax-ns#XMLLiteral", "fmType": "5", "fmId": "-1", "value": "This is an order check that was found to be true for this order.", "type": "typed-literal"}, "number": ".01", "flags": "MP100.8'", "location": "0;1", "type": "7", "details": "100.8"}, {"name": "clinical_danger_level", "description": {"datatype": "http://www.w3.org/1999/02/22-rdf-syntax-ns#XMLLiteral", "fmType": "5", "fmId": "-1", "value": "This is the clinical danger level associated with this check; checks\rflagged as 'HIGH' danger level will require a justification for\roverriding it and releasing the order.", "type": "typed-literal"}, "number": ".02", "flags": "S", "details": "1:HIGH;2:MODERATE;3:LOW;", "type": "3", "location": "0;2"}, {"description": {"datatype": "http://www.w3.org/1999/02/22-rdf-syntax-ns#XMLLiteral", "fmType": "5", "fmId": "-1", "value": "This is the reason entered by the user as the justification for\roverriding the order check and releasing the order.", "type": "typed-literal"}, "number": ".04", "flags": "F", "location": "0;4", "type": "4", "name": "override_reason"}, {"name": "overridden_by", "description": {"datatype": "http://www.w3.org/1999/02/22-rdf-syntax-ns#XMLLiteral", "fmType": "5", "fmId": "-1", "value": "This is the user who chose to override this order check and entered the\rreason why.", "type": "typed-literal"}, "number": ".05", "flags": "P200'", "details": "200", "type": "7", "location": "0;5"}, {"description": {"datatype": "http://www.w3.org/1999/02/22-rdf-syntax-ns#XMLLiteral", "fmType": "5", "fmId": "-1", "value": "This is the date/time when this order check occurred and was overridden.", "type": "typed-literal"}, "number": ".06", "flags": "D", "location": "0;6", "type": "1", "name": "date_time_overridden"}, {"description": {"datatype": "http://www.w3.org/1999/02/22-rdf-syntax-ns#XMLLiteral", "fmType": "5", "fmId": "-1", "value": "This is the actual text of the order check that was displayed to the user.", "type": "typed-literal"}, "number": "1", "flags": "F", "location": "1;1", "type": "4", "name": "order_check_message"}], "fmql": {"TYPELABEL": "ORDER CHECKS", "TYPE": "100_09", "OP": "DESCRIBE TYPE"}, "name": "ORDER CHECKS", "parent": "100", "number": "100.09"}