{"name":"MRSA TOOLS LAB SEARCH/EXTRACT","number":"104.1","location":"^MMRS(104.1,","description":{"fmId":"-1","fmType":"5","type":"typed-literal","datatype":"http://www.w3.org/1999/02/22-rdf-syntax-ns#XMLLiteral","value":"This file contains search criteria used by the MRSA Program Tools \rsoftware. This file should only be edited using the MRSA Tools Lab \rParameter Setup option provided with this software."},"version":"1.0","vpackage":"MMRS","fields":[{"number":".01","flags":"RP104.2'","name":"MDRO","location":"0;1","index":"B","type":"7","details":"104.2","description":{"fmId":"-1","fmType":"5","type":"typed-literal","datatype":"http://www.w3.org/1999/02/22-rdf-syntax-ns#XMLLiteral","value":"This is the multi-drug resistant organism (MDRO) for the parameters you \rare defining."}},{"number":"1","flags":"P104'","name":"DIVISION","location":"0;2","index":"D","type":"7","details":"104","description":{"fmId":"-1","fmType":"5","type":"typed-literal","datatype":"http://www.w3.org/1999/02/22-rdf-syntax-ns#XMLLiteral","value":"This is the site that this lab test is defined for."}},{"number":"3","flags":"104.103PA","name":"INCLUDED SITES","location":"1;0","type":"9","details":"104.103"},{"number":"4","flags":"104.104PA","name":"EXCLUDED SITES","location":"2;0","type":"9","details":"104.104"},{"number":"5","flags":"104.15PA","name":"LAB TEST","location":"3;0","type":"9","details":"104.15"},{"number":"7","flags":"104.107A","name":"INCLUDED BACT RPT REMARKS","location":"4;0","type":"9","details":"104.107"},{"number":"8","flags":"104.108A","name":"EXCLUDED BACT RPT REMARKS","location":"5;0","type":"9","details":"104.108"},{"number":"9","flags":"104.109PA","name":"ETIOLOGY","location":"6;0","type":"9","details":"104.109"}],"fmql":{"OP":"DESCRIBE TYPE","TYPE":"104_1","TYPELABEL":"MRSA TOOLS LAB SEARCH/EXTRACT"}}