{"fields": [{"index": "B", "name": "service_point", "description": {"datatype": "http://www.w3.org/1999/02/22-rdf-syntax-ns#XMLLiteral", "fmType": "5", "fmId": "-1", "value": "This is the Service Point for which popularity values are\rapplicable.", "type": "typed-literal"}, "number": ".01", "flags": "MP119.72'X", "location": "0;1", "type": "7", "details": "119.72"}, {"description": {"datatype": "http://www.w3.org/1999/02/22-rdf-syntax-ns#XMLLiteral", "fmType": "5", "fmId": "-1", "value": "This is the percentage of orders for this Service Point\rwhich will select, or have selected, this recipe.", "type": "typed-literal"}, "number": "1", "flags": "NJ5,1", "location": "0;2", "type": "2", "name": "popularity_"}], "fmql": {"TYPELABEL": "POPULARITY", "TYPE": "116_112", "OP": "DESCRIBE TYPE"}, "name": "POPULARITY", "parent": "116.11", "number": "116.112"}