{"count": "0", "name": "ORDER EXECUTE CODES", "fields": [{"index": "B", "name": "name", "number": ".01", "flags": "RF", "location": "0;1", "type": "4", "description": {"datatype": "http://www.w3.org/1999/02/22-rdf-syntax-ns#XMLLiteral", "fmType": "5", "fmId": "-1", "value": "This is the name of the executable code.", "type": "typed-literal"}}, {"type": "10", "location": ".1;E1,245", "flags": "K", "number": "1", "name": "execute_code"}, {"name": "type", "description": {"datatype": "http://www.w3.org/1999/02/22-rdf-syntax-ns#XMLLiteral", "fmType": "5", "fmId": "-1", "value": "This fields identifies the type for an execute code.", "type": "typed-literal"}, "number": "2", "flags": "RS", "details": "C:COMMENT;X:XECUTE;R:RECOVERABLE ERROR;", "type": "3", "location": "0;2"}, {"name": "operating_system", "number": "5", "flags": "101.35P", "details": "101.35", "type": "9", "location": "2;0"}, {"description": {"datatype": "http://www.w3.org/1999/02/22-rdf-syntax-ns#XMLLiteral", "fmType": "5", "fmId": "-1", "value": "This field contains a description of what the execute code does.", "type": "typed-literal"}, "number": "6", "flags": "101.36", "location": "1;0", "type": "5", "name": "description"}], "fmql": {"TYPELABEL": "ORDER EXECUTE CODES", "TYPE": "101_3", "OP": "DESCRIBE TYPE"}, "number": "101.3", "location": "^ORD(101.3,"}