{"name":"DAY NUMBER","number":"112.61","parent":"112.6","fields":[{"number":".01","flags":"MRNJ2,0X","name":"DAY NUMBER","location":"0;1","type":"2","inputTransform":"K:+X'=X!(X>7)!(X<1)!(X?.E1\".\"1N.N) X I $D(X) S DINUM=X","description":{"fmId":"-1","fmType":"5","type":"typed-literal","datatype":"http://www.w3.org/1999/02/22-rdf-syntax-ns#XMLLiteral","value":"This is the day number for which meals will be entered."}},{"number":"1","flags":"112.62","name":"MEAL NUMBER","location":"1;0","type":"9","details":"112.62","description":{"fmId":"-1","fmType":"5","type":"typed-literal","datatype":"http://www.w3.org/1999/02/22-rdf-syntax-ns#XMLLiteral","value":"This is the meal number for which food items will be entered.\rIt is merely a sequence number and individual meals, such as\rbreakfast, noon, and evening are not referenced as such since\rmeals may be snack times, or other eating times."}}],"fmql":{"OP":"DESCRIBE TYPE","TYPE":"112_61","TYPELABEL":"DAY NUMBER"}}