{"fields": [{"name": "anesthesia_agents", "description": {"datatype": "http://www.w3.org/1999/02/22-rdf-syntax-ns#XMLLiteral", "fmType": "5", "fmId": "-1", "value": "More than one anesthesia agent may be entered for each technique.\r \rThe ANESTHESIA AGENT field uses entries from your local DRUG file.\rPrior to using the Surgery package, drugs that will be used as\ranesthesia agents must be flagged (using the Chief's Menu) by your\rpackage coordinator.  If you are having problems entering an agent,\rit is likely that the drug you are choosing has not been flagged.\r ", "type": "typed-literal"}, "number": ".01", "flags": "*P50'X", "details": "50", "type": "7", "location": "0;1"}, {"description": {"datatype": "http://www.w3.org/1999/02/22-rdf-syntax-ns#XMLLiteral", "fmType": "5", "fmId": "-1", "value": "This is the end total dose (in mgs) for nonvolatile agents.", "type": "typed-literal"}, "number": "1", "flags": "FX", "location": "0;2", "type": "4", "name": "dose_mg"}], "fmql": {"TYPELABEL": "ANESTHESIA AGENTS", "TYPE": "130_47", "OP": "DESCRIBE TYPE"}, "name": "ANESTHESIA AGENTS", "parent": "130.06", "number": "130.47"}