{"fields": [{"name": "surgical_specialty", "description": {"datatype": "http://www.w3.org/1999/02/22-rdf-syntax-ns#XMLLiteral", "fmType": "5", "fmId": "-1", "value": "This is the name of the Surgical Specialty.\r ", "type": "typed-literal"}, "number": ".01", "flags": "MP137.45'X", "details": "137.45", "type": "7", "location": "0;1"}, {"description": {"datatype": "http://www.w3.org/1999/02/22-rdf-syntax-ns#XMLLiteral", "fmType": "5", "fmId": "-1", "value": "This is the time of day that this Surgical Specialty begins functioning\ron this date.  Any time entered prior to the start time will be considered\rovertime.\r ", "type": "typed-literal"}, "number": "1", "flags": "DXO", "location": "0;2", "type": "1", "name": "start_time"}, {"description": {"datatype": "http://www.w3.org/1999/02/22-rdf-syntax-ns#XMLLiteral", "fmType": "5", "fmId": "-1", "value": "This is the time of day that this Surgical Specialty stops functioning.\rAny time worked after this time will be considered overtime.\r ", "type": "typed-literal"}, "number": "2", "flags": "DOX", "location": "0;3", "type": "1", "name": "end_time"}, {"name": "inactive_y_n", "description": {"datatype": "http://www.w3.org/1999/02/22-rdf-syntax-ns#XMLLiteral", "fmType": "5", "fmId": "-1", "value": "This flags the surgical specialty if it is inactive on this particular\rdate.\r ", "type": "typed-literal"}, "number": "3", "flags": "S", "details": "Y:YES;N:NO;", "type": "3", "location": "0;4"}], "fmql": {"TYPELABEL": "SURGICAL SPECIALTY", "TYPE": "131_82", "OP": "DESCRIBE TYPE"}, "name": "SURGICAL SPECIALTY", "parent": "131.8", "number": "131.82"}