{"name":"METHOD","number":"101.05","parent":"101","fields":[{"number":".01","flags":"MNJ2,0X","name":"METHOD","location":"0;1","type":"2","inputTransform":"K:+X'=X!(X>20)!(X<1)!(X?.E1\".\"1N.N) X S:$D(X) DINUM=X","description":{"fmId":"-1","fmType":"5","type":"typed-literal","datatype":"http://www.w3.org/1999/02/22-rdf-syntax-ns#XMLLiteral","value":"This is reserved for future use.  The numeric values of this field\rcurrently correspond to OE/RR actions."}},{"number":".02","flags":"K","name":"METHOD ACTION","location":"1;E1,245","type":"10","inputTransform":"K:$L(X)>245 X D:$D(X) ^DIM","description":{"fmId":"-1","fmType":"5","type":"typed-literal","datatype":"http://www.w3.org/1999/02/22-rdf-syntax-ns#XMLLiteral","value":"This is the code necessary to implement the method."}}],"fmql":{"OP":"DESCRIBE TYPE","TYPE":"101_05","TYPELABEL":"METHOD"}}