{"name":"SATELLITE LOC","number":"117.325","parent":"117.3","fields":[{"number":".01","flags":"MF","name":"SATELLITE LOC","location":"0;1","index":"B","type":"4","inputTransform":"K:$L(X)>20!($L(X)<3) X","description":{"fmId":"-1","fmType":"5","type":"typed-literal","datatype":"http://www.w3.org/1999/02/22-rdf-syntax-ns#XMLLiteral","value":"This field contains the Location of the Satellite Clinics."}},{"number":"1","flags":"NJ9,0","name":"TOTAL # OF SAT OUTPAT VISITS","location":"0;2","type":"2","inputTransform":"K:+X'=X!(X>999999999)!(X<0)!(X?.E1\".\"1N.N) X","description":{"fmId":"-1","fmType":"5","type":"typed-literal","datatype":"http://www.w3.org/1999/02/22-rdf-syntax-ns#XMLLiteral","value":"This field contains the number of Outpatients that visited the Clinics."}}],"fmql":{"OP":"DESCRIBE TYPE","TYPE":"117_325","TYPELABEL":"SATELLITE LOC"}}