{"name":"TIME ON","number":"130.37","parent":"130.36","fields":[{"number":".01","flags":"DOX","name":"TIME ON","location":"0;1","type":"1","inputTransform":"S Z=$E($P(^SRF($S($D(SRTN):SRTN,1:DA(2)),0),\"^\",9),1,7),X=$S(X?1.4N.A!(X?1.2N1\":\"2N.A):Z_\"@\"_X,1:X) K %DT,Z S %DT=\"ERTX\" D ^%DT S X=Y K:Y<1 X","description":{"fmId":"-1","fmType":"5","type":"typed-literal","datatype":"http://www.w3.org/1999/02/22-rdf-syntax-ns#XMLLiteral","value":"This is the date/time that this person's scrub role responsibilities\rbegan.  Both the date and time must be entered."}},{"number":"1","flags":"DX","name":"TIME OFF","location":"0;2","type":"1","inputTransform":"S SRSUB=23,SRP=1 D OFF2^SROVAR S %DT=\"ERTX\" D ^%DT S X=Y K:Y<1 X","description":{"fmId":"-1","fmType":"5","type":"typed-literal","datatype":"http://www.w3.org/1999/02/22-rdf-syntax-ns#XMLLiteral","value":"This is the date and time that this person's scrub role responsibilities\rended.  Times entered without a date will be converted to the date\rof operation at that time."}},{"number":"2","flags":"S","name":"REASON FOR RELIEF","location":"0;3","type":"3","details":"P:PERSONAL;S:SHIFT CHANGE;A:ADMINISTRATIVE;","description":{"fmId":"-1","fmType":"5","type":"typed-literal","datatype":"http://www.w3.org/1999/02/22-rdf-syntax-ns#XMLLiteral","value":"This is the reason why this person was relieved of his or her scrub\rrole responsibilities prior to the end of this case.  Although optional,\rthis information may be useful in documentation of the case.\r "}},{"number":"3","flags":"130.38","name":"COMMENT","location":"1;0","type":"5","description":{"fmId":"-1","fmType":"5","type":"typed-literal","datatype":"http://www.w3.org/1999/02/22-rdf-syntax-ns#XMLLiteral","value":"This information is used in documenting this person's scrub support\rresponsibilities.\r "}}],"fmql":{"OP":"DESCRIBE TYPE","TYPE":"130_37","TYPELABEL":"TIME ON"}}