{"count": "0", "description": {"datatype": "http://www.w3.org/1999/02/22-rdf-syntax-ns#XMLLiteral", "fmType": "5", "fmId": "-1", "value": "This file contains the major output types such as URINE, STOOL, DRAINS, etc.\rThe ADP coordinator is allowed to configure the file entries.", "type": "typed-literal"}, "fields": [{"index": "B", "name": "output_type", "number": ".01", "flags": "RF", "location": "0;1", "type": "4", "description": {"datatype": "http://www.w3.org/1999/02/22-rdf-syntax-ns#XMLLiteral", "fmType": "5", "fmId": "-1", "value": "This field contains the names of output types such as URINE, STOOL, DRAINS \retc.", "type": "typed-literal"}}, {"index": "C", "name": "order", "number": "1", "flags": "RNJ2,0", "location": "0;2", "type": "2", "description": {"datatype": "http://www.w3.org/1999/02/22-rdf-syntax-ns#XMLLiteral", "fmType": "5", "fmId": "-1", "value": "This field stores the listing order for the patient intake/output reports.", "type": "typed-literal"}}], "fmql": {"TYPELABEL": "GMRY OUTPUT TYPE", "TYPE": "126_58", "OP": "DESCRIBE TYPE"}, "number": "126.58", "location": "^GMRD(126.58,", "name": "GMRY OUTPUT TYPE"}