{"count": "0", "applicationGroups": "GMRC", "description": {"datatype": "http://www.w3.org/1999/02/22-rdf-syntax-ns#XMLLiteral", "fmType": "5", "fmId": "-1", "value": "This file contains consult and request orders originating primarily via\rthe OE/RR ordering process.  Once the order exists in this file,\rreceiving service users perform update tracking activities.  An audit\rtrail of the update tracking activities is maintained in this file.\r  \rThe only associating of results to a consult or request, for this \rversion, is based on Medicine Package procedure results.", "type": "typed-literal"}, "fields": [{"type": "2", "location": " ", "flags": "NJ8,0", "number": ".001", "name": "number"}, {"index": "B", "name": "file_entry_date", "number": ".01", "flags": "RDX", "location": "0;1", "type": "1", "description": {"datatype": "http://www.w3.org/1999/02/22-rdf-syntax-ns#XMLLiteral", "fmType": "5", "fmId": "-1", "value": "Date of actual entry of consultation request into the file.\rTransparent to user.", "type": "typed-literal"}}, {"index": "F", "name": "patient_name", "description": {"datatype": "http://www.w3.org/1999/02/22-rdf-syntax-ns#XMLLiteral", "fmType": "5", "fmId": "-1", "value": "This is the Patient who the consult or request was ordered for.\rEnter the patient's name, or the last four digits of the SSN.", "type": "typed-literal"}, "number": ".02", "flags": "RP2'", "location": "0;2", "type": "7", "details": "2"}, {"index": "AC", "name": "oe_rr_file_number", "description": {"datatype": "http://www.w3.org/1999/02/22-rdf-syntax-ns#XMLLiteral", "fmType": "5", "fmId": "-1", "value": "This is the internal entry number of the order in the Orders File (100).\rThe consult sends CPRS information about the consult which is stored in\rFile 100. This is the IEN of the consult in that file.", "type": "typed-literal"}, "number": ".03", "flags": "P100'", "location": "0;3", "type": "7", "details": "100"}, {"index": "AL", "name": "patient_location", "description": {"datatype": "http://www.w3.org/1999/02/22-rdf-syntax-ns#XMLLiteral", "fmType": "5", "fmId": "-1", "value": "This is the location of the patient when the consult/request order was\rplaced.", "type": "typed-literal"}, "number": ".04", "flags": "P44'", "location": "0;4", "type": "7", "details": "44"}, {"name": "ordering_facility", "description": {"datatype": "http://www.w3.org/1999/02/22-rdf-syntax-ns#XMLLiteral", "fmType": "5", "fmId": "-1", "value": "This field contains the number, from file 4, of the institution/hospital\rthat is requesting the consult.  This field is mandatory if the consult/\rrequest is being sent to another hospital/institution, so that routing\rinformation can be obtained in order to return the results to the sending\rhospital/institution.", "type": "typed-literal"}, "number": ".05", "flags": "P4'", "details": "4", "type": "7", "location": "0;21"}, {"description": {"datatype": "http://www.w3.org/1999/02/22-rdf-syntax-ns#XMLLiteral", "fmType": "5", "fmId": "-1", "value": "This is the ^GMR(123, file number of the consult from a foreign database.\rIt is stored here so that when the consult is returned in an HL7\rmessage, it can be located at the sending facility.  Also, if the sending\rfacility needs to send updated consult information to the receiving\rfacility, this number will reference the consult number there so that\rthe data can be added/ammended and tracking information can be updated.", "type": "typed-literal"}, "number": ".06", "flags": "NJ12,0", "location": "0;22", "type": "2", "name": "remote_consult_file_entry"}, {"name": "routing_facility", "description": {"datatype": "http://www.w3.org/1999/02/22-rdf-syntax-ns#XMLLiteral", "fmType": "5", "fmId": "-1", "value": "This field will contain the INSTITUTION to which communications and\rupdates regarding this request will be routed.  If the request is being\rrequested and performed locally, this field will be blank. ", "type": "typed-literal"}, "number": ".07", "flags": "P4'", "details": "4", "type": "7", "location": "0;23"}, {"description": {"datatype": "http://www.w3.org/1999/02/22-rdf-syntax-ns#XMLLiteral", "fmType": "5", "fmId": "-1", "value": "This is the display text of the item ordered.  If the order was placed\rusing a quick order, then the Display text is the text from the Order\rDialog File.  If the order was placed by selecting an Orderable Item, \rthen the text is the Print Name from the Orderable Item file.", "type": "typed-literal"}, "number": ".1", "flags": "F", "location": "1.11;1", "type": "4", "name": "display_text_of_item_ordered"}, {"name": "ifc_role", "description": {"datatype": "http://www.w3.org/1999/02/22-rdf-syntax-ns#XMLLiteral", "fmType": "5", "fmId": "-1", "value": "This field will define the role of the particular VistA system in the\rfullfillment of the inter-facility consult. This facilitates proper\rHL7 message formats.\r \rPLACER indicates that this VistA system originated and ordered this\rrequest. \r \rFILLER indicates that this request was generated at the institution in the\rORDERING FACILITY field.", "type": "typed-literal"}, "number": ".125", "flags": "S", "details": "P:PLACER;F:FILLER;", "type": "3", "location": "12;5"}, {"description": {"datatype": "http://www.w3.org/1999/02/22-rdf-syntax-ns#XMLLiteral", "fmType": "5", "fmId": "-1", "value": "This field contains the name of the requesting provider of an \rinter-facility consult. This field is only defined on an inter-facility \rconsult on file at a consulting site. ", "type": "typed-literal"}, "number": ".126", "flags": "F", "location": "12;6", "type": "4", "name": "remote_ordering_provider"}, {"description": {"datatype": "http://www.w3.org/1999/02/22-rdf-syntax-ns#XMLLiteral", "fmType": "5", "fmId": "-1", "value": "This field holds the name of the service that will perform the Inter-\rfacility Consult at the remote facility. ", "type": "typed-literal"}, "number": ".131", "flags": "F", "location": "13;1", "type": "4", "name": "ifc_remote_service_name"}, {"description": {"datatype": "http://www.w3.org/1999/02/22-rdf-syntax-ns#XMLLiteral", "fmType": "5", "fmId": "-1", "value": "This field will contain the telephone number of the remote requestor of \ran inter-facility consult. This will be displayed with the consult and \rcan expedite communication between requesting provider and consultant.\r \rThis field is derived from the OFFICE PHONE field of the NEW PERSON file. ", "type": "typed-literal"}, "number": ".132", "flags": "F", "location": "13;2", "type": "4", "name": "remote_requestor_phone"}, {"description": {"datatype": "http://www.w3.org/1999/02/22-rdf-syntax-ns#XMLLiteral", "fmType": "5", "fmId": "-1", "value": "This field contains the digital pager number of a remote requesting \rprovider if this is an inter-facility consult.  This may expedite \rcommunication between the requesting provider and the consultant. \r \rThis data in this field is derived from the DIGITAL PAGER field of the \rNEW PERSON file. ", "type": "typed-literal"}, "number": ".133", "flags": "F", "location": "13;3", "type": "4", "name": "remote_requestor_dig_pager"}, {"index": "C", "name": "to_service", "description": {"datatype": "http://www.w3.org/1999/02/22-rdf-syntax-ns#XMLLiteral", "fmType": "5", "fmId": "-1", "value": "This is the \"TO\" service/specialty.  This service is responsible for\rcompletion of the consult/request.", "type": "typed-literal"}, "number": "1", "flags": "RP123.5", "location": "0;5", "type": "7", "details": "123.5"}, {"name": "clinical_procedure", "description": {"datatype": "http://www.w3.org/1999/02/22-rdf-syntax-ns#XMLLiteral", "fmType": "5", "fmId": "-1", "value": "This field contains the CP DEFINITION that is associated with this \rrequest.", "type": "typed-literal"}, "number": "1.01", "flags": "P702.01'", "details": "702.01", "type": "7", "location": "1;1"}, {"index": "H", "name": "from", "description": {"datatype": "http://www.w3.org/1999/02/22-rdf-syntax-ns#XMLLiteral", "fmType": "5", "fmId": "-1", "value": "This field represents the location that sent the order to the receiving \rlocation.", "type": "typed-literal"}, "number": "2", "flags": "P44'", "location": "0;6", "type": "7", "details": "44"}, {"description": {"datatype": "http://www.w3.org/1999/02/22-rdf-syntax-ns#XMLLiteral", "fmType": "5", "fmId": "-1", "value": "This is the date and time the order was released from OE/RR.\rIf the TO service entered the order stub through the Add Order (AD)\raction, this is the service-specified request date.", "type": "typed-literal"}, "number": "3", "flags": "RD", "location": "0;7", "type": "1", "name": "date_of_request"}, {"index": "AP", "name": "procedure_request_type", "description": {"datatype": "http://www.w3.org/1999/02/22-rdf-syntax-ns#XMLLiteral", "fmType": "5", "fmId": "-1", "value": "This is the procedure that was requested via CPRS while ordering.", "type": "typed-literal"}, "number": "4", "flags": "V", "location": "0;8", "type": "8", "details": "101;123.3"}, {"name": "urgency", "description": {"datatype": "http://www.w3.org/1999/02/22-rdf-syntax-ns#XMLLiteral", "fmType": "5", "fmId": "-1", "value": "This field describes the urgency of the consult. Urgencies are sent in the\rPROTOCOL File (#101) as: STAT, EMERGENCY, INPATIENT, NEXT AVAILABLE, NOW,\rROUTINE, TODAY, WITHIN 24 HOURS, WITHIN 48 HOURS, WITHIN 72 HOURS,\rWITHIN 1 WEEK, WITHIN 1 MONTH. ", "type": "typed-literal"}, "number": "5", "flags": "P101'", "details": "101", "type": "7", "location": "0;9"}, {"name": "place_of_consultation", "description": {"datatype": "http://www.w3.org/1999/02/22-rdf-syntax-ns#XMLLiteral", "fmType": "5", "fmId": "-1", "value": "This is the place where the consultation will take place.  Choose from:\r\r    B - Bedside\r    C - Consultant's Choice\r    E - Emergency Room\r    O - On Call\r    EKG - EKG Lab", "type": "typed-literal"}, "number": "6", "flags": "P101'", "details": "101", "type": "7", "location": "0;10"}, {"name": "attention", "description": {"datatype": "http://www.w3.org/1999/02/22-rdf-syntax-ns#XMLLiteral", "fmType": "5", "fmId": "-1", "value": "Enter the name of a person you would like to alert about the consult.\rThis person will be sent a notification that a new consult exists.\rIn order for the person to see this type of notification, the person\rmust be set up to receive \"New service consult\" notifications.", "type": "typed-literal"}, "number": "7", "flags": "P200'", "details": "200", "type": "7", "location": "0;11"}, {"index": "D", "name": "cprs_status", "description": {"datatype": "http://www.w3.org/1999/02/22-rdf-syntax-ns#XMLLiteral", "fmType": "5", "fmId": "-1", "value": "This is the current CPRS status of the consult or request order.\rThe Action Types which may be taken from the \"Select Action: \" prompt\rupdate the status in this file as well as in the Orders File (100).", "type": "typed-literal"}, "number": "8", "flags": "*P100.01'", "location": "0;12", "type": "7", "details": "100.01"}, {"name": "last_action_taken", "description": {"datatype": "http://www.w3.org/1999/02/22-rdf-syntax-ns#XMLLiteral", "fmType": "5", "fmId": "-1", "value": "This is the last Action Type taken that updated the activity tracking\raudit trail.", "type": "typed-literal"}, "number": "9", "flags": "P123.1'", "details": "123.1", "type": "7", "location": "0;13"}, {"index": "G", "name": "sending_provider", "description": {"datatype": "http://www.w3.org/1999/02/22-rdf-syntax-ns#XMLLiteral", "fmType": "5", "fmId": "-1", "value": "This is the provider who originated the order.", "type": "typed-literal"}, "number": "10", "flags": "P200'", "location": "0;14", "type": "7", "details": "200"}, {"name": "result", "description": {"datatype": "http://www.w3.org/1999/02/22-rdf-syntax-ns#XMLLiteral", "fmType": "5", "fmId": "-1", "value": "This is a variable pointer used by the GMRC MEDICINE PKG INTERFACE option\rto associate results in the Medicine Procedure Files with a consult/request\rorder.", "type": "typed-literal"}, "number": "11", "flags": "V", "details": "691;691.1;691.5;691.6;691.7;691.8;694;698;698.1;698.2;698.3;699;700;701", "type": "8", "location": "0;15"}, {"name": "mode_of_entry", "description": {"datatype": "http://www.w3.org/1999/02/22-rdf-syntax-ns#XMLLiteral", "fmType": "5", "fmId": "-1", "value": "When a consult or request is entered by the service, rather than through\rCPRS order processing, this field will be set to \"1\" to indicate the\rService forced the entry.  This forcing means there is no electronic\rsignature related to the order.", "type": "typed-literal"}, "number": "12", "flags": "S", "details": "1:SERVICE FORCED ENTRY;", "type": "3", "location": "0;16"}, {"name": "request_type", "description": {"datatype": "http://www.w3.org/1999/02/22-rdf-syntax-ns#XMLLiteral", "fmType": "5", "fmId": "-1", "value": "This field will indicate whether the order is a consult or procedure\rrequest order.  Based on this fields value, the Consultation Body Header\ralters to indicate \"Consult Type: \" or \"Procedure Request: \".", "type": "typed-literal"}, "number": "13", "flags": "RS", "details": "C:Consult;P:Procedure;", "type": "3", "location": "0;17"}, {"name": "service_rendered_as_in_or_out", "description": {"datatype": "http://www.w3.org/1999/02/22-rdf-syntax-ns#XMLLiteral", "fmType": "5", "fmId": "-1", "value": "This field allows the ordering person to indicate if the service is to\rbe rendered on an outpatient or inpatient basis.  This is to alleviate\rthe confusion if patient is currently an inpatient/outpatient but is\rjust about to be discharged/admitted and become a outpatient/inpatient.", "type": "typed-literal"}, "number": "14", "flags": "S", "details": "I:inpatient;O:outpatient;", "type": "3", "location": "0;18"}, {"name": "significant_findings", "description": {"datatype": "http://www.w3.org/1999/02/22-rdf-syntax-ns#XMLLiteral", "fmType": "5", "fmId": "-1", "value": "If significant findings are noted in the consult results, then this field\rmay be marked \"Yes\", and appropriate comments may be entered in the\r\"Comment\" field. \"Unknown\" is the default. \"No\" may also be specified to\rindicate the results do not include significant findings.", "type": "typed-literal"}, "number": "15", "flags": "S", "details": "Y:yes;N:no;U:unknown;", "type": "3", "location": "0;19"}, {"name": "tiu_result_narrative", "description": {"datatype": "http://www.w3.org/1999/02/22-rdf-syntax-ns#XMLLiteral", "fmType": "5", "fmId": "-1", "value": "Pointer to the Text Integration Utilities file (#8925) where consult/request\rresults narrative is stored.", "type": "typed-literal"}, "number": "16", "flags": "P8925'", "details": "8925", "type": "7", "location": "0;20"}, {"type": "1", "location": "0;24", "flags": "D", "number": "17", "name": "earliest_date"}, {"description": {"datatype": "http://www.w3.org/1999/02/22-rdf-syntax-ns#XMLLiteral", "fmType": "5", "fmId": "-1", "value": "This is the reason for requesting the Consult or Procedure Request.", "type": "typed-literal"}, "number": "20", "flags": "123.01", "location": "20;0", "type": "5", "name": "reason_for_request"}, {"description": {"datatype": "http://www.w3.org/1999/02/22-rdf-syntax-ns#XMLLiteral", "fmType": "5", "fmId": "-1", "value": "This is the Provisional Diagnosis the ordering clinician would specify\ron the Consult Form 513.", "type": "typed-literal"}, "number": "30", "flags": "F", "location": "30;1", "type": "4", "name": "provisional_diagnosis"}, {"description": {"datatype": "http://www.w3.org/1999/02/22-rdf-syntax-ns#XMLLiteral", "fmType": "5", "fmId": "-1", "value": "This field is used to store the coded portion of the Provisional Diagnosis\rif an ICD-9 coded diagnosis is sent via CPRS. ", "type": "typed-literal"}, "number": "30.1", "flags": "F", "location": "30.1;1", "type": "4", "name": "provisional_diagnosis_code"}, {"name": "request_processing_activity", "description": {"datatype": "http://www.w3.org/1999/02/22-rdf-syntax-ns#XMLLiteral", "fmType": "5", "fmId": "-1", "value": "Maintains history of processing actions.", "type": "typed-literal"}, "number": "40", "flags": "123.02D", "details": "123.02", "type": "9", "location": "40;0"}, {"name": "associated_results", "number": "50", "flags": "123.03AV", "details": "123.03", "type": "9", "location": "50;0"}, {"name": "remote_results", "number": "51", "flags": "123.051D", "details": "123.051", "type": "9", "location": "51;0"}, {"name": "administrative", "description": {"datatype": "http://www.w3.org/1999/02/22-rdf-syntax-ns#XMLLiteral", "fmType": "5", "fmId": "-1", "value": "This field is set via a trigger on TO SERVICE which will set this field\rto the value found in the ADMINISTRATIVE field of the REQUEST SERVICES\rfile (#123.5).  Requests marked as administrative shall be excluded from\rthe Consults Performance Monitor report [GMRC RPT PERF MONITOR]", "type": "typed-literal"}, "number": "70", "flags": "SX", "details": "0:NO;1:YES;", "type": "3", "location": "70;1"}], "fmql": {"TYPELABEL": "REQUEST/CONSULTATION", "TYPE": "123", "OP": "DESCRIBE TYPE"}, "number": "123", "location": "^GMR(123,", "name": "REQUEST/CONSULTATION"}