{"name":"ADDITIONAL ORDERS","number":"115.06","parent":"115.01","fields":[{"number":".01","flags":"RNJ5,0X","name":"ORDER NUMBER","location":"0;1","type":"2","inputTransform":"K:'X!(X'?1N.N) X I $D(X) S DINUM=X","description":{"fmId":"-1","fmType":"5","type":"typed-literal","datatype":"http://www.w3.org/1999/02/22-rdf-syntax-ns#XMLLiteral","value":"This field is merely the sequence number of the Additional\rOrders entered and has no meaning beyond that."}},{"number":"1","flags":"RD","name":"DATE/TIME ENTERED","location":"0;2","type":"1","inputTransform":"S %DT=\"ETXR\" D ^%DT S X=Y K:Y<1 X","description":{"fmId":"-1","fmType":"5","type":"typed-literal","datatype":"http://www.w3.org/1999/02/22-rdf-syntax-ns#XMLLiteral","value":"This is the date/time the Additional Order was entered."}},{"number":"2","flags":"F","name":"ORDER","location":"0;3","type":"4","inputTransform":"K:$L(X)>160!($L(X)<1) X","description":{"fmId":"-1","fmType":"5","type":"typed-literal","datatype":"http://www.w3.org/1999/02/22-rdf-syntax-ns#XMLLiteral","value":"This is the text of the order."}},{"number":"3","flags":"RP200'","name":"CLERK","location":"0;4","type":"7","details":"200","description":{"fmId":"-1","fmType":"5","type":"typed-literal","datatype":"http://www.w3.org/1999/02/22-rdf-syntax-ns#XMLLiteral","value":"This is the clerk entering the order and is automatically\rcaptured at time of entry."}},{"number":"4","flags":"RS","name":"STATUS","location":"0;5","type":"3","details":"A:ACTIVE;C:COMPLETE;S:SAVED;X:CANCELLED;","description":{"fmId":"-1","fmType":"5","type":"typed-literal","datatype":"http://www.w3.org/1999/02/22-rdf-syntax-ns#XMLLiteral","value":"This is the status of the order. A saved order is one that has\rbeen responded to but continues to display as it may require\rfurther or on-going action."}},{"number":"5","flags":"D","name":"DATE/TIME CLEARED","location":"0;6","type":"1","inputTransform":"S %DT=\"ETXR\" D ^%DT S X=Y K:Y<1 X","description":{"fmId":"-1","fmType":"5","type":"typed-literal","datatype":"http://www.w3.org/1999/02/22-rdf-syntax-ns#XMLLiteral","value":"This is the date/time that the order was completed or saved."}},{"number":"6","flags":"P200'","name":"CLERK CLEARING","location":"0;7","type":"7","details":"200","description":{"fmId":"-1","fmType":"5","type":"typed-literal","datatype":"http://www.w3.org/1999/02/22-rdf-syntax-ns#XMLLiteral","value":"This is the dietetic person clearing the order and is\rautomatically captured at time of entry."}},{"number":"7","flags":"P100","name":"OE/RR ORDER","location":"0;8","type":"7","details":"100","description":{"fmId":"-1","fmType":"5","type":"typed-literal","datatype":"http://www.w3.org/1999/02/22-rdf-syntax-ns#XMLLiteral","value":"This field contains a pointer to the OE/RR file order corresponding\rto this order."}}],"fmql":{"OP":"DESCRIBE TYPE","TYPE":"115_06","TYPELABEL":"ADDITIONAL ORDERS"}}