{"name":"ADMINISTRATIVE UPDATE USERS","number":"123.555","parent":"123.5","fields":[{"number":".01","flags":"M*P200'","name":"ADMINISTRATIVE UPDATE USER","location":"0;1","index":"B","type":"7","details":"200","inputTransform":"S DIC(\"S\")=\"I $$ACTIVE^XUSER(+Y)\" D ^DIC K DIC S DIC=DIE,X=+Y K:Y<0 X","description":{"fmId":"-1","fmType":"5","type":"typed-literal","datatype":"http://www.w3.org/1999/02/22-rdf-syntax-ns#XMLLiteral","value":"This multiple allows the administrative users for a service to be\ridentified.  Administrative users update actions may be different from the\rservice update users' actions."}},{"number":".02","flags":"S","name":"NOTIFICATION RECIPIENT","location":"0;2","type":"3","details":"1:YES;0:NO;","description":{"fmId":"-1","fmType":"5","type":"typed-literal","datatype":"http://www.w3.org/1999/02/22-rdf-syntax-ns#XMLLiteral","value":"This field, if set to YES will include this user in the list of\rnotification recipients for this service. "}}],"fmql":{"OP":"DESCRIBE TYPE","TYPE":"123_555","TYPELABEL":"ADMINISTRATIVE UPDATE USERS"}}