{"name":"DISPOSABLES USED","number":"130.0134","parent":"130.013","fields":[{"number":".01","flags":"MF","name":"DISPOSABLES NAME","location":"0;1","index":"B","type":"4","inputTransform":"K:$L(X)>30!($L(X)<1) X","description":{"fmId":"-1","fmType":"5","type":"typed-literal","datatype":"http://www.w3.org/1999/02/22-rdf-syntax-ns#XMLLiteral","value":"This is the name of the disposable product used with this cell saver\rduring this procedure."}},{"number":"1","flags":"F","name":"LOT NUMBER","location":"0;2","type":"4","inputTransform":"K:$L(X)>30!($L(X)<1) X","description":{"fmId":"-1","fmType":"5","type":"typed-literal","datatype":"http://www.w3.org/1999/02/22-rdf-syntax-ns#XMLLiteral","value":"This is the lot number for this disposable used with the cell saver."}},{"number":"2","flags":"NJ3,0","name":"QUANTITY","location":"0;3","type":"2","inputTransform":"K:+X'=X!(X>100)!(X<0)!(X?.E1\".\"1N.N) X","description":{"fmId":"-1","fmType":"5","type":"typed-literal","datatype":"http://www.w3.org/1999/02/22-rdf-syntax-ns#XMLLiteral","value":"This is the quantity of disposable products with the same name and lot\rnumber used with this cell saver during this procedure."}}],"fmql":{"OP":"DESCRIBE TYPE","TYPE":"130_0134","TYPELABEL":"DISPOSABLES USED"}}