{"fields": [{"index": "B", "name": "procedure_type", "description": {"datatype": "http://www.w3.org/1999/02/22-rdf-syntax-ns#XMLLiteral", "fmType": "5", "fmId": "-1", "value": "This field is no longer used for associating a prcedure with a particular \rConsult service.  Use the RELATED SERVICES field in the GMRC PROCEDURE \r(#123.3) file for this purpose.\r \rThis field will be deleted in the future.", "type": "typed-literal"}, "number": ".01", "flags": "M*P101'", "location": "0;1", "type": "7", "details": "101"}], "fmql": {"TYPELABEL": "PROCEDURE TYPE", "TYPE": "123_5101", "OP": "DESCRIBE TYPE"}, "name": "PROCEDURE TYPE", "parent": "123.5", "number": "123.5101"}