{"name":"SURGERY UTILIZATION","number":"131.8","location":"^SRU(","description":{"fmId":"-1","fmType":"5","type":"typed-literal","datatype":"http://www.w3.org/1999/02/22-rdf-syntax-ns#XMLLiteral","value":"This file contains information related to operating room and surgical\rspecialty utilization.  Start and end times for each room will be stored\rfor each specific date.\r "},"version":"3","fields":[{"number":".01","flags":"RDX","name":"UTILIZATION DATE","location":"0;1","type":"1","inputTransform":"S %DT=\"EX\" D ^%DT S X=Y K:Y<1 X S DINUM=X","description":{"fmId":"-1","fmType":"5","type":"typed-literal","datatype":"http://www.w3.org/1999/02/22-rdf-syntax-ns#XMLLiteral","value":"This is the date for which the utilization will be calculated.\r "}},{"number":"1","flags":"131.81PA","name":"OPERATING ROOM","location":"1;0","type":"9","details":"131.81","description":{"fmId":"-1","fmType":"5","type":"typed-literal","datatype":"http://www.w3.org/1999/02/22-rdf-syntax-ns#XMLLiteral","value":"This contains information related to the start and end times for all\roperating rooms on a specific date.\r "}},{"number":"2","flags":"131.82PA","name":"SURGICAL SPECIALTY","location":"2;0","type":"9","details":"131.82","description":{"fmId":"-1","fmType":"5","type":"typed-literal","datatype":"http://www.w3.org/1999/02/22-rdf-syntax-ns#XMLLiteral","value":"This is information related to the start and end times for each Surgical\rSpecialty on a given date.\r "}}],"fmql":{"OP":"DESCRIBE TYPE","TYPE":"131_8","TYPELABEL":"SURGERY UTILIZATION"}}