{"count": "0", "description": {"datatype": "http://www.w3.org/1999/02/22-rdf-syntax-ns#XMLLiteral", "fmType": "5", "fmId": "-1", "value": "This file contains data used to generate notifications.  Packages\rdetermine if a notification should be sent then send the patient ID and\rnotification ID (IEN in this file) to order entry routines.  Based on the\rnotification IEN, data from this file is used to generate the notification\rand help determine its recipients.", "type": "typed-literal"}, "fields": [{"description": {"datatype": "http://www.w3.org/1999/02/22-rdf-syntax-ns#XMLLiteral", "fmType": "5", "fmId": "-1", "value": "This is the internal entry number assigned to a notification.  Entries\r1 through 999 are reserved for the releasing package, OE/RR Notifications.\rTo add site specific notifications, prefix the Notification Number with\ryour site number (e.g., Site specific Nuclear Medicine Results Notification\rat Salt Lake might be assigned \"66001\").", "type": "typed-literal"}, "number": ".001", "flags": "NJ5,0", "location": " ", "type": "2", "name": "number"}, {"index": "B", "name": "name", "number": ".01", "flags": "RF", "location": "0;1", "type": "4", "description": {"datatype": "http://www.w3.org/1999/02/22-rdf-syntax-ns#XMLLiteral", "fmType": "5", "fmId": "-1", "value": "This is the name of the notification.  It should match the text in the\rMESSAGE TEXT field as closely as possible (it may be an abbreviated version\rof the entry in MESSAGE TEXT.)  This field is displayed to users when\rselecting or reviewing entries in this file (100.9).", "type": "typed-literal"}}, {"index": "C", "name": "package_id", "number": ".02", "flags": "RFX", "location": "0;2", "type": "4", "description": {"datatype": "http://www.w3.org/1999/02/22-rdf-syntax-ns#XMLLiteral", "fmType": "5", "fmId": "-1", "value": "This entry should always be \"OR\" to indicate the alert (notification) is \rprocessed by OE/RR.  \"OR\" is stuffed via a trigger x-ref in field .01.\rThis Package ID will have \";DFN;NIEN\" concatenated to the end of it, to\rmake the XQAID variable which is used by the XQALERT routine to provide a\runique cross-reference.  The order entry notification system will check\rthe New person file to determine if this message is already pending for\rthe user.  If it already exists, the user will not receive a second message.\r \rDFN is the Patient File internal entry number.\rNIEN is the Notification File internal entry number.", "type": "typed-literal"}}, {"index": "D", "name": "message_text", "number": ".03", "flags": "RF", "location": "0;3", "type": "4", "description": {"datatype": "http://www.w3.org/1999/02/22-rdf-syntax-ns#XMLLiteral", "fmType": "5", "fmId": "-1", "value": "This text will be appended to the Patient last name and last 4 characters of\rthe social security number to create the order notification text.\r(e.g., SMITH (4356): Unsigned orders. - Where \"Unsigned orders.\" is the \rcontent of MESSAGE TEXT.)  Text entered into this field is the default text\rfor notifications where the text message usually comes from the package\r(MESSAGE TYPE = PKG).", "type": "typed-literal"}}, {"name": "message_type", "description": {"datatype": "http://www.w3.org/1999/02/22-rdf-syntax-ns#XMLLiteral", "fmType": "5", "fmId": "-1", "value": "MESSAGE TYPE field is used as a flag to determine where the message text originates.  If from the NOTIFICATION file, MESSAGE TYPE is 'NOT.'  If the message comes from the package, MESSAGE TYPE is 'PKG.'", "type": "typed-literal"}, "number": ".04", "flags": "RS", "details": "PKG:PACKAGE PROVIDES A VARIABLE MESSAGE;NOT:NOTIFICATION FILE PROVIDES MESSAGE;", "type": "3", "location": "0;4"}, {"name": "action_flag", "description": {"datatype": "http://www.w3.org/1999/02/22-rdf-syntax-ns#XMLLiteral", "fmType": "5", "fmId": "-1", "value": "This a mandatory flag used to regulate processing in XQALERT processing.\rThe flag is set to I to indicate the notification is for INFORMATION ONLY - \rno follow-up action is to be taken.  'I' notifications are deleted as each\ruser reviews them.  'R' notifications have a follow-up action associated\rwith them.  The user will be taken to another routine or option when they\rselect a notification with ACTION FLAG = R and a follow-up routine/option\ris defined.", "type": "typed-literal"}, "number": ".05", "flags": "RS", "details": "I:INFORMATION ONLY;R:RUN ROUTINE;", "type": "3", "location": "0;5"}, {"description": {"datatype": "http://www.w3.org/1999/02/22-rdf-syntax-ns#XMLLiteral", "fmType": "5", "fmId": "-1", "value": "This is an optional field used to create the XQAROU variable to be used by\rthe XQALERT routine.  This field represents the TAG in tag^routine. ", "type": "typed-literal"}, "number": ".06", "flags": "F", "location": "0;6", "type": "4", "name": "entry_point"}, {"description": {"datatype": "http://www.w3.org/1999/02/22-rdf-syntax-ns#XMLLiteral", "fmType": "5", "fmId": "-1", "value": "This is an optional variable identifying a routine or tag(field .06)^routine\rused to create XQAROU for processing by XQALERT.", "type": "typed-literal"}, "number": ".07", "flags": "F", "location": "0;7", "type": "4", "name": "routine_name"}, {"name": "nonmenu_type_option_action", "description": {"datatype": "http://www.w3.org/1999/02/22-rdf-syntax-ns#XMLLiteral", "fmType": "5", "fmId": "-1", "value": "This is an optional field used to create the variable XQAOPT for use\rby XQALERT.  It should indicate a non-menu type option on the user's\rprimary or secondary menu, not on the Common menu.  The phantom jump \ris used to navigate to the destination option and will check pathway\rrestrictions in doing so.", "type": "typed-literal"}, "number": "1", "flags": "P19'", "details": "19", "type": "7", "location": "1;1"}, {"description": {"datatype": "http://www.w3.org/1999/02/22-rdf-syntax-ns#XMLLiteral", "fmType": "5", "fmId": "-1", "value": "This field contains the name of the package where the notification originates or is triggered (e.g., LAB, MAS, Pharmacy.)", "type": "typed-literal"}, "number": "1.5", "flags": "F", "location": "1;2", "type": "4", "name": "related_package"}, {"description": {"datatype": "http://www.w3.org/1999/02/22-rdf-syntax-ns#XMLLiteral", "fmType": "5", "fmId": "-1", "value": "This field contains free text describing the notification, how it is trig-\rgered and what action(s) delete it.", "type": "typed-literal"}, "number": "4", "flags": "RF", "location": "4;1", "type": "4", "name": "description"}, {"name": "followup_type", "description": {"datatype": "http://www.w3.org/1999/02/22-rdf-syntax-ns#XMLLiteral", "fmType": "5", "fmId": "-1", "value": "This field contains the type of follow-up action to be taken.  It is used \rby the application managing the follow-up action  (e.g. GUI interface) to\rinitiate the proper follow-up action separate from the underlying data \rbase and application layers.  Example follow-up types include: report,\re/s, flag.", "type": "typed-literal"}, "number": "5", "flags": "S", "details": "0:REPORT;1:COSIGN_PN;2:EXPIRING_ORDER;3:FLAGGED_ORDER;4:ORDER;5:UNLINKED;6:NEW_CONSULT;7:NEW_ORDER;8:COSIGN_ORDER;9:ES_ORDER;10:UNSIGN_PN;11:UNVERIFIED_MED;", "type": "3", "location": "3;2"}], "fmql": {"TYPELABEL": "OE/RR NOTIFICATIONS", "TYPE": "100_9", "OP": "DESCRIBE TYPE"}, "number": "100.9", "location": "^ORD(100.9,", "name": "OE/RR NOTIFICATIONS"}