{"fields": [{"index": "C", "name": "quick_order", "description": {"datatype": "http://www.w3.org/1999/02/22-rdf-syntax-ns#XMLLiteral", "fmType": "5", "fmId": "-1", "value": "This points to a quick order in the Order Dialog file (101.41).", "type": "typed-literal"}, "number": ".01", "flags": "MP101.41'", "location": "0;1", "type": "7", "details": "101.41"}, {"description": {"datatype": "http://www.w3.org/1999/02/22-rdf-syntax-ns#XMLLiteral", "fmType": "5", "fmId": "-1", "value": "This contains the text to display in the view list.", "type": "typed-literal"}, "number": "2", "flags": "F", "location": "0;2", "type": "4", "name": "display_text"}], "fmql": {"TYPELABEL": "QUICK ORDER", "TYPE": "101_441", "OP": "DESCRIBE TYPE"}, "name": "QUICK ORDER", "parent": "101.44", "number": "101.441"}