{"fields": [{"index": "B", "name": "intake_date_time", "number": ".01", "flags": "RDX", "location": "0;1", "type": "1", "description": {"datatype": "http://www.w3.org/1999/02/22-rdf-syntax-ns#XMLLiteral", "fmType": "5", "fmId": "-1", "value": "This field stores the end date/time point for this intake measurement.\rNO FUTURE DATE/TIME ALLOWED !!!", "type": "typed-literal"}}, {"name": "intake_type", "description": {"datatype": "http://www.w3.org/1999/02/22-rdf-syntax-ns#XMLLiteral", "fmType": "5", "fmId": "-1", "value": "This field identifies the major intake categories such as PO, TUBE FEEDING\retc.", "type": "typed-literal"}, "number": "1", "flags": "RP126.56'X", "details": "126.56", "type": "7", "location": "0;2"}, {"name": "intake_item", "description": {"datatype": "http://www.w3.org/1999/02/22-rdf-syntax-ns#XMLLiteral", "fmType": "5", "fmId": "-1", "value": "This multiple identifies the fluid intake absorbed by the patient.", "type": "typed-literal"}, "number": "3", "flags": "126.13PA", "details": "126.13", "type": "9", "location": "1;0"}, {"description": {"datatype": "http://www.w3.org/1999/02/22-rdf-syntax-ns#XMLLiteral", "fmType": "5", "fmId": "-1", "value": "This field stores the cumulative intake measurement in milliliters (ml)\rfor this period.  Numeric example: 240.", "type": "typed-literal"}, "number": "4", "flags": "NJ4,0", "location": "0;5", "type": "2", "name": "total_amount"}, {"description": {"datatype": "http://www.w3.org/1999/02/22-rdf-syntax-ns#XMLLiteral", "fmType": "5", "fmId": "-1", "value": "This field permits the caregiver to describe additional observations.\rThis field will be used in the next version.", "type": "typed-literal"}, "number": "5", "flags": "F", "location": "0;6", "type": "4", "name": "comment"}, {"name": "entered_by", "description": {"datatype": "http://www.w3.org/1999/02/22-rdf-syntax-ns#XMLLiteral", "fmType": "5", "fmId": "-1", "value": "This field contains the name of the user who enters this record.\rPointer to the New Person file ^VA(200).", "type": "typed-literal"}, "number": "6", "flags": "RP200'X", "details": "200", "type": "7", "location": "0;7"}, {"name": "hospital_location", "description": {"datatype": "http://www.w3.org/1999/02/22-rdf-syntax-ns#XMLLiteral", "fmType": "5", "fmId": "-1", "value": "This field identifies the patient's hospital location.\rPointer to the Hospital Location file (#44).", "type": "typed-literal"}, "number": "7", "flags": "R*P44'X", "details": "44", "type": "7", "location": "0;4"}], "fmql": {"TYPELABEL": "INTAKE", "TYPE": "126_01", "OP": "DESCRIBE TYPE"}, "name": "INTAKE", "parent": "126", "number": "126.01"}