{"name":"DONOR RACE","number":"139.544","parent":"139.5","fields":[{"number":".01","flags":"MS","name":"DONOR RACE","location":"0;1","index":"B","type":"3","details":"3:AMERICAN INDIAN OR ALASKA NATIVE;A:NATIVE HAWAIIAN OR OTHER PACIFIC ISLANDER;9:BLACK OR AFRICAN AMERICAN;8:ASIAN;B:WHITE;C:DECLINED TO ANSWER/UNANSWERED;D:UNKNOWN BY PATIENT;","description":{"fmId":"-1","fmType":"5","type":"typed-literal","datatype":"http://www.w3.org/1999/02/22-rdf-syntax-ns#XMLLiteral","value":"Indicate the donor-reported race.  Select all appropriate responses:\r \rAmerican Indian or Alaskan Native - Patient indicates race as \r         American Indian or Alaskan Native\rNative Hawaiian or Pacific Islander - Patient indicates race as \r         Native Hawaiian or Pacific Islander\rBlack or African American - Patient indicates race as Black or \r         African American\rAsian - Patient indicates race as Asian\rWhite - Patient indicates race as White\rDeclined to Answer - Patient elects not to indicate race\rUnknown by Patient - Patient indicates race as unknown\rUnanswered - Race unanswered"}}],"fmql":{"OP":"DESCRIBE TYPE","TYPE":"139_544","TYPELABEL":"DONOR RACE"}}