{"fields": [{"name": "user", "description": {"datatype": "http://www.w3.org/1999/02/22-rdf-syntax-ns#XMLLiteral", "fmType": "5", "fmId": "-1", "value": "This multiple field records the users to whom the CPT copyright notice\rhas been displayed on this date.", "type": "typed-literal"}, "number": ".01", "flags": "P200'X", "details": "200", "type": "7", "location": "0;1"}], "fmql": {"TYPELABEL": "USER", "TYPE": "133_361", "OP": "DESCRIBE TYPE"}, "name": "USER", "parent": "133.036", "number": "133.361"}