{"name":"ENCOUNTER TYPES","number":"115.6","location":"^FH(115.6,","count":"3","lastIEN":"50","description":{"fmId":"-1","fmType":"5","type":"typed-literal","datatype":"http://www.w3.org/1999/02/22-rdf-syntax-ns#XMLLiteral","value":"This file contains a list of types of dietetic encounters,\ror events, which are used to account for many of the professional\ractivities of dietetic personnel."},"version":"5.5","vpackage":"DIETETICS","fields":[{"number":".01","flags":"RF","name":"NAME","location":"0;1","index":"B","type":"4","inputTransform":"K:$L(X)>30!($L(X)<3)!'(X'?1P.E) X","description":{"fmId":"-1","fmType":"5","type":"typed-literal","datatype":"http://www.w3.org/1999/02/22-rdf-syntax-ns#XMLLiteral","value":"This is the text of the name of the encounter type."}},{"number":"2","flags":"NJ3,0","name":"INITIAL TIME","location":"0;3","type":"2","inputTransform":"K:+X'=X!(X>999)!(X<0)!(X?.E1\".\"1N.N) X","description":{"fmId":"-1","fmType":"5","type":"typed-literal","datatype":"http://www.w3.org/1999/02/22-rdf-syntax-ns#XMLLiteral","value":"This is the time units for an initial encounter of this type."}},{"number":"3","flags":"NJ3,0","name":"FOLLOW-UP TIME","location":"0;4","type":"2","inputTransform":"K:+X'=X!(X>999)!(X<0)!(X?.E1\".\"1N.N) X","description":{"fmId":"-1","fmType":"5","type":"typed-literal","datatype":"http://www.w3.org/1999/02/22-rdf-syntax-ns#XMLLiteral","value":"This value, if defined, is the time units for a follow-up\rencounter of this type."}},{"number":"4","flags":"S","name":"ASK EVENT LOCATION?","location":"0;5","type":"3","details":"Y:YES;N:NO;","description":{"fmId":"-1","fmType":"5","type":"typed-literal","datatype":"http://www.w3.org/1999/02/22-rdf-syntax-ns#XMLLiteral","value":"This field, if YES, means that the event location will be asked\rwhenever an encounter of this type is entered into the\rEncounter file (115.7)."}},{"number":"5","flags":"S","name":"INDIVIDUAL/GROUP/BOTH","location":"0;6","type":"3","details":"I:INDIVIDUAL;G:GROUP;B:BOTH;","description":{"fmId":"-1","fmType":"5","type":"typed-literal","datatype":"http://www.w3.org/1999/02/22-rdf-syntax-ns#XMLLiteral","value":"This field indicates whether the encounter type is an individual one,\ra group one, or can be both."}},{"number":"6","flags":"S","name":"ASK PATIENT NAME(S)?","location":"0;7","type":"3","details":"Y:YES;N:NO;","description":{"fmId":"-1","fmType":"5","type":"typed-literal","datatype":"http://www.w3.org/1999/02/22-rdf-syntax-ns#XMLLiteral","value":"This field, if answered YES, means that the clinician will be\rprompted for patient names when an encounter of this type\ris entered into the Encounter file (115.7)."}},{"number":"7","flags":"S","name":"ASK # COLLATERALS","location":"0;8","type":"3","details":"Y:YES;N:NO;","description":{"fmId":"-1","fmType":"5","type":"typed-literal","datatype":"http://www.w3.org/1999/02/22-rdf-syntax-ns#XMLLiteral","value":"This field, if answered YES, means that the clinician will be\rprompted for the number of collaterals associated with each\rpatient when an encounter of this type is entered into the\rEncounter file (115.7)."}},{"number":"8","flags":"S","name":"ASK FOR PATIENT COMMENT?","location":"0;9","type":"3","details":"Y:YES;N:NO;","description":{"fmId":"-1","fmType":"5","type":"typed-literal","datatype":"http://www.w3.org/1999/02/22-rdf-syntax-ns#XMLLiteral","value":"This field, if answered YES, means that the clinician will be\rprompted for a comment to be associated with each patient\rwhen an encounter of this type is entered into the\rEncounter file (115.7)."}},{"number":"10","flags":"S","name":"CATEGORY","location":"0;2","type":"3","details":"S:Screening;A:Assessment;E:Pat. Education;C:Community;N:Nutrition Inv.;F:Food Svc.;X:Administrative;","description":{"fmId":"-1","fmType":"5","type":"typed-literal","datatype":"http://www.w3.org/1999/02/22-rdf-syntax-ns#XMLLiteral","value":"The is the category of the Encounter Type."}},{"number":"99","flags":"S","name":"INACTIVE?","location":"I;1","type":"3","details":"Y:YES;N:NO;","description":{"fmId":"-1","fmType":"5","type":"typed-literal","datatype":"http://www.w3.org/1999/02/22-rdf-syntax-ns#XMLLiteral","value":"This field, when answered YES, will prohibit further\rselection of this encounter type by dietetic personnel."}},{"number":"101","flags":"NJ2,0","name":"IDENT NUMBER","location":"0;10","index":"AX","type":"2","inputTransform":"K:+X'=X!(X>99)!(X<1)!(X?.E1\".\"1N.N) X","description":{"fmId":"-1","fmType":"5","type":"typed-literal","datatype":"http://www.w3.org/1999/02/22-rdf-syntax-ns#XMLLiteral","value":"This field is pre-set for some encounter types to uniquely\ridentify them for tabulation and other purposes. The number has\rno meaning."}}],"fmql":{"OP":"DESCRIBE TYPE","TYPE":"115_6","TYPELABEL":"ENCOUNTER TYPES"}}