{"name":"LAB DATA","number":"115.021","parent":"115.011","fields":[{"number":".01","flags":"MF","name":"TEST NAME","location":"0;1","index":"B","type":"4","inputTransform":"K:$L(X)>30!($L(X)<1) X","description":{"fmId":"-1","fmType":"5","type":"typed-literal","datatype":"http://www.w3.org/1999/02/22-rdf-syntax-ns#XMLLiteral","value":"This field contains the name of the lab test."}},{"number":"1","flags":"P60'","name":"LAB TEST","location":"0;2","type":"7","details":"60","description":{"fmId":"-1","fmType":"5","type":"typed-literal","datatype":"http://www.w3.org/1999/02/22-rdf-syntax-ns#XMLLiteral","value":"This field contains a pointer to the Lab Test file (60)\rcorresponding to this lab test."}},{"number":"2","flags":"NJ4,0","name":"SPECIMEN","location":"0;3","type":"2","inputTransform":"K:+X'=X!(X>9999)!(X<1)!(X?.E1\".\"1N.N) X","description":{"fmId":"-1","fmType":"5","type":"typed-literal","datatype":"http://www.w3.org/1999/02/22-rdf-syntax-ns#XMLLiteral","value":"This field contains a pointer to the specimen type used\rfor the lab test."}},{"number":"3","flags":"F","name":"UNITS","location":"0;4","type":"4","inputTransform":"K:$L(X)>10!($L(X)<1) X","description":{"fmId":"-1","fmType":"5","type":"typed-literal","datatype":"http://www.w3.org/1999/02/22-rdf-syntax-ns#XMLLiteral","value":"This field indicates the units in which the result is expressed."}},{"number":"4","flags":"F","name":"REF. RANGE","location":"0;5","type":"4","inputTransform":"K:$L(X)>11!($L(X)<4) X","description":{"fmId":"-1","fmType":"5","type":"typed-literal","datatype":"http://www.w3.org/1999/02/22-rdf-syntax-ns#XMLLiteral","value":"This field provides the low-high reference (or normal) range\rfor the lab test."}},{"number":"5","flags":"F","name":"RESULT","location":"0;6","type":"4","inputTransform":"K:$L(X)>10!($L(X)<1) X","description":{"fmId":"-1","fmType":"5","type":"typed-literal","datatype":"http://www.w3.org/1999/02/22-rdf-syntax-ns#XMLLiteral","value":"This field contains the lab test result."}},{"number":"6","flags":"D","name":"DATE PERFORMED","location":"0;7","type":"1","inputTransform":"S %DT=\"EX\" D ^%DT S X=Y K:Y<1 X","description":{"fmId":"-1","fmType":"5","type":"typed-literal","datatype":"http://www.w3.org/1999/02/22-rdf-syntax-ns#XMLLiteral","value":"This field contains the date the lab test was performed."}}],"fmql":{"OP":"DESCRIBE TYPE","TYPE":"115_021","TYPELABEL":"LAB DATA"}}