{"fields": [{"index": "B", "name": "anes_care_multiple_start_time", "number": ".01", "flags": "DX", "location": "0;1", "type": "1", "description": {"datatype": "http://www.w3.org/1999/02/22-rdf-syntax-ns#XMLLiteral", "fmType": "5", "fmId": "-1", "value": "This is the date and time that this block of anesthesia care began or\rif the care is interrupted, the time the care resumed.  It is required\ras part of the anesthesia report. The definition of what constitutes\rthe time anesthesia care begins may vary depending on local anesthesia \rpolicy. Anesthesia care starts when the anesthesia practitioner begins \rto prepare the patient for anesthesia services in the operating room or \ran equivalent area.", "type": "typed-literal"}}, {"description": {"datatype": "http://www.w3.org/1999/02/22-rdf-syntax-ns#XMLLiteral", "fmType": "5", "fmId": "-1", "value": "This is the date and time that anesthesia care ends or is interrupted. \rIts definition may vary according to local anesthesia policy. It ends\rwhen the anesthesia practitioner is no longer furnishing anesthesia\rservices to the patient, that is, when the patient may be placed safely\runder postoperative care.", "type": "typed-literal"}, "number": "1", "flags": "DX", "location": "0;2", "type": "1", "name": "anes_care_multiple_end_time"}], "fmql": {"TYPELABEL": "ANES CARE TIME BLOCK", "TYPE": "130_213", "OP": "DESCRIBE TYPE"}, "name": "ANES CARE TIME BLOCK", "parent": "130", "number": "130.213"}