{"name":"RECIPE CATEGORY","number":"116.12","parent":"116.11","fields":[{"number":".01","flags":"MRP114.1'","name":"RECIPE CATEGORY","location":"0;1","index":"B","type":"7","details":"114.1","description":{"fmId":"-1","fmType":"5","type":"typed-literal","datatype":"http://www.w3.org/1999/02/22-rdf-syntax-ns#XMLLiteral","value":"This is the Recipe Category (File 114.1) for the associated\rProduction Diets in this meal."}},{"number":"1","flags":"RFX","name":"PRODUCTION DIETS","location":"0;2","type":"4","inputTransform":"K:$L(X)>200!($L(X)<1) X I $D(X) D EN2^FHPRC1","description":{"fmId":"-1","fmType":"5","type":"typed-literal","datatype":"http://www.w3.org/1999/02/22-rdf-syntax-ns#XMLLiteral","value":"This is a list of the production diets which will receive the\rrecipe. It is a syntactically complex field containing the\rproduction diet code and any specialized tray and cafeteria %'s\rassociated with that production diet."}}],"fmql":{"OP":"DESCRIBE TYPE","TYPE":"116_12","TYPELABEL":"RECIPE CATEGORY"}}