{"name":"TOP 10 REACTIONS","number":"120.841","parent":"120.84","fields":[{"number":".01","flags":"M*P120.83'","name":"REACTION","location":"0;1","index":"B","type":"7","details":"120.83","inputTransform":"S DIC(\"S\")=\"I $P(^(0),U)'=\"\"OTHER REACTION\"\"&($S($L($T(SCREEN^XTID)):'$$SCREEN^XTID(120.83,.01,Y_\"\",\"\"),1:1))\" D ^DIC K DIC S DIC=DIE,X=+Y K:Y<0 X","description":{"fmId":"-1","fmType":"5","type":"typed-literal","datatype":"http://www.w3.org/1999/02/22-rdf-syntax-ns#XMLLiteral","value":"One of the ten most commonly selected reactions."}}],"fmql":{"OP":"DESCRIBE TYPE","TYPE":"120_841","TYPELABEL":"TOP 10 REACTIONS"}}