{"fields": [{"index": "B", "name": "protocol", "description": {"datatype": "http://www.w3.org/1999/02/22-rdf-syntax-ns#XMLLiteral", "fmType": "5", "fmId": "-1", "value": "This is a protocol for which an entry in the Order Dialog file has not\rbeen successfully created.", "type": "typed-literal"}, "number": ".01", "flags": "MP101'X", "location": "0;1", "type": "7", "details": "101"}, {"description": {"datatype": "http://www.w3.org/1999/02/22-rdf-syntax-ns#XMLLiteral", "fmType": "5", "fmId": "-1", "value": "This is the reason why this protocol could not be converted to an\rOrder Dialog entry.", "type": "typed-literal"}, "number": "1", "flags": "F", "location": "0;2", "type": "4", "name": "error_message"}], "fmql": {"TYPELABEL": "UNSUCCESSFUL DIALOGS", "TYPE": "100_99141", "OP": "DESCRIBE TYPE"}, "name": "UNSUCCESSFUL DIALOGS", "parent": "100.99", "number": "100.99141"}