{"count": "0", "description": {"datatype": "http://www.w3.org/1999/02/22-rdf-syntax-ns#XMLLiteral", "fmType": "5", "fmId": "-1", "value": "This file contains a basic list of categorizations which may\rbe applied to recipes. It is primarily used to sort and/or\rdetermine the order in which lists of recipes will print.", "type": "typed-literal"}, "fields": [{"index": "B", "name": "name", "number": ".01", "flags": "RF", "location": "0;1", "type": "4", "description": {"datatype": "http://www.w3.org/1999/02/22-rdf-syntax-ns#XMLLiteral", "fmType": "5", "fmId": "-1", "value": "This is the name of a category of recipes (e.g., beverages,\rcondiments, entree meats, etc.) which are used to sort the\rrecipe items on the various meal lists.", "type": "typed-literal"}}, {"index": "C", "name": "code", "number": "1", "flags": "RFX", "location": "0;2", "type": "4", "description": {"datatype": "http://www.w3.org/1999/02/22-rdf-syntax-ns#XMLLiteral", "fmType": "5", "fmId": "-1", "value": "This field represents a short code for the recipe category. It\rconsists of one to two characters and a number or one to two characters,\ra number, and an 'X' used when printing tray assembly tickets.", "type": "typed-literal"}}, {"description": {"datatype": "http://www.w3.org/1999/02/22-rdf-syntax-ns#XMLLiteral", "fmType": "5", "fmId": "-1", "value": "This value is used to sort recipes for printing as meals. The\rvalue indicates the relative print order, from low to high, of\rrecipes in this recipe category.", "type": "typed-literal"}, "number": "2", "flags": "RNJ2,0", "location": "0;3", "type": "2", "name": "meal_print_order"}, {"name": "inactive", "description": {"datatype": "http://www.w3.org/1999/02/22-rdf-syntax-ns#XMLLiteral", "fmType": "5", "fmId": "-1", "value": "This field, when answered YES, will prohibit further selection\rof this Recipe Category.", "type": "typed-literal"}, "number": "99", "flags": "S", "details": "Y:YES;N:NO;", "type": "3", "location": "I;1"}], "fmql": {"TYPELABEL": "RECIPE CATEGORY", "TYPE": "114_1", "OP": "DESCRIBE TYPE"}, "number": "114.1", "location": "^FH(114.1,", "name": "RECIPE CATEGORY"}