{"name":"RECURRING MEALS","number":"115.016","parent":"115","fields":[{"number":".01","flags":"MDX","name":"RECURRING MEAL DATE/TIME","location":"0;1","index":"B","type":"1","inputTransform":"S %DT=\"ETX\" D ^%DT S X=Y K:Y<1 X","description":{"fmId":"-1","fmType":"5","type":"typed-literal","datatype":"http://www.w3.org/1999/02/22-rdf-syntax-ns#XMLLiteral","value":"This field will contain the date of the recurring meal."}},{"number":".05","flags":"P100'","name":"RECURRING OE/RR ORDER","location":"0;12","type":"7","details":"100","description":{"fmId":"-1","fmType":"5","type":"typed-literal","datatype":"http://www.w3.org/1999/02/22-rdf-syntax-ns#XMLLiteral","value":"This field contains a pointer to the OE/RR file order corresponding to this\rorder."}},{"number":"1","flags":"P111'X","name":"DIET","location":"0;2","type":"7","details":"111","description":{"fmId":"-1","fmType":"5","type":"typed-literal","datatype":"http://www.w3.org/1999/02/22-rdf-syntax-ns#XMLLiteral","value":"This is the DIET ordered for this meal plan.  It contains a pointer to the\rDIETS (#111) file.  It may contain any one of the 5 diets selected in the\rRecurring Meals Diet Selection (1-5) site parameter."}},{"number":"2","flags":"P119.6'","name":"OUTPATIENT LOCATION","location":"0;3","index":"C","type":"7","details":"119.6","description":{"fmId":"-1","fmType":"5","type":"typed-literal","datatype":"http://www.w3.org/1999/02/22-rdf-syntax-ns#XMLLiteral","value":"Pointer to file #119.6 to store the location for this meal."}},{"number":"2.5","flags":"P405.4'","name":"ROOM-BED","location":"0;18","type":"7","details":"405.4","description":{"fmId":"-1","fmType":"5","type":"typed-literal","datatype":"http://www.w3.org/1999/02/22-rdf-syntax-ns#XMLLiteral","value":"This field will store the ROOM and BED # for the outpatient recurring meal\rbeing ordered."}},{"number":"3","flags":"S","name":"MEAL","location":"0;4","type":"3","details":"B:Breakfast;N:Noon;E:Evening;","description":{"fmId":"-1","fmType":"5","type":"typed-literal","datatype":"http://www.w3.org/1999/02/22-rdf-syntax-ns#XMLLiteral","value":"This field indicated which meal(s) the recurring meal is ordered for."}},{"number":"4","flags":"S","name":"ZZZDELETE -> BAGGED MEAL","location":"0;5","type":"3","details":"Y:Yes;N:No;","description":{"fmId":"-1","fmType":"5","type":"typed-literal","datatype":"http://www.w3.org/1999/02/22-rdf-syntax-ns#XMLLiteral","value":"This field indicates whether or not a bagged meal is desired."}},{"number":"5","flags":"NJ3,0","name":"MEAL PLAN ORDER NUMBER","location":"0;6","index":"C","type":"2","inputTransform":"K:+X'=X!(X>999)!(X<1)!(X?.E1\".\"1N.N) X","description":{"fmId":"-1","fmType":"5","type":"typed-literal","datatype":"http://www.w3.org/1999/02/22-rdf-syntax-ns#XMLLiteral","value":"This field will be used to tie a meal plan together and distinguish it from\rother meal plans the person may have."}},{"number":"6","flags":"P111'","name":"DIET1","location":"0;7","type":"7","details":"111","description":{"fmId":"-1","fmType":"5","type":"typed-literal","datatype":"http://www.w3.org/1999/02/22-rdf-syntax-ns#XMLLiteral","value":"This field will store the first of the diet selections for outpatients\rwho are allowed to have up to 5 diets."}},{"number":"7","flags":"P111'","name":"DIET2","location":"0;8","type":"7","details":"111","description":{"fmId":"-1","fmType":"5","type":"typed-literal","datatype":"http://www.w3.org/1999/02/22-rdf-syntax-ns#XMLLiteral","value":"This field will store the second of the diet selections for outpatients\rwho are allowed to have up to 5 diets."}},{"number":"8","flags":"P111'","name":"DIET3","location":"0;9","type":"7","details":"111","description":{"fmId":"-1","fmType":"5","type":"typed-literal","datatype":"http://www.w3.org/1999/02/22-rdf-syntax-ns#XMLLiteral","value":"This field will store the third of the diet selections for outpatients\rwho are allowed to have up to 5 diets."}},{"number":"9","flags":"P111'","name":"DIET4","location":"0;10","type":"7","details":"111","description":{"fmId":"-1","fmType":"5","type":"typed-literal","datatype":"http://www.w3.org/1999/02/22-rdf-syntax-ns#XMLLiteral","value":"This field will store the fourth of the diet selections for outpatients\rwho are allowed to have up to 5 diets."}},{"number":"10","flags":"P111'","name":"DIET5","location":"0;11","type":"7","details":"111","description":{"fmId":"-1","fmType":"5","type":"typed-literal","datatype":"http://www.w3.org/1999/02/22-rdf-syntax-ns#XMLLiteral","value":"This field will store the fifth of the diet selections for outpatients\rwho are allowed to have up to 5 diets."}},{"number":"11","flags":"F","name":"ADDITIONAL ORDERS TEXT","location":"1;1","type":"4","inputTransform":"K:$L(X)>160!($L(X)<1) X","description":{"fmId":"-1","fmType":"5","type":"typed-literal","datatype":"http://www.w3.org/1999/02/22-rdf-syntax-ns#XMLLiteral","value":"This field stores the text of the additional order."}},{"number":"12","flags":"P200'","name":"ADDITIONAL ORDERS CLERK","location":"1;2","type":"7","details":"200","description":{"fmId":"-1","fmType":"5","type":"typed-literal","datatype":"http://www.w3.org/1999/02/22-rdf-syntax-ns#XMLLiteral","value":"This field stores the clerk who entered the additional order."}},{"number":"13","flags":"D","name":"ADDITIONAL ORDERS DATE/TIME","location":"1;3","type":"1","inputTransform":"S %DT=\"ETX\" D ^%DT S X=Y K:Y<1 X","description":{"fmId":"-1","fmType":"5","type":"typed-literal","datatype":"http://www.w3.org/1999/02/22-rdf-syntax-ns#XMLLiteral","value":"This field stores the date/time the additional order was entered."}},{"number":"13.5","flags":"P100'","name":"ADDITIONAL ORDERS OE/RR ORDER","location":"1;4","type":"7","details":"100","description":{"fmId":"-1","fmType":"5","type":"typed-literal","datatype":"http://www.w3.org/1999/02/22-rdf-syntax-ns#XMLLiteral","value":"This field contains a pointer to the OE/RR file order corresponding to this\rorder."}},{"number":"13.6","flags":"S","name":"ADDITIONAL ORDERS STATUS","location":"1;5","type":"3","details":"C:Cancelled;O:Ordered;","description":{"fmId":"-1","fmType":"5","type":"typed-literal","datatype":"http://www.w3.org/1999/02/22-rdf-syntax-ns#XMLLiteral","value":"Additional orders which are cancelled will be flagged by setting this\rfield to C rather than deleting entries from the file."}},{"number":"14","flags":"F","name":"EARLY/LATE TRAY TIME","location":"2;1","type":"4","inputTransform":"K:$L(X)>10!($L(X)<1) X","description":{"fmId":"-1","fmType":"5","type":"typed-literal","datatype":"http://www.w3.org/1999/02/22-rdf-syntax-ns#XMLLiteral","value":"This field will store the time for the early/late tray."}},{"number":"15","flags":"S","name":"EARLY/LATE TRAY BAGGED MEAL","location":"2;2","type":"3","details":"N:NO;Y:YES;","description":{"fmId":"-1","fmType":"5","type":"typed-literal","datatype":"http://www.w3.org/1999/02/22-rdf-syntax-ns#XMLLiteral","value":"This field will store whether or not the early/late tray is a bagged meal."}},{"number":"16","flags":"P200'","name":"EARLY/LATE TRAY CLERK","location":"2;3","type":"7","details":"200","description":{"fmId":"-1","fmType":"5","type":"typed-literal","datatype":"http://www.w3.org/1999/02/22-rdf-syntax-ns#XMLLiteral","value":"This field will store the person who entered the early/late tray."}},{"number":"17","flags":"D","name":"EARLY/LATE TRAY ENTRY DATE","location":"2;4","type":"1","inputTransform":"S %DT=\"ETX\" D ^%DT S X=Y K:Y<1 X","description":{"fmId":"-1","fmType":"5","type":"typed-literal","datatype":"http://www.w3.org/1999/02/22-rdf-syntax-ns#XMLLiteral","value":"This field will store the date/time the early/late tray was entered."}},{"number":"17.5","flags":"P100'","name":"EARLY/LATE TRAY OE/RR ORDER","location":"2;5","type":"7","details":"100","description":{"fmId":"-1","fmType":"5","type":"typed-literal","datatype":"http://www.w3.org/1999/02/22-rdf-syntax-ns#XMLLiteral","value":"This field contains a pointer to the OE/RR file order corresponding to this\rorder."}},{"number":"17.6","flags":"S","name":"EARLY/LATE TRAY STATUS","location":"2;6","type":"3","details":"C:Cancelled;O:Ordered;","description":{"fmId":"-1","fmType":"5","type":"typed-literal","datatype":"http://www.w3.org/1999/02/22-rdf-syntax-ns#XMLLiteral","value":"Early/Late trays which are cancelled will be flagged by setting this\rfield to C rather than deleting entries from the file."}},{"number":"18","flags":"F","name":"TUBEFEEDING COMMENT","location":"3;1","type":"4","inputTransform":"K:$L(X)>160!($L(X)<1) X","description":{"fmId":"-1","fmType":"5","type":"typed-literal","datatype":"http://www.w3.org/1999/02/22-rdf-syntax-ns#XMLLiteral","value":"This field stores the tubefeeding comment(s) for the recurring meal."}},{"number":"19","flags":"115.1619P","name":"TUBEFEEDING PRODUCT","location":"TF;0","type":"9","details":"115.1619","description":{"fmId":"-1","fmType":"5","type":"typed-literal","datatype":"http://www.w3.org/1999/02/22-rdf-syntax-ns#XMLLiteral","value":"This multiple stores the tubefeeding product data for the recurring meal."}},{"number":"20","flags":"NJ4,0","name":"TUBEFEEDING TOTAL ML'S","location":"3;2","type":"2","inputTransform":"K:+X'=X!(X>9999)!(X<1)!(X?.E1\".\"1N.N) X","description":{"fmId":"-1","fmType":"5","type":"typed-literal","datatype":"http://www.w3.org/1999/02/22-rdf-syntax-ns#XMLLiteral","value":"This field stores the total ml's of the tubefeeding for the recurring \rmeal."}},{"number":"21","flags":"NJ4,0","name":"TUBEFEEDING TOTAL KCALS/DAY","location":"3;3","type":"2","inputTransform":"K:+X'=X!(X>9999)!(X<1)!(X?.E1\".\"1N.N) X","description":{"fmId":"-1","fmType":"5","type":"typed-literal","datatype":"http://www.w3.org/1999/02/22-rdf-syntax-ns#XMLLiteral","value":"This field stores the total kcals/day of the tubefeeding for the recurring meal."}},{"number":"21.5","flags":"P100'","name":"TUBEFEEDING OE/RR ORDER","location":"3;4","type":"7","details":"100","description":{"fmId":"-1","fmType":"5","type":"typed-literal","datatype":"http://www.w3.org/1999/02/22-rdf-syntax-ns#XMLLiteral","value":"This field contains a pointer to the OE/RR file order corresponding to this\rorder."}},{"number":"21.6","flags":"S","name":"TUBEFEEDING STATUS","location":"3;5","type":"3","details":"C:Cancelled;O:Ordered;","description":{"fmId":"-1","fmType":"5","type":"typed-literal","datatype":"http://www.w3.org/1999/02/22-rdf-syntax-ns#XMLLiteral","value":"Tubefeedings which are cancelled will be flagged by setting this\rfield to C rather than deleting entries from the file."}},{"number":"21.7","flags":"P200'","name":"TUBEFEEDING CLERK","location":"3;6","type":"7","details":"200","description":{"fmId":"-1","fmType":"5","type":"typed-literal","datatype":"http://www.w3.org/1999/02/22-rdf-syntax-ns#XMLLiteral","value":"This field stores the clerk who entered the tubefeeding order."}},{"number":"22","flags":"D","name":"DATE/TIME TICKET LAST PRINTED","location":"0;13","type":"1","inputTransform":"S %DT=\"ESTXR\" D ^%DT S X=Y K:Y<1 X","description":{"fmId":"-1","fmType":"5","type":"typed-literal","datatype":"http://www.w3.org/1999/02/22-rdf-syntax-ns#XMLLiteral","value":"Stores the last date and time a tray ticket was printed for this\routpatient meal."}},{"number":"23","flags":"D","name":"DATE/TIME CARD LAST PRINTED","location":"0;14","type":"1","inputTransform":"S %DT=\"ESTXR\" D ^%DT S X=Y K:Y<1 X","description":{"fmId":"-1","fmType":"5","type":"typed-literal","datatype":"http://www.w3.org/1999/02/22-rdf-syntax-ns#XMLLiteral","value":"Stores the last date and time a diet card was printed for this\routpatient meal."}},{"number":"24","flags":"S","name":"RECURRING MEAL STATUS","location":"0;15","type":"3","details":"C:Cancelled;O:Ordered;","description":{"fmId":"-1","fmType":"5","type":"typed-literal","datatype":"http://www.w3.org/1999/02/22-rdf-syntax-ns#XMLLiteral","value":"Recurring meals which are cancelled will be flagged by setting this\rfield to C rather than deleting entries from the file."}},{"number":"24.5","flags":"P200'","name":"RECURRING MEAL CLERK","location":"0;17","type":"7","details":"200","description":{"fmId":"-1","fmType":"5","type":"typed-literal","datatype":"http://www.w3.org/1999/02/22-rdf-syntax-ns#XMLLiteral","value":"This field stores the clerk who entered the recurring meal order."}},{"number":"25","flags":"D","name":"DATE/TIME RM LAST EDITED","location":"0;16","type":"1","inputTransform":"S %DT=\"ESTXR\" D ^%DT S X=Y K:Y<1 X","description":{"fmId":"-1","fmType":"5","type":"typed-literal","datatype":"http://www.w3.org/1999/02/22-rdf-syntax-ns#XMLLiteral","value":"This field stores the last date/time the recurring meal was edited for\ruse with printing the tray tickets."}},{"number":"26","flags":"115.1626","name":"STANDING ORDERS","location":"SP;0","type":"9","details":"115.1626"},{"number":"27","flags":"115.1627","name":"SUPPLEMENTAL FEEDING","location":"SF;0","type":"9","details":"115.1627"}],"fmql":{"OP":"DESCRIBE TYPE","TYPE":"115_016","TYPELABEL":"RECURRING MEALS"}}