{"name":"ORDER ACTIONS","number":"100.008","parent":"100","fields":[{"number":".01","flags":"RD","name":"DATE/TIME ORDERED","location":"0;1","index":"AF","type":"1","inputTransform":"S %DT=\"ETXR\" D ^%DT S X=Y K:Y<1 X","description":{"fmId":"-1","fmType":"5","type":"typed-literal","datatype":"http://www.w3.org/1999/02/22-rdf-syntax-ns#XMLLiteral","value":"This is the date/time this action was ordered."}},{"number":".1","flags":"100.0081","name":"ORDER TEXT","location":".1;0","type":"5","description":{"fmId":"-1","fmType":"5","type":"typed-literal","datatype":"http://www.w3.org/1999/02/22-rdf-syntax-ns#XMLLiteral","value":"This is the text of the order."}},{"number":".2","flags":"100.0082","name":"EXTERNAL TEXT","location":".2;0","type":"5","description":{"fmId":"-1","fmType":"5","type":"typed-literal","datatype":"http://www.w3.org/1999/02/22-rdf-syntax-ns#XMLLiteral","value":"This is the text of the order stored in external format.\rDO NOT EDIT THIS FIELD!  This field is used to create a Digital Signature.\rEditing this field will render the Digital Signature invalid and prevent\rthe order from being processed."}},{"number":"1","flags":"F","name":"REASON FOR ACTION/REJECT","location":"1;1","type":"4","inputTransform":"K:$L(X)>240!($L(X)<1) X","description":{"fmId":"-1","fmType":"5","type":"typed-literal","datatype":"http://www.w3.org/1999/02/22-rdf-syntax-ns#XMLLiteral","value":"This is the reason returned by the package why this action is being\rtaken or rejected."}},{"number":"2","flags":"RS","name":"ACTION","location":"0;2","index":"C","type":"3","details":"NW:NEW;DC:DISCONTINUE;HD:HOLD;RL:RELEASE HOLD;XX:CHANGE;","description":{"fmId":"-1","fmType":"5","type":"typed-literal","datatype":"http://www.w3.org/1999/02/22-rdf-syntax-ns#XMLLiteral","value":"This is the action being ordered."}},{"number":"3","flags":"P200'","name":"PROVIDER","location":"0;3","type":"7","details":"200","description":{"fmId":"-1","fmType":"5","type":"typed-literal","datatype":"http://www.w3.org/1999/02/22-rdf-syntax-ns#XMLLiteral","value":"This is the requestor of this order."}},{"number":"4","flags":"S","name":"SIGNATURE STATUS","location":"0;4","type":"3","details":"0:ON CHART w/written orders;1:ELECTRONIC;2:NOT SIGNED;3:NOT REQUIRED;4:ON CHART w/printed orders;5:NOT REQUIRED due to cancel/lapse;6:SERVICE CORRECTION to signed order;7:DIGITALLY SIGNED;8:ON PARENT order;","description":{"fmId":"-1","fmType":"5","type":"typed-literal","datatype":"http://www.w3.org/1999/02/22-rdf-syntax-ns#XMLLiteral","value":"This is the signature status of the order.  Entries with a null value\rin this field are assumed to have been entered through the back door\rvia specific package order entry options and do not require signature\runless so specified by the package."}},{"number":"5","flags":"*P200'","name":"SIGNED BY","location":"0;5","type":"7","details":"200","inputTransform":"I $D(^XUSEC(\"ORES\",DUZ)) D ^DIC K DIC S DIC=DIE,X=+Y K:Y<0 X","description":{"fmId":"-1","fmType":"5","type":"typed-literal","datatype":"http://www.w3.org/1999/02/22-rdf-syntax-ns#XMLLiteral","value":"This is the user who entered his/her electronic signature code to\rauthenticate this order.  It will be replaced by an encryption of\rthe name and title of the signer, along with a checksum of the order\rtext, as soon as we figure out how to do that. :)"}},{"number":"6","flags":"D","name":"DATE/TIME SIGNED","location":"0;6","type":"1","inputTransform":"S %DT=\"ETXR\" D ^%DT S X=Y K:Y<1 X","description":{"fmId":"-1","fmType":"5","type":"typed-literal","datatype":"http://www.w3.org/1999/02/22-rdf-syntax-ns#XMLLiteral","value":"This is the date/time that the order was electronically signed."}},{"number":"7","flags":"P200'","name":"SIGNED ON CHART","location":"0;7","type":"7","details":"200","description":{"fmId":"-1","fmType":"5","type":"typed-literal","datatype":"http://www.w3.org/1999/02/22-rdf-syntax-ns#XMLLiteral","value":"This is the person who released an order based on a signature in the chart."}},{"number":"8","flags":"P200'","name":"VERIFYING NURSE","location":"0;8","type":"7","details":"200","description":{"fmId":"-1","fmType":"5","type":"typed-literal","datatype":"http://www.w3.org/1999/02/22-rdf-syntax-ns#XMLLiteral","value":"This is the nurse who acknowledged or verified the accuracy of this order."}},{"number":"9","flags":"D","name":"DATE/TIME NURSE VERIFIED","location":"0;9","type":"1","inputTransform":"S %DT=\"ETXR\" D ^%DT S X=Y K:Y<1 X","description":{"fmId":"-1","fmType":"5","type":"typed-literal","datatype":"http://www.w3.org/1999/02/22-rdf-syntax-ns#XMLLiteral","value":"This is the date/time that the order was acknowledged or verified by a\rnurse."}},{"number":"10","flags":"P200'","name":"VERIFYING CLERK","location":"0;10","type":"7","details":"200","description":{"fmId":"-1","fmType":"5","type":"typed-literal","datatype":"http://www.w3.org/1999/02/22-rdf-syntax-ns#XMLLiteral","value":"This is the ward clerk who took off this order, if it was not transmitted\rdirectly to the service for action."}},{"number":"11","flags":"D","name":"DATE/TIME CLERK VERIFIED","location":"0;11","type":"1","inputTransform":"S %DT=\"ETXR\" D ^%DT S X=Y K:Y<1 X","description":{"fmId":"-1","fmType":"5","type":"typed-literal","datatype":"http://www.w3.org/1999/02/22-rdf-syntax-ns#XMLLiteral","value":"This is the date/time that the ward clerk took off this order."}},{"number":"12","flags":"*P100.02'","name":"NATURE OF ORDER","location":"0;12","type":"7","details":"100.02","inputTransform":"S DIC(\"S\")=\"I '$$SCREEN^XTID(100.02,,Y_\"\",\"\")\" D ^DIC K DIC S DIC=DIE,X=+Y K:Y<0 X","description":{"fmId":"-1","fmType":"5","type":"typed-literal","datatype":"http://www.w3.org/1999/02/22-rdf-syntax-ns#XMLLiteral","value":"This specifies the nature of the order or how it originated."}},{"number":"13","flags":"P200'","name":"ENTERED BY","location":"0;13","type":"7","details":"200","description":{"fmId":"-1","fmType":"5","type":"typed-literal","datatype":"http://www.w3.org/1999/02/22-rdf-syntax-ns#XMLLiteral","value":"This is the user who entered the information about this order into the\rcomputer."}},{"number":"14","flags":"NJ3,0","name":"TEXT REFERENCE","location":"0;14","type":"2","inputTransform":"K:+X'=X!(X>999)!(X<1)!(X?.E1\".\"1N.N) X","description":{"fmId":"-1","fmType":"5","type":"typed-literal","datatype":"http://www.w3.org/1999/02/22-rdf-syntax-ns#XMLLiteral","value":"This field contains a reference to the Order Action entry containing\rthe text for this order."}},{"number":"15","flags":"S","name":"RELEASE STATUS","location":"0;15","type":"3","details":"11:unreleased;10:pre-release;13:rejected;12:dc/edit;14:lapsed;","description":{"fmId":"-1","fmType":"5","type":"typed-literal","datatype":"http://www.w3.org/1999/02/22-rdf-syntax-ns#XMLLiteral","value":"This field tracks the status of the request for this action; this is NOT\rthe same as the order status."}},{"number":"16","flags":"D","name":"RELEASE DATE/TIME","location":"0;16","type":"1","inputTransform":"S %DT=\"ESTXR\" D ^%DT S X=Y K:Y<1 X","description":{"fmId":"-1","fmType":"5","type":"typed-literal","datatype":"http://www.w3.org/1999/02/22-rdf-syntax-ns#XMLLiteral","value":"This is the date/time the order was released to the service for action."}},{"number":"17","flags":"P200'","name":"RELEASING PERSON","location":"0;17","type":"7","details":"200","description":{"fmId":"-1","fmType":"5","type":"typed-literal","datatype":"http://www.w3.org/1999/02/22-rdf-syntax-ns#XMLLiteral","value":"This is the person who released the order to the service for action."}},{"number":"18","flags":"P200'","name":"CHART REVIEWED BY","location":"0;18","type":"7","details":"200","description":{"fmId":"-1","fmType":"5","type":"typed-literal","datatype":"http://www.w3.org/1999/02/22-rdf-syntax-ns#XMLLiteral","value":"This field contains the name of the user who performed the chart review\rthat included this order."}},{"number":"19","flags":"D","name":"DATE/TIME CHART REVIEWED","location":"0;19","type":"1","inputTransform":"S %DT=\"ETXR\" D ^%DT S X=Y K:Y<1 X","description":{"fmId":"-1","fmType":"5","type":"typed-literal","datatype":"http://www.w3.org/1999/02/22-rdf-syntax-ns#XMLLiteral","value":"This field contains the date/time that a chart review was performed, that\rincluded this order."}},{"number":"21","flags":"D","name":"DC/HOLD UNTIL","location":"2;1","type":"1","inputTransform":"S %DT=\"ETX\" D ^%DT S X=Y K:Y<1 X","description":{"fmId":"-1","fmType":"5","type":"typed-literal","datatype":"http://www.w3.org/1999/02/22-rdf-syntax-ns#XMLLiteral","value":"This is the date/time the hold was or will be removed from this order; if\ra future date/time is entered at the time of holding the order, the hold\rwill be automatically removed when this date/time is reached.\r  \rIf this order is reinstated after being cancelled, this is the date/time\rthe cancel status was removed from this order."}},{"number":"22","flags":"P200'","name":"DC/HOLD RELEASED BY","location":"2;2","type":"7","details":"200","description":{"fmId":"-1","fmType":"5","type":"typed-literal","datatype":"http://www.w3.org/1999/02/22-rdf-syntax-ns#XMLLiteral","value":"This is the user who released the cancel or hold on this order."}},{"number":"23","flags":"FI","name":"DIGITAL SIGNATURE","location":"2;3","type":"4","inputTransform":"K:$L(X)>100!($L(X)<1) X","description":{"fmId":"-1","fmType":"5","type":"typed-literal","datatype":"http://www.w3.org/1999/02/22-rdf-syntax-ns#XMLLiteral","value":"This is the digital signature of the order."}},{"number":"24","flags":"F","name":"DRUG SCHEDULE","location":"2;4","type":"4","inputTransform":"K:$L(X)>3!($L(X)<1) X","description":{"fmId":"-1","fmType":"5","type":"typed-literal","datatype":"http://www.w3.org/1999/02/22-rdf-syntax-ns#XMLLiteral","value":" This is the CS FEDERAL SCHEDULE of the drug as defined in the National\r Drug file (VA PRODUCT #50.68).  Pharmacy package further refines the\r schedule to:\r   1    Sch. I Nar.\r   2    II\r   2n   II Non-Nar.\r   3    III\r   3n   III Non-Nar.\r   4    IV\r   5    V\r   0    other active drugs"}},{"number":"25","flags":"S","name":"DIGITAL SIGNATURE REQUIRED","location":"2;5","type":"3","details":"0:NO;1:YES;","description":{"fmId":"-1","fmType":"5","type":"typed-literal","datatype":"http://www.w3.org/1999/02/22-rdf-syntax-ns#XMLLiteral","value":"This field is set if a Digital Signature is required."}},{"number":"31","flags":"S","name":"FLAGGED","location":"3;1","type":"3","details":"1:YES;0:NO;","description":{"fmId":"-1","fmType":"5","type":"typed-literal","datatype":"http://www.w3.org/1999/02/22-rdf-syntax-ns#XMLLiteral","value":"This indicates that this order has been flagged."}},{"number":"32","flags":"P3.9'","name":"BULLETIN","location":"3;2","type":"7","details":"3.9","description":{"fmId":"-1","fmType":"5","type":"typed-literal","datatype":"http://www.w3.org/1999/02/22-rdf-syntax-ns#XMLLiteral","value":"This is the bulletin sent as a result of flagging this order."}},{"number":"33","flags":"D","name":"DATE/TIME FLAGGED","location":"3;3","type":"1","inputTransform":"S %DT=\"ETX\" D ^%DT S X=Y K:Y<1 X","description":{"fmId":"-1","fmType":"5","type":"typed-literal","datatype":"http://www.w3.org/1999/02/22-rdf-syntax-ns#XMLLiteral","value":"This is the date/time when this order was flagged."}},{"number":"34","flags":"P200'","name":"FLAGGED BY","location":"3;4","type":"7","details":"200","description":{"fmId":"-1","fmType":"5","type":"typed-literal","datatype":"http://www.w3.org/1999/02/22-rdf-syntax-ns#XMLLiteral","value":"This is the user who flagged this order."}},{"number":"35","flags":"F","name":"REASON FOR FLAG","location":"3;5","type":"4","inputTransform":"K:$L(X)>80!($L(X)<1) X","description":{"fmId":"-1","fmType":"5","type":"typed-literal","datatype":"http://www.w3.org/1999/02/22-rdf-syntax-ns#XMLLiteral","value":"This is the reason this order was flagged; it will be included in the\rbulletin generated, as well as included in the text of this order until\rthis order is unflagged."}},{"number":"36","flags":"D","name":"DATE/TIME UNFLAGGED","location":"3;6","type":"1","inputTransform":"S %DT=\"ETX\" D ^%DT S X=Y K:Y<1 X","description":{"fmId":"-1","fmType":"5","type":"typed-literal","datatype":"http://www.w3.org/1999/02/22-rdf-syntax-ns#XMLLiteral","value":"This is the date/time this order was unflagged."}},{"number":"37","flags":"P200'","name":"UNFLAGGED BY","location":"3;7","type":"7","details":"200","description":{"fmId":"-1","fmType":"5","type":"typed-literal","datatype":"http://www.w3.org/1999/02/22-rdf-syntax-ns#XMLLiteral","value":"This is the user who unflagged this order."}},{"number":"38","flags":"F","name":"REASON FOR UNFLAG","location":"3;8","type":"4","inputTransform":"K:$L(X)>80!($L(X)<1) X","description":{"fmId":"-1","fmType":"5","type":"typed-literal","datatype":"http://www.w3.org/1999/02/22-rdf-syntax-ns#XMLLiteral","value":"This is the reason for unflagging this order, usually a response to the\rreason for flag."}},{"number":"39","flags":"P200'","name":"ALERTED PROVIDER","location":"3;9","type":"7","details":"200","description":{"fmId":"-1","fmType":"5","type":"typed-literal","datatype":"http://www.w3.org/1999/02/22-rdf-syntax-ns#XMLLiteral","value":"This is the user who was alerted to the flag."}},{"number":"50","flags":"100.0085","name":"WARD COMMENTS","location":"5;0","type":"5","description":{"fmId":"-1","fmType":"5","type":"typed-literal","datatype":"http://www.w3.org/1999/02/22-rdf-syntax-ns#XMLLiteral","value":"This is where ward or clinic comments on orders are stored."}},{"number":"71","flags":"S","name":"CHART COPY PRINTED","location":"7;1","type":"3","details":"0:NO;1:YES;","description":{"fmId":"-1","fmType":"5","type":"typed-literal","datatype":"http://www.w3.org/1999/02/22-rdf-syntax-ns#XMLLiteral","value":"This field is set to YES when the chart copy has printed."}},{"number":"72","flags":"D","name":"CHART COPY PRINTED WHEN","location":"7;2","type":"1","inputTransform":"S %DT=\"ESTXR\" D ^%DT S X=Y K:Y<1 X","description":{"fmId":"-1","fmType":"5","type":"typed-literal","datatype":"http://www.w3.org/1999/02/22-rdf-syntax-ns#XMLLiteral","value":"This field stores the date/time the chart copy 1st printed."}},{"number":"73","flags":"P200'","name":"CHART COPY PRINTED BY","location":"7;3","type":"7","details":"200","description":{"fmId":"-1","fmType":"5","type":"typed-literal","datatype":"http://www.w3.org/1999/02/22-rdf-syntax-ns#XMLLiteral","value":"This field contains the person signed on when the chart copy 1st printed."}},{"number":"74","flags":"F","name":"CHART COPY PRINTER","location":"7;4","type":"4","inputTransform":"K:$L(X)>50!($L(X)<2) X","description":{"fmId":"-1","fmType":"5","type":"typed-literal","datatype":"http://www.w3.org/1999/02/22-rdf-syntax-ns#XMLLiteral","value":"This is the device that the chart copy was 1st sent to."}}],"fmql":{"OP":"DESCRIBE TYPE","TYPE":"100_008","TYPELABEL":"ORDER ACTIONS"}}