{"name":"OTHER ASSOC DIAGNOSIS","number":"130.165","parent":"130.16","fields":[{"number":".01","flags":"NJ5,0","name":"OTHER ASSOC DIAGNOSIS","location":"0;1","index":"B","type":"2","inputTransform":"K:+X'=X!(X>99999)!(X<0)!(X?.E1\".\"1N.N) X","description":{"fmId":"-1","fmType":"5","type":"typed-literal","datatype":"http://www.w3.org/1999/02/22-rdf-syntax-ns#XMLLiteral","value":"The OTHER ASSOC DIAGNOSIS is used to associate diagnoses to OTHER \rPROCEDURES.  This information is needed to generate a clean claim."}}],"fmql":{"OP":"DESCRIBE TYPE","TYPE":"130_165","TYPELABEL":"OTHER ASSOC DIAGNOSIS"}}