{"name":"GMRC PROCEDURE","number":"123.3","location":"^GMR(123.3,","count":"26","lastIEN":"26","description":{"fmId":"-1","fmType":"5","type":"typed-literal","datatype":"http://www.w3.org/1999/02/22-rdf-syntax-ns#XMLLiteral","value":"This file is used for the maintenance of procedures used in the\rCONSULT/REQUEST TRACKING package. The procedures contained in this file\rare orderable in CPRS if not inactive."},"version":"3.0","vpackage":"GMRC","fields":[{"number":".01","flags":"RFX","name":"NAME","location":"0;1","index":"B","type":"4","inputTransform":"K:$L(X)>63!($L(X)<3)!'(X'?1P.E)!($O(^GMR(123.3,\"B\",X,0))'=\"\") X","description":{"fmId":"-1","fmType":"5","type":"typed-literal","datatype":"http://www.w3.org/1999/02/22-rdf-syntax-ns#XMLLiteral","value":"This is the name of the procedure that will be requested within CPRS."}},{"number":".02","flags":"S","name":"INACTIVE","location":"0;2","type":"3","details":"1:YES;0:NO;","description":{"fmId":"-1","fmType":"5","type":"typed-literal","datatype":"http://www.w3.org/1999/02/22-rdf-syntax-ns#XMLLiteral","value":"The INACTIVE field, if set to YES causes a procedure to no longer be\rselectable when ordering within CPRS.  Existing requests for this\rprocedure may be processed to completion even if the procedure is\rinactive."}},{"number":".04","flags":"*P702.01'","name":"CLINICAL PROCEDURE","location":"0;4","index":"AC","type":"7","details":"702.01","inputTransform":"S DIC(\"S\")=\"I $P(^MDS(702.01,+Y,0),U,9)\" D ^DIC K DIC S DIC=$G(DIE),X=+Y K:Y<0 X","description":{"fmId":"-1","fmType":"5","type":"typed-literal","datatype":"http://www.w3.org/1999/02/22-rdf-syntax-ns#XMLLiteral","value":"This field provides a mapping between the CP DEFINITIONS (#702.01) file\rand the GMRC PROCEDURES file.   Orders placed for a procedure having a\rvalid entry in this field will be processed and resulted via the Clinical\rProcedures package."}},{"number":".05","flags":"*P697.2'","name":"TYPE OF PROCEDURE","location":"0;5","type":"7","details":"697.2","inputTransform":"S DIC(\"S\")=\"I $$PATCH^XPDUTL(\"\"MC*2.3*27\"\")\" D ^DIC K DIC S DIC=$G(DIE),X=+Y K:Y<0 X","description":{"fmId":"-1","fmType":"5","type":"typed-literal","datatype":"http://www.w3.org/1999/02/22-rdf-syntax-ns#XMLLiteral","value":"This field indicates which type of medicine procedure and thus which\rresult file in the Medicine Package will hold results for this procedure.\r \rCoordination may be necessary with the Medicine Adpac to determine the\rcorrect procedure mapping.\r \rIf this field is not entered, the procedure may still be resulted using a\rTIU document, but Medicine results may not be linked to requests for this\rprocedure.\r \rThis field invokes IA# 616."}},{"number":".06","flags":"F","name":"PROTOCOL","location":"0;6","index":"AP","type":"4","inputTransform":"K:$L(X)>10!($L(X)<1) X","description":{"fmId":"-1","fmType":"5","type":"typed-literal","datatype":"http://www.w3.org/1999/02/22-rdf-syntax-ns#XMLLiteral","value":" This field serves as a placeholder for a conversion value. The field\r contains the pointer value of the PROTOCOL that represented this\r procedure before conversion."}},{"number":".07","flags":"S","name":"PROVISIONAL DX PROMPT","location":"0;7","type":"3","details":"O:OPTIONAL;R:REQUIRED;S:SUPPRESS;","description":{"fmId":"-1","fmType":"5","type":"typed-literal","datatype":"http://www.w3.org/1999/02/22-rdf-syntax-ns#XMLLiteral","value":"This field will be used by CPRS to determine how to prompt for the\rprovisional diagnosis when ordering this procedure. If this field is \rset to OPTIONAL, the user will be prompted for the provisional \rdiagnosis but may bypass answering the prompt. If the field is set to\rSUPPRESS, the user will not be presented with the provisional diagnosis\rprompt. If set to REQUIRED, the user must answer the prompt to continue\rplacing the order."}},{"number":".08","flags":"S","name":"PROVISIONAL DX INPUT","location":"0;8","type":"3","details":"F:FREE TEXT;L:LEXICON;","description":{"fmId":"-1","fmType":"5","type":"typed-literal","datatype":"http://www.w3.org/1999/02/22-rdf-syntax-ns#XMLLiteral","value":"This field will determine the method that CPRS will use to prompt the \ruser for input of the provisional diagnosis when ordering. If set to \rFREE TEXT, the user may type any text from 2-80 characters in length. \rIf set to LEXICON, the user will be required to select a coded \rdiagnosis from the Clinical Lexicon."}},{"number":".09","flags":"S","name":"RESTRICT DEFAULT REASON EDIT","location":"0;9","type":"3","details":"0:UNRESTRICTED;1:ASK ON EDIT ONLY;2:NO EDITING;","description":{"fmId":"-1","fmType":"5","type":"typed-literal","datatype":"http://www.w3.org/1999/02/22-rdf-syntax-ns#XMLLiteral","value":"If a DEFAULT REASON FOR REQUEST exists for this procedure this field\raffects the ordering person's ability to edit the default reason while\rplacing an order.\r \r        0 - UNRESTRICTED\r            User will be able to edit the default text at any time.\r \r        1 - ASK ON EDIT ONLY\r            User will only be allowed to edit the default reason if the\r            order is edited before releasing to the service.\r \r        2 - NO EDITING\r            User will not be allowed to edit the default reason at any\r            time.\r \rThe value of this field will be ignored if no DEFAULT REASON FOR REQUEST\rexists for this procedure."}},{"number":"1","flags":"123.31","name":"SYNONYM","location":"1;0","type":"9","details":"123.31"},{"number":"2","flags":"123.32P","name":"RELATED SERVICES","location":"2;0","type":"9","details":"123.32"},{"number":"3","flags":"F","name":"INTERNAL NAME","location":"3;1","index":"D","type":"4","inputTransform":"K:$L(X)>80!($L(X)<2) X","description":{"fmId":"-1","fmType":"5","type":"typed-literal","datatype":"http://www.w3.org/1999/02/22-rdf-syntax-ns#XMLLiteral","value":"This field holds a name that can be used for internal name-spacing. \rThis name will not be viewable to users when selecting a procedure. \rThis name may be used to look up entries in the file via VA \rFileman and the Setup Procedures option."}},{"number":"124","flags":"123.3124A","name":"DEFAULT REASON FOR REQUEST","location":"124;0","type":"5","description":{"fmId":"-1","fmType":"5","type":"typed-literal","datatype":"http://www.w3.org/1999/02/22-rdf-syntax-ns#XMLLiteral","value":"This field will allow a boilerplate of text to be imported into the reason\rfor request when placing orders for this procedure. If the user places an\rorder using a quick order having boilerplate text, that text will\rsupersede any default text stored in this field.\r \rThis field may contain any text including TIU objects. TIU Objects must be\renclosed in vertical bars (e.g. |PATIENT NAME| )."}},{"number":"125","flags":"123.3125","name":"PREREQUISITE","location":"125;0","type":"5"},{"number":"126","flags":"*P4'","name":"IFC ROUTING SITE","location":"IFC;1","type":"7","details":"4","inputTransform":"S DIC(\"S\")=\"N STA S STA=$$STA^XUAF4(+Y) I STA,STA=+STA,+Y'=$$KSP^XUPARAM(\"\"INST\"\")\" D ^DIC K DIC S DIC=DIE,X=+Y K:Y<0 X","description":{"fmId":"-1","fmType":"5","type":"typed-literal","datatype":"http://www.w3.org/1999/02/22-rdf-syntax-ns#XMLLiteral","value":"This field contains the VA facility that will perform this procedure \rwhen requested. When a request for this procedure is ordered, it will\rautomatically be routed to the VA facility in this field."}},{"number":"127","flags":"F","name":"IFC REMOTE PROC NAME","location":"IFC;2","type":"4","inputTransform":"K:$L(X)>63!($L(X)<3) X","description":{"fmId":"-1","fmType":"5","type":"typed-literal","datatype":"http://www.w3.org/1999/02/22-rdf-syntax-ns#XMLLiteral","value":"This field contains the name of the PROCEDURE that will be requested \rat the VAMC defined in the IFC ROUTING SITE field.\r \rEnter the name of the procedure exactly as it is named at the remote\rfacility. If this name does not match the name of the procedure at \rthe routing site, the request will fail to be filed at the remote site.\rThis will delay or prohibit the performance and processing of this\rrequest."}},{"number":"128","flags":"123.3128P","name":"IFC SENDING FACILITY","location":"IFCS;0","type":"9","details":"123.3128"},{"number":"129","flags":"P200'","name":"IFC COORDINATOR","location":"IFC;3","type":"7","details":"200","description":{"fmId":"-1","fmType":"5","type":"typed-literal","datatype":"http://www.w3.org/1999/02/22-rdf-syntax-ns#XMLLiteral","value":"The person entered in this field will have expanded abilities to correct \rIFC records that require manual intervention to remain updated.\r \rThe full capabilities of this field are not yet defined."}}],"fmql":{"OP":"DESCRIBE TYPE","TYPE":"123_3","TYPELABEL":"GMRC PROCEDURE"}}