{"fields": [{"index": "ADR", "name": "date_time_entered", "number": ".01", "flags": "RD", "location": "0;1", "type": "1", "description": {"datatype": "http://www.w3.org/1999/02/22-rdf-syntax-ns#XMLLiteral", "fmType": "5", "fmId": "-1", "value": "This field contains the date/time the consult request was\rentered.", "type": "typed-literal"}}, {"name": "consult_request", "description": {"datatype": "http://www.w3.org/1999/02/22-rdf-syntax-ns#XMLLiteral", "fmType": "5", "fmId": "-1", "value": "This field contains the specific consult request drawn from\rthe Dietetic Consults file (119.5).", "type": "typed-literal"}, "number": "1", "flags": "RP119.5'", "details": "119.5", "type": "7", "location": "0;2"}, {"description": {"datatype": "http://www.w3.org/1999/02/22-rdf-syntax-ns#XMLLiteral", "fmType": "5", "fmId": "-1", "value": "This field allows the user to enter a comment as to the consult.", "type": "typed-literal"}, "number": "2", "flags": "F", "location": "0;3", "type": "4", "name": "comment"}, {"name": "clinician", "description": {"datatype": "http://www.w3.org/1999/02/22-rdf-syntax-ns#XMLLiteral", "fmType": "5", "fmId": "-1", "value": "This field indicates the clinician currently assigned to the\rconsult. Initially, it will contain the clinician assigned\rto the consult type, if one has been specified, otherwise, the\rclinician assigned to the ward on which the patient resides.", "type": "typed-literal"}, "number": "4", "flags": "RP200'", "details": "200", "type": "7", "location": "0;5"}, {"name": "clerk", "description": {"datatype": "http://www.w3.org/1999/02/22-rdf-syntax-ns#XMLLiteral", "fmType": "5", "fmId": "-1", "value": "This field contains the user entering the request and is\rautomatically captured at time of entry.", "type": "typed-literal"}, "number": "6", "flags": "RP200'", "details": "200", "type": "7", "location": "0;7"}, {"name": "status", "description": {"datatype": "http://www.w3.org/1999/02/22-rdf-syntax-ns#XMLLiteral", "fmType": "5", "fmId": "-1", "value": "This is the current status of the request.", "type": "typed-literal"}, "number": "7", "flags": "RS", "details": "A:ACTIVE;C:COMPLETE;X:CANCELLED;", "type": "3", "location": "0;8"}, {"description": {"datatype": "http://www.w3.org/1999/02/22-rdf-syntax-ns#XMLLiteral", "fmType": "5", "fmId": "-1", "value": "This is the date/time the consult was cleared, either by\rcompletion or cancellation.", "type": "typed-literal"}, "number": "8", "flags": "D", "location": "0;9", "type": "1", "name": "date_time_cleared"}, {"name": "clerk_clearing", "description": {"datatype": "http://www.w3.org/1999/02/22-rdf-syntax-ns#XMLLiteral", "fmType": "5", "fmId": "-1", "value": "This is the dietetic person who indicated that the consult\rhad been cleared.", "type": "typed-literal"}, "number": "9", "flags": "P200'", "details": "200", "type": "7", "location": "0;10"}, {"name": "initial_followup", "description": {"datatype": "http://www.w3.org/1999/02/22-rdf-syntax-ns#XMLLiteral", "fmType": "5", "fmId": "-1", "value": "If follow-ups are associated with this consult type, then\rthis field will indicate whether the consult was an\rinitial one or a follow-up to a prior consult.", "type": "typed-literal"}, "number": "10", "flags": "S", "details": "I:INITIAL;F:FOLLOW-UP;", "type": "3", "location": "0;11"}, {"name": "oe_rr_order", "description": {"datatype": "http://www.w3.org/1999/02/22-rdf-syntax-ns#XMLLiteral", "fmType": "5", "fmId": "-1", "value": "This field contains a pointer to the OE/RR file order corresponding\rto this order.", "type": "typed-literal"}, "number": "11", "flags": "P100", "details": "100", "type": "7", "location": "0;13"}, {"name": "oe_rr_entry", "number": "12", "flags": "P100'", "details": "100", "type": "7", "location": "0;13"}], "fmql": {"TYPELABEL": "CONSULTATION", "TYPE": "115_03", "OP": "DESCRIBE TYPE"}, "name": "CONSULTATION", "parent": "115.01", "number": "115.03"}