{"name":"ASSOCIATED MAS WARD","number":"119.63","parent":"119.6","fields":[{"number":".01","flags":"MP42'X","name":"ASSOCIATED MAS WARD","location":"0;1","index":"B","type":"7","details":"42","inputTransform":"I $D(X) S Y=$O(^FH(119.6,\"AW\",X,0)) I Y>0,Y-DA(1) W *7,\"  Ward already assigned to \",$P($G(^FH(119.6,+Y,0)),\"^\",1) K X","description":{"fmId":"-1","fmType":"5","type":"typed-literal","datatype":"http://www.w3.org/1999/02/22-rdf-syntax-ns#XMLLiteral","value":"This field indicates that (a) on admission, a patient with no room-bed,\rbut assigned to this MAS ward, will be considered to be on this Dietetic\rWard.\r(b) For forecasting purposes, the census of this MAS ward will be used\rin calculating the forecasted census for this Dietetic ward."}}],"fmql":{"OP":"DESCRIBE TYPE","TYPE":"119_63","TYPELABEL":"ASSOCIATED MAS WARD"}}