{"name":"PRODUCTION DIET PERCENTAGE","number":"119.7211","parent":"119.72","fields":[{"number":".01","flags":"MP116.2'X","name":"FORECAST % PRODUCTION DIET","location":"0;1","index":"B","type":"7","details":"116.2","inputTransform":"I $D(X) S DINUM=X","description":{"fmId":"-1","fmType":"5","type":"typed-literal","datatype":"http://www.w3.org/1999/02/22-rdf-syntax-ns#XMLLiteral","value":"This field is the production diet for which daily forecast percentages\rare to be entered."}},{"number":"10","flags":"NJ5,1","name":"SUNDAY CENSUS PERCENTAGE","location":"0;2","type":"2","inputTransform":"K:+X'=X!(X>110)!(X<0)!(X?.E1\".\"2N.N) X","description":{"fmId":"-1","fmType":"5","type":"typed-literal","datatype":"http://www.w3.org/1999/02/22-rdf-syntax-ns#XMLLiteral","value":"This field contains the % of total census on Sundays for which this\rproduction diet is to be forecast."}},{"number":"11","flags":"NJ5,1","name":"MONDAY CENSUS PERCENTAGE","location":"0;3","type":"2","inputTransform":"K:+X'=X!(X>110)!(X<0)!(X?.E1\".\"2N.N) X","description":{"fmId":"-1","fmType":"5","type":"typed-literal","datatype":"http://www.w3.org/1999/02/22-rdf-syntax-ns#XMLLiteral","value":"This field contains the % of total census on Mondays for which this\rproduction diet is to be forecast."}},{"number":"12","flags":"NJ5,1","name":"TUESDAY CENSUS PERCENTAGE","location":"0;4","type":"2","inputTransform":"K:+X'=X!(X>110)!(X<0)!(X?.E1\".\"2N.N) X","description":{"fmId":"-1","fmType":"5","type":"typed-literal","datatype":"http://www.w3.org/1999/02/22-rdf-syntax-ns#XMLLiteral","value":"This field contains the % of total census on Tuesdays for which this\rproduction diet is to be forecast."}},{"number":"13","flags":"NJ5,1","name":"WEDNESDAY CENSUS PERCENTAGE","location":"0;5","type":"2","inputTransform":"K:+X'=X!(X>110)!(X<0)!(X?.E1\".\"2N.N) X","description":{"fmId":"-1","fmType":"5","type":"typed-literal","datatype":"http://www.w3.org/1999/02/22-rdf-syntax-ns#XMLLiteral","value":"This field contains the % of total census on Wednesdays for which this\rproduction diet is to be forecast."}},{"number":"14","flags":"NJ5,1","name":"THURSDAY CENSUS PERCENTAGE","location":"0;6","type":"2","inputTransform":"K:+X'=X!(X>110)!(X<0)!(X?.E1\".\"2N.N) X","description":{"fmId":"-1","fmType":"5","type":"typed-literal","datatype":"http://www.w3.org/1999/02/22-rdf-syntax-ns#XMLLiteral","value":"This field contains the % of total census on Thursdays for which this\rproduction diet is to be forecast."}},{"number":"15","flags":"NJ5,1","name":"FRIDAY CENSUS PERCENTAGE","location":"0;7","type":"2","inputTransform":"K:+X'=X!(X>110)!(X<0)!(X?.E1\".\"2N.N) X","description":{"fmId":"-1","fmType":"5","type":"typed-literal","datatype":"http://www.w3.org/1999/02/22-rdf-syntax-ns#XMLLiteral","value":"This field contains the % of total census on Fridays for which this\rproduction diet is to be forecast."}},{"number":"16","flags":"NJ5,1","name":"SATURDAY CENSUS PERCENTAGE","location":"0;8","type":"2","inputTransform":"K:+X'=X!(X>110)!(X<0)!(X?.E1\".\"2N.N) X","description":{"fmId":"-1","fmType":"5","type":"typed-literal","datatype":"http://www.w3.org/1999/02/22-rdf-syntax-ns#XMLLiteral","value":"This field contains the % of total census on Saturdays for which this\rproduction diet is to be forecast."}}],"fmql":{"OP":"DESCRIBE TYPE","TYPE":"119_7211","TYPELABEL":"PRODUCTION DIET PERCENTAGE"}}