{"name":"OTHER PERSONS IN OR","number":"130.24","parent":"130","fields":[{"number":".01","flags":"F","name":"OTHER PERSONS IN OR","location":"0;1","index":"B","type":"4","inputTransform":"K:$L(X)>40!($L(X)<1) X","description":{"fmId":"-1","fmType":"5","type":"typed-literal","datatype":"http://www.w3.org/1999/02/22-rdf-syntax-ns#XMLLiteral","value":"These are the names of other persons not scrubbed, or otherwise identified,\rpresent in the operating room."}},{"number":"1","flags":"F","name":"TITLE/ORGANIZATION","location":"0;2","type":"4","inputTransform":"K:$L(X)>60!($L(X)<1) X","description":{"fmId":"-1","fmType":"5","type":"typed-literal","datatype":"http://www.w3.org/1999/02/22-rdf-syntax-ns#XMLLiteral","value":"This is the title and/or organization of this person.  Since your answer\rmay be up to 60 characters, you may prefer to enter a reason for this\rperson being in the operating room."}}],"fmql":{"OP":"DESCRIBE TYPE","TYPE":"130_24","TYPELABEL":"OTHER PERSONS IN OR"}}