{"fields": [{"index": "B", "name": "roombed", "description": {"datatype": "http://www.w3.org/1999/02/22-rdf-syntax-ns#XMLLiteral", "fmType": "5", "fmId": "-1", "value": "This field is a pointer to File 405.4 and indicates that this room-bed\ris to be considered part of this Dietetic Ward.", "type": "typed-literal"}, "number": ".01", "flags": "MP405.4'X", "location": "0;1", "type": "7", "details": "405.4"}, {"description": {"datatype": "http://www.w3.org/1999/02/22-rdf-syntax-ns#XMLLiteral", "fmType": "5", "fmId": "-1", "value": "This value will be used to determine the order of printing labels\ror tickets for items to be delivered.  Thus, the value represents\rthe order of delivery for beds on the ward.", "type": "typed-literal"}, "number": "1", "flags": "NJ2,0", "location": "0;2", "type": "2", "name": "delivery_order"}], "fmql": {"TYPELABEL": "ROOM-BED", "TYPE": "119_62", "OP": "DESCRIBE TYPE"}, "name": "ROOM-BED", "parent": "119.6", "number": "119.62"}