{"name":"ETIOLOGY","number":"104.109","parent":"104.1","fields":[{"number":".01","flags":"MP61.2'","name":"ETIOLOGY","location":"0;1","index":"B","type":"7","details":"61.2","description":{"fmId":"-1","fmType":"5","type":"typed-literal","datatype":"http://www.w3.org/1999/02/22-rdf-syntax-ns#XMLLiteral","value":"For MI-subscripted tests, this defines the Etiology to search for."}},{"number":"1","flags":"104.191PA","name":"ANTIMICROBIAL SUSCEPTIBILITY","location":"1;0","type":"9","details":"104.191"}],"fmql":{"OP":"DESCRIBE TYPE","TYPE":"104_109","TYPELABEL":"ETIOLOGY"}}