{"fields": [{"description": {"datatype": "http://www.w3.org/1999/02/22-rdf-syntax-ns#XMLLiteral", "fmType": "5", "fmId": "-1", "value": "This is the date and time that this medication was administered.\r ", "type": "typed-literal"}, "number": ".01", "flags": "DX", "location": "0;1", "type": "1", "name": "time_adm"}, {"description": {"datatype": "http://www.w3.org/1999/02/22-rdf-syntax-ns#XMLLiteral", "fmType": "5", "fmId": "-1", "value": "This is the dose of the medication, including units (mg, ml, etc.), \rgiven at this time. Although optional, this information may be useful\rin documentation of this case.", "type": "typed-literal"}, "number": "1", "flags": "FX", "location": "0;2", "type": "4", "name": "dose"}, {"name": "ordered_by", "description": {"datatype": "http://www.w3.org/1999/02/22-rdf-syntax-ns#XMLLiteral", "fmType": "5", "fmId": "-1", "value": "This is the name of the person ordering this dose of medication.  This\rinformation is optional, but may be useful in documentation.\r ", "type": "typed-literal"}, "number": "2", "flags": "*P200'", "details": "200", "type": "7", "location": "0;3"}, {"name": "admin_by", "description": {"datatype": "http://www.w3.org/1999/02/22-rdf-syntax-ns#XMLLiteral", "fmType": "5", "fmId": "-1", "value": "This is the name of the person administering this dose of the\rmedication.  This information is optional, but may be useful for\rdocumentation of the case.\r ", "type": "typed-literal"}, "number": "3", "flags": "*P200'", "details": "200", "type": "7", "location": "0;4"}, {"name": "route", "description": {"datatype": "http://www.w3.org/1999/02/22-rdf-syntax-ns#XMLLiteral", "fmType": "5", "fmId": "-1", "value": "This is the code corresponding to the route of administration of the\rmedication.\r ", "type": "typed-literal"}, "number": "4", "flags": "S", "details": "IV:INTRAVENOUS;T:TOPICAL;IR:IRRIGATION;IM:INTRAMUSCULAR;R:RECTAL;S:SUBLINGUAL;SC:SUBCUTANEOUS;IN:INFILTRATE;O:OTHER;P:PREPUMP;OR:ORAL;", "type": "3", "location": "0;5"}, {"description": {"datatype": "http://www.w3.org/1999/02/22-rdf-syntax-ns#XMLLiteral", "fmType": "5", "fmId": "-1", "value": "These are comments pertaining to the administration of the medication\rat this time.\r ", "type": "typed-literal"}, "number": "5", "flags": "F", "location": "0;6", "type": "4", "name": "medication_comments"}], "fmql": {"TYPELABEL": "TIME ADM", "TYPE": "130_34", "OP": "DESCRIBE TYPE"}, "name": "TIME ADM", "parent": "130.33", "number": "130.34"}