{"name":"GMRY PATIENT I/O FILE","number":"126","location":"^GMR(126,","description":{"fmId":"-1","fmType":"5","type":"typed-literal","datatype":"http://www.w3.org/1999/02/22-rdf-syntax-ns#XMLLiteral","value":"This file contains a patient's intake and output measurements."},"version":"4.0","vpackage":"GEN. MED. REC. - I/O","fields":[{"number":".01","flags":"RP2'X","name":"PATIENT","location":"0;1","index":"B","type":"7","details":"2","inputTransform":"S DINUM=X","description":{"fmId":"-1","fmType":"5","type":"typed-literal","datatype":"http://www.w3.org/1999/02/22-rdf-syntax-ns#XMLLiteral","value":"This field identifies the patient for whom these intake/output measurements\rpertain.  Pointer to the Patient file (#2)."}},{"number":"1","flags":"126.01IDA","name":"INTAKE","location":"IN;0","type":"9","details":"126.01","description":{"fmId":"-1","fmType":"5","type":"typed-literal","datatype":"http://www.w3.org/1999/02/22-rdf-syntax-ns#XMLLiteral","value":"This field contains the patient's cumulative intake within an interval\rof time."}},{"number":"2","flags":"126.02IDA","name":"OUTPUT","location":"OUT;0","type":"9","details":"126.02","description":{"fmId":"-1","fmType":"5","type":"typed-literal","datatype":"http://www.w3.org/1999/02/22-rdf-syntax-ns#XMLLiteral","value":"This field contains the patient's cumulative output for an interval of time."}},{"number":"3","flags":"126.03IDA","name":"IV","location":"IV;0","type":"9","details":"126.03","description":{"fmId":"-1","fmType":"5","type":"typed-literal","datatype":"http://www.w3.org/1999/02/22-rdf-syntax-ns#XMLLiteral","value":"This multiple documents all information specific to the starting and\rdiscontinuation of an intravenous(IV) fluid on a patient."}},{"number":"4","flags":"126.04","name":"IV MAINTENANCE","location":"IVM;0","type":"9","details":"126.04","description":{"fmId":"-1","fmType":"5","type":"typed-literal","datatype":"http://www.w3.org/1999/02/22-rdf-syntax-ns#XMLLiteral","value":"This multiple records the patient's IV maintenance or care including the IV\rinfusion site care, IV tube change(s) and dressing change(s)."}}],"fmql":{"OP":"DESCRIBE TYPE","TYPE":"126","TYPELABEL":"GMRY PATIENT I/O FILE"}}