{"name":"TF PRODUCT","number":"115.1","parent":"115.04","fields":[{"number":".01","flags":"MRP118.2'","name":"TF PRODUCT","location":"0;1","index":"B","type":"7","details":"118.2","description":{"fmId":"-1","fmType":"5","type":"typed-literal","datatype":"http://www.w3.org/1999/02/22-rdf-syntax-ns#XMLLiteral","value":"This field contains the tubefeeding product to be administered."}},{"number":"1","flags":"RS","name":"STRENGTH","location":"0;2","type":"3","details":"1:1/4;2:1/2;3:3/4;4:FULL;","description":{"fmId":"-1","fmType":"5","type":"typed-literal","datatype":"http://www.w3.org/1999/02/22-rdf-syntax-ns#XMLLiteral","value":"This field contains the quantity of the tubefeeding and may\rbe expressed in Kilocalories per day, ml's per hour, or\rsimilar rates."}},{"number":"2","flags":"RF","name":"QUANTITY","location":"0;3","type":"4","inputTransform":"K:$L(X)>50!($L(X)<3) X","description":{"fmId":"-1","fmType":"5","type":"typed-literal","datatype":"http://www.w3.org/1999/02/22-rdf-syntax-ns#XMLLiteral","value":"This field contains the strength of the tubefeeding product\rand the degree, if any, of dilution."}},{"number":"3","flags":"NJ5,0","name":"PRODUCT ML'S/DAY","location":"0;4","type":"2","inputTransform":"K:+X'=X!(X>10000)!(X<0)!(X?.E1\".\"1N.N) X","description":{"fmId":"-1","fmType":"5","type":"typed-literal","datatype":"http://www.w3.org/1999/02/22-rdf-syntax-ns#XMLLiteral","value":"This is the number of ml's of the TF product which are contained in\rthe order for a day (or less than a day if so indicated)."}},{"number":"4","flags":"NJ5,0","name":"WATER ML'S/DAY","location":"0;5","type":"2","inputTransform":"K:+X'=X!(X>10000)!(X<0)!(X?.E1\".\"1N.N) X","description":{"fmId":"-1","fmType":"5","type":"typed-literal","datatype":"http://www.w3.org/1999/02/22-rdf-syntax-ns#XMLLiteral","value":"This is the number of ml's of water to be used to dilute the TF product\rif indicated."}},{"number":"5","flags":"NJ5,0","name":"KCALS/DAY","location":"0;6","type":"2","inputTransform":"K:+X'=X!(X>10000)!(X<0)!(X?.E1\".\"1N.N) X","description":{"fmId":"-1","fmType":"5","type":"typed-literal","datatype":"http://www.w3.org/1999/02/22-rdf-syntax-ns#XMLLiteral","value":"This is the number of Kcal's contained in this TF product as prepared."}}],"fmql":{"OP":"DESCRIBE TYPE","TYPE":"115_1","TYPELABEL":"TF PRODUCT"}}