{"name":"GMRV VITALS PARAMETERS","number":"120.57","location":"^GMRD(120.57,","count":"1","lastIEN":"1","description":{"fmId":"-1","fmType":"5","type":"typed-literal","datatype":"http://www.w3.org/1999/02/22-rdf-syntax-ns#XMLLiteral","value":"This file contains the various site configurable parameters for the\rVitals/Measurements application."},"version":"5.0","vpackage":"GEN. MED. REC. - VITALS","fields":[{"number":".01","flags":"RFX","name":"NAME","location":"0;1","index":"B","type":"4","inputTransform":"K:$L(X)>30!($L(X)<3)!'(X'?1P.E) X I $D(X) K:$D(^GMRD(120.57,1,0)) X S:'$D(^GMRD(120.57,1,0)) DINUM=1","description":{"fmId":"-1","fmType":"5","type":"typed-literal","datatype":"http://www.w3.org/1999/02/22-rdf-syntax-ns#XMLLiteral","value":"This field provides an arbitrary name for the single entry in this file."}},{"number":"1","flags":"NJ4,0","name":"QUICK ORDER PROTOCOL COUNTER","location":"Q0;1","type":"2","inputTransform":"K:+X'=X!(X>9999)!(X<0)!(X?.E1\".\"1N.N) X","description":{"fmId":"-1","fmType":"5","type":"typed-literal","datatype":"http://www.w3.org/1999/02/22-rdf-syntax-ns#XMLLiteral","value":"This field contains a counter which is appended to the end of each\rquick order protocol."}},{"number":"1.3","flags":"NJ7,3","name":"GMRV INITIALIZATION SWITCH","location":"INIT;1","type":"2","inputTransform":"K:+X'=X!(X>100)!(X<0)!(X?.E1\".\"4N.N) X","description":{"fmId":"-1","fmType":"5","type":"typed-literal","datatype":"http://www.w3.org/1999/02/22-rdf-syntax-ns#XMLLiteral","value":"This field contains a switch used by the GMRVINIT's ONLY.  NO EDITING ALLOWED!!!"}},{"number":"2","flags":"NJ3,0","name":"STOP DATE DEFAULT","location":"0;2","type":"2","inputTransform":"K:+X'=X!(X>365)!(X<0)!(X?.E1\".\"1N.N) X","description":{"fmId":"-1","fmType":"5","type":"typed-literal","datatype":"http://www.w3.org/1999/02/22-rdf-syntax-ns#XMLLiteral","value":"This field stores the number of days allotted in between the start date of a\rvitals order and the stop date."}},{"number":"3","flags":"S","name":"CANCEL ON WARD TRANSFER","location":"0;3","type":"3","details":"1:YES;0:NO;","description":{"fmId":"-1","fmType":"5","type":"typed-literal","datatype":"http://www.w3.org/1999/02/22-rdf-syntax-ns#XMLLiteral","value":"This field indicates that a flag is present to cancel vital measurement \rorders when a patient transfers between wards."}},{"number":"4","flags":"S","name":"CANCEL ON SERVICE TRANSFER","location":"0;4","type":"3","details":"1:YES;0:NO;","description":{"fmId":"-1","fmType":"5","type":"typed-literal","datatype":"http://www.w3.org/1999/02/22-rdf-syntax-ns#XMLLiteral","value":"This field indicates that a flag is present to cancel vital measurement \rorders when a patient transfers between services."}},{"number":"5.1","flags":"RNJ5,1","name":"ABNORMAL TEMPERATURE - HIGH","location":"1;1","type":"2","inputTransform":"K:+X'=X!(X>120)!(X<45)!(X?.E1\".\"2N.N) X","description":{"fmId":"-1","fmType":"5","type":"typed-literal","datatype":"http://www.w3.org/1999/02/22-rdf-syntax-ns#XMLLiteral","value":"This field indicates the upper limit for an acceptable range of patient \rtemperatures. The abnormal high is equal to or greater than the value \rentered."}},{"number":"5.2","flags":"RNJ5,1","name":"ABNORMAL TEMPERATURE - LOW","location":"1;2","type":"2","inputTransform":"K:+X'=X!(X>120)!(X<45)!(X?.E1\".\"2N.N) X","description":{"fmId":"-1","fmType":"5","type":"typed-literal","datatype":"http://www.w3.org/1999/02/22-rdf-syntax-ns#XMLLiteral","value":"This field sets the lower limit for an acceptable range of patient \rtemperatures. The abnormal low is equal to or below that of the value \rentered."}},{"number":"5.3","flags":"RNJ3,0","name":"ABNORMAL PULSE - HIGH","location":"1;3","type":"2","inputTransform":"K:+X'=X!(X>300)!(X<0)!(X?.E1\".\"1N.N) X","description":{"fmId":"-1","fmType":"5","type":"typed-literal","datatype":"http://www.w3.org/1999/02/22-rdf-syntax-ns#XMLLiteral","value":"This field sets the upper limit of an acceptable pulse rate. The abnormal \rhigh is equal to or greater than the value entered."}},{"number":"5.4","flags":"NJ3,0","name":"ABNORMAL PULSE - LOW","location":"1;4","type":"2","inputTransform":"K:+X'=X!(X>300)!(X<0)!(X?.E1\".\"1N.N) X","description":{"fmId":"-1","fmType":"5","type":"typed-literal","datatype":"http://www.w3.org/1999/02/22-rdf-syntax-ns#XMLLiteral","value":"This field sets the lower limit of an acceptable pulse rate. The abnormal \rlow is equal to or lower than the value entered."}},{"number":"5.5","flags":"NJ3,0","name":"ABNORMAL RESPIRATION - HIGH","location":"1;5","type":"2","inputTransform":"K:+X'=X!(X>100)!(X<0)!(X?.E1\".\"1N.N) X","description":{"fmId":"-1","fmType":"5","type":"typed-literal","datatype":"http://www.w3.org/1999/02/22-rdf-syntax-ns#XMLLiteral","value":"This field sets the upper limit of an acceptable respiration rate. The \rabnormal high is equal to or greater than the value entered."}},{"number":"5.6","flags":"NJ3,0","name":"ABNORMAL RESPIRATION - LOW","location":"1;6","type":"2","inputTransform":"K:+X'=X!(X>100)!(X<0)!(X?.E1\".\"1N.N) X","description":{"fmId":"-1","fmType":"5","type":"typed-literal","datatype":"http://www.w3.org/1999/02/22-rdf-syntax-ns#XMLLiteral","value":"This field sets the lower limit of an acceptable respiration rate. The \rabnormal low is equal to or lower than the value entered."}},{"number":"5.7","flags":"NJ3,0","name":"ABNORMAL SYSTOLIC - HIGH","location":"1;7","type":"2","inputTransform":"K:+X'=X!(X>300)!(X<0)!(X?.E1\".\"1N.N) X","description":{"fmId":"-1","fmType":"5","type":"typed-literal","datatype":"http://www.w3.org/1999/02/22-rdf-syntax-ns#XMLLiteral","value":"This field sets the upper limit for an acceptable systolic blood pressure.  \rThe abnormal high is equal to or greater than the value entered."}},{"number":"5.71","flags":"NJ3,0","name":"ABNORMAL DIASTOLIC - HIGH","location":"1;8","type":"2","inputTransform":"K:+X'=X!(X>300)!(X<0)!(X?.E1\".\"1N.N) X","description":{"fmId":"-1","fmType":"5","type":"typed-literal","datatype":"http://www.w3.org/1999/02/22-rdf-syntax-ns#XMLLiteral","value":"This field sets the upper limit for an acceptable diastolic blood pressure. \rThe abnormal high is equal to or greater than the value entered."}},{"number":"5.8","flags":"NJ3,0","name":"ABNORMAL SYSTOLIC - LOW","location":"1;9","type":"2","inputTransform":"K:+X'=X!(X>300)!(X<0)!(X?.E1\".\"1N.N) X","description":{"fmId":"-1","fmType":"5","type":"typed-literal","datatype":"http://www.w3.org/1999/02/22-rdf-syntax-ns#XMLLiteral","value":"This field sets the lower limit for an acceptable systolic blood pressure.  \rThe abnormal low is equal to or lower than the value entered."}},{"number":"5.81","flags":"NJ3,0","name":"ABNORMAL DIASTOLIC - LOW","location":"1;10","type":"2","inputTransform":"K:+X'=X!(X>300)!(X<0)!(X?.E1\".\"1N.N) X","description":{"fmId":"-1","fmType":"5","type":"typed-literal","datatype":"http://www.w3.org/1999/02/22-rdf-syntax-ns#XMLLiteral","value":"This field sets the lower limit for an acceptable diastolic blood pressure. \rThe abnormal low is equal to or lower than the value entered."}},{"number":"6.1","flags":"RNJ5,1","name":"ABNORMAL CVP - HIGH","location":"1;11","type":"2","inputTransform":"K:+X'=X!(X>100)!(X<-10)!(X?.E1\".\"2N.N) X","description":{"fmId":"-1","fmType":"5","type":"typed-literal","datatype":"http://www.w3.org/1999/02/22-rdf-syntax-ns#XMLLiteral","value":"This field sets the upper limit of an acceptable central venous pressure\rrate.  The abnormal high is equal to or greater than the value entered."}},{"number":"6.2","flags":"RNJ5,1","name":"ABNORMAL CVP - LOW","location":"1;12","type":"2","inputTransform":"K:+X'=X!(X>100)!(X<-10)!(X?.E1\".\"2N.N) X","description":{"fmId":"-1","fmType":"5","type":"typed-literal","datatype":"http://www.w3.org/1999/02/22-rdf-syntax-ns#XMLLiteral","value":"This field sets the lower limit of an acceptable central venous pressure.\rThe abnormal low is equal to or lower than the value entered."}},{"number":"6.3","flags":"RNJ3,0","name":"ABNORMAL O2 SATURATION - LOW","location":"1;13","type":"2","inputTransform":"K:+X'=X!(X>100)!(X<0)!(X?.E1\".\"1N.N) X","description":{"fmId":"-1","fmType":"5","type":"typed-literal","datatype":"http://www.w3.org/1999/02/22-rdf-syntax-ns#XMLLiteral","value":"This field sets the lower limit of an acceptable oxygen saturation rate.\rThe abnormal low is equal to or lower than the value entered."}},{"number":"999","flags":"S","name":"PHASE I COMPLETED","location":"PHASEI;1","type":"3","details":"1:YES;0:NO;","description":{"fmId":"-1","fmType":"5","type":"typed-literal","datatype":"http://www.w3.org/1999/02/22-rdf-syntax-ns#XMLLiteral","value":"This field denotes whether the GMRV Site/Quality Conversion has completed."}},{"number":"999.1","flags":"S","name":"PHASE II COMPLETED","location":"PHASEII;1","type":"3","details":"1:YES;0:NO;","description":{"fmId":"-1","fmType":"5","type":"typed-literal","datatype":"http://www.w3.org/1999/02/22-rdf-syntax-ns#XMLLiteral","value":"This field denotes whether the GMRV Vitals Measurement Data Conversion\rhas completed."}},{"number":"999.2","flags":"NJ9,0","name":"PHASE II LAST RECORD","location":"PHASEII;2","type":"2","inputTransform":"K:+X'=X!(X>999999999)!(X<1)!(X?.E1\".\"1N.N) X","description":{"fmId":"-1","fmType":"5","type":"typed-literal","datatype":"http://www.w3.org/1999/02/22-rdf-syntax-ns#XMLLiteral","value":"This field will contain the number of the last record to be converted\rby the GMRV Vitals Measurement Data Conversion, or it will be null\rif the conversion has completed or has not started."}}],"fmql":{"OP":"DESCRIBE TYPE","TYPE":"120_57","TYPELABEL":"GMRV VITALS PARAMETERS"}}