{"name":"PRIN PROCEDURE CPT MODIFIERS","number":"136.01","parent":"136","fields":[{"number":".01","flags":"M*P81.3'O","name":"PRIN PROCEDURE CPT MODIFIER","location":"0;1","type":"7","details":"81.3","inputTransform":"S DIC(\"S\")=\"I $$SCR27^SROMOD0\" D ^DIC K DIC S DIC=$G(DIE),X=+Y K:Y<0 X","description":{"fmId":"-1","fmType":"5","type":"typed-literal","datatype":"http://www.w3.org/1999/02/22-rdf-syntax-ns#XMLLiteral","value":"This is a procedural coding modifier used to indicate that the \rprincipal procedure performed has been altered by some specific\rcircumstance but not changed in its definition or code."}}],"fmql":{"OP":"DESCRIBE TYPE","TYPE":"136_01","TYPELABEL":"PRIN PROCEDURE CPT MODIFIERS"}}