{"fields": [{"name": "ingredient", "description": {"datatype": "http://www.w3.org/1999/02/22-rdf-syntax-ns#XMLLiteral", "fmType": "5", "fmId": "-1", "value": "This field contains the name of an ingredient used in the\rrecipe.", "type": "typed-literal"}, "number": ".01", "flags": "MP113'X", "details": "113", "type": "7", "location": "0;1"}, {"description": {"datatype": "http://www.w3.org/1999/02/22-rdf-syntax-ns#XMLLiteral", "fmType": "5", "fmId": "-1", "value": "This field contains the quantity of the ingredient required. The\runits are the 'Recipe Unit' as contained in the Ingredient file\rfor this ingredient.", "type": "typed-literal"}, "number": "1", "flags": "RNJ7,2XO", "location": "0;2", "type": "2", "name": "quantity"}, {"name": "associated_nutrient", "description": {"datatype": "http://www.w3.org/1999/02/22-rdf-syntax-ns#XMLLiteral", "fmType": "5", "fmId": "-1", "value": "This field is a pointer to the Nutrient file (112) and indicates\rthe nutrient most closely associated with this ingredient after\rpreparation.", "type": "typed-literal"}, "number": "2", "flags": "P112'", "details": "112", "type": "7", "location": "0;3"}, {"description": {"datatype": "http://www.w3.org/1999/02/22-rdf-syntax-ns#XMLLiteral", "fmType": "5", "fmId": "-1", "value": "This value is the amount of the ingredient, in pounds, for\rNutrient Analysis purposes after taking into account removal\rof non-edible amounts of the ingredient and any expansion or\rshrinkage due to preparation.", "type": "typed-literal"}, "number": "3", "flags": "NJ10,5", "location": "0;4", "type": "2", "name": "nutrient_amount_in_lbs"}], "fmql": {"TYPELABEL": "INGREDIENT", "TYPE": "114_01", "OP": "DESCRIBE TYPE"}, "name": "INGREDIENT", "parent": "114", "number": "114.01"}