{"count": "0", "description": {"datatype": "http://www.w3.org/1999/02/22-rdf-syntax-ns#XMLLiteral", "fmType": "5", "fmId": "-1", "value": "The CPRS query tool provides a mechanism by which clinical users may \rsearch for items typically managed by CPRS.  These are very limited types\rof queries.  A wizard helps the user construct the criteria used in the\rquery.\r \rThis file contains definitions of queries used to build reports of CPRS\ritems (orders, consults, documents).  Each query definition contains a\rlist of constraints.  These constraints are used by the query routines to\rreturn a subset of CPRS items.\r \rThis file also contains definitions of report criteria.  These criteria \rare selected and modified by the user when building custom reports.  A\rreport criterion contains a list of constraints that apply to the\rparticular criterion. A critieron behaves much like a \"mini-report\".\r \rThe other part of a query definition stored in this file is the list of\rfields to be displayed after the query is run.  The query produces a \rcolumnar report with the selected display field in each column.", "type": "typed-literal"}, "fields": [{"index": "B", "name": "name", "number": ".01", "flags": "RF", "location": "0;1", "type": "4", "description": {"datatype": "http://www.w3.org/1999/02/22-rdf-syntax-ns#XMLLiteral", "fmType": "5", "fmId": "-1", "value": "This is the name of the report or criterion.  Personally created reports \rare stored as RPTUduz user-created-name.  This assures uniqueness of \rpersonal custom reports.", "type": "typed-literal"}}, {"description": {"datatype": "http://www.w3.org/1999/02/22-rdf-syntax-ns#XMLLiteral", "fmType": "5", "fmId": "-1", "value": "This is the text that is displayed in the list box when selecting a\rcriterion or a report.", "type": "typed-literal"}, "number": "2", "flags": "F", "location": "0;2", "type": "4", "name": "display_text"}, {"description": {"datatype": "http://www.w3.org/1999/02/22-rdf-syntax-ns#XMLLiteral", "fmType": "5", "fmId": "-1", "value": "This is the text that is desplayed when the definition is disabled.", "type": "typed-literal"}, "number": "3", "flags": "F", "location": "0;3", "type": "4", "name": "disable"}, {"name": "type", "description": {"datatype": "http://www.w3.org/1999/02/22-rdf-syntax-ns#XMLLiteral", "fmType": "5", "fmId": "-1", "value": "This specifies whether the record is a report or a criterion.", "type": "typed-literal"}, "number": "4", "flags": "RS", "details": "C:constraint;R:report;S:search item;B:baseline;", "type": "3", "location": "0;4"}, {"name": "owner", "description": {"datatype": "http://www.w3.org/1999/02/22-rdf-syntax-ns#XMLLiteral", "fmType": "5", "fmId": "-1", "value": "This contains the owner of a custom report.", "type": "typed-literal"}, "number": "5", "flags": "P200'", "details": "200", "type": "7", "location": "0;5"}, {"name": "parent", "description": {"datatype": "http://www.w3.org/1999/02/22-rdf-syntax-ns#XMLLiteral", "fmType": "5", "fmId": "-1", "value": "This identifies the entry that is the parent criterion.  Criteria may\rappear in a hierarchy.", "type": "typed-literal"}, "number": "6", "flags": "P102.21'", "details": "102.21", "type": "7", "location": "0;6"}, {"index": "T", "name": "tag", "number": "7", "flags": "NJ7,0", "location": "0;7", "type": "2", "description": {"datatype": "http://www.w3.org/1999/02/22-rdf-syntax-ns#XMLLiteral", "fmType": "5", "fmId": "-1", "value": "This contains an integer that matches the Tag property of the Windows\rcontrol that references this criterion.", "type": "typed-literal"}}, {"name": "query_text", "description": {"datatype": "http://www.w3.org/1999/02/22-rdf-syntax-ns#XMLLiteral", "fmType": "5", "fmId": "-1", "value": "This multiple allows a sequence of captions to be defined that comprise\rthe default text of a query description.", "type": "typed-literal"}, "number": "10", "flags": "102.211A", "details": "102.211", "type": "9", "location": "1;0"}, {"name": "format", "description": {"datatype": "http://www.w3.org/1999/02/22-rdf-syntax-ns#XMLLiteral", "fmType": "5", "fmId": "-1", "value": "This multiple contains formatting information for the columns of the\rreport.", "type": "typed-literal"}, "number": "20", "flags": "102.212", "details": "102.212", "type": "9", "location": "2;0"}], "fmql": {"TYPELABEL": "CPRS QUERY DEFINITION", "TYPE": "102_21", "OP": "DESCRIBE TYPE"}, "number": "102.21", "location": "^ORD(102.21,", "name": "CPRS QUERY DEFINITION"}