{"count": "0", "description": {"datatype": "http://www.w3.org/1999/02/22-rdf-syntax-ns#XMLLiteral", "fmType": "5", "fmId": "-1", "value": "This file is a list of Production Facilities and associated\rparameters. A Production Facility is generally a main kitchen where\rbulk food is prepared for use by Service Points.", "type": "typed-literal"}, "fields": [{"index": "B", "name": "name", "number": ".01", "flags": "RF", "location": "0;1", "type": "4", "description": {"datatype": "http://www.w3.org/1999/02/22-rdf-syntax-ns#XMLLiteral", "fmType": "5", "fmId": "-1", "value": "This is the name of the Production Facility. It is generally a main\rkitchen used for the preparation of bulk food to be served by a \rService Point.", "type": "typed-literal"}}, {"name": "full_names_on_daily_menu", "description": {"datatype": "http://www.w3.org/1999/02/22-rdf-syntax-ns#XMLLiteral", "fmType": "5", "fmId": "-1", "value": "This field, when answered YES, will result in full names of\rrecipes being used for modified diets on the Daily Diet\rMenus. An answer of NO will result in items on the Regular\rMenu being referenced by number.", "type": "typed-literal"}, "number": "10", "flags": "S", "details": "Y:YES;N:NO;", "type": "3", "location": "0;2"}, {"name": "sep_production_summary_pages", "description": {"datatype": "http://www.w3.org/1999/02/22-rdf-syntax-ns#XMLLiteral", "fmType": "5", "fmId": "-1", "value": "This field, when answered YES, will result in the Production\rSummary and the Meal Distribution Report being printed on\rseparate pages for each Recipe Preparation area.", "type": "typed-literal"}, "number": "11", "flags": "S", "details": "Y:YES;N:NO;", "type": "3", "location": "0;7"}, {"name": "sep_recipe_preparation_pages", "description": {"datatype": "http://www.w3.org/1999/02/22-rdf-syntax-ns#XMLLiteral", "fmType": "5", "fmId": "-1", "value": "This field, when answered YES, means that the Recipe Preparation\rpages produced by the Production Summary will be printed such\rthat each preparation area is on a separate page.", "type": "typed-literal"}, "number": "12", "flags": "S", "details": "Y:YES;N:NO;", "type": "3", "location": "0;4"}, {"name": "print_meal_distribution", "description": {"datatype": "http://www.w3.org/1999/02/22-rdf-syntax-ns#XMLLiteral", "fmType": "5", "fmId": "-1", "value": "This field indicates whether a Meal Distribution Report\rshould be printed along with the Production Summary.", "type": "typed-literal"}, "number": "13", "flags": "S", "details": "Y:YES;N:NO;", "type": "3", "location": "0;5"}, {"name": "sep_storeroom_pages", "description": {"datatype": "http://www.w3.org/1999/02/22-rdf-syntax-ns#XMLLiteral", "fmType": "5", "fmId": "-1", "value": "This field, when answered YES, means that the Storeroom\rRequisition pages produced by the Production Summary will be\rprinted such that each storeroom is on a separate page.", "type": "typed-literal"}, "number": "14", "flags": "S", "details": "Y:YES;N:NO;", "type": "3", "location": "0;6"}, {"name": "inactive", "description": {"datatype": "http://www.w3.org/1999/02/22-rdf-syntax-ns#XMLLiteral", "fmType": "5", "fmId": "-1", "value": "This field, if answered YES, will prohibit\rfurther selection of this entry.", "type": "typed-literal"}, "number": "99", "flags": "S", "details": "Y:YES;N:NO;", "type": "3", "location": "I;1"}], "fmql": {"TYPELABEL": "PRODUCTION FACILITY", "TYPE": "119_71", "OP": "DESCRIBE TYPE"}, "number": "119.71", "location": "^FH(119.71,", "name": "PRODUCTION FACILITY"}