{"fields": [{"index": "B", "name": "date_time", "number": ".01", "flags": "DX", "location": "0;1", "type": "1", "description": {"datatype": "http://www.w3.org/1999/02/22-rdf-syntax-ns#XMLLiteral", "fmType": "5", "fmId": "-1", "value": "This is the date/time the user indicated to the ATS that the patient's ID\rBand was marked for this reactant.", "type": "typed-literal"}}, {"name": "user_entering", "description": {"datatype": "http://www.w3.org/1999/02/22-rdf-syntax-ns#XMLLiteral", "fmType": "5", "fmId": "-1", "value": "This is the user who indicated the ID band was marked.", "type": "typed-literal"}, "number": "1", "flags": "P200'I", "details": "200", "type": "7", "location": "0;2"}], "fmql": {"TYPELABEL": "ID BAND MARKED", "TYPE": "120_814", "OP": "DESCRIBE TYPE"}, "name": "ID BAND MARKED", "parent": "120.8", "number": "120.814"}