{"fields": [{"index": "B", "name": "test_dose", "description": {"datatype": "http://www.w3.org/1999/02/22-rdf-syntax-ns#XMLLiteral", "fmType": "5", "fmId": "-1", "value": "This is the name of the drug used for the epidural test dose.", "type": "typed-literal"}, "number": ".01", "flags": "*P50'X", "location": "0;1", "type": "7", "details": "50"}, {"description": {"datatype": "http://www.w3.org/1999/02/22-rdf-syntax-ns#XMLLiteral", "fmType": "5", "fmId": "-1", "value": "This is the number of milligrams used of the test drug.", "type": "typed-literal"}, "number": "1", "flags": "FX", "location": "0;2", "type": "4", "name": "dose_mg"}], "fmql": {"TYPELABEL": "TEST DOSE", "TYPE": "130_48", "OP": "DESCRIBE TYPE"}, "name": "TEST DOSE", "parent": "130.06", "number": "130.48"}