{"name":"OE/RR COM OBJECTS","number":"101.15","location":"^ORD(101.15,","count":"1","lastIEN":"1","version":"3.0","vpackage":"OR","fields":[{"number":".01","flags":"RF","name":"NAME","location":"0;1","index":"B","type":"4","inputTransform":"K:$L(X)>30!(X?.N)!($L(X)<3)!'(X'?1P.E) X"},{"number":".02","flags":"RF","name":"OBJECT GUID","location":"0;2","type":"4","inputTransform":"K:$L(X)>38!($L(X)<38)!'(X?1\"{\"8(1U,1N)1\"-\"4(1U,1N)1\"-\"4(1U,1N)1\"-\"4(1U,1N)1\"-\"12(1U,1N)1\"}\") X","description":{"fmId":"-1","fmType":"5","type":"typed-literal","datatype":"http://www.w3.org/1999/02/22-rdf-syntax-ns#XMLLiteral","value":"COM Object GUID"}},{"number":".03","flags":"S","name":"INACTIVE","location":"0;3","type":"3","details":"I:INACTIVE;"},{"number":".04","flags":"F","name":"PARAM1","location":"0;4","type":"4","inputTransform":"K:$L(X)>30!($L(X)<1) X","description":{"fmId":"-1","fmType":"5","type":"typed-literal","datatype":"http://www.w3.org/1999/02/22-rdf-syntax-ns#XMLLiteral","value":"Optional parameter to pass to COM object as PARAM1 "}},{"number":"2","flags":"101.152","name":"DESCRIPTION","location":"2;0","type":"5","description":{"fmId":"-1","fmType":"5","type":"typed-literal","datatype":"http://www.w3.org/1999/02/22-rdf-syntax-ns#XMLLiteral","value":"Optional description of COM Object.  Should include any contact\rinformation for vendor or other provider of the COM Object."}}],"fmql":{"OP":"DESCRIBE TYPE","TYPE":"101_15","TYPELABEL":"OE/RR COM OBJECTS"}}