{"name":"IFC SENDING FACILITY","number":"123.3128","parent":"123.3","fields":[{"number":".01","flags":"M*P4'","name":"IFC SENDING FACILITY","location":"0;1","index":"B","type":"7","details":"4","inputTransform":"S DIC(\"S\")=\"N STA S STA=$$STA^XUAF4(+Y) I STA,STA=+STA\" D ^DIC K DIC S DIC=DIE,X=+Y K:Y<0 X","description":{"fmId":"-1","fmType":"5","type":"typed-literal","datatype":"http://www.w3.org/1999/02/22-rdf-syntax-ns#XMLLiteral","value":"This field contains the VA facilities that may send inter-facility \rrequests for this procedure. Only active, primary VA facilities\rshould be entered in this field."}}],"fmql":{"OP":"DESCRIBE TYPE","TYPE":"123_3128","TYPELABEL":"IFC SENDING FACILITY"}}