{"count": "0", "description": {"datatype": "http://www.w3.org/1999/02/22-rdf-syntax-ns#XMLLiteral", "fmType": "5", "fmId": "-1", "value": "This file contains a list of major input/intake types such as PO, TUBE \rFEEDING, etc.  The ADP coordinator is allowed to configure the file entries.", "type": "typed-literal"}, "fields": [{"index": "B", "name": "name", "number": ".01", "flags": "RF", "location": "0;1", "type": "4", "description": {"datatype": "http://www.w3.org/1999/02/22-rdf-syntax-ns#XMLLiteral", "fmType": "5", "fmId": "-1", "value": "This field contains the names of major input/intake types, e.g., PO(by \rmouth), TUBE FEEDING and OTHER.", "type": "typed-literal"}}, {"index": "C", "name": "order", "number": "1", "flags": "RNJ2,0", "location": "0;2", "type": "2", "description": {"datatype": "http://www.w3.org/1999/02/22-rdf-syntax-ns#XMLLiteral", "fmType": "5", "fmId": "-1", "value": "This field holds the listing order for the patient intake/output reports.", "type": "typed-literal"}}], "fmql": {"TYPELABEL": "GMRY INPUT TYPE", "TYPE": "126_56", "OP": "DESCRIBE TYPE"}, "number": "126.56", "location": "^GMRD(126.56,", "name": "GMRY INPUT TYPE"}