{"name":"SINGULAR PRODUCTION DIETS","number":"116.211","parent":"116.2","fields":[{"number":".01","flags":"M*P116.2'","name":"SINGULAR PRODUCTION DIETS","location":"0;1","index":"B","type":"7","details":"116.2","inputTransform":"S DIC(\"S\")=\"I $P(^(0),\"\"^\"\",4)'=\"\"Y\"\"\" D ^DIC K DIC S DIC=DIE,X=+Y K:Y<0 X","description":{"fmId":"-1","fmType":"5","type":"typed-literal","datatype":"http://www.w3.org/1999/02/22-rdf-syntax-ns#XMLLiteral","value":"This is a production diet that is to be contained in the combo\rproduction diet. It itself must not also be a combo production diet."}}],"fmql":{"OP":"DESCRIBE TYPE","TYPE":"116_211","TYPELABEL":"SINGULAR PRODUCTION DIETS"}}