{"name":"ELECTROGROUND POSITIONS","number":"138","location":"^SRO(138,","count":"14","lastIEN":"14","description":{"fmId":"-1","fmType":"5","type":"typed-literal","datatype":"http://www.w3.org/1999/02/22-rdf-syntax-ns#XMLLiteral","value":"This file contains the various body sites to which the electroground\rmay be applied."},"version":"3","fields":[{"number":".01","flags":"RF","name":"NAME","location":"0;1","index":"B","type":"4","inputTransform":"K:$L(X)>30!(X?.N)!($L(X)<3)!'(X'?1P.E) X","description":{"fmId":"-1","fmType":"5","type":"typed-literal","datatype":"http://www.w3.org/1999/02/22-rdf-syntax-ns#XMLLiteral","value":"This is the name of the Electroground Position.\r "}},{"number":"1","flags":"F","name":"CODE","location":"0;2","index":"C","type":"4","inputTransform":"K:X[\"\"\"\"!($A(X)=45) X I $D(X) K:$L(X)>4!($L(X)<1) X","description":{"fmId":"-1","fmType":"5","type":"typed-literal","datatype":"http://www.w3.org/1999/02/22-rdf-syntax-ns#XMLLiteral","value":"This is the code corresponding to the name of the electroground \rposition.\r "}},{"number":"10","flags":"S","name":"INACTIVE?","location":"0;3","type":"3","details":"1:Y;","description":{"fmId":"-1","fmType":"5","type":"typed-literal","datatype":"http://www.w3.org/1999/02/22-rdf-syntax-ns#XMLLiteral","value":"Enter 'YES' to inactivate this entry and to prevent its selection by\rSurgery users."}}],"fmql":{"OP":"DESCRIBE TYPE","TYPE":"138","TYPELABEL":"ELECTROGROUND POSITIONS"}}