{"name":"MDRO TYPES","number":"104.2","location":"^MMRS(104.2,","count":"5","lastIEN":"5","description":{"fmId":"-1","fmType":"5","type":"typed-literal","datatype":"http://www.w3.org/1999/02/22-rdf-syntax-ns#XMLLiteral","value":"This file contains the different multi-drug resistant organisms (MDROs)\rthat are needed for the MRSA Program Tools software. Entries in this file\rshould not be edited. This file will be maintained by the support team."},"version":"1.0","vpackage":"MMRS","fields":[{"number":".01","flags":"RF","name":"ABBREVIATION","location":"0;1","index":"B","type":"4","inputTransform":"K:$L(X)>30!($L(X)<3)!'(X'?1P.E) X","description":{"fmId":"-1","fmType":"5","type":"typed-literal","datatype":"http://www.w3.org/1999/02/22-rdf-syntax-ns#XMLLiteral","value":"This is the abbreviation for the MDRO."}},{"number":"1","flags":"F","name":"NAME","location":"0;2","type":"4","inputTransform":"K:$L(X)>80!($L(X)<3) X","description":{"fmId":"-1","fmType":"5","type":"typed-literal","datatype":"http://www.w3.org/1999/02/22-rdf-syntax-ns#XMLLiteral","value":"This is the full name of the MDRO."}},{"number":"2","flags":"104.22PA","name":"DIVISION","location":"1;0","type":"9","details":"104.22"},{"number":"3","flags":"104.23","name":"DESCRIPTION","location":"2;0","type":"5"}],"fmql":{"OP":"DESCRIBE TYPE","TYPE":"104_2","TYPELABEL":"MDRO TYPES"}}