{"name":"DIETETIC REPORT CATEGORIES","number":"117.4","location":"^FH(117.4,","count":"38","lastIEN":"43","description":{"fmId":"-1","fmType":"5","type":"typed-literal","datatype":"http://www.w3.org/1999/02/22-rdf-syntax-ns#XMLLiteral","value":"This file contains the categories, Specialized Medical Programs,\rPrimary Delivery System, Primary Production System, and the\rDietetic Service Equipment."},"version":"5.5","vpackage":"DIETETICS","fields":[{"number":".01","flags":"RF","name":"NAME","location":"0;1","index":"B","type":"4","inputTransform":"K:$L(X)>30!($L(X)<3)!'(X'?1P.E) X","description":{"fmId":"-1","fmType":"5","type":"typed-literal","datatype":"http://www.w3.org/1999/02/22-rdf-syntax-ns#XMLLiteral","value":"This field contains the names of the categories used in the Annual\rReport."}},{"number":"1","flags":"RS","name":"TYPE","location":"0;2","type":"3","details":"S:Specialized Medical Program;D:Primary Delivery System;P:Primary Production System;E:Dietetic Service Equipment;","description":{"fmId":"-1","fmType":"5","type":"typed-literal","datatype":"http://www.w3.org/1999/02/22-rdf-syntax-ns#XMLLiteral","value":"This field contains the Type of Category. An \"S\" for Specialized\rMedical Program, a \"D\" for Primary Delivery System, a \"P\" for\rPrimary Production System, and \"E\" for Dietetic Service Equipment."}},{"number":"99","flags":"S","name":"INACTIVE?","location":"I;1","type":"3","details":"Y:YES;N:NO;","description":{"fmId":"-1","fmType":"5","type":"typed-literal","datatype":"http://www.w3.org/1999/02/22-rdf-syntax-ns#XMLLiteral","value":"This field, if answered YES, will prohibit\rfurther selection of this entry."}},{"number":"101","flags":"F","name":"UPPERCASE NAME","location":"0;3","index":"C","type":"4","inputTransform":"K:X[\"\"\"\"!($A(X)=45) X I $D(X) K:$L(X)>30!($L(X)<3) X","description":{"fmId":"-1","fmType":"5","type":"typed-literal","datatype":"http://www.w3.org/1999/02/22-rdf-syntax-ns#XMLLiteral","value":"This is the name of the entry in uppercase text."}}],"fmql":{"OP":"DESCRIBE TYPE","TYPE":"117_4","TYPELABEL":"DIETETIC REPORT CATEGORIES"}}