{"count": "0", "description": {"datatype": "http://www.w3.org/1999/02/22-rdf-syntax-ns#XMLLiteral", "fmType": "5", "fmId": "-1", "value": "This file contains reasons why the IV infusion site was discontinued.  The \rADP coordinator is allowed to enter/edit the file.", "type": "typed-literal"}, "fields": [{"index": "B", "name": "name", "number": ".01", "flags": "RF", "location": "0;1", "type": "4", "description": {"datatype": "http://www.w3.org/1999/02/22-rdf-syntax-ns#XMLLiteral", "fmType": "5", "fmId": "-1", "value": "This field contains the reasons why the IV infusion site was discontinued.", "type": "typed-literal"}}], "fmql": {"TYPELABEL": "GMRY IV DC'ED REASON", "TYPE": "126_76", "OP": "DESCRIBE TYPE"}, "number": "126.76", "location": "^GMRD(126.76,", "name": "GMRY IV DC'ED REASON"}