{"fields": [{"index": "B", "name": "update_user_class_w_o_notifs", "description": {"datatype": "http://www.w3.org/1999/02/22-rdf-syntax-ns#XMLLiteral", "fmType": "5", "fmId": "-1", "value": "This field will allow all members of the selected ASU User Class to\rperform full update actions on consults directed to this service.", "type": "typed-literal"}, "number": ".01", "flags": "M*P8930'", "location": "0;1", "type": "7", "details": "8930"}], "fmql": {"TYPELABEL": "UPDATE USER CLASSES W/O NOTIFS", "TYPE": "123_59", "OP": "DESCRIBE TYPE"}, "name": "UPDATE USER CLASSES W/O NOTIFS", "parent": "123.5", "number": "123.59"}