{"name":"ROOM-BED","number":"119.62","parent":"119.6","fields":[{"number":".01","flags":"MP405.4'X","name":"ROOM-BED","location":"0;1","index":"B","type":"7","details":"405.4","inputTransform":"I $D(X) S Y=$O(^FH(119.6,\"AR\",X,0)) I Y>0,Y-DA(1) W *7,\"  Room already assigned to \",$P($G(^FH(119.6,+Y,0)),\"^\",1) K X","description":{"fmId":"-1","fmType":"5","type":"typed-literal","datatype":"http://www.w3.org/1999/02/22-rdf-syntax-ns#XMLLiteral","value":"This field is a pointer to File 405.4 and indicates that this room-bed\ris to be considered part of this Dietetic Ward."}},{"number":"1","flags":"NJ2,0","name":"DELIVERY ORDER","location":"0;2","type":"2","inputTransform":"K:+X'=X!(X>99)!(X<1)!(X?.E1\".\"1N.N) X","description":{"fmId":"-1","fmType":"5","type":"typed-literal","datatype":"http://www.w3.org/1999/02/22-rdf-syntax-ns#XMLLiteral","value":"This value will be used to determine the order of printing labels\ror tickets for items to be delivered.  Thus, the value represents\rthe order of delivery for beds on the ward."}}],"fmql":{"OP":"DESCRIBE TYPE","TYPE":"119_62","TYPELABEL":"ROOM-BED"}}