{"name":"RELATED MENU ITEMS","number":"133.21","parent":"133.2","fields":[{"number":".01","flags":"RIMP133.2X","name":"RELATED MENU ITEMS","location":"0;1","type":"7","details":"133.2","inputTransform":"S DINUM=X Q","description":{"fmId":"-1","fmType":"5","type":"typed-literal","datatype":"http://www.w3.org/1999/02/22-rdf-syntax-ns#XMLLiteral","value":"This field is used to link OBR segments to all underlying OBX segments."}}],"fmql":{"OP":"DESCRIBE TYPE","TYPE":"133_21","TYPELABEL":"RELATED MENU ITEMS"}}