{"count": "0", "description": {"datatype": "http://www.w3.org/1999/02/22-rdf-syntax-ns#XMLLiteral", "fmType": "5", "fmId": "-1", "value": "This file contains the name and text of documents that can be displayed\rto the user (e.g., ART Reference Card text).", "type": "typed-literal"}, "fields": [{"index": "B", "name": "name", "number": ".01", "flags": "RF", "location": "0;1", "type": "4", "description": {"datatype": "http://www.w3.org/1999/02/22-rdf-syntax-ns#XMLLiteral", "fmType": "5", "fmId": "-1", "value": "This field contains the name of the document to be displayed.", "type": "typed-literal"}}, {"description": {"datatype": "http://www.w3.org/1999/02/22-rdf-syntax-ns#XMLLiteral", "fmType": "5", "fmId": "-1", "value": "This field contains the text of the document.", "type": "typed-literal"}, "number": "1", "flags": "120.871", "location": "1;0", "type": "5", "name": "text"}], "fmql": {"TYPELABEL": "GMRA DOCUMENT", "TYPE": "120_87", "OP": "DESCRIBE TYPE"}, "number": "120.87", "location": "^GMRD(120.87,", "name": "GMRA DOCUMENT"}