{"fields": [{"index": "B", "name": "lab_test", "description": {"datatype": "http://www.w3.org/1999/02/22-rdf-syntax-ns#XMLLiteral", "fmType": "5", "fmId": "-1", "value": "This field is a pointer to File 60, Lab Tests, and is a test\rof interest to clinicians.", "type": "typed-literal"}, "number": ".01", "flags": "M*P60'", "location": "0;1", "type": "7", "details": "60"}, {"description": {"datatype": "http://www.w3.org/1999/02/22-rdf-syntax-ns#XMLLiteral", "fmType": "5", "fmId": "-1", "value": "This field points to the specimen/typology file and indicates which\rspecimen of the selected lab test is desired.", "type": "typed-literal"}, "number": "1", "flags": "RFXO", "location": "0;2", "type": "4", "name": "specimen"}, {"name": "print_on_assessment", "description": {"datatype": "http://www.w3.org/1999/02/22-rdf-syntax-ns#XMLLiteral", "fmType": "5", "fmId": "-1", "value": "This field, when answered YES, will permit printing of the lab\rresults on the Nutrition Assessment form.", "type": "typed-literal"}, "number": "2", "flags": "S", "details": "Y:YES;N:NO;", "type": "3", "location": "0;3"}, {"name": "print_on_screening", "description": {"datatype": "http://www.w3.org/1999/02/22-rdf-syntax-ns#XMLLiteral", "fmType": "5", "fmId": "-1", "value": "This field, when answered YES, will permit printing of the lab\rresults on the Nutrition Screening form.", "type": "typed-literal"}, "number": "3", "flags": "S", "details": "Y:YES;N:NO;", "type": "3", "location": "0;4"}, {"description": {"datatype": "http://www.w3.org/1999/02/22-rdf-syntax-ns#XMLLiteral", "fmType": "5", "fmId": "-1", "value": "This number, called Print Order:\r(a) will allow grouping of similar lab tests;\r(b) will allow selection of only the lab test with the latest value from\ramong the group of tests with the same number;\r(c) will also specify the print order of the lab test  in Nutrition\rProfile report.\rIf the value of Print Order is not defined for the test then the system\rfirst prints all numbered tests and then prints tests without numbers in\rorder providing by Lab package.", "type": "typed-literal"}, "number": "4", "flags": "NJ2,0", "location": "0;5", "type": "2", "name": "print_order"}, {"name": "serum_albumin", "description": {"datatype": "http://www.w3.org/1999/02/22-rdf-syntax-ns#XMLLiteral", "fmType": "5", "fmId": "-1", "value": "This field, if answered YES, indicates that the lab test\ris a serum albumin test.", "type": "typed-literal"}, "number": "5", "flags": "S", "details": "Y:YES;N:NO;", "type": "3", "location": "0;6"}], "fmql": {"TYPELABEL": "LAB TEST", "TYPE": "119_9001", "OP": "DESCRIBE TYPE"}, "name": "LAB TEST", "parent": "119.9", "number": "119.9001"}