{"name":"ORDERABLE ITEMS","number":"100.001","parent":"100","fields":[{"number":".01","flags":"MP101.43'","name":"ORDERABLE ITEM","location":"0;1","index":"B","type":"7","details":"101.43","description":{"fmId":"-1","fmType":"5","type":"typed-literal","datatype":"http://www.w3.org/1999/02/22-rdf-syntax-ns#XMLLiteral","value":"This is the actual item (test, procedure, diet, drug, etc) being ordered\rfrom the Orderable Items file."}}],"fmql":{"OP":"DESCRIBE TYPE","TYPE":"100_001","TYPELABEL":"ORDERABLE ITEMS"}}