{"name":"PATIENT","number":"115.701","parent":"115.7","fields":[{"number":".01","flags":"MP2'X","name":"PATIENT","location":"0;1","index":"B","type":"7","details":"2","inputTransform":"I $D(X) S DINUM=X","description":{"fmId":"-1","fmType":"5","type":"typed-literal","datatype":"http://www.w3.org/1999/02/22-rdf-syntax-ns#XMLLiteral","value":"This field contains a pointer to the Patient file (2) and indicates\ra patient involved in the encounter."}},{"number":"1","flags":"P44'","name":"LOCATION","location":"0;2","type":"7","details":"44","description":{"fmId":"-1","fmType":"5","type":"typed-literal","datatype":"http://www.w3.org/1999/02/22-rdf-syntax-ns#XMLLiteral","value":"This field contains a pointer to the Hospital Location\r(file 44) for the patient. It is the patient location rather\rthan the event location."}},{"number":"2","flags":"NJ1,0","name":"# COLLATERALS","location":"0;3","type":"2","inputTransform":"K:+X'=X!(X>9)!(X<0)!(X?.E1\".\"1N.N) X","description":{"fmId":"-1","fmType":"5","type":"typed-literal","datatype":"http://www.w3.org/1999/02/22-rdf-syntax-ns#XMLLiteral","value":"This field contains the number of collaterals seen with the\rpatient."}},{"number":"3","flags":"F","name":"PATIENT COMMENT","location":"0;4","type":"4","inputTransform":"K:$L(X)>60!($L(X)<3) X","description":{"fmId":"-1","fmType":"5","type":"typed-literal","datatype":"http://www.w3.org/1999/02/22-rdf-syntax-ns#XMLLiteral","value":"This field may be used for a patient-specific comment\rconcerning the encounter."}}],"fmql":{"OP":"DESCRIBE TYPE","TYPE":"115_701","TYPELABEL":"PATIENT"}}