{"name":"DRUG CLASSIFICATIONS","number":"119.985","parent":"119.9","fields":[{"number":".01","flags":"MP50.605'","name":"DRUG CLASSIFICATIONS","location":"0;1","index":"B","type":"7","details":"50.605","description":{"fmId":"-1","fmType":"5","type":"typed-literal","datatype":"http://www.w3.org/1999/02/22-rdf-syntax-ns#XMLLiteral","value":"This field is a pointer to File 50.605, VA Drug Classification\rand is a classification of interest to clinicians."}},{"number":"3","flags":"S","name":"PRINT ON ASSESSMENT","location":"0;3","type":"3","details":"Y:YES;N:NO;","description":{"fmId":"-1","fmType":"5","type":"typed-literal","datatype":"http://www.w3.org/1999/02/22-rdf-syntax-ns#XMLLiteral","value":"If answer Yes and patient has a drug under this classification, \rinformation will be printed in the Nutrition report."}},{"number":"4","flags":"S","name":"PRINT ON SCREENING/PROFILE","location":"0;4","type":"3","details":"Y:YES;N:NO;","description":{"fmId":"-1","fmType":"5","type":"typed-literal","datatype":"http://www.w3.org/1999/02/22-rdf-syntax-ns#XMLLiteral","value":"If set to YES and patient is taking this type of drug, it will be printed \rin Print Screening report."}},{"number":"5","flags":"NJ3,0","name":"PRINT ORDER","location":"0;5","type":"2","inputTransform":"K:+X'=X!(X>999)!(X<1)!(X?.E1\".\"1.N) X","description":{"fmId":"-1","fmType":"5","type":"typed-literal","datatype":"http://www.w3.org/1999/02/22-rdf-syntax-ns#XMLLiteral","value":"This is a print order of a specific Drug Classification."}},{"number":"6","flags":"S","name":"CREATE ALERT","location":"0;6","type":"3","details":"Y:YES;N:NO;","description":{"fmId":"-1","fmType":"5","type":"typed-literal","datatype":"http://www.w3.org/1999/02/22-rdf-syntax-ns#XMLLiteral","value":"If set to YES, alert will be created for patient that is taking \rmedication with this type of Drug."}}],"fmql":{"OP":"DESCRIBE TYPE","TYPE":"119_985","TYPELABEL":"DRUG CLASSIFICATIONS"}}