{"name":"PROTOCOL","number":"101","location":"^ORD(101,","count":"4040","lastIEN":"4544","description":{"fmId":"-1","fmType":"5","type":"typed-literal","datatype":"http://www.w3.org/1999/02/22-rdf-syntax-ns#XMLLiteral","value":"This file contains the orderables and methods for accomplishing orders\r(protocols) within OE/RR."},"version":"1.6","vpackage":"HL","fields":[{"number":".01","flags":"FX","name":"NAME","location":"0;1","index":"B","type":"4","inputTransform":"K:X[\"\"\"\"!($A(X)=45) X I $D(X) D CHKNAME^XQORD101 I $D(X) K:$L(X)>63!($L(X)<3) X","description":{"fmId":"-1","fmType":"5","type":"typed-literal","datatype":"http://www.w3.org/1999/02/22-rdf-syntax-ns#XMLLiteral","value":"A unique name, which is preceded by the package namespace."}},{"number":"1","flags":"FX","name":"ITEM TEXT","location":"0;2","index":"C","type":"4","inputTransform":"K:X[\"\"\"\"!($A(X)=45) X I $D(X) K:$L(X)>63!($L(X)<3) X","description":{"fmId":"-1","fmType":"5","type":"typed-literal","datatype":"http://www.w3.org/1999/02/22-rdf-syntax-ns#XMLLiteral","value":"The protocol's text as it appears to the user on the menu or subheader."}},{"number":"1.1","flags":"101.02A","name":"SYNONYM","location":"2;0","type":"9","details":"101.02","description":{"fmId":"-1","fmType":"5","type":"typed-literal","datatype":"http://www.w3.org/1999/02/22-rdf-syntax-ns#XMLLiteral","value":"This is another name for the protocol that may be used on lookup."}},{"number":"1.11","flags":"F","name":"PRINT NAME","location":".1;1","type":"4","inputTransform":"K:$L(X)>7!($L(X)<1) X","description":{"fmId":"-1","fmType":"5","type":"typed-literal","datatype":"http://www.w3.org/1999/02/22-rdf-syntax-ns#XMLLiteral","value":"This is a shortened version of the item text to be used on print-outs\rwhere the name must be abbreviated."}},{"number":"2","flags":"F","name":"DISABLE","location":"0;3","type":"4","inputTransform":"K:$L(X)>40!($L(X)<1) X","description":{"fmId":"-1","fmType":"5","type":"typed-literal","datatype":"http://www.w3.org/1999/02/22-rdf-syntax-ns#XMLLiteral","value":"This field disables use of the protocol when there is text in it.  The\rtext should be a short message explaining why use of the protocol has\rbeen disabled, as it will be displayed if the protocol is selected."}},{"number":"3","flags":"FX","name":"LOCK","location":"0;6","type":"4","inputTransform":"K:X[\"\"\"\"!($A(X)=45) X I $D(X) K:$L(X)>30!($L(X)<1) X I $D(X) Q:$D(^DIC(19.1,\"B\",X))  W !,*7,\"Key name must match exactly with a key in SECURITY KEY file.\" K X","description":{"fmId":"-1","fmType":"5","type":"typed-literal","datatype":"http://www.w3.org/1999/02/22-rdf-syntax-ns#XMLLiteral","value":"This field is used to deny access to users who have this option\ras part of their menu. If an option has a lock, then only users\rwho hold the matching key can access it."}},{"number":"3.5","flags":"101.06","name":"DESCRIPTION","location":"1;0","type":"5","description":{"fmId":"-1","fmType":"5","type":"typed-literal","datatype":"http://www.w3.org/1999/02/22-rdf-syntax-ns#XMLLiteral","value":"This field contains a brief explanation of the protocol."}},{"number":"3.9","flags":"F","name":"PROHIBITED TIMES","location":"0;9","type":"4","inputTransform":"K:X[\"\"\"\"!($A(X)=45) X I $D(X) K:$L(X)>9!($L(X)<9)!'(X?4N1\"-\"4N) X","description":{"fmId":"-1","fmType":"5","type":"typed-literal","datatype":"http://www.w3.org/1999/02/22-rdf-syntax-ns#XMLLiteral","value":"This specifies a time range during which this option cannot be accessed.\rThe time should be entered in military format. For example, to\rprohibit an option from running between 9 AM and 2 PM, enter 0900-1400."}},{"number":"4","flags":"RS","name":"TYPE","location":"0;4","type":"3","details":"A:action;M:menu;O:protocol;Q:protocol menu;L:limited protocol;X:extended action;D:dialog;T:term;E:event driver;S:subscriber;","description":{"fmId":"-1","fmType":"5","type":"typed-literal","datatype":"http://www.w3.org/1999/02/22-rdf-syntax-ns#XMLLiteral","value":"This field defines the type of protocol to be executed.  Types Q, O, and\rL are strictly related to the 'Add orders' function.\r  Q = Protocol menu - used for displaying and selecting orderable items\rduring the add sequence. When this type of protocol is encountered\rOE/RR will ask the 'Select PATIENT:,' 'LOCATION:,' 'Provider:'\rprompts and execute the transaction logic for the new orders\rscreen.  This is also true for type O and L.\rO = Protocol - same as Q but the protocol is the item selected.\rProtocols are directly executed when encountered.\rL = Limited protocol - same as O but any existing sub-items are\rnot executed.\rM = Menu - used for displaying and selecting items.\rX = Extended action - protocols of this type execute the entry action\rplus all sub-items.\r  A = Action - same as X but any existing sub-items are\rnot executed.\r  X = Extended action - protocols of this type execute the entry action\r      plus all sub-items.\r \r  A = Action - same as X but any existing sub-items are\r      not executed."}},{"number":"5","flags":"RP200'","name":"CREATOR","location":"0;5","type":"7","details":"200","description":{"fmId":"-1","fmType":"5","type":"typed-literal","datatype":"http://www.w3.org/1999/02/22-rdf-syntax-ns#XMLLiteral","value":"This field identifies who created the protocol."}},{"number":"6","flags":"V","name":"FILE LINK","location":"5;1","index":"AE","type":"8","details":"19;60;62;61;71;62.05;62.07;123.5;123.1","description":{"fmId":"-1","fmType":"5","type":"typed-literal","datatype":"http://www.w3.org/1999/02/22-rdf-syntax-ns#XMLLiteral","value":"This field is a variable pointer which may point to the entry in a file\rto which a protocol is linked.\r"}},{"number":"8","flags":"NJ10,2","name":"COST","location":"5;2","type":"2","inputTransform":"S:X[\"$\" X=$P(X,\"$\",2) K:X'?.N.1\".\".2N!(X>9999999)!(X<0) X","description":{"fmId":"-1","fmType":"5","type":"typed-literal","datatype":"http://www.w3.org/1999/02/22-rdf-syntax-ns#XMLLiteral","value":"This is the cost of filling the order associated with this protocol."}},{"number":"10","flags":"101.01PA","name":"ITEM","location":"10;0","type":"9","details":"101.01","description":{"fmId":"-1","fmType":"5","type":"typed-literal","datatype":"http://www.w3.org/1999/02/22-rdf-syntax-ns#XMLLiteral","value":"This is the item multiple for a protocol"}},{"number":"12","flags":"P9.4'","name":"PACKAGE","location":"0;12","type":"7","details":"9.4","description":{"fmId":"-1","fmType":"5","type":"typed-literal","datatype":"http://www.w3.org/1999/02/22-rdf-syntax-ns#XMLLiteral","value":"Pointer to Package File (#9.4)."}},{"number":"15","flags":"K","name":"EXIT ACTION","location":"15;E1,245","type":"10","inputTransform":"K:$L(X)>245 X D:$D(X) ^DIM","description":{"fmId":"-1","fmType":"5","type":"typed-literal","datatype":"http://www.w3.org/1999/02/22-rdf-syntax-ns#XMLLiteral","value":"This field contains MUMPS code which will be executed on leaving\rthis option.  It is only applicable to Menu types."}},{"number":"20","flags":"K","name":"ENTRY ACTION","location":"20;E1,245","type":"10","inputTransform":"K:$L(X)>245 X D:$D(X) ^DIM","description":{"fmId":"-1","fmType":"5","type":"typed-literal","datatype":"http://www.w3.org/1999/02/22-rdf-syntax-ns#XMLLiteral","value":"This field contains MUMPS code which will be executed on entering\rthis option.  It is applicable to Menu and Action types."}},{"number":"21","flags":"101.021A","name":"REQUIRED VARIABLES","location":"21;0","type":"9","details":"101.021","description":{"fmId":"-1","fmType":"5","type":"typed-literal","datatype":"http://www.w3.org/1999/02/22-rdf-syntax-ns#XMLLiteral","value":"This lists the variables that must be defined for the proper execution of\rthis protocol.  This aids in documenting the protocol.  Also, in the case\rof ';' jumping, the variables defined as required may be newed before\rjumping, thus preserving the context when returning from the jump."}},{"number":"24","flags":"K","name":"SCREEN","location":"24;E1,245","type":"10","inputTransform":"K:$L(X)>245 X D:$D(X) ^DIM","description":{"fmId":"-1","fmType":"5","type":"typed-literal","datatype":"http://www.w3.org/1999/02/22-rdf-syntax-ns#XMLLiteral","value":"This field contains MUMPS code that screens out menu items or the\rexecution of particular items in a protocol.  Before each item is\rdisplayed or executed, the screen is executed and the item is only\rprocessed if $T is true."}},{"number":"26","flags":"K","name":"HEADER","location":"26;E1,245","type":"10","inputTransform":"K:$L(X)>245 X D:$D(X) ^DIM","description":{"fmId":"-1","fmType":"5","type":"typed-literal","datatype":"http://www.w3.org/1999/02/22-rdf-syntax-ns#XMLLiteral","value":"In the case of menus (type M or Q), this contains MUMPS code that is \rexecuted to display a header for the menu."}},{"number":"27","flags":"K","name":"MENU HELP","location":"27;E1,245","type":"10","inputTransform":"K:$L(X)>245 X D:$D(X) ^DIM","description":{"fmId":"-1","fmType":"5","type":"typed-literal","datatype":"http://www.w3.org/1999/02/22-rdf-syntax-ns#XMLLiteral","value":"This contains MUMPS code that displays additional help to that already\rgiven with the menu."}},{"number":"28","flags":"F","name":"MENU PROMPT","location":"28;E1,245","type":"4","inputTransform":"K:$L(X)>245!($L(X)<1) X","description":{"fmId":"-1","fmType":"5","type":"typed-literal","datatype":"http://www.w3.org/1999/02/22-rdf-syntax-ns#XMLLiteral","value":"This contains text to replace the standard \"Select Item: \" prompt normally\rgiven with a menu."}},{"number":"29","flags":"F","name":"MENU DEFAULT","location":"29;E1,245","type":"4","inputTransform":"K:$L(X)>245!($L(X)<1) X","description":{"fmId":"-1","fmType":"5","type":"typed-literal","datatype":"http://www.w3.org/1999/02/22-rdf-syntax-ns#XMLLiteral","value":"This field contains a default response (i.e., default selection from the\rmenu), if desired."}},{"number":"30","flags":"F","name":"DIC {DIC}","location":"30;E1,64","type":"4","inputTransform":"K:$L(X)>64!($L(X)<1) X","description":{"fmId":"-1","fmType":"5","type":"typed-literal","datatype":"http://www.w3.org/1999/02/22-rdf-syntax-ns#XMLLiteral","value":"This field is used as the global reference passed to ^DIC for a file\rlook-up.  The entry should be in the regular format for a call to ^DIC\ri.e. ^GL(41,"}},{"number":"41","flags":"NJ3,0","name":"COLUMN WIDTH","location":"4;1","type":"2","inputTransform":"K:+X'=X!(X>132)!(X<25)!(X?.E1\".\"1N.N) X","description":{"fmId":"-1","fmType":"5","type":"typed-literal","datatype":"http://www.w3.org/1999/02/22-rdf-syntax-ns#XMLLiteral","value":"This is the width, in characters, for each column on a menu.  For example,\rto have 3 columns on an 80 character device, enter a column width of 26."}},{"number":"42","flags":"NJ1,0","name":"MNEMONIC WIDTH","location":"4;2","type":"2","inputTransform":"K:+X'=X!(X>9)!(X<1)!(X?.E1\".\"1N.N) X","description":{"fmId":"-1","fmType":"5","type":"typed-literal","datatype":"http://www.w3.org/1999/02/22-rdf-syntax-ns#XMLLiteral","value":"This field allows the width allowed for mnemonics to be varied.  The\rdefault width is 5."}},{"number":"43","flags":"S","name":"PATH SWITCH","location":"4;3","type":"3","details":"Y:YES;N:NO;","description":{"fmId":"-1","fmType":"5","type":"typed-literal","datatype":"http://www.w3.org/1999/02/22-rdf-syntax-ns#XMLLiteral","value":"This allows the user, when traversing back UP the tree of protocols, to\rselect a new path back down the tree.  In other words, the menu is\rredisplayed when returning to that menu's level in the tree, and processing\rback down the tree is possible from that point.  If nothing is selected\rfrom the menu, the path continues back up the tree."}},{"number":"44","flags":"F","name":"IDENTIFIER","location":"4;4","type":"4","inputTransform":"K:$L(X)>63!($L(X)<1) X","description":{"fmId":"-1","fmType":"5","type":"typed-literal","datatype":"http://www.w3.org/1999/02/22-rdf-syntax-ns#XMLLiteral","value":"Entries into this file can be given identifiers to show context, function\rand/or relationships.  For example, Digoxin may exist in the file as three\rdifferent entries with identifiers of SERUM, PLASMA and Drug."}},{"number":"99","flags":"F","name":"TIMESTAMP","location":"99;1","type":"4","inputTransform":"K:X[\"\"\"\"!($A(X)=45) X I $D(X) K:$L(X)>15!($L(X)<1) X","description":{"fmId":"-1","fmType":"5","type":"typed-literal","datatype":"http://www.w3.org/1999/02/22-rdf-syntax-ns#XMLLiteral","value":"This contains the $H time that fields which are necessary to menu display\rwere last changed."}},{"number":"100","flags":"K","name":"*ORDER PRINT ACTION","location":"100;E1,245","type":"10","inputTransform":"K:$L(X)>245 X D:$D(X) ^DIM","description":{"fmId":"-1","fmType":"5","type":"typed-literal","datatype":"http://www.w3.org/1999/02/22-rdf-syntax-ns#XMLLiteral","value":"***NOTICE- THIS FIELD WILL BE REMOVED IN A FUTURE VERSION***\rPackage action when a detailed listing of an order is requested.\rIncluded in this file for backward compatability with earlier versions\rof OE/RR."}},{"number":"100.1","flags":"K","name":"*ORDER CANCEL ACTION","location":"100.1;E1,245","type":"10","inputTransform":"K:$L(X)>245 X D:$D(X) ^DIM","description":{"fmId":"-1","fmType":"5","type":"typed-literal","datatype":"http://www.w3.org/1999/02/22-rdf-syntax-ns#XMLLiteral","value":"***NOTICE- THIS FIELD WILL BE REMOVED IN A FUTURE VERSION***\rPackage action when an order is cancelled or discontinued.  Included in\rthis file for backward compatability with earlier versions of OE/RR."}},{"number":"100.2","flags":"K","name":"*ORDER PURGE ACTION","location":"100.2;E1,245","type":"10","inputTransform":"K:$L(X)>245 X D:$D(X) ^DIM","description":{"fmId":"-1","fmType":"5","type":"typed-literal","datatype":"http://www.w3.org/1999/02/22-rdf-syntax-ns#XMLLiteral","value":"***NOTICE- THIS FIELD WILL BE REMOVED IN A FUTURE VERSION***\rPackage action when an order is to be purged from file 100.  Included in\rthis file for backward compatability with earlier versions of OE/RR."}},{"number":"100.3","flags":"101.03P","name":"ACCESS","location":"3;0","type":"9","details":"101.03","description":{"fmId":"-1","fmType":"5","type":"typed-literal","datatype":"http://www.w3.org/1999/02/22-rdf-syntax-ns#XMLLiteral","value":"This multiple contains the list of security keys which allow access to\rthe protocol.  If there are no keys, all users have access."}},{"number":"101.01","flags":"S","name":"REQUIRES SIGNATURE","location":"101.01;1","type":"3","details":"0:PHYSICIAN SIGNATURE;1:NO SIGNATURE REQUIRED;","description":{"fmId":"-1","fmType":"5","type":"typed-literal","datatype":"http://www.w3.org/1999/02/22-rdf-syntax-ns#XMLLiteral","value":"This field is used to specify an orderable/protocol that does not\rrequire a physician signature in OE/RR.  Some of the things entered\rin OE/RR are considered instructions and don't require physician\rsignature.  An example of this might be an entry for an Early/Late tray."}},{"number":"101.041","flags":"S","name":"DOMAIN (DATA TYPE)","location":"101.04;1","type":"3","details":"D:date/time;F:free text;L:list or range;N:numeric;S:set of codes;Y:yes/no;P:pointer;M:menu;W:word processing;","description":{"fmId":"-1","fmType":"5","type":"typed-literal","datatype":"http://www.w3.org/1999/02/22-rdf-syntax-ns#XMLLiteral","value":"This is the data type of a term (i.e. protocol of type term) used in a\rdialog."}},{"number":"101.042","flags":"F","name":"DEFAULT PROMPT","location":"101.04;2","type":"4","inputTransform":"K:$L(X)>30!($L(X)<1) X","description":{"fmId":"-1","fmType":"5","type":"typed-literal","datatype":"http://www.w3.org/1999/02/22-rdf-syntax-ns#XMLLiteral","value":"For this term, this is the prompt that is automatically used when the\rterm is used as an item in a dialog.  The prompt may be modified at the\ritem level."}},{"number":"101.043","flags":"F","name":"DEFAULT ANSWER","location":"101.04;3","type":"4","inputTransform":"K:$L(X)>80!($L(X)<1) X","description":{"fmId":"-1","fmType":"5","type":"typed-literal","datatype":"http://www.w3.org/1999/02/22-rdf-syntax-ns#XMLLiteral","value":"For a term protocol, this is the default answer that is automatically used\rwhen the term is used as an item in a dialog.  The default may be modified\rat the item level."}},{"number":"101.0431","flags":"101.0431","name":"DEFAULT WORD PROCESSING ANSWER","location":"101.0431;0","type":"5","description":{"fmId":"-1","fmType":"5","type":"typed-literal","datatype":"http://www.w3.org/1999/02/22-rdf-syntax-ns#XMLLiteral","value":"This is text used as a template for an item in a dialog that is a word\rprocessing type."}},{"number":"101.044","flags":"F","name":"DEFAULT HELP","location":"101.04;4","type":"4","inputTransform":"K:$L(X)>80!($L(X)<1) X","description":{"fmId":"-1","fmType":"5","type":"typed-literal","datatype":"http://www.w3.org/1999/02/22-rdf-syntax-ns#XMLLiteral","value":"For a term protocol, this is the help text that is automatically used when\rthe term is used as an item in a dialog.  The help text may be replaced at\rthe item level."}},{"number":"101.045","flags":"F","name":"DOMAIN PARAMETER","location":"101.04;5","type":"4","inputTransform":"K:$L(X)>56!($L(X)<1) X","description":{"fmId":"-1","fmType":"5","type":"typed-literal","datatype":"http://www.w3.org/1999/02/22-rdf-syntax-ns#XMLLiteral","value":"This is a parameter that may be used to further specify the data type\r(i.e. input transform) for a term protocol.  The parameter is what would\rbe placed in the second up-arrow piece of DIR(0) when calling the reader."}},{"number":"101.05","flags":"101.05I","name":"METHOD","location":"101.05;0","type":"9","details":"101.05","description":{"fmId":"-1","fmType":"5","type":"typed-literal","datatype":"http://www.w3.org/1999/02/22-rdf-syntax-ns#XMLLiteral","value":"This number identifies individual methods (actions) that may be invoked\rfor this protocol."}},{"number":"101.07","flags":"101.07","name":"SET MEMBERSHIP","location":"101.07;0","type":"9","details":"101.07","description":{"fmId":"-1","fmType":"5","type":"typed-literal","datatype":"http://www.w3.org/1999/02/22-rdf-syntax-ns#XMLLiteral","value":"This is a namespaced name of a set.  If this is entered, a cross reference\rof the format \"S.set membership\" is created.  This allows rapid lookups on\rsubsets of the Protocol file."}},{"number":"770.1","flags":"P771","name":"SENDING APPLICATION","location":"770;1","type":"7","details":"771","description":{"fmId":"-1","fmType":"5","type":"typed-literal","datatype":"http://www.w3.org/1999/02/22-rdf-syntax-ns#XMLLiteral","value":"Enter the name of the application that initiates a transaction. It\ris required only when defining an EVENT POINT protocol."}},{"number":"770.11","flags":"P771.2'","name":"RESPONSE MESSAGE TYPE","location":"770;11","type":"7","details":"771.2","description":{"fmId":"-1","fmType":"5","type":"typed-literal","datatype":"http://www.w3.org/1999/02/22-rdf-syntax-ns#XMLLiteral","value":"Enter the message type of the expected RESPONSE. It should only be defined\ron a SUBSCRIBER PROTOCOL.\r \rNOTE:\rIn a contract between the initiating system and the responding system, the\rEvent Driver protocol defines the characteristics of the INITIATING\rSYSTEM. The Initiating System initiates either queries or unsolicited\rupdate messages. A Subscriber Protocol defines the characteristics of the\rRESPONDING SYSTEM. The responding system completes a transaction by\rreturning either an acknowledgement and/or a response to the specific\rquery message."}},{"number":"770.14","flags":"S","name":"BATCH/FILE MESSAGE COMMIT ACK","location":"770;14","type":"3","details":"1:YES;0:NO;","description":{"fmId":"-1","fmType":"5","type":"typed-literal","datatype":"http://www.w3.org/1999/02/22-rdf-syntax-ns#XMLLiteral","value":"In a bi-directional interface, this field will be used \rto determine whether or not a Batch or File message should\rsend or receive a Commit Acknowledgement.  A Batch or File\rmessage will always send/receive an Application Ack. This\rfeature is non-standard according to HL7.  It is needed to\rinsure the receipt of a message."}},{"number":"770.2","flags":"P771","name":"RECEIVING APPLICATION","location":"770;2","index":"AHL2","type":"7","details":"771","description":{"fmId":"-1","fmType":"5","type":"typed-literal","datatype":"http://www.w3.org/1999/02/22-rdf-syntax-ns#XMLLiteral","value":"This is the application that receives a message. It is otherwise known as\rthe \"responding\" application when a transaction takes place. This\rinformation is required for SUBSCRIBER protocols only."}},{"number":"770.3","flags":"P771.2'","name":"TRANSACTION MESSAGE TYPE","location":"770;3","type":"7","details":"771.2","description":{"fmId":"-1","fmType":"5","type":"typed-literal","datatype":"http://www.w3.org/1999/02/22-rdf-syntax-ns#XMLLiteral","value":"Enter the name of the message type for the the message that is sent from\rthe initiating system. When initiating a new transaction, this field is\rreferenced when generating the header for the outbound message.\r \rNOTE:\rIn a contract between the initiating system and the responding system, the\rEvent Driver protocol defines the characteristics of the INITIATING\rSYSTEM. The Initiating System initiates either queries or unsolicited\rupdate messages. A Subscriber Protocol defines the characteristics of the\rRESPONDING SYSTEM. The responding system completes a transaction by\rreturning either an acknowledgement and/or a response to the specific\rquery message."}},{"number":"770.4","flags":"P779.001'","name":"EVENT TYPE","location":"770;4","type":"7","details":"779.001","description":{"fmId":"-1","fmType":"5","type":"typed-literal","datatype":"http://www.w3.org/1999/02/22-rdf-syntax-ns#XMLLiteral","value":"This is the HL7 Event Type code for the message represented by this\rprotocol. In HL7, the message type and event type of an application\rresponse message may be different from the original message.\r \rIf this is an event point protocol, enter the event type\rcorresponding to the initial message generated by the SENDING APPLICATION.\r \r \rIf this is a subscriber protocol, then enter the event type corresponding\rto the RECEIVING APPLICATION response. Note that an event type is not\rrequired when responding with a general acknowledgement (ACK) and the\rreceiving application does not always need to generate a response.\r \rNOTE:\r \r1. In \"original acknowledgement mode\" the receiving application always\rgenerates the response.\r2. In \"enhanced acknowledgement mode\" the HL7 package may be configured to\rproduce a \"commit ack\" before the application receives the message. If the\rreceiving application does not need to generate a response in addition to\rthe ack, then the event type is the same as the original message (and the\rmessage type would be ACK)\r3. In \"enhanced acknowledgement mode with two-phase commit\" the HL7\rpackage generates a commit ack, and passes the message to the application.\rThe second phase of the transaction occurs when the application is ready\rto initiate a response. This is interpreted as the start of a new\rtransaction and may require a commit ack itself."}},{"number":"770.5","flags":"P779.005'","name":"MESSAGE STRUCTURE","location":"770;5","type":"7","details":"779.005","description":{"fmId":"-1","fmType":"5","type":"typed-literal","datatype":"http://www.w3.org/1999/02/22-rdf-syntax-ns#XMLLiteral","value":"The message structure is associated with the message type and event type defined by HL7 v2.3.1 and beyond."}},{"number":"770.6","flags":"S","name":"PROCESSING ID","location":"770;6","type":"3","details":"D:debug;","description":{"fmId":"-1","fmType":"5","type":"typed-literal","datatype":"http://www.w3.org/1999/02/22-rdf-syntax-ns#XMLLiteral","value":"This field describes how a message should be processed once it is handed\roff to the receiving application. \r \rPROCESSING ID is a required field in the HL7 message header. However, the\rEvent Driver protocol entry is only used whenset to DEBUG. Data for the\rheader is normally derived from the HL COMMUNICATION SERVER FILE. If\rtesting a transaction in Debug mode, make sure it is changed on both the\rsending and receiving system.\r \r \rThe receiving application developer should consider checking this portion\rof the header before filing data on a production system. Training and\rDebug messages may not be suitable for filing."}},{"number":"770.7","flags":"P870'","name":"LOGICAL LINK","location":"770;7","type":"7","details":"870","description":{"fmId":"-1","fmType":"5","type":"typed-literal","datatype":"http://www.w3.org/1999/02/22-rdf-syntax-ns#XMLLiteral","value":"This field is used with a SUBSCRIBER PROTOCOL to describe the network path\rto the subscriber. It is most often used with a fixed point-to-point\rinterface between Vista and another system, e.g., a local COTS application\ror another Vista facility. See the documentation on use of the ROUTING\rLOGIC field and \"dynamic addressing\" for more complex routing scenarios."}},{"number":"770.8","flags":"P779.003'","name":"ACCEPT ACK CODE","location":"770;8","type":"7","details":"779.003","description":{"fmId":"-1","fmType":"5","type":"typed-literal","datatype":"http://www.w3.org/1999/02/22-rdf-syntax-ns#XMLLiteral","value":"This field defines whether or not a COMMIT ACK will be generated by the\rHL7 package. This only applies to transactions using version 2.2 and\rhigher of the HL7 Standard. See Chapter 2 of the HL7 Standard for details\rof Enhanced Mode Acknowledgements."}},{"number":"770.9","flags":"P779.003'","name":"APPLICATION ACK TYPE","location":"770;9","type":"7","details":"779.003","description":{"fmId":"-1","fmType":"5","type":"typed-literal","datatype":"http://www.w3.org/1999/02/22-rdf-syntax-ns#XMLLiteral","value":"For transactions using versions 2.2 and higher of the HL7 standard, this\rfield defines whether or not the receiving application is expected to\rreturn an acknowledgement. Enhanced Mode Application Acks are always\rinitiated as a new transaction. The following is an example of a 2-phased\racknowledgement over a tcp connection.\r \r \r(A)INITIATING SYSTEM         (B)RESPONDING SYSTEM\r \rPHASE I\rOpen connection to B\rsend ADT/A04----------------->receive ADT/A04\r                              validate header\r                              commit to safe storage\rreceive CA<-------------------send CA to A\rClose connection\r \rPHASE II\r                              handoff to receiving Application\r                              parse and validate message content\r                              generate APPLICATION ACCEPT ACK\r                              Open connection to A\rreceive AA<-------------------send AA\rvalidate header\rcommit to safe storage\rsend CA to B------------------>receive CA\r                               close connection"}},{"number":"770.95","flags":"P771.5'","name":"VERSION ID","location":"770;10","type":"7","details":"771.5","description":{"fmId":"-1","fmType":"5","type":"typed-literal","datatype":"http://www.w3.org/1999/02/22-rdf-syntax-ns#XMLLiteral","value":"Enter the version of the HL7 standard used to implement this transaction.\r \rNote that a screen has been added to insure that the version selected\rcorresponds to the appropriate version of the Message Type defined."}},{"number":"771","flags":"K","name":"PROCESSING ROUTINE","location":"771;E1,245","type":"10","inputTransform":"K:$L(X)>245 X D:$D(X) ^DIM","description":{"fmId":"-1","fmType":"5","type":"typed-literal","datatype":"http://www.w3.org/1999/02/22-rdf-syntax-ns#XMLLiteral","value":"This field is executed on the receiving system. It defines the routine\rused to process the original inbound message in a transaction and to\rGENERATE and APPLICATION response/ACK back to the sending system using the\rentry point, GENACK^HLMA1."}},{"number":"772","flags":"K","name":"RESPONSE PROCESSING ROUTINE","location":"772;E1,245","type":"10","inputTransform":"K:$L(X)>245 X D:$D(X) ^DIM","description":{"fmId":"-1","fmType":"5","type":"typed-literal","datatype":"http://www.w3.org/1999/02/22-rdf-syntax-ns#XMLLiteral","value":"This field is executed on the sending system when an Acknowledgement or\rQuery response is received. The message ID of the original message is\ralways contained within the response. This is used to identify the\rlocation of the original message and the corresponding event point\rprotocol. Note that this pertains to Original and Enhanced Mode\rApplication Acks only. The HL7 package generates and processes\rEnhanced mode Commit Accepts internally."}},{"number":"773.1","flags":"S","name":"SENDING FACILITY REQUIRED?","location":"773;1","type":"3","details":"1:YES;0:NO;"},{"number":"773.2","flags":"S","name":"RECEIVING FACILITY REQUIRED?","location":"773;2","type":"3","details":"1:YES;0:NO;"},{"number":"773.3","flags":"S","name":"SECURITY REQUIRED?","location":"773;3","type":"3","details":"1:YES;0:NO;"},{"number":"773.4","flags":"S","name":"DATE/TIME OF MESSAGE REQUIRED?","location":"773;4","type":"3","details":"1:YES;0:NO;"},{"number":"773.5","flags":"S","name":"ACK MODE SET IN SUBSCRIBER","location":"773;5","type":"3","details":"1:YES;0:NO;","description":{"fmId":"-1","fmType":"5","type":"typed-literal","datatype":"http://www.w3.org/1999/02/22-rdf-syntax-ns#XMLLiteral","value":"A 'YES' of this field will indicate that MSH-15 and MSH-16 will be taken\rfrom Subscriber protocol instead of the value(s) defined in Event driver \rprotocol."}},{"number":"774","flags":"K","name":"ROUTING LOGIC","location":"774;E1,245","type":"10","inputTransform":"K:$L(X)>245 X D:$D(X) ^DIM","description":{"fmId":"-1","fmType":"5","type":"typed-literal","datatype":"http://www.w3.org/1999/02/22-rdf-syntax-ns#XMLLiteral","value":"M code in this field is executed only when a message is in an OUTBOUND\rstate. Normally, Vista HL7 'broadcasts' a message to all subscribers\rwhenever a message is generated. However, in some cases, a client may need\rto receive the message only if it matches a particular condition. This\rfield allows you to set up screening logic to interpret the message and\rdynamically address the message to those interested in the data when it\rmeets these conditions. The output of your routing logic routine should be\rthe creation of a list of additional message recipients set into the\rHLL(\"LINKS\") array.\r \rFor details on dynamic addressing, see the documentation for HL*1.6*14."}},{"number":"775","flags":"101.0775PA","name":"SUBSCRIBERS","location":"775;0","type":"9","details":"101.0775"}],"fmql":{"OP":"DESCRIBE TYPE","TYPE":"101","TYPELABEL":"PROTOCOL"}}