{"name":"PACKAGE","number":"150.93","parent":"150.9","fields":[{"number":".01","flags":"MP9.4'","name":"PACKAGE","location":"0;1","index":"B","type":"7","details":"9.4","description":{"fmId":"-1","fmType":"5","type":"typed-literal","datatype":"http://www.w3.org/1999/02/22-rdf-syntax-ns#XMLLiteral","value":"The PACKAGE field is a pointer to the PACKAGE file.\rThis field is referenced by ^VSIT0."}},{"number":"4","flags":"S","name":"ACTIVE FLAG","location":"3;1","type":"3","details":"0:OFF;1:ON;","description":{"fmId":"-1","fmType":"5","type":"typed-literal","datatype":"http://www.w3.org/1999/02/22-rdf-syntax-ns#XMLLiteral","value":"If a package is inactive enter \"Yes\" in this field, otherwise, the\rpackage will be considered active and a visit will be created."}}],"fmql":{"OP":"DESCRIBE TYPE","TYPE":"150_93","TYPELABEL":"PACKAGE"}}