{"fields": [{"index": "C", "name": "item", "number": ".01", "flags": "MDX", "location": "0;1", "type": "1", "description": {"datatype": "http://www.w3.org/1999/02/22-rdf-syntax-ns#XMLLiteral", "fmType": "5", "fmId": "-1", "value": "This field contains the date/time at which the item\rhas or will become active.", "type": "typed-literal"}}, {"name": "item_type", "description": {"datatype": "http://www.w3.org/1999/02/22-rdf-syntax-ns#XMLLiteral", "fmType": "5", "fmId": "-1", "value": "This field indicates the nature of the item.", "type": "typed-literal"}, "number": "1", "flags": "S", "details": "C:CONSULT;D:DIET REVIEW;S:SUPP. FDG. REVIEW;X:PERSONAL;T:TUBEFEED;N:NUT. STATUS;O:ADDITIONAL ORDER;M:MONITOR;", "type": "3", "location": "0;2"}, {"description": {"datatype": "http://www.w3.org/1999/02/22-rdf-syntax-ns#XMLLiteral", "fmType": "5", "fmId": "-1", "value": "This field contains a free-text description of the item.", "type": "typed-literal"}, "number": "2", "flags": "F", "location": "0;3", "type": "4", "name": "item_text"}, {"index": "C", "name": "patient", "description": {"datatype": "http://www.w3.org/1999/02/22-rdf-syntax-ns#XMLLiteral", "fmType": "5", "fmId": "-1", "value": "This field is a pointer to the patient to which the item is applicable.", "type": "typed-literal"}, "number": "101", "flags": "P2'", "location": "0;4", "type": "7", "details": "2"}, {"name": "admission", "description": {"datatype": "http://www.w3.org/1999/02/22-rdf-syntax-ns#XMLLiteral", "fmType": "5", "fmId": "-1", "value": "This field is a pointer to the admission movement in File 405 to which\rthe item is applicable.", "type": "typed-literal"}, "number": "102", "flags": "P405'", "details": "405", "type": "7", "location": "0;5"}, {"description": {"datatype": "http://www.w3.org/1999/02/22-rdf-syntax-ns#XMLLiteral", "fmType": "5", "fmId": "-1", "value": "This is a pointer to the order number for the appropriate Type of\rTicker File item.", "type": "typed-literal"}, "number": "103", "flags": "NJ5,0", "location": "0;6", "type": "2", "name": "entry_"}], "fmql": {"TYPELABEL": "ITEM", "TYPE": "119_01", "OP": "DESCRIBE TYPE"}, "name": "ITEM", "parent": "119", "number": "119.01"}