{"name":"GMRY IV SITE","number":"126.7","location":"^GMRD(126.7,","count":"10","lastIEN":"10","description":{"fmId":"-1","fmType":"5","type":"typed-literal","datatype":"http://www.w3.org/1999/02/22-rdf-syntax-ns#XMLLiteral","value":"This file contains a list of IV infusion sites.  The ADP coordinator is \rallowed to configure the file."},"version":"4.0","vpackage":"GEN. MED. REC. - I/O","fields":[{"number":".01","flags":"RF","name":"IV SITE","location":"0;1","index":"B","type":"4","inputTransform":"K:$L(X)>24!($L(X)<1)!'(X'?1P.E) X","description":{"fmId":"-1","fmType":"5","type":"typed-literal","datatype":"http://www.w3.org/1999/02/22-rdf-syntax-ns#XMLLiteral","value":"This field contains the name of the IV infusion site."}}],"fmql":{"OP":"DESCRIBE TYPE","TYPE":"126_7","TYPELABEL":"GMRY IV SITE"}}