{"name":"SYNONYM","number":"13.01","parent":"13","fields":[{"number":".01","flags":"MF","name":"SYNONYM","location":"0;1","index":"B","type":"4","inputTransform":"K:$L(X)>30!($L(X)<3) X","description":{"fmId":"-1","fmType":"5","type":"typed-literal","datatype":"http://www.w3.org/1999/02/22-rdf-syntax-ns#XMLLiteral","value":"This field contains another name by which a user may choose this religion.\rEntry of either the name of the religion or one of the synonyms will cause\rthis religion to be selected."}}],"fmql":{"OP":"DESCRIBE TYPE","TYPE":"13_01","TYPELABEL":"SYNONYM"}}