{"name":"NUTRITION STATUS","number":"115.4","location":"^FH(115.4,","count":"4","lastIEN":"4","description":{"fmId":"-1","fmType":"5","type":"typed-literal","datatype":"http://www.w3.org/1999/02/22-rdf-syntax-ns#XMLLiteral","value":"This file contains the four nutrition statuses of the established\rguidelines that are used in nutrition assessment and screening."},"version":"5.5","vpackage":"DIETETICS","fields":[{"number":".01","flags":"RF","name":"CATEGORY","location":"0;1","index":"B","type":"4","inputTransform":"K:$L(X)>3!($L(X)<1)!'(X'?1P.E) X","description":{"fmId":"-1","fmType":"5","type":"typed-literal","datatype":"http://www.w3.org/1999/02/22-rdf-syntax-ns#XMLLiteral","value":"This field contains a nutrition status or risk category."}},{"number":"1","flags":"F","name":"STATUS TEXT (U/L CASE)","location":"0;2","index":"D","type":"4","inputTransform":"K:X[\"\"\"\"!($A(X)=45) X I $D(X) K:$L(X)>30!($L(X)<3) X","description":{"fmId":"-1","fmType":"5","type":"typed-literal","datatype":"http://www.w3.org/1999/02/22-rdf-syntax-ns#XMLLiteral","value":"This field contains the text name (upper/lower case) of a \rNutrition Status or risk category."}},{"number":"99","flags":"S","name":"INACTIVE?","location":"I;1","type":"3","details":"Y:YES;N:NO;","description":{"fmId":"-1","fmType":"5","type":"typed-literal","datatype":"http://www.w3.org/1999/02/22-rdf-syntax-ns#XMLLiteral","value":"This field, if answered YES, will prohibit\rfurther selection of this entry."}},{"number":"101","flags":"F","name":"UPPERCASE NAME","location":"0;3","index":"C","type":"4","inputTransform":"K:X[\"\"\"\"!($A(X)=45) X I $D(X) K:$L(X)>30!($L(X)<3) X","description":{"fmId":"-1","fmType":"5","type":"typed-literal","datatype":"http://www.w3.org/1999/02/22-rdf-syntax-ns#XMLLiteral","value":"This is the name of the status in uppercase text."}}],"fmql":{"OP":"DESCRIBE TYPE","TYPE":"115_4","TYPELABEL":"NUTRITION STATUS"}}