{"count": "0", "description": {"datatype": "http://www.w3.org/1999/02/22-rdf-syntax-ns#XMLLiteral", "fmType": "5", "fmId": "-1", "value": "This file contains diet patterns.  The entries for a specific pattern\rrepresent changes from the production diet for this particular pattern.", "type": "typed-literal"}, "fields": [{"index": "B", "name": "name", "number": ".01", "flags": "RF", "location": "0;1", "type": "4", "description": {"datatype": "http://www.w3.org/1999/02/22-rdf-syntax-ns#XMLLiteral", "fmType": "5", "fmId": "-1", "value": "This field contains the names of the diet or the diet modification ordered.", "type": "typed-literal"}}, {"name": "diet1", "description": {"datatype": "http://www.w3.org/1999/02/22-rdf-syntax-ns#XMLLiteral", "fmType": "5", "fmId": "-1", "value": "This is the first diet modification selected from the Diets (111)\rfile.", "type": "typed-literal"}, "number": "1", "flags": "P111'", "details": "111", "type": "7", "location": "0;2"}, {"name": "diet2", "description": {"datatype": "http://www.w3.org/1999/02/22-rdf-syntax-ns#XMLLiteral", "fmType": "5", "fmId": "-1", "value": "This is the second diet modification selected from the Diets (111)\rfile.", "type": "typed-literal"}, "number": "2", "flags": "P111'", "details": "111", "type": "7", "location": "0;3"}, {"name": "diet3", "description": {"datatype": "http://www.w3.org/1999/02/22-rdf-syntax-ns#XMLLiteral", "fmType": "5", "fmId": "-1", "value": "This is the third diet modification selected from the Diets (111)\rfile.", "type": "typed-literal"}, "number": "3", "flags": "P111'", "details": "111", "type": "7", "location": "0;4"}, {"name": "diet4", "description": {"datatype": "http://www.w3.org/1999/02/22-rdf-syntax-ns#XMLLiteral", "fmType": "5", "fmId": "-1", "value": "This is the fourth diet modification selected from the Diets (111)\rfile.", "type": "typed-literal"}, "number": "4", "flags": "P111'", "details": "111", "type": "7", "location": "0;5"}, {"name": "diet5", "description": {"datatype": "http://www.w3.org/1999/02/22-rdf-syntax-ns#XMLLiteral", "fmType": "5", "fmId": "-1", "value": "This is the fifth diet modification selected from the Diets (111)\rfile.", "type": "typed-literal"}, "number": "5", "flags": "P111'", "details": "111", "type": "7", "location": "0;6"}, {"name": "production_diet", "description": {"datatype": "http://www.w3.org/1999/02/22-rdf-syntax-ns#XMLLiteral", "fmType": "5", "fmId": "-1", "value": "This is a pointer to the Production Diet (116.2) file and is the\routcome of the 'diet recoding' algorithm which is based upon the\rdiet modifications selected.  It is not present for NPO types of\rorders.", "type": "typed-literal"}, "number": "10", "flags": "P116.2'", "details": "116.2", "type": "7", "location": "0;7"}, {"name": "breakfast_modifications", "description": {"datatype": "http://www.w3.org/1999/02/22-rdf-syntax-ns#XMLLiteral", "fmType": "5", "fmId": "-1", "value": "This multiple contains all the breakfast Recipe Categories selected\rand their quantities.", "type": "typed-literal"}, "number": "15", "flags": "111.115P", "details": "111.115", "type": "9", "location": "B;0"}, {"name": "associated_standing_orders_b", "description": {"datatype": "http://www.w3.org/1999/02/22-rdf-syntax-ns#XMLLiteral", "fmType": "5", "fmId": "-1", "value": "This multiple contains all the Standing Orders selected from file\r118.3 for breakfast.", "type": "typed-literal"}, "number": "15.5", "flags": "111.11P", "details": "111.11", "type": "9", "location": "BS;0"}, {"name": "noon_modifications", "description": {"datatype": "http://www.w3.org/1999/02/22-rdf-syntax-ns#XMLLiteral", "fmType": "5", "fmId": "-1", "value": "This multiple contains all the noon Recipe Categories selected\rand their quantities.", "type": "typed-literal"}, "number": "16", "flags": "111.116P", "details": "111.116", "type": "9", "location": "N;0"}, {"name": "associated_standing_orders_n", "description": {"datatype": "http://www.w3.org/1999/02/22-rdf-syntax-ns#XMLLiteral", "fmType": "5", "fmId": "-1", "value": "This multiple contains all the Standing Orders selected from file 118.3\rfor noon.", "type": "typed-literal"}, "number": "16.5", "flags": "111.12P", "details": "111.12", "type": "9", "location": "NS;0"}, {"name": "evening_modifications", "description": {"datatype": "http://www.w3.org/1999/02/22-rdf-syntax-ns#XMLLiteral", "fmType": "5", "fmId": "-1", "value": "This multiple contains all the evening Recipe Categories selected\rand their quantities.", "type": "typed-literal"}, "number": "17", "flags": "111.117P", "details": "111.117", "type": "9", "location": "E;0"}, {"name": "associated_standing_orders_e", "description": {"datatype": "http://www.w3.org/1999/02/22-rdf-syntax-ns#XMLLiteral", "fmType": "5", "fmId": "-1", "value": "This multiple contains all the Standing Orders selected from file\r118.3 for evening.", "type": "typed-literal"}, "number": "17.5", "flags": "111.13P", "details": "111.13", "type": "9", "location": "ES;0"}, {"name": "associated_sf_menu", "description": {"datatype": "http://www.w3.org/1999/02/22-rdf-syntax-ns#XMLLiteral", "fmType": "5", "fmId": "-1", "value": "This field will contain the Supplemental Feeding Menu, from file 118.1,\rthat will be added to the patient's supplemental feeding entry when\rthis diet or diet modification is ordered for the patient.", "type": "typed-literal"}, "number": "18", "flags": "*P118.1'", "details": "118.1", "type": "7", "location": "0;8"}, {"name": "diet_restriction", "description": {"datatype": "http://www.w3.org/1999/02/22-rdf-syntax-ns#XMLLiteral", "fmType": "5", "fmId": "-1", "value": "This multiple contains all the Diet restrictions associated to the\rDiet modification.", "type": "typed-literal"}, "number": "19", "flags": "111.119P", "details": "111.119", "type": "9", "location": "RES;0"}, {"name": "inactive", "description": {"datatype": "http://www.w3.org/1999/02/22-rdf-syntax-ns#XMLLiteral", "fmType": "5", "fmId": "-1", "value": "This field, if answered YES, will prohibit\rfurther selection of this entry.", "type": "typed-literal"}, "number": "99", "flags": "S", "details": "Y:YES;N:NO;", "type": "3", "location": "I;1"}], "fmql": {"TYPELABEL": "DIET PATTERNS", "TYPE": "111_1", "OP": "DESCRIBE TYPE"}, "number": "111.1", "location": "^FH(111.1,", "name": "DIET PATTERNS"}