{"fields": [{"index": "AB", "name": "embedded_recipe", "description": {"datatype": "http://www.w3.org/1999/02/22-rdf-syntax-ns#XMLLiteral", "fmType": "5", "fmId": "-1", "value": "This field contains the name of a recipe which is to be\rembedded in the present one. The embedded recipe cannot be\rthe same as the present recipe.", "type": "typed-literal"}, "number": ".01", "flags": "M*P114'X", "location": "0;1", "type": "7", "details": "114"}, {"description": {"datatype": "http://www.w3.org/1999/02/22-rdf-syntax-ns#XMLLiteral", "fmType": "5", "fmId": "-1", "value": "This is the number of portions of the embedded recipe required\rin the present recipe.", "type": "typed-literal"}, "number": "1", "flags": "RNJ7,2", "location": "0;2", "type": "2", "name": "no_of_portions"}], "fmql": {"TYPELABEL": "EMBEDDED RECIPE", "TYPE": "114_03", "OP": "DESCRIBE TYPE"}, "name": "EMBEDDED RECIPE", "parent": "114", "number": "114.03"}