{"name":"EXCLUDED TREATING SPECIALTIES","number":"100.64","parent":"100.6","fields":[{"number":".01","flags":"MP45.7'X","name":"EXCEPT FROM SPECIALTY","location":"0;1","index":"B","type":"7","details":"45.7","inputTransform":"S:$G(X) DINUM=X","description":{"fmId":"-1","fmType":"5","type":"typed-literal","datatype":"http://www.w3.org/1999/02/22-rdf-syntax-ns#XMLLiteral","value":"This is a treating specialty that will prevent this rule from being\rapplied; specialty transfer rules will discontinue active orders unless\rthe patient is being transferred from this specialty to one listed in \rthe TO SPECIALTY multiple."}},{"number":"1","flags":"100.641P","name":"TO SPECIALTY","location":"1;0","type":"9","details":"100.641","description":{"fmId":"-1","fmType":"5","type":"typed-literal","datatype":"http://www.w3.org/1999/02/22-rdf-syntax-ns#XMLLiteral","value":"These are treating specialties that will cause this rule to not be\rprocessed, if the EXCEPT FROM and TO specialties match the patient's\rtransfer."}}],"fmql":{"OP":"DESCRIBE TYPE","TYPE":"100_64","TYPELABEL":"EXCLUDED TREATING SPECIALTIES"}}