{"count": "0", "description": {"datatype": "http://www.w3.org/1999/02/22-rdf-syntax-ns#XMLLiteral", "fmType": "5", "fmId": "-1", "value": "This file contains definitions and parameters used in various reports\rwithin CPRS.\r \rEntry numbers >1000 are reserved for national use.  Any local entries\rshould be added to a number <1000.  If this convention is not followed,\ryou run the risk of having your local entries overwritten by a patch\ror future release of CPRS.", "type": "typed-literal"}, "fields": [{"description": {"datatype": "http://www.w3.org/1999/02/22-rdf-syntax-ns#XMLLiteral", "fmType": "5", "fmId": "-1", "value": "This is the Number field for the file.", "type": "typed-literal"}, "number": ".001", "flags": "NJ5,0", "location": " ", "type": "2", "name": "number"}, {"index": "B", "name": "name", "number": ".01", "flags": "RF", "location": "0;1", "type": "4", "description": {"datatype": "http://www.w3.org/1999/02/22-rdf-syntax-ns#XMLLiteral", "fmType": "5", "fmId": "-1", "value": "This is the Name of the report.", "type": "typed-literal"}}, {"index": "AC", "name": "id", "number": ".02", "flags": "RF", "location": "0;2", "type": "4", "description": {"datatype": "http://www.w3.org/1999/02/22-rdf-syntax-ns#XMLLiteral", "fmType": "5", "fmId": "-1", "value": "This is the code that identifies the report.  Each tab in CPRS that\ruses reports looks for this ID in order to process the report.\rEach tab also uses a unique set of ID's.  An ID of 5 on the Reports\rTab may not identify the same report on a different tab.", "type": "typed-literal"}}, {"name": "remote", "description": {"datatype": "http://www.w3.org/1999/02/22-rdf-syntax-ns#XMLLiteral", "fmType": "5", "fmId": "-1", "value": "This field is used to identify which reports allow remote access through\rRemote Data Views.", "type": "typed-literal"}, "number": ".03", "flags": "S", "details": "1:YES;2:REMOTE ONLY;", "type": "3", "location": "0;3"}, {"name": "qualifier", "description": {"datatype": "http://www.w3.org/1999/02/22-rdf-syntax-ns#XMLLiteral", "fmType": "5", "fmId": "-1", "value": "This field identifies which qualifier to use when processing the report.\rExamples of qualifiers are HSType, DateTime, Imaging and NutrAssess.", "type": "typed-literal"}, "number": ".04", "flags": "S", "details": "1:HSType;2:DateTime;3:Imaging;4:NutrAssess;19:MedicineProcedure;39:ListView;5:HSComponent;6:HSWPComponent;28:Surgery;", "type": "3", "location": "0;4"}, {"description": {"datatype": "http://www.w3.org/1999/02/22-rdf-syntax-ns#XMLLiteral", "fmType": "5", "fmId": "-1", "value": "This is the routine that is invoked to produce the report.", "type": "typed-literal"}, "number": ".05", "flags": "FI", "location": "0;5", "type": "4", "name": "routine"}, {"description": {"datatype": "http://www.w3.org/1999/02/22-rdf-syntax-ns#XMLLiteral", "fmType": "5", "fmId": "-1", "value": "This is the entry point for the ROUTINE that is invoked to produce the\rreport.", "type": "typed-literal"}, "number": ".06", "flags": "FI", "location": "0;6", "type": "4", "name": "entry_point"}, {"name": "category", "description": {"datatype": "http://www.w3.org/1999/02/22-rdf-syntax-ns#XMLLiteral", "fmType": "5", "fmId": "-1", "value": "This field puts reports into a category that is evaluated by the GUI\rwhen the report is processed.", "type": "typed-literal"}, "number": ".07", "flags": "S", "details": "0:FIXED;1:FIXED W/DATE;2:FIXED W/HEADER;3:FIXED W/DATE&HEADER;4:SPECIALIZED;5:GRAPHIC;6:LISTVIEW;", "type": "3", "location": "0;7"}, {"name": "tab", "description": {"datatype": "http://www.w3.org/1999/02/22-rdf-syntax-ns#XMLLiteral", "fmType": "5", "fmId": "-1", "value": "This fields identifies the appropriate tab for a report in CPRS.", "type": "typed-literal"}, "number": ".08", "flags": "S", "details": "R:REPORTS TAB;L:LABS TAB;C:COVER SHEET;CD:COVER SHEET DETAILS;", "type": "3", "location": "0;8"}, {"name": "mixedcase", "description": {"datatype": "http://www.w3.org/1999/02/22-rdf-syntax-ns#XMLLiteral", "fmType": "5", "fmId": "-1", "value": "This is used in the cover sheet and is used to display the returned\rlist in mixed case.", "type": "typed-literal"}, "number": ".09", "flags": "S", "details": "1:YES;", "type": "3", "location": "0;9"}, {"name": "invert", "description": {"datatype": "http://www.w3.org/1999/02/22-rdf-syntax-ns#XMLLiteral", "fmType": "5", "fmId": "-1", "value": "This field is used to invert a list of data returned in the Cover sheet", "type": "typed-literal"}, "number": ".1", "flags": "S", "details": "1:YES;", "type": "3", "location": "0;10"}, {"name": "text_color", "description": {"datatype": "http://www.w3.org/1999/02/22-rdf-syntax-ns#XMLLiteral", "fmType": "5", "fmId": "-1", "value": "This field determines the text color for the returned data.", "type": "typed-literal"}, "number": ".11", "flags": "S", "details": "Black:BLACK;Maroon:MAROON;Green:GREEN;Olive:OLIVE;Purple:PURPLE;Teal:TEAL;Red:RED;Lime:LIME;Yellow:YELLOW;Blue:BLUE;Fuchsia:FUCHSIA;Aqua:AQUA;", "type": "3", "location": "0;11"}, {"name": "type", "description": {"datatype": "http://www.w3.org/1999/02/22-rdf-syntax-ns#XMLLiteral", "fmType": "5", "fmId": "-1", "value": "This field identifies the type for an entry.", "type": "typed-literal"}, "number": ".12", "flags": "S", "details": "R:REPORT;H:HTML;L:LISTMAN ONLY;S:SELECTION LIST;V:LISTVIEW;M:MENU;G:GRAPH;", "type": "3", "location": "0;12"}, {"name": "rpc", "description": {"datatype": "http://www.w3.org/1999/02/22-rdf-syntax-ns#XMLLiteral", "fmType": "5", "fmId": "-1", "value": "This is the RPC that is called inside the GUI to produce the report.", "type": "typed-literal"}, "number": ".13", "flags": "P8994'", "details": "8994", "type": "7", "location": "0;13"}, {"name": "date_format", "description": {"datatype": "http://www.w3.org/1999/02/22-rdf-syntax-ns#XMLLiteral", "fmType": "5", "fmId": "-1", "value": "This field determines what kind of format to display date/time fields.", "type": "typed-literal"}, "number": ".14", "flags": "S", "details": "D:DATE ONLY;T:DATE WITH TIME;", "type": "3", "location": "0;14"}, {"description": {"datatype": "http://www.w3.org/1999/02/22-rdf-syntax-ns#XMLLiteral", "fmType": "5", "fmId": "-1", "value": "This is used on the Cover Sheet to determine which piece the date field\roccupies.", "type": "typed-literal"}, "number": ".15", "flags": "NJ2,0", "location": "0;15", "type": "2", "name": "date_piece"}, {"description": {"datatype": "http://www.w3.org/1999/02/22-rdf-syntax-ns#XMLLiteral", "fmType": "5", "fmId": "-1", "value": "This is the value that will be used for the Tab property for the listbox\rassociated with this report on the Cover Sheet.", "type": "typed-literal"}, "number": ".16", "flags": "F", "location": "0;16", "type": "4", "name": "tab_positions"}, {"description": {"datatype": "http://www.w3.org/1999/02/22-rdf-syntax-ns#XMLLiteral", "fmType": "5", "fmId": "-1", "value": "This field is used by the Cover Sheet to determine what pieces of data\rto display in the listbox.", "type": "typed-literal"}, "number": ".17", "flags": "F", "location": "0;17", "type": "4", "name": "pieces"}, {"name": "detail_report", "description": {"datatype": "http://www.w3.org/1999/02/22-rdf-syntax-ns#XMLLiteral", "fmType": "5", "fmId": "-1", "value": "This field is used to get the details of an item on the cover sheet.", "type": "typed-literal"}, "number": ".18", "flags": "*P101.24'", "details": "101.24", "type": "7", "location": "0;18"}, {"description": {"datatype": "http://www.w3.org/1999/02/22-rdf-syntax-ns#XMLLiteral", "fmType": "5", "fmId": "-1", "value": "This is the entry point tag for a report extract.", "type": "typed-literal"}, "number": ".19", "flags": "FI", "location": "0;19", "type": "4", "name": "report_tag"}, {"description": {"datatype": "http://www.w3.org/1999/02/22-rdf-syntax-ns#XMLLiteral", "fmType": "5", "fmId": "-1", "value": "This is the routine associated with the REPORT TAG for report extracts.", "type": "typed-literal"}, "number": ".191", "flags": "FI", "location": "0;20", "type": "4", "name": "report_routine"}, {"name": "report_component", "description": {"datatype": "http://www.w3.org/1999/02/22-rdf-syntax-ns#XMLLiteral", "fmType": "5", "fmId": "-1", "value": "This is the report component associated with this report.", "type": "typed-literal"}, "number": ".192", "flags": "P142.1'", "details": "142.1", "type": "7", "location": "0;21"}, {"description": {"datatype": "http://www.w3.org/1999/02/22-rdf-syntax-ns#XMLLiteral", "fmType": "5", "fmId": "-1", "value": "This is the 1st parameter passed to the RPC, if needed.", "type": "typed-literal"}, "number": ".21", "flags": "F", "location": "2;1", "type": "4", "name": "param_1"}, {"description": {"datatype": "http://www.w3.org/1999/02/22-rdf-syntax-ns#XMLLiteral", "fmType": "5", "fmId": "-1", "value": "This is the 2nd parameter passed to the RPC, if needed.", "type": "typed-literal"}, "number": ".22", "flags": "F", "location": "2;2", "type": "4", "name": "param_2"}, {"description": {"datatype": "http://www.w3.org/1999/02/22-rdf-syntax-ns#XMLLiteral", "fmType": "5", "fmId": "-1", "value": "This is the heading used on the Cover sheet for the list of items.", "type": "typed-literal"}, "number": ".23", "flags": "F", "location": "2;3", "type": "4", "name": "heading"}, {"description": {"datatype": "http://www.w3.org/1999/02/22-rdf-syntax-ns#XMLLiteral", "fmType": "5", "fmId": "-1", "value": "This is a more descriptive name than what might be included in the \rNAME field.", "type": "typed-literal"}, "number": ".24", "flags": "RF", "location": "2;4", "type": "4", "name": "descriptive_text"}, {"description": {"datatype": "http://www.w3.org/1999/02/22-rdf-syntax-ns#XMLLiteral", "fmType": "5", "fmId": "-1", "value": "This is used by the Cover Sheet routines to define the node in the ^XTMP\rglobal to store the data.", "type": "typed-literal"}, "number": ".25", "flags": "F", "location": "2;5", "type": "4", "name": "node"}, {"description": {"datatype": "http://www.w3.org/1999/02/22-rdf-syntax-ns#XMLLiteral", "fmType": "5", "fmId": "-1", "value": "This is the entry point tag used when printing reports that do their own\rWrite statements.", "type": "typed-literal"}, "number": ".26", "flags": "FI", "location": "2;6", "type": "4", "name": "print_tag"}, {"description": {"datatype": "http://www.w3.org/1999/02/22-rdf-syntax-ns#XMLLiteral", "fmType": "5", "fmId": "-1", "value": "This is the entry point routine used when printing reports that do their own\rWrite statements.", "type": "typed-literal"}, "number": ".27", "flags": "FI", "location": "2;7", "type": "4", "name": "print_routine"}, {"description": {"datatype": "http://www.w3.org/1999/02/22-rdf-syntax-ns#XMLLiteral", "fmType": "5", "fmId": "-1", "value": "This is the entry point for the extract routine that pulls the data from\rpackage API's and/or package files.", "type": "typed-literal"}, "number": ".28", "flags": "FI", "location": "2;8", "type": "4", "name": "extract_tag"}, {"description": {"datatype": "http://www.w3.org/1999/02/22-rdf-syntax-ns#XMLLiteral", "fmType": "5", "fmId": "-1", "value": "This is the extract routine that pulls data from package API's and/or\rpackage files.", "type": "typed-literal"}, "number": ".29", "flags": "FI", "location": "2;9", "type": "4", "name": "extract_routine"}, {"description": {"datatype": "http://www.w3.org/1999/02/22-rdf-syntax-ns#XMLLiteral", "fmType": "5", "fmId": "-1", "value": "This field is used when sorting columns of data on at grid within CPRS.\rIt determines the sort order to be used in a multi-column sort.  The\rprimary sort column is always the column header clicked on by the user.\rIf this field has values in the form #:#, then a multi-column sort is\rdone, using the column numbers identified in this field for the second\rand third level sorting.", "type": "typed-literal"}, "number": ".41", "flags": "F", "location": "4;1", "type": "4", "name": "sort_order"}, {"description": {"datatype": "http://www.w3.org/1999/02/22-rdf-syntax-ns#XMLLiteral", "fmType": "5", "fmId": "-1", "value": "This field restricts the report date range to the maximum value specified.", "type": "typed-literal"}, "number": ".42", "flags": "NJ4,0", "location": "4;2", "type": "2", "name": "maximum_days_back"}, {"description": {"datatype": "http://www.w3.org/1999/02/22-rdf-syntax-ns#XMLLiteral", "fmType": "5", "fmId": "-1", "value": "This field identifies reports that are available through FHIE.\rThe item in this field is the code for the report available through\rthe FHIE server.", "type": "typed-literal"}, "number": ".43", "flags": "F", "location": "4;3", "type": "4", "name": "fhie_report"}, {"name": "direct", "description": {"datatype": "http://www.w3.org/1999/02/22-rdf-syntax-ns#XMLLiteral", "fmType": "5", "fmId": "-1", "value": "This field allows a report to make a direct remote data call to\ra remote site.  Use caution in setting this field to yes.  It has\rthe effect of disabling CPRS until the remote call is finished, but\ralso may speed up the query by bypassing taskman latency.", "type": "typed-literal"}, "number": ".44", "flags": "S", "details": "0:NO;1:YES;", "type": "3", "location": "4;4"}, {"name": "hdr_report", "description": {"datatype": "http://www.w3.org/1999/02/22-rdf-syntax-ns#XMLLiteral", "fmType": "5", "fmId": "-1", "value": "This field flags reports that are generated from the HDR.", "type": "typed-literal"}, "number": ".45", "flags": "S", "details": "1:YES;", "type": "3", "location": "4;5"}, {"description": {"datatype": "http://www.w3.org/1999/02/22-rdf-syntax-ns#XMLLiteral", "fmType": "5", "fmId": "-1", "value": "This is the HDR routine that modifies HDR data for CPRS.", "type": "typed-literal"}, "number": ".46", "flags": "FI", "location": "4;6", "type": "4", "name": "hdr_routine"}, {"description": {"datatype": "http://www.w3.org/1999/02/22-rdf-syntax-ns#XMLLiteral", "fmType": "5", "fmId": "-1", "value": "This is the HDR entry point that modifies HDR data for CPRS.", "type": "typed-literal"}, "number": ".47", "flags": "FI", "location": "4;7", "type": "4", "name": "hdr_entry_point"}, {"name": "fhie_data", "description": {"datatype": "http://www.w3.org/1999/02/22-rdf-syntax-ns#XMLLiteral", "fmType": "5", "fmId": "-1", "value": "This field is used to tell CPRS that DOD/FHIE data can be accessed\rfor this report.  Special code has to be written by CPRS and DOD\rfor this to happen.", "type": "typed-literal"}, "number": ".48", "flags": "S", "details": "1:YES;", "type": "3", "location": "4;8"}, {"name": "fhie_only", "description": {"datatype": "http://www.w3.org/1999/02/22-rdf-syntax-ns#XMLLiteral", "fmType": "5", "fmId": "-1", "value": "This field determines if a report can show local VA data and Remote DOD\rdata. Enter YES if only DOD data should be shown for this report.", "type": "typed-literal"}, "number": ".49", "flags": "S", "details": "1:YES;", "type": "3", "location": "4;9"}, {"name": "disable", "description": {"datatype": "http://www.w3.org/1999/02/22-rdf-syntax-ns#XMLLiteral", "fmType": "5", "fmId": "-1", "value": "This field will disable a report.", "type": "typed-literal"}, "number": ".491", "flags": "S", "details": "1:YES;", "type": "3", "location": "4;10"}, {"name": "column_headers", "number": "3", "flags": "101.243", "details": "101.243", "type": "9", "location": "3;0"}, {"name": "item", "number": "10", "flags": "101.241P", "details": "101.241", "type": "9", "location": "10;0"}], "fmql": {"TYPELABEL": "OE/RR REPORT", "TYPE": "101_24", "OP": "DESCRIBE TYPE"}, "number": "101.24", "location": "^ORD(101.24,", "name": "OE/RR REPORT"}