{"name":"TIME","number":"130.39","parent":"130.08","fields":[{"number":".01","flags":"DOX","name":"TIME","location":"0;1","type":"1","inputTransform":"S Z=$E($P(^SRF($S($D(SRTN):SRTN,1:DA(2)),0),\"^\",9),1,7),X=$S(X?1.4N.A!(X?1.2N1\":\"2N.A):Z_\"@\"_X,1:X) K %DT,Z S %DT=\"ERTX\" D ^%DT S X=Y K:Y<1 X","description":{"fmId":"-1","fmType":"5","type":"typed-literal","datatype":"http://www.w3.org/1999/02/22-rdf-syntax-ns#XMLLiteral","value":"This is the date and time that the irrigation solution was utilized.\rThis information is optional, but may be useful for documentation\rof this case.\r "}},{"number":"1","flags":"NJ6,0","name":"AMOUNT USED","location":"0;2","type":"2","inputTransform":"K:+X'=X!(X>999999)!(X<0)!(X?.E1\".\"1N.N) X","description":{"fmId":"-1","fmType":"5","type":"typed-literal","datatype":"http://www.w3.org/1999/02/22-rdf-syntax-ns#XMLLiteral","value":"This is the total amount of irrigation solution used in the operative site.\r "}},{"number":"2","flags":"*P200'","name":"PROVIDER","location":"0;3","type":"7","details":"200","inputTransform":"S DIC(\"S\")=\"S RESTRICT=\"\"130.39,2\"\" D KEY^SROXPR I $D(SROK)\" D ^DIC K DIC S DIC=DIE,X=+Y K:Y<0 X","description":{"fmId":"-1","fmType":"5","type":"typed-literal","datatype":"http://www.w3.org/1999/02/22-rdf-syntax-ns#XMLLiteral","value":"This is the name of the person responsible for the irrigation solution.\rAlthough this information is optional, it may be useful for documentation\rof this case.\r "}}],"fmql":{"OP":"DESCRIBE TYPE","TYPE":"130_39","TYPELABEL":"TIME"}}