{"fields": [{"index": "B", "name": "other_assoc_diagnosis", "number": ".01", "flags": "NJ5,0", "location": "0;1", "type": "2", "description": {"datatype": "http://www.w3.org/1999/02/22-rdf-syntax-ns#XMLLiteral", "fmType": "5", "fmId": "-1", "value": "The OTHER ASSOC DIAGNOSIS is used to associate diagnoses to OTHER \rPROCEDURES.  This information is needed to generate a clean claim.", "type": "typed-literal"}}], "fmql": {"TYPELABEL": "OTHER ASSOC DIAGNOSIS", "TYPE": "130_165", "OP": "DESCRIBE TYPE"}, "name": "OTHER ASSOC DIAGNOSIS", "parent": "130.16", "number": "130.165"}