{"count": "0", "description": {"datatype": "http://www.w3.org/1999/02/22-rdf-syntax-ns#XMLLiteral", "fmType": "5", "fmId": "-1", "value": "This file contains the structure of a Health Summary.  Components from the\rHealth Summary Components file (142.1) may be selected and restricted by\rnumber of occurrences or time limits. The original creator of a type of \rHealth Summary is the owner of that type.  Health Summaries that are\r\"owned\" may not be modified or deleted by anyone else, except the Clinical\rCoordinator.  \"Owned\" Health Summaries may be used by other users to\rprint patient information.  \r  \rThe GMTSMGR security key is included on generic Health Summaries sent out \rwith the Health Summary Package.  These types of Health Summaries should \rnot be deleted.\r \rFields 2,3,4,5 and 6 are used ONLY by Indian Health Service.\rSpecifically, fields 4 (MEASUREMENT PANEL) and 6 (SURVEILLANCE PANEL)\rpoint to files 9001017 and 9001018 respectively, which WILL NOT be\rpresent at non-PCC sites.", "type": "typed-literal"}, "fields": [{"index": "B", "name": "name", "number": ".01", "flags": "RF", "location": "0;1", "type": "4", "description": {"datatype": "http://www.w3.org/1999/02/22-rdf-syntax-ns#XMLLiteral", "fmType": "5", "fmId": "-1", "value": "Enter the NAME of the Health Summary Type.  This name will appear\rin the health summary header.  The word \"CONFIDENTIAL\" will appear\rin front of this name and the word \"SUMMARY\" will appear at the end\rto complete the header.  For example:\r \r    Name entered: ICU\rGenerated header: CONFIDENTIAL ICU SUMMARY", "type": "typed-literal"}}, {"index": "E", "name": "title", "number": ".02", "flags": "F", "location": "T;1", "type": "4", "description": {"datatype": "http://www.w3.org/1999/02/22-rdf-syntax-ns#XMLLiteral", "fmType": "5", "fmId": "-1", "value": "Enter the TITLE only if you wish to replace NAME with title in the health\rsummary header.  For Example:\r \r    Name entered: ICU\r   Title entered: INTENSIVE CARE UNIT\rGenerated header: CONFIDENTIAL INTENSIVE CARE UNIT SUMMARY\r ", "type": "typed-literal"}}, {"description": {"datatype": "http://www.w3.org/1999/02/22-rdf-syntax-ns#XMLLiteral", "fmType": "5", "fmId": "-1", "value": "When a Health Summary Type contains a Lock, edit access is normally\rrestricted to persons who hold a security key in the SECURITY KEY\rfile which is the same as the Lock value. If a Health Summary Type\rcontains a Lock, users who hold that security key are NOT restricted\rby Ownership. A holder of the GMTSMGR security key is NOT restricted\rby Locks or Ownership.\r \rNOTE: Generic Health Summary Types issued with the Health Summary\rpackage contain the Lock GMTSMGR.", "type": "typed-literal"}, "number": ".05", "flags": "FX", "location": "0;2", "type": "4", "name": "lock"}, {"index": "C", "name": "owner", "description": {"datatype": "http://www.w3.org/1999/02/22-rdf-syntax-ns#XMLLiteral", "fmType": "5", "fmId": "-1", "value": "Edit access to each health summary type is normally restricted to\rits Owner.\r \rException 1: Holders of the GMTSMGR security key are NOT restricted\r             by Ownership.\r \rException 2: If a health summary type contains a lock, users who hold\r             that lock key are NOT restricted by Ownership.\r \rNOTE: When a new health summary type is created, the creator's entry\rnumber in the new Person File is AUTOMATICALLY entered as Owner unless\rthe creator holds the GMTSMGR security key.  A creator who holds the\rGMTSMGR key may enter an Owner (IFN from new Person file) of his/her\rchoice.", "type": "typed-literal"}, "number": ".06", "flags": "P200'", "location": "0;3", "type": "7", "details": "200"}, {"name": "restrict_deletion", "description": {"datatype": "http://www.w3.org/1999/02/22-rdf-syntax-ns#XMLLiteral", "fmType": "5", "fmId": "-1", "value": "This field is referred to by the Create/Modify and Delete Health Summary\rType options for the screening of certain summary types (esp., GMTS HS\rADHOC OPTION) from deletion.", "type": "typed-literal"}, "number": ".07", "flags": "SI", "details": "Y:YES;", "type": "3", "location": "0;4"}, {"name": "suppress_comp_without_data", "description": {"datatype": "http://www.w3.org/1999/02/22-rdf-syntax-ns#XMLLiteral", "fmType": "5", "fmId": "-1", "value": "This field allows health summary types to be set up to suppress printing\rof components that contain no data when health summaries are printed from\ra device. When health summary types are displayed on the screen,\rcomponents that contain no data will still be displayed with a \"No data\ravailable\" message. This is done to eliminate any confusion that may occur\rwhen jumping between components.", "type": "typed-literal"}, "number": ".08", "flags": "S", "details": "Y:yes;N:no;", "type": "3", "location": "0;5"}, {"name": "nationally_exported_type", "description": {"datatype": "http://www.w3.org/1999/02/22-rdf-syntax-ns#XMLLiteral", "fmType": "5", "fmId": "-1", "value": "This field is used to distinguish between nationally exported Health Summary \rTypes and Health Summary Types created at the site.  It serves to protect \rnationally exported Health Summary Types from being deleted at the site.", "type": "typed-literal"}, "number": ".09", "flags": "S", "details": "1:Nationally Exported, Site Editable;2:Nationally Exported, Uneditable;", "type": "3", "location": "VA;1"}, {"name": "structure", "description": {"datatype": "http://www.w3.org/1999/02/22-rdf-syntax-ns#XMLLiteral", "fmType": "5", "fmId": "-1", "value": "This multiple contains the components to be included in any given health\rsummary type, along with the time and occurrence limits, selection items\rto be used, hospital location displayed, ICD text displayed, and provider\rnarrative displayed.", "type": "typed-literal"}, "number": "1", "flags": "142.01IA", "details": "142.01", "type": "9", "location": "1;0"}, {"name": "locations_using_the_summary", "description": {"datatype": "http://www.w3.org/1999/02/22-rdf-syntax-ns#XMLLiteral", "fmType": "5", "fmId": "-1", "value": "Allows the entry of the hospital location (ward or clinic) which has\rrequested automatic nightly queueing of one or more health summary\rtypes to a specified device.", "type": "typed-literal"}, "number": "20", "flags": "142.2P", "details": "142.2", "type": "9", "location": "20;0"}, {"description": {"datatype": "http://www.w3.org/1999/02/22-rdf-syntax-ns#XMLLiteral", "fmType": "5", "fmId": "-1", "value": "This is the $H formatted time associated with the most recent modification\rto this health summary type. It is compared with the timestamp in the\r^XUTL( multiple associated with this summary type, when ^XQORM is called\rto generate help menus for interactive navigation. If a difference exists,\rthen the menus are \"recompiled.\" This field is NOT to be edited\rinteractively under any circumstances!", "type": "typed-literal"}, "number": "99", "flags": "F", "location": "99;1", "type": "4", "name": "timestamp"}, {"name": "suppress_sensitive_print_data", "description": {"datatype": "http://www.w3.org/1999/02/22-rdf-syntax-ns#XMLLiteral", "fmType": "5", "fmId": "-1", "value": "This field allows control over the display of patient SSN and DOB in the\rreport header of a given health summary type. Hard copy prints from\rthe Reports tab of CPRS, List Manager, and the GMTS print options are \raffected. The DOB can be removed and the SSN restricted based on the \rvalue of this field.\r \rA value of '0' or null allows the full 9-digit SSN to display along\rwith the DOB; flag value of '1' removes the DOB and only displays \rthe last four of the SSN; and '2' will remove both the SSN and DOB\rfrom the report header.\r \rViewing predefined health summary reports on screen via GMTS print \roptions or CPRS GUI windows are NOT affected by this flag.", "type": "typed-literal"}, "number": "100", "flags": "S", "details": "0:9 DIGIT SSN;1:4 DIGIT SSN;2:NO SSN;", "type": "3", "location": "2;1"}], "fmql": {"TYPELABEL": "HEALTH SUMMARY TYPE", "TYPE": "142", "OP": "DESCRIBE TYPE"}, "number": "142", "location": "^GMT(142,", "name": "HEALTH SUMMARY TYPE"}