{"count": "0", "description": {"datatype": "http://www.w3.org/1999/02/22-rdf-syntax-ns#XMLLiteral", "fmType": "5", "fmId": "-1", "value": "This file contains a pattern of supplemental feedings (up to four\ritems for each of three time periods) which are often requested\rin common situations (e.g., a diabetic patient) and avoids the\rnecessity of individually selecting the various items when\rordering supplemental feedings.", "type": "typed-literal"}, "fields": [{"index": "B", "name": "name", "number": ".01", "flags": "RF", "location": "0;1", "type": "4", "description": {"datatype": "http://www.w3.org/1999/02/22-rdf-syntax-ns#XMLLiteral", "fmType": "5", "fmId": "-1", "value": "This is the name of the supplemental feeding menu, a pre-set\rcollection of feeding items for the three feeding times.", "type": "typed-literal"}}, {"index": "C", "name": "synonym", "number": "1", "flags": "F", "location": "0;2", "type": "4", "description": {"datatype": "http://www.w3.org/1999/02/22-rdf-syntax-ns#XMLLiteral", "fmType": "5", "fmId": "-1", "value": "This field may contain a synonym for the feeding menu.", "type": "typed-literal"}}, {"name": "dietary_or_therapeutic", "description": {"datatype": "http://www.w3.org/1999/02/22-rdf-syntax-ns#XMLLiteral", "fmType": "5", "fmId": "-1", "value": "This field indicates whether the menu is generally ordered\rfor dietary or therapeutic reasons.", "type": "typed-literal"}, "number": "3", "flags": "RS", "details": "D:DIETARY;T:THERAPEUTIC;", "type": "3", "location": "1;25"}, {"name": "10am_feeding_1", "description": {"datatype": "http://www.w3.org/1999/02/22-rdf-syntax-ns#XMLLiteral", "fmType": "5", "fmId": "-1", "value": "This is the first supplemental feeding item for the 10am feeding.", "type": "typed-literal"}, "number": "10", "flags": "*P118'", "details": "118", "type": "7", "location": "1;1"}, {"description": {"datatype": "http://www.w3.org/1999/02/22-rdf-syntax-ns#XMLLiteral", "fmType": "5", "fmId": "-1", "value": "This is the quantity of the first 10am feeding item.", "type": "typed-literal"}, "number": "10.5", "flags": "NJ2,0", "location": "1;2", "type": "2", "name": "10am_1_qty"}, {"name": "10am_feeding_2", "description": {"datatype": "http://www.w3.org/1999/02/22-rdf-syntax-ns#XMLLiteral", "fmType": "5", "fmId": "-1", "value": "This is the second supplemental feeding item for the 10am feeding.", "type": "typed-literal"}, "number": "11", "flags": "*P118'", "details": "118", "type": "7", "location": "1;3"}, {"description": {"datatype": "http://www.w3.org/1999/02/22-rdf-syntax-ns#XMLLiteral", "fmType": "5", "fmId": "-1", "value": "This is the quantity of the second 10am feeding item.", "type": "typed-literal"}, "number": "11.5", "flags": "NJ2,0", "location": "1;4", "type": "2", "name": "10am_2_qty"}, {"name": "10am_feeding_3", "description": {"datatype": "http://www.w3.org/1999/02/22-rdf-syntax-ns#XMLLiteral", "fmType": "5", "fmId": "-1", "value": "This is the third supplemental feeding item for the 10am feeding.", "type": "typed-literal"}, "number": "12", "flags": "*P118'", "details": "118", "type": "7", "location": "1;5"}, {"description": {"datatype": "http://www.w3.org/1999/02/22-rdf-syntax-ns#XMLLiteral", "fmType": "5", "fmId": "-1", "value": "This is the quantity of the third 10am feeding item.", "type": "typed-literal"}, "number": "12.5", "flags": "NJ2,0", "location": "1;6", "type": "2", "name": "10am_3_qty"}, {"name": "10am_feeding_4", "description": {"datatype": "http://www.w3.org/1999/02/22-rdf-syntax-ns#XMLLiteral", "fmType": "5", "fmId": "-1", "value": "This is the fourth supplemental feeding item for the 10am feeding.", "type": "typed-literal"}, "number": "13", "flags": "*P118'", "details": "118", "type": "7", "location": "1;7"}, {"description": {"datatype": "http://www.w3.org/1999/02/22-rdf-syntax-ns#XMLLiteral", "fmType": "5", "fmId": "-1", "value": "This is the quantity of the fourth 10am feeding item.", "type": "typed-literal"}, "number": "13.5", "flags": "NJ2,0", "location": "1;8", "type": "2", "name": "10am_4_qty"}, {"name": "2pm_feeding_1", "description": {"datatype": "http://www.w3.org/1999/02/22-rdf-syntax-ns#XMLLiteral", "fmType": "5", "fmId": "-1", "value": "This is the first supplemental feeding item for the 2pm feeding.", "type": "typed-literal"}, "number": "14", "flags": "*P118'", "details": "118", "type": "7", "location": "1;9"}, {"description": {"datatype": "http://www.w3.org/1999/02/22-rdf-syntax-ns#XMLLiteral", "fmType": "5", "fmId": "-1", "value": "This is the quantity of the first 2pm feeding item.", "type": "typed-literal"}, "number": "14.5", "flags": "NJ2,0", "location": "1;10", "type": "2", "name": "2pm_1_qty"}, {"name": "2pm_feeding_2", "description": {"datatype": "http://www.w3.org/1999/02/22-rdf-syntax-ns#XMLLiteral", "fmType": "5", "fmId": "-1", "value": "This is the second supplemental feeding item for the 2pm feeding.", "type": "typed-literal"}, "number": "15", "flags": "*P118'", "details": "118", "type": "7", "location": "1;11"}, {"description": {"datatype": "http://www.w3.org/1999/02/22-rdf-syntax-ns#XMLLiteral", "fmType": "5", "fmId": "-1", "value": "This is the quantity of the second 2pm feeding item.", "type": "typed-literal"}, "number": "15.5", "flags": "NJ2,0", "location": "1;12", "type": "2", "name": "2pm_2_qty"}, {"name": "2pm_feeding_3", "description": {"datatype": "http://www.w3.org/1999/02/22-rdf-syntax-ns#XMLLiteral", "fmType": "5", "fmId": "-1", "value": "This is the third supplemental feeding item for the 2pm feeding.", "type": "typed-literal"}, "number": "16", "flags": "*P118'", "details": "118", "type": "7", "location": "1;13"}, {"description": {"datatype": "http://www.w3.org/1999/02/22-rdf-syntax-ns#XMLLiteral", "fmType": "5", "fmId": "-1", "value": "This is the quantity of the third 2pm feeding item.", "type": "typed-literal"}, "number": "16.5", "flags": "NJ2,0", "location": "1;14", "type": "2", "name": "2pm_3_qty"}, {"name": "2pm_feeding_4", "description": {"datatype": "http://www.w3.org/1999/02/22-rdf-syntax-ns#XMLLiteral", "fmType": "5", "fmId": "-1", "value": "This is the fourth supplemental feeding item for the 2pm feeding.", "type": "typed-literal"}, "number": "17", "flags": "*P118'", "details": "118", "type": "7", "location": "1;15"}, {"description": {"datatype": "http://www.w3.org/1999/02/22-rdf-syntax-ns#XMLLiteral", "fmType": "5", "fmId": "-1", "value": "This is the quantity of the fourth 2pm feeding item.", "type": "typed-literal"}, "number": "17.5", "flags": "NJ2,0", "location": "1;16", "type": "2", "name": "2pm_4_qty"}, {"name": "8pm_feeding_1", "description": {"datatype": "http://www.w3.org/1999/02/22-rdf-syntax-ns#XMLLiteral", "fmType": "5", "fmId": "-1", "value": "This is the first supplemental feeding item for the 8pm feeding.", "type": "typed-literal"}, "number": "18", "flags": "*P118'", "details": "118", "type": "7", "location": "1;17"}, {"description": {"datatype": "http://www.w3.org/1999/02/22-rdf-syntax-ns#XMLLiteral", "fmType": "5", "fmId": "-1", "value": "This is the quantity of the first 8pm feeding item.", "type": "typed-literal"}, "number": "18.5", "flags": "NJ2,0", "location": "1;18", "type": "2", "name": "8pm_1_qty"}, {"name": "8pm_feeding_2", "description": {"datatype": "http://www.w3.org/1999/02/22-rdf-syntax-ns#XMLLiteral", "fmType": "5", "fmId": "-1", "value": "This is the second supplemental feeding item for the 8pm feeding.", "type": "typed-literal"}, "number": "19", "flags": "*P118'", "details": "118", "type": "7", "location": "1;19"}, {"description": {"datatype": "http://www.w3.org/1999/02/22-rdf-syntax-ns#XMLLiteral", "fmType": "5", "fmId": "-1", "value": "This is the quantity of the second 8pm feeding item.", "type": "typed-literal"}, "number": "19.5", "flags": "NJ2,0", "location": "1;20", "type": "2", "name": "8pm_2_qty"}, {"name": "8pm_feeding_3", "description": {"datatype": "http://www.w3.org/1999/02/22-rdf-syntax-ns#XMLLiteral", "fmType": "5", "fmId": "-1", "value": "This is the third supplemental feeding item for the 8pm feeding.", "type": "typed-literal"}, "number": "20", "flags": "*P118'", "details": "118", "type": "7", "location": "1;21"}, {"description": {"datatype": "http://www.w3.org/1999/02/22-rdf-syntax-ns#XMLLiteral", "fmType": "5", "fmId": "-1", "value": "This is the quantity of the third 8pm feeding item.", "type": "typed-literal"}, "number": "20.5", "flags": "NJ2,0", "location": "1;22", "type": "2", "name": "8pm_3_qty"}, {"name": "8pm_feeding_4", "description": {"datatype": "http://www.w3.org/1999/02/22-rdf-syntax-ns#XMLLiteral", "fmType": "5", "fmId": "-1", "value": "This is the fourth supplemental feeding item for the 8pm feeding.", "type": "typed-literal"}, "number": "21", "flags": "*P118'", "details": "118", "type": "7", "location": "1;23"}, {"description": {"datatype": "http://www.w3.org/1999/02/22-rdf-syntax-ns#XMLLiteral", "fmType": "5", "fmId": "-1", "value": "This is the quantity of the fourth 8pm feeding item.", "type": "typed-literal"}, "number": "21.5", "flags": "NJ2,0", "location": "1;24", "type": "2", "name": "8pm_4_qty"}, {"name": "inactive", "description": {"datatype": "http://www.w3.org/1999/02/22-rdf-syntax-ns#XMLLiteral", "fmType": "5", "fmId": "-1", "value": "This field, if answered YES, will prohibit further selection\rof this Supplemental Feeding Menu by dietetic personnel.", "type": "typed-literal"}, "number": "99", "flags": "S", "details": "Y:YES;N:NO;", "type": "3", "location": "I;1"}], "fmql": {"TYPELABEL": "SUPPLEMENTAL FEEDING MENU", "TYPE": "118_1", "OP": "DESCRIBE TYPE"}, "number": "118.1", "location": "^FH(118.1,", "name": "SUPPLEMENTAL FEEDING MENU"}