{"name":"SKIN INTEGRITY","number":"135.2","location":"^SRO(135.2,","count":"9","lastIEN":"9","description":{"fmId":"-1","fmType":"5","type":"typed-literal","datatype":"http://www.w3.org/1999/02/22-rdf-syntax-ns#XMLLiteral","value":"This file contains entries describing the skin integrity of a patient\rbefore and after the operative procedure.  It is distributed with pre-\rsupplied entries, however sites may wish to make additions to it."},"version":"3","fields":[{"number":".01","flags":"RF","name":"NAME","location":"0;1","index":"B","type":"4","inputTransform":"K:$L(X)>30!(X?.N)!($L(X)<3)!'(X'?1P.E) X","description":{"fmId":"-1","fmType":"5","type":"typed-literal","datatype":"http://www.w3.org/1999/02/22-rdf-syntax-ns#XMLLiteral","value":"This field is the name used for the assessment of the patient's\rskin integrity.\r "}},{"number":"1","flags":"RF","name":"CODE","location":"0;2","index":"C","type":"4","inputTransform":"K:X[\"\"\"\"!($A(X)=45) X I $D(X) K:$L(X)>3!($L(X)<1) X","description":{"fmId":"-1","fmType":"5","type":"typed-literal","datatype":"http://www.w3.org/1999/02/22-rdf-syntax-ns#XMLLiteral","value":"This is the code corresponding to the assessment of the patient's\rskin integrity.\r "}},{"number":"10","flags":"S","name":"INACTIVE?","location":"0;3","type":"3","details":"1:YES;","description":{"fmId":"-1","fmType":"5","type":"typed-literal","datatype":"http://www.w3.org/1999/02/22-rdf-syntax-ns#XMLLiteral","value":"Enter 'YES' to make this entry inactive and to prevent its selection and\ruse within the Surgery Package."}}],"fmql":{"OP":"DESCRIBE TYPE","TYPE":"135_2","TYPELABEL":"SKIN INTEGRITY"}}