{"name":"MONITORS","number":"133.4","location":"^SRO(133.4,","count":"27","lastIEN":"27","description":{"fmId":"-1","fmType":"5","type":"typed-literal","datatype":"http://www.w3.org/1999/02/22-rdf-syntax-ns#XMLLiteral","value":"This file contains invasive and non-invasive monitors used in the\rSurgery package.  It is pointed to by the MONITORS sub-field in the\rSurgery file.  The Monitors file is distributed with pre-supplied\rentries, however each site may want to make additions to it."},"version":"3","fields":[{"number":".01","flags":"RF","name":"NAME","location":"0;1","index":"B","type":"4","inputTransform":"K:$L(X)>30!($L(X)<3)!'(X'?1P.E)!(X'?.ANP) X","description":{"fmId":"-1","fmType":"5","type":"typed-literal","datatype":"http://www.w3.org/1999/02/22-rdf-syntax-ns#XMLLiteral","value":"This is the name of the monitor.\r "}},{"number":"10","flags":"S","name":"INACTIVE?","location":"0;2","type":"3","details":"1:YES;","description":{"fmId":"-1","fmType":"5","type":"typed-literal","datatype":"http://www.w3.org/1999/02/22-rdf-syntax-ns#XMLLiteral","value":"Enter 'YES' to inactivate this file entry and to prevent its selection\rby Surgery users."}}],"fmql":{"OP":"DESCRIBE TYPE","TYPE":"133_4","TYPELABEL":"MONITORS"}}