{"name":"SUBMANAGERS","number":"14.72201","parent":"14.72","fields":[{"number":".01","flags":"NJ9,0","name":"SUBMANAGER","location":"0;1","index":"B","type":"2","inputTransform":"K:+X'=X!(X>999999999)!(X<1)!(X?.E1\".\"1N.N) X","description":{"fmId":"-1","fmType":"5","type":"typed-literal","datatype":"http://www.w3.org/1999/02/22-rdf-syntax-ns#XMLLiteral","value":"This field holds info about the sub-managers."}},{"number":"2","flags":"FO","name":"DATETIME","location":"0;2","type":"4","inputTransform":"K:$L(X)>11!($L(X)<5) X","description":{"fmId":"-1","fmType":"5","type":"typed-literal","datatype":"http://www.w3.org/1999/02/22-rdf-syntax-ns#XMLLiteral","value":"This is the $H time that this sub-manager updated the node."}},{"number":"3","flags":"F","name":"STATUS","location":"0;3","type":"4","inputTransform":"K:$L(X)>15!($L(X)<1) X","description":{"fmId":"-1","fmType":"5","type":"typed-literal","datatype":"http://www.w3.org/1999/02/22-rdf-syntax-ns#XMLLiteral","value":"This is the sub-managers status."}},{"number":"4","flags":"S","name":"BALANCE","location":"0;4","type":"3","details":"0:NO;1:YES;","description":{"fmId":"-1","fmType":"5","type":"typed-literal","datatype":"http://www.w3.org/1999/02/22-rdf-syntax-ns#XMLLiteral","value":"Is the sub-manager in Balance mode."}},{"number":"5","flags":"F","name":"PAIR","location":"0;5","type":"4","inputTransform":"K:$L(X)>20!($L(X)<3) X","description":{"fmId":"-1","fmType":"5","type":"typed-literal","datatype":"http://www.w3.org/1999/02/22-rdf-syntax-ns#XMLLiteral","value":"This field hold the Box-Volume pair that the submanagers is running on."}}],"fmql":{"OP":"DESCRIBE TYPE","TYPE":"14_72201","TYPELABEL":"SUBMANAGERS"}}