{"fields": [{"index": "B", "name": "maintenance_date_time", "number": ".01", "flags": "RDX", "location": "0;1", "type": "1", "description": {"datatype": "http://www.w3.org/1999/02/22-rdf-syntax-ns#XMLLiteral", "fmType": "5", "fmId": "-1", "value": "This field indicates the DATE/TIME the IV care was performed.", "type": "typed-literal"}}, {"description": {"datatype": "http://www.w3.org/1999/02/22-rdf-syntax-ns#XMLLiteral", "fmType": "5", "fmId": "-1", "value": "This field stores the care-giver's observation of the IV infusion site.  The\ruser is allowed to select a number or a combination of numbers from the IV \rSITE DESCRIPTION file (#126.72).  The software then transforms the number(s)\rinto text.", "type": "typed-literal"}, "number": "1", "flags": "FX", "location": "0;2", "type": "4", "name": "site_description"}, {"name": "tubing_changed", "description": {"datatype": "http://www.w3.org/1999/02/22-rdf-syntax-ns#XMLLiteral", "fmType": "5", "fmId": "-1", "value": "This field indicates if the IV tubing was changed.  Enter \"Y\" if IV tube\rhas been changed.", "type": "typed-literal"}, "number": "2", "flags": "S", "details": "Y:yes;N:no;", "type": "3", "location": "0;3"}, {"name": "dressing_changed", "description": {"datatype": "http://www.w3.org/1999/02/22-rdf-syntax-ns#XMLLiteral", "fmType": "5", "fmId": "-1", "value": "This field indicates if the dressing was changed.  Enter \"Y\" if dressing \rhas been changed.", "type": "typed-literal"}, "number": "3", "flags": "S", "details": "Y:yes;N:no;", "type": "3", "location": "0;4"}, {"name": "entered_by", "description": {"datatype": "http://www.w3.org/1999/02/22-rdf-syntax-ns#XMLLiteral", "fmType": "5", "fmId": "-1", "value": "This field documents the name of the person who gives the nursing care.\rPointer to the NEW PERSON file (#200).", "type": "typed-literal"}, "number": "4", "flags": "P200'", "details": "200", "type": "7", "location": "0;5"}, {"name": "site_dced", "description": {"datatype": "http://www.w3.org/1999/02/22-rdf-syntax-ns#XMLLiteral", "fmType": "5", "fmId": "-1", "value": "This field indicates if the IV was discontinued at its insertion point.  \rEnter Y(es) if the IV site was discontinued.", "type": "typed-literal"}, "number": "5", "flags": "S", "details": "Y:yes;N:no;", "type": "3", "location": "0;6"}, {"description": {"datatype": "http://www.w3.org/1999/02/22-rdf-syntax-ns#XMLLiteral", "fmType": "5", "fmId": "-1", "value": "This field indicates the IEN of the IV.", "type": "typed-literal"}, "number": "6", "flags": "NJ4,0", "location": "0;7", "type": "2", "name": "line_of_tube"}], "fmql": {"TYPELABEL": "MAINTENANCE DATE/TIME", "TYPE": "126_41", "OP": "DESCRIBE TYPE"}, "name": "MAINTENANCE DATE/TIME", "parent": "126.04", "number": "126.41"}