{"name":"COMM OFFICE","number":"117.06","parent":"117","fields":[{"number":".01","flags":"P119.73'","name":"COMM OFFICE","location":"0;1","index":"B","type":"7","details":"119.73"},{"number":"1","flags":"NJ4,0","name":"OUTPATIENT BREAKFAST","location":"0;2","type":"2","inputTransform":"K:+X'=X!(X>9999)!(X<0)!(X?.E1\".\"1.N) X"},{"number":"2","flags":"NJ4,0","name":"OUTPATIENT NOON","location":"0;3","type":"2","inputTransform":"K:+X'=X!(X>9999)!(X<0)!(X?.E1\".\"1.N) X"},{"number":"3","flags":"NJ4,0","name":"OUTPATIENT EVENING","location":"0;4","type":"2","inputTransform":"K:+X'=X!(X>9999)!(X<0)!(X?.E1\".\"1.N) X"},{"number":"4","flags":"NJ4,0","name":"EMPLOYEE BREAKFAST","location":"0;5","type":"2","inputTransform":"K:+X'=X!(X>9999)!(X<0)!(X?.E1\".\"1.N) X"},{"number":"5","flags":"NJ4,0","name":"EMPLOYEE NOON","location":"0;6","type":"2","inputTransform":"K:+X'=X!(X>9999)!(X<0)!(X?.E1\".\"1N.N) X"},{"number":"6","flags":"NJ4,0","name":"EMPLOYEE EVENING","location":"0;7","type":"2","inputTransform":"K:+X'=X!(X>9999)!(X<0)!(X?.E1\".\"1N.N) X"},{"number":"7","flags":"NJ4,0","name":"PAID BREAKFAST","location":"0;8","type":"2","inputTransform":"K:+X'=X!(X>9999)!(X<0)!(X?.E1\".\"1N.N) X"},{"number":"8","flags":"NJ4,0","name":"PAID NOON","location":"0;9","type":"2","inputTransform":"K:+X'=X!(X>9999)!(X<0)!(X?.E1\".\"1N.N) X"},{"number":"9","flags":"NJ4,0","name":"PAID EVENING","location":"0;10","type":"2","inputTransform":"K:+X'=X!(X>9999)!(X<0)!(X?.E1\".\"1N.N) X"},{"number":"10","flags":"NJ4,0","name":"OOD BREAKFAST","location":"0;11","type":"2","inputTransform":"K:+X'=X!(X>9999)!(X<0)!(X?.E1\".\"1N.N) X"},{"number":"11","flags":"NJ4,0","name":"OOD NOON","location":"0;12","type":"2","inputTransform":"K:+X'=X!(X>9999)!(X<0)!(X?.E1\".\"1N.N) X"},{"number":"12","flags":"NJ4,0","name":"OOD EVENING","location":"0;13","type":"2","inputTransform":"K:+X'=X!(X>9999)!(X<0)!(X?.E1\".\"1N.N) X"},{"number":"13","flags":"NJ4,0","name":"VOLUNTEER BREAKFAST","location":"0;14","type":"2","inputTransform":"K:+X'=X!(X>9999)!(X<0)!(X?.E1\".\"1N.N) X"},{"number":"14","flags":"NJ4,0","name":"VOLUNTEER NOON","location":"0;15","type":"2","inputTransform":"K:+X'=X!(X>9999)!(X<0)!(X?.E1\".\"1N.N) X"},{"number":"15","flags":"NJ4,0","name":"VOLUNTEER EVENING","location":"0;16","type":"2","inputTransform":"K:+X'=X!(X>9999)!(X<0)!(X?.E1\".\"1N.N) X"},{"number":"16","flags":"NJ4,0","name":"GRATUITOUS BREAKFAST","location":"0;17","type":"2","inputTransform":"K:+X'=X!(X>9999)!(X<0)!(X?.E1\".\"1N.N) X"},{"number":"17","flags":"NJ4,0","name":"GRATUITOUS NOON","location":"0;18","type":"2","inputTransform":"K:+X'=X!(X>9999)!(X<0)!(X?.E1\".\"1N.N) X"},{"number":"18","flags":"NJ4,0","name":"GRATUITOUS EVENING","location":"0;19","type":"2","inputTransform":"K:+X'=X!(X>9999)!(X<0)!(X?.E1\".\"1N.N) X"},{"number":"19","flags":"NJ4,0","name":"CAFETERIA MEALS","location":"0;20","type":"2","inputTransform":"K:+X'=X!(X>9999)!(X<0)!(X?.E1\".\"1N.N) X"},{"number":"20","flags":"NJ4,0","name":"NPO MEALS","location":"0;21","type":"2","inputTransform":"K:+X'=X!(X>9999)!(X<0)!(X?.E1\".\"1N.N) X"},{"number":"21","flags":"NJ4,0","name":"DOM MEMBERS","location":"1;1","type":"2","inputTransform":"K:+X'=X!(X>9999)!(X<0)!(X?.E1\".\"1N.N) X"},{"number":"22","flags":"NJ4,0","name":"DOM ABSENCES","location":"1;2","type":"2","inputTransform":"K:+X'=X!(X>9999)!(X<0)!(X?.E1\".\"1N.N) X"},{"number":"23","flags":"NJ4,0","name":"NHCU PATIENTS","location":"1;3","type":"2","inputTransform":"K:+X'=X!(X>9999)!(X<0)!(X?.E1\".\"1N.N) X"},{"number":"24","flags":"NJ4,0","name":"NHCU ABSENCES","location":"1;4","type":"2","inputTransform":"K:+X'=X!(X>9999)!(X<0)!(X?.E1\".\"1N.N) X"},{"number":"25","flags":"NJ4,0","name":"HOSP INPATIENTS","location":"1;5","type":"2","inputTransform":"K:+X'=X!(X>9999)!(X<0)!(X?.E1\".\"1N.N) X"},{"number":"26","flags":"NJ4,0","name":"HOSP ABSENCES","location":"1;6","type":"2","inputTransform":"K:+X'=X!(X>9999)!(X<0)!(X?.E1\".\"1N.N) X"},{"number":"27","flags":"NJ4,0","name":"# PATIENTS STATUS I","location":"0;22","type":"2","inputTransform":"K:+X'=X!(X>9999)!(X<0)!(X?.E1\".\"1N.N) X"},{"number":"28","flags":"NJ4,0","name":"# PATIENTS STATUS II","location":"0;23","type":"2","inputTransform":"K:+X'=X!(X>9999)!(X<0)!(X?.E1\".\"1N.N) X"},{"number":"29","flags":"NJ4,0","name":"# PATIENTS STATUS III","location":"0;24","type":"2","inputTransform":"K:+X'=X!(X>9999)!(X<0)!(X?.E1\".\"1N.N) X"},{"number":"30","flags":"NJ4,0","name":"# PATIENTS STATUS IV","location":"0;25","type":"2","inputTransform":"K:+X'=X!(X>9999)!(X<0)!(X?.E1\".\"1N.N) X"},{"number":"31","flags":"NJ4,0","name":"# PATIENTS STATUS UNC","location":"0;26","type":"2","inputTransform":"K:+X'=X!(X>9999)!(X<0)!(X?.E1\".\"1N.N) X"},{"number":"32","flags":"NJ9,0","name":"# DAILY MODIFIED DIETS","location":"0;27","type":"2","inputTransform":"K:+X'=X!(X>999999999)!(X<0)!(X?.E1\".\"1N.N) X"},{"number":"33","flags":"NJ9,0","name":"# OF TOTAL DIETS","location":"0;28","type":"2","inputTransform":"K:+X'=X!(X>999999999)!(X<0)!(X?.E1\".\"1N.N) X"}],"fmql":{"OP":"DESCRIBE TYPE","TYPE":"117_06","TYPELABEL":"COMM OFFICE"}}