{"fields": [{"index": "B", "name": "comm_office", "number": ".01", "flags": "P119.73'", "location": "0;1", "type": "7", "details": "119.73"}, {"type": "2", "location": "0;2", "flags": "NJ4,0", "number": "1", "name": "outpatient_breakfast"}, {"type": "2", "location": "0;3", "flags": "NJ4,0", "number": "2", "name": "outpatient_noon"}, {"type": "2", "location": "0;4", "flags": "NJ4,0", "number": "3", "name": "outpatient_evening"}, {"type": "2", "location": "0;5", "flags": "NJ4,0", "number": "4", "name": "employee_breakfast"}, {"type": "2", "location": "0;6", "flags": "NJ4,0", "number": "5", "name": "employee_noon"}, {"type": "2", "location": "0;7", "flags": "NJ4,0", "number": "6", "name": "employee_evening"}, {"type": "2", "location": "0;8", "flags": "NJ4,0", "number": "7", "name": "paid_breakfast"}, {"type": "2", "location": "0;9", "flags": "NJ4,0", "number": "8", "name": "paid_noon"}, {"type": "2", "location": "0;10", "flags": "NJ4,0", "number": "9", "name": "paid_evening"}, {"type": "2", "location": "0;11", "flags": "NJ4,0", "number": "10", "name": "ood_breakfast"}, {"type": "2", "location": "0;12", "flags": "NJ4,0", "number": "11", "name": "ood_noon"}, {"type": "2", "location": "0;13", "flags": "NJ4,0", "number": "12", "name": "ood_evening"}, {"type": "2", "location": "0;14", "flags": "NJ4,0", "number": "13", "name": "volunteer_breakfast"}, {"type": "2", "location": "0;15", "flags": "NJ4,0", "number": "14", "name": "volunteer_noon"}, {"type": "2", "location": "0;16", "flags": "NJ4,0", "number": "15", "name": "volunteer_evening"}, {"type": "2", "location": "0;17", "flags": "NJ4,0", "number": "16", "name": "gratuitous_breakfast"}, {"type": "2", "location": "0;18", "flags": "NJ4,0", "number": "17", "name": "gratuitous_noon"}, {"type": "2", "location": "0;19", "flags": "NJ4,0", "number": "18", "name": "gratuitous_evening"}, {"type": "2", "location": "0;20", "flags": "NJ4,0", "number": "19", "name": "cafeteria_meals"}, {"type": "2", "location": "0;21", "flags": "NJ4,0", "number": "20", "name": "npo_meals"}, {"type": "2", "location": "1;1", "flags": "NJ4,0", "number": "21", "name": "dom_members"}, {"type": "2", "location": "1;2", "flags": "NJ4,0", "number": "22", "name": "dom_absences"}, {"type": "2", "location": "1;3", "flags": "NJ4,0", "number": "23", "name": "nhcu_patients"}, {"type": "2", "location": "1;4", "flags": "NJ4,0", "number": "24", "name": "nhcu_absences"}, {"type": "2", "location": "1;5", "flags": "NJ4,0", "number": "25", "name": "hosp_inpatients"}, {"type": "2", "location": "1;6", "flags": "NJ4,0", "number": "26", "name": "hosp_absences"}, {"type": "2", "location": "0;22", "flags": "NJ4,0", "number": "27", "name": "_patients_status_i"}, {"type": "2", "location": "0;23", "flags": "NJ4,0", "number": "28", "name": "_patients_status_ii"}, {"type": "2", "location": "0;24", "flags": "NJ4,0", "number": "29", "name": "_patients_status_iii"}, {"type": "2", "location": "0;25", "flags": "NJ4,0", "number": "30", "name": "_patients_status_iv"}, {"type": "2", "location": "0;26", "flags": "NJ4,0", "number": "31", "name": "_patients_status_unc"}, {"type": "2", "location": "0;27", "flags": "NJ9,0", "number": "32", "name": "_daily_modified_diets"}, {"type": "2", "location": "0;28", "flags": "NJ9,0", "number": "33", "name": "_of_total_diets"}], "fmql": {"TYPELABEL": "COMM OFFICE", "TYPE": "117_06", "OP": "DESCRIBE TYPE"}, "name": "COMM OFFICE", "parent": "117", "number": "117.06"}