{"name":"SET MEMBER","number":"101.442","parent":"101.44","fields":[{"number":".01","flags":"MP101.43'","name":"SET MEMBER","location":"0;1","index":"B","type":"7","details":"101.43","description":{"fmId":"-1","fmType":"5","type":"typed-literal","datatype":"http://www.w3.org/1999/02/22-rdf-syntax-ns#XMLLiteral","value":"This points to an item in the Orderable Item file (101.43)."}},{"number":"2","flags":"F","name":"DISPLAY TEXT","location":"0;2","type":"4","inputTransform":"K:$L(X)>132!($L(X)<1) X","description":{"fmId":"-1","fmType":"5","type":"typed-literal","datatype":"http://www.w3.org/1999/02/22-rdf-syntax-ns#XMLLiteral","value":"This is the text that is displayed in the view list."}}],"fmql":{"OP":"DESCRIBE TYPE","TYPE":"101_442","TYPELABEL":"SET MEMBER"}}