{"count": "0", "name": "OE/RR COM OBJECTS", "fields": [{"index": "B", "name": "name", "number": ".01", "flags": "RF", "location": "0;1", "type": "4"}, {"description": {"datatype": "http://www.w3.org/1999/02/22-rdf-syntax-ns#XMLLiteral", "fmType": "5", "fmId": "-1", "value": "COM Object GUID", "type": "typed-literal"}, "number": ".02", "flags": "RF", "location": "0;2", "type": "4", "name": "object_guid"}, {"name": "inactive", "number": ".03", "flags": "S", "details": "I:INACTIVE;", "type": "3", "location": "0;3"}, {"description": {"datatype": "http://www.w3.org/1999/02/22-rdf-syntax-ns#XMLLiteral", "fmType": "5", "fmId": "-1", "value": "Optional parameter to pass to COM object as PARAM1 ", "type": "typed-literal"}, "number": ".04", "flags": "F", "location": "0;4", "type": "4", "name": "param1"}, {"description": {"datatype": "http://www.w3.org/1999/02/22-rdf-syntax-ns#XMLLiteral", "fmType": "5", "fmId": "-1", "value": "Optional description of COM Object.  Should include any contact\rinformation for vendor or other provider of the COM Object.", "type": "typed-literal"}, "number": "2", "flags": "101.152", "location": "2;0", "type": "5", "name": "description"}], "fmql": {"TYPELABEL": "OE/RR COM OBJECTS", "TYPE": "101_15", "OP": "DESCRIBE TYPE"}, "number": "101.15", "location": "^ORD(101.15,"}