{"count": "0", "description": {"datatype": "http://www.w3.org/1999/02/22-rdf-syntax-ns#XMLLiteral", "fmType": "5", "fmId": "-1", "value": "File that contains the term classifications which allow a package to\rcharacterize aggregate terms.", "type": "typed-literal"}, "fields": [{"index": "B", "name": "name", "number": ".01", "flags": "RF", "location": "0;1", "type": "4", "description": {"datatype": "http://www.w3.org/1999/02/22-rdf-syntax-ns#XMLLiteral", "fmType": "5", "fmId": "-1", "value": "Special classification name that further identifies or categorizes\ran Aggregate Term (#124.2).", "type": "typed-literal"}}, {"description": {"datatype": "http://www.w3.org/1999/02/22-rdf-syntax-ns#XMLLiteral", "fmType": "5", "fmId": "-1", "value": "The package that is using this term classification.", "type": "typed-literal"}, "number": "1", "flags": "RF", "location": "0;2", "type": "4", "name": "package"}, {"name": "begin_text", "description": {"datatype": "http://www.w3.org/1999/02/22-rdf-syntax-ns#XMLLiteral", "fmType": "5", "fmId": "-1", "value": "This is a flag to the GMRG Reporting mechanism to show where the\rorganizational level ends, and the generation of text for the prime\rdocument begins.", "type": "typed-literal"}, "number": "2", "flags": "S", "details": "0:NO;1:YES;", "type": "3", "location": "0;3"}, {"description": {"datatype": "http://www.w3.org/1999/02/22-rdf-syntax-ns#XMLLiteral", "fmType": "5", "fmId": "-1", "value": "The value in this field is automatically stuffed into the ACTION ON\rENTERING SELECTION field of File #124.2 if this classification was selected\rfor an Aggregate Term.", "type": "typed-literal"}, "number": "7", "flags": "FX", "location": "7;E1,245", "type": "4", "name": "action_on_entering_default"}, {"description": {"datatype": "http://www.w3.org/1999/02/22-rdf-syntax-ns#XMLLiteral", "fmType": "5", "fmId": "-1", "value": "The data here is stuffed into the ACTION ON FILING field of File #124.2\rfor an Aggregate Term that has this classification selected.", "type": "typed-literal"}, "number": "8", "flags": "FX", "location": "8;E1,245", "type": "4", "name": "action_on_filing_default"}, {"description": {"datatype": "http://www.w3.org/1999/02/22-rdf-syntax-ns#XMLLiteral", "fmType": "5", "fmId": "-1", "value": "This data is stuffed into the ACTION ON LEAVING SELECTION field of the\rAggregate Term (#124.2) file for an aggregate term associated with this\rclassification.", "type": "typed-literal"}, "number": "9", "flags": "FX", "location": "9;E1,245", "type": "4", "name": "action_on_leaving_default"}, {"description": {"datatype": "http://www.w3.org/1999/02/22-rdf-syntax-ns#XMLLiteral", "fmType": "5", "fmId": "-1", "value": "The data in this field is stuffed into the ACTION ON PRINTING SELECTION\rfield of the Aggregate Term (#124.2) file for terms associated with this \rclassification.", "type": "typed-literal"}, "number": "10", "flags": "FX", "location": "10;E1,245", "type": "4", "name": "action_on_printing_default"}], "fmql": {"TYPELABEL": "TERM CLASSIFICATION", "TYPE": "124_25", "OP": "DESCRIBE TYPE"}, "number": "124.25", "location": "^GMRD(124.25,", "name": "TERM CLASSIFICATION"}