{"fields": [{"index": "B", "name": "ward_location", "description": {"datatype": "http://www.w3.org/1999/02/22-rdf-syntax-ns#XMLLiteral", "fmType": "5", "fmId": "-1", "value": "This is the ward that belongs to this geographical location.", "type": "typed-literal"}, "number": ".01", "flags": "MRP42'", "location": "0;1", "type": "7", "details": "42"}], "fmql": {"TYPELABEL": "WARD LOCATIONS", "TYPE": "104_302", "OP": "DESCRIBE TYPE"}, "name": "WARD LOCATIONS", "parent": "104.3", "number": "104.302"}