{"fields": [{"name": "recipe", "description": {"datatype": "http://www.w3.org/1999/02/22-rdf-syntax-ns#XMLLiteral", "fmType": "5", "fmId": "-1", "value": "This is the recipe selected from the Recipe file.", "type": "typed-literal"}, "number": ".01", "flags": "MP114'X", "details": "114", "type": "7", "location": "0;1"}, {"description": {"datatype": "http://www.w3.org/1999/02/22-rdf-syntax-ns#XMLLiteral", "fmType": "5", "fmId": "-1", "value": "This is the serving portion of the recipe.", "type": "typed-literal"}, "number": "1", "flags": "NJ6,1", "location": "0;2", "type": "2", "name": "serving_portion"}], "fmql": {"TYPELABEL": "RECIPE", "TYPE": "112_64", "OP": "DESCRIBE TYPE"}, "name": "RECIPE", "parent": "112.62", "number": "112.64"}