{"name":"LABEL PRINTERS","number":"119.93","parent":"119.9","fields":[{"number":".01","flags":"MP3.5'X","name":"LABEL PRINTERS","location":"0;1","index":"B","type":"7","details":"3.5","inputTransform":"I $D(X) S DINUM=X","description":{"fmId":"-1","fmType":"5","type":"typed-literal","datatype":"http://www.w3.org/1999/02/22-rdf-syntax-ns#XMLLiteral","value":"This field is a pointer to the Device File and indicates a printer used\rfor printing diet labels, tubefeeding labels, supplemental feeding labels\ror other labels."}},{"number":"1","flags":"S","name":"SIZE OF LABELS","location":"0;2","type":"3","details":"1:3-1/2 x 15/16 (Single strip labels);2:4 x 1-7/16 (Single strip labels);3:2-5/8 x 1 (Laser labels - 30 labels per sheet);4:4 x 1-1/3 (Laser labels - 14 labels per sheet);","description":{"fmId":"-1","fmType":"5","type":"typed-literal","datatype":"http://www.w3.org/1999/02/22-rdf-syntax-ns#XMLLiteral","value":"This field indicates the size and type of label stock on the printer.\rYou may choose from the following selections:\r\r1)  3-1/2 x 15/16 - Single strip track-fed labels.\r2)  4 x 1-7/16    - Single strip track-fed labels.\r3)  2-5/8 x 1 - Laser label sheets, ie AVERY 5160, 30 labels per sheet.\r4)  4 x 1-1/3 - Laser label sheets, ie AVERY 5162, 14 labels per sheet."}}],"fmql":{"OP":"DESCRIBE TYPE","TYPE":"119_93","TYPELABEL":"LABEL PRINTERS"}}