{"count": "0", "description": {"datatype": "http://www.w3.org/1999/02/22-rdf-syntax-ns#XMLLiteral", "fmType": "5", "fmId": "-1", "value": "This file contains the orderable items for use within OE/RR.", "type": "typed-literal"}, "fields": [{"index": "B", "name": "name", "number": ".01", "flags": "RFX", "location": "0;1", "type": "4", "description": {"datatype": "http://www.w3.org/1999/02/22-rdf-syntax-ns#XMLLiteral", "fmType": "5", "fmId": "-1", "value": "This is the name of this item that will be used for displaying and searching.", "type": "typed-literal"}}, {"description": {"datatype": "http://www.w3.org/1999/02/22-rdf-syntax-ns#XMLLiteral", "fmType": "5", "fmId": "-1", "value": "This is a date and time for inactivating this item.  If this field has a\rvalue, this item will not ba available to select for ordering after this\rdate.", "type": "typed-literal"}, "number": ".1", "flags": "D", "location": ".1;1", "type": "1", "name": "inactivated"}, {"name": "notify_on_order", "description": {"datatype": "http://www.w3.org/1999/02/22-rdf-syntax-ns#XMLLiteral", "fmType": "5", "fmId": "-1", "value": "This field is a flag to determine if a notification should be generated\rwhenever an order for this item is placed.", "type": "typed-literal"}, "number": ".91", "flags": "S", "details": "1:YES;0:NO;", "type": "3", "location": ".9;1"}, {"name": "notify_when_resulted", "description": {"datatype": "http://www.w3.org/1999/02/22-rdf-syntax-ns#XMLLiteral", "fmType": "5", "fmId": "-1", "value": "This field is a flag to determine if a notification should be sent when\rresults are posted for an order for this item.", "type": "typed-literal"}, "number": ".92", "flags": "S", "details": "1:YES;0:NO;", "type": "3", "location": ".9;2"}, {"name": "synonyms", "description": {"datatype": "http://www.w3.org/1999/02/22-rdf-syntax-ns#XMLLiteral", "fmType": "5", "fmId": "-1", "value": "This multiple contains synonyms for this orderable item, used when\rsearching the file.", "type": "typed-literal"}, "number": "1", "flags": "101.432A", "details": "101.432", "type": "9", "location": "2;0"}, {"description": {"datatype": "http://www.w3.org/1999/02/22-rdf-syntax-ns#XMLLiteral", "fmType": "5", "fmId": "-1", "value": "This is the name of this item as defined by the filling service.", "type": "typed-literal"}, "number": "1.1", "flags": "RF", "location": "0;8", "type": "4", "name": "package_name"}, {"index": "ID", "name": "id", "number": "2", "flags": "RF", "location": "0;2", "type": "4", "description": {"datatype": "http://www.w3.org/1999/02/22-rdf-syntax-ns#XMLLiteral", "fmType": "5", "fmId": "-1", "value": "This is a unique identifier for this item, created from the primary key\rpassed in the Orderable Items update message from each package; it will\rbe in the form of \"package code;99XXX\" where XXX indicates the package\rtable originating this item (i.e. RAP, LRT, etc).", "type": "typed-literal"}}, {"description": {"datatype": "http://www.w3.org/1999/02/22-rdf-syntax-ns#XMLLiteral", "fmType": "5", "fmId": "-1", "value": "This is the code assigned to this item by the authoritative package,\rfrom a national standard coding system such as CPT or SNOMED.", "type": "typed-literal"}, "number": "3", "flags": "F", "location": "0;3", "type": "4", "name": "code"}, {"name": "coding_system", "description": {"datatype": "http://www.w3.org/1999/02/22-rdf-syntax-ns#XMLLiteral", "fmType": "5", "fmId": "-1", "value": "This is the system used to generate the code assigned in field 3.", "type": "typed-literal"}, "number": "4", "flags": "S", "details": "NDF:NATIONAL DRUG FILE;CPT4:CPT4;NLT:NATIONAL LAB TEST FILE;", "type": "3", "location": "0;4"}, {"name": "display_group", "description": {"datatype": "http://www.w3.org/1999/02/22-rdf-syntax-ns#XMLLiteral", "fmType": "5", "fmId": "-1", "value": "This is the display group that this item is a menber of; this field is\rused for a variety of purposes such as narrowing a search for an item,\rsorting and grouping orders, and passing the order to the service\rfor filling.", "type": "typed-literal"}, "number": "5", "flags": "P100.98'", "details": "100.98", "type": "7", "location": "0;5"}, {"description": {"datatype": "http://www.w3.org/1999/02/22-rdf-syntax-ns#XMLLiteral", "fmType": "5", "fmId": "-1", "value": "This is the [approximate] cost of filling an order for this item.", "type": "typed-literal"}, "number": "6", "flags": "NJ10,2", "location": "0;6", "type": "2", "name": "cost"}, {"name": "authorization", "description": {"datatype": "http://www.w3.org/1999/02/22-rdf-syntax-ns#XMLLiteral", "fmType": "5", "fmId": "-1", "value": "This field is used to identify the level of authentication necessary to\rrelease an order for this item; it will be replaced by the Clinical\rAuthorization and Subscription Utility (CASU) when it becomes available.", "type": "typed-literal"}, "number": "7", "flags": "S", "details": "0:NO SIGNATURE REQUIRED;1:PHYSICIAN;2:SPECIALIST;3:SERVICE CHIEF;4:COSIGNATURE;", "type": "3", "location": "0;7"}, {"description": {"datatype": "http://www.w3.org/1999/02/22-rdf-syntax-ns#XMLLiteral", "fmType": "5", "fmId": "-1", "value": "This field contains text that is to be displayed to the user whenever\rthis item is selected to be ordered.", "type": "typed-literal"}, "number": "8", "flags": "101.438", "location": "8;0", "type": "5", "name": "order_message"}, {"name": "set_membership", "description": {"datatype": "http://www.w3.org/1999/02/22-rdf-syntax-ns#XMLLiteral", "fmType": "5", "fmId": "-1", "value": "This field contains the names of sets to which this orderable item belongs.\rWhen a set name is entered here, a cross-reference of the format \"S.name\"\ris created, allowing rapid lookups on this file.", "type": "typed-literal"}, "number": "9", "flags": "101.439A", "details": "101.439", "type": "9", "location": "9;0"}, {"name": "components", "description": {"datatype": "http://www.w3.org/1999/02/22-rdf-syntax-ns#XMLLiteral", "fmType": "5", "fmId": "-1", "value": "This multiple contains the components of this orderable item, i.e. drug\ringredients or tests in a lab panel.", "type": "typed-literal"}, "number": "10", "flags": "101.431A", "details": "101.431", "type": "9", "location": "10;0"}, {"name": "inpatient_med", "description": {"datatype": "http://www.w3.org/1999/02/22-rdf-syntax-ns#XMLLiteral", "fmType": "5", "fmId": "-1", "value": "This field indicates if this drug is selectable for an inpatient med order.", "type": "typed-literal"}, "number": "50.1", "flags": "S", "details": "0:NO;1:YES;2:YES-IV;", "type": "3", "location": "PS;1"}, {"name": "outpatient_med", "description": {"datatype": "http://www.w3.org/1999/02/22-rdf-syntax-ns#XMLLiteral", "fmType": "5", "fmId": "-1", "value": "This field indicates if this drug is selectable for an outpatient med order.", "type": "typed-literal"}, "number": "50.2", "flags": "S", "details": "1:YES;0:NO;", "type": "3", "location": "PS;2"}, {"name": "iv_base", "description": {"datatype": "http://www.w3.org/1999/02/22-rdf-syntax-ns#XMLLiteral", "fmType": "5", "fmId": "-1", "value": "This field indicates if this drug is selectable as a base for an IV Fluid\rorder.", "type": "typed-literal"}, "number": "50.3", "flags": "S", "details": "1:YES;0:NO;", "type": "3", "location": "PS;3"}, {"name": "iv_additive", "description": {"datatype": "http://www.w3.org/1999/02/22-rdf-syntax-ns#XMLLiteral", "fmType": "5", "fmId": "-1", "value": "This field indicates if this drug is selectable as an additive for an IV\rFluid order.", "type": "typed-literal"}, "number": "50.4", "flags": "S", "details": "1:YES;0:NO;", "type": "3", "location": "PS;4"}, {"name": "supply", "description": {"datatype": "http://www.w3.org/1999/02/22-rdf-syntax-ns#XMLLiteral", "fmType": "5", "fmId": "-1", "value": "This field indicates if this item is selectable for a medication supply\rorder.", "type": "typed-literal"}, "number": "50.5", "flags": "S", "details": "1:YES;0:NO;", "type": "3", "location": "PS;5"}, {"name": "nonformulary", "description": {"datatype": "http://www.w3.org/1999/02/22-rdf-syntax-ns#XMLLiteral", "fmType": "5", "fmId": "-1", "value": "This field indicates if this item is available in the local formulary.", "type": "typed-literal"}, "number": "50.6", "flags": "S", "details": "1:YES;0:NO;", "type": "3", "location": "PS;6"}, {"name": "nonva_meds", "description": {"datatype": "http://www.w3.org/1999/02/22-rdf-syntax-ns#XMLLiteral", "fmType": "5", "fmId": "-1", "value": "This field indicates if this drug is selectable for a non-VA med order.", "type": "typed-literal"}, "number": "50.7", "flags": "S", "details": "1:YES;0:NO;", "type": "3", "location": "PS;7"}, {"description": {"datatype": "http://www.w3.org/1999/02/22-rdf-syntax-ns#XMLLiteral", "fmType": "5", "fmId": "-1", "value": "This is the specimen to be collected for this test; it is in the 6-piece\rHL7 format, where the first 3 pieces are the code, name, and system of\rthe SNOMED code for this specimen, and the last 3 pieces are similarly\rfrom the local Site/Specimen file.", "type": "typed-literal"}, "number": "60.1", "flags": "F", "location": "LR;1", "type": "4", "name": "specimen"}, {"name": "can_lab_collect", "description": {"datatype": "http://www.w3.org/1999/02/22-rdf-syntax-ns#XMLLiteral", "fmType": "5", "fmId": "-1", "value": "This identifies which specimens the lab phlebotomy team can collect.", "type": "typed-literal"}, "number": "60.2", "flags": "S", "details": "1:YES;0:NO;", "type": "3", "location": "LR;2"}, {"description": {"datatype": "http://www.w3.org/1999/02/22-rdf-syntax-ns#XMLLiteral", "fmType": "5", "fmId": "-1", "value": "This field indicates the order in which specimens are presented for\rselection, the first being the most often selected and the default.", "type": "typed-literal"}, "number": "60.3", "flags": "NJ2,0", "location": "LR;3", "type": "2", "name": "sequence"}, {"description": {"datatype": "http://www.w3.org/1999/02/22-rdf-syntax-ns#XMLLiteral", "fmType": "5", "fmId": "-1", "value": "This is used to control how often this item may be ordered within a given\rtime period.  This item may be ordered only once within the number of days\rspecified in this field.", "type": "typed-literal"}, "number": "60.4", "flags": "NJ3,0", "location": "LR;4", "type": "2", "name": "max_order_frequency"}, {"description": {"datatype": "http://www.w3.org/1999/02/22-rdf-syntax-ns#XMLLiteral", "fmType": "5", "fmId": "-1", "value": "This is the number of times within a given day that this item may be\rordered.", "type": "typed-literal"}, "number": "60.5", "flags": "NJ2,0", "location": "LR;5", "type": "2", "name": "daily_order_max"}, {"name": "lab_section", "description": {"datatype": "http://www.w3.org/1999/02/22-rdf-syntax-ns#XMLLiteral", "fmType": "5", "fmId": "-1", "value": "This is the lab section to which orders for this test and sample will be\rsent.", "type": "typed-literal"}, "number": "60.6", "flags": "S", "details": "CH:CHEMISTRY;MI:MICROBIOLOGY;BB:BLOOD BANK;EM:ELECTRON MICROSCOPY;SP:SURGICAL PATHOLOGY;AU:AUTOPSY;CY:CYTOLOGY;", "type": "3", "location": "LR;6"}, {"name": "type", "description": {"datatype": "http://www.w3.org/1999/02/22-rdf-syntax-ns#XMLLiteral", "fmType": "5", "fmId": "-1", "value": "This field indicates if this item may be selected when ordering a lab\rtest, and/or if it is included in this file for results reporting only.", "type": "typed-literal"}, "number": "60.7", "flags": "S", "details": "I:input;O:output;B:both;N:neither;", "type": "3", "location": "LR;7"}, {"description": {"datatype": "http://www.w3.org/1999/02/22-rdf-syntax-ns#XMLLiteral", "fmType": "5", "fmId": "-1", "value": "This field indicates what contrast media, if any, is used by this\rradiologic procedure where:\r \r      I = Ionic Iodinated\r      N = Non-ionic Iodinated\r      L = Gadolinium\r      C = Cholecystographic\r      G = Gastrografin\r      B = Barium\r      M = Unspecified contrast media\r \rThis value may consist of as many of these flags as are appropriate for\rthis procedure; if empty, no contrast media is assumed.  This field is \rused primarily for Order Checking.", "type": "typed-literal"}, "number": "71.1", "flags": "F", "location": "RA;1", "type": "4", "name": "contrast_media"}, {"name": "procedure_type", "description": {"datatype": "http://www.w3.org/1999/02/22-rdf-syntax-ns#XMLLiteral", "fmType": "5", "fmId": "-1", "value": "This field identifies the procedure type for this orderable item whether\rbroad or detailed, a series or parent exam.", "type": "typed-literal"}, "number": "71.2", "flags": "S", "details": "B:BROAD;D:DETAILED;S:SERIES;P:PARENT;", "type": "3", "location": "RA;2"}, {"name": "imaging_type", "description": {"datatype": "http://www.w3.org/1999/02/22-rdf-syntax-ns#XMLLiteral", "fmType": "5", "fmId": "-1", "value": "This is the imaging type of this radiology procedure.", "type": "typed-literal"}, "number": "71.3", "flags": "S", "details": "RAD:RADIOLOGY;CT:CT SCAN;MRI:MAGNETIC RESONANCE IMAGING;ANI:ANGIO/NEURO/INTERVENTIONAL;CARD:CARDIOLOGY STUDIES;NM:NUCLEAR MEDICINE;US:ULTRASOUND;VAS:VASCULAR LAB;MAM:MAMMOGRAPHY;", "type": "3", "location": "RA;3"}, {"name": "common_procedure", "description": {"datatype": "http://www.w3.org/1999/02/22-rdf-syntax-ns#XMLLiteral", "fmType": "5", "fmId": "-1", "value": "This field indicates that this procedure is commonly ordered from\rRadiology, and is an entry in the Radiology Common Procedures file;\rthe number stored here is the sequence number for display.", "type": "typed-literal"}, "number": "71.4", "flags": "S", "details": "1:YES;0:NO;", "type": "3", "location": "RA;4"}, {"name": "diet_type", "description": {"datatype": "http://www.w3.org/1999/02/22-rdf-syntax-ns#XMLLiteral", "fmType": "5", "fmId": "-1", "value": "This field identifies the diet type associated with this orderable item,\rif the order is for a diet modification or a tubefeeding product.", "type": "typed-literal"}, "number": "111.1", "flags": "S", "details": "D:DIET;T:TUBEFEEDING PRODUCT;", "type": "3", "location": "FH;1"}, {"description": {"datatype": "http://www.w3.org/1999/02/22-rdf-syntax-ns#XMLLiteral", "fmType": "5", "fmId": "-1", "value": "This field is used to avoid conflicting diet modifications; items with\rthe same precedence number may not be selected together.", "type": "typed-literal"}, "number": "111.2", "flags": "NJ2,0", "location": "FH;2", "type": "2", "name": "precedence"}, {"name": "ask_expiration_date", "description": {"datatype": "http://www.w3.org/1999/02/22-rdf-syntax-ns#XMLLiteral", "fmType": "5", "fmId": "-1", "value": "This is a flag that determines if a stop date should be prompted for\rwhen placing an order for this diet.", "type": "typed-literal"}, "number": "111.3", "flags": "S", "details": "Y:YES;N:NO;", "type": "3", "location": "FH;3"}, {"name": "service_usage", "description": {"datatype": "http://www.w3.org/1999/02/22-rdf-syntax-ns#XMLLiteral", "fmType": "5", "fmId": "-1", "value": "This field contains the usage of this consult service; a value here\rindicates that this service may NOT be selectable for ordering.  Services\rwith a 1 are used for grouping purposes only, and a 2 indicates that\ronly service personnel may order or forward consults to this service.", "type": "typed-literal"}, "number": "123.1", "flags": "S", "details": "1:GROUPER ONLY;2:TRACKING ONLY;", "type": "3", "location": "CS;1"}, {"name": "blood_component", "number": "6001", "flags": "S", "details": "1:YES;0:NO;", "type": "3", "location": "VB;1"}, {"name": "diagnostic_test", "number": "6002", "flags": "S", "details": "0:NO;1:YES;2:TAS;", "type": "3", "location": "VB;2"}], "fmql": {"TYPELABEL": "ORDERABLE ITEMS", "TYPE": "101_43", "OP": "DESCRIBE TYPE"}, "number": "101.43", "location": "^ORD(101.43,", "name": "ORDERABLE ITEMS"}