{"name":"SYNONYM","number":"136.53","parent":"136.5","fields":[{"number":".01","flags":"MF","name":"SYNONYM","location":"0;1","index":"B","type":"4","inputTransform":"K:X[\"\"\"\"!($A(X)=45) X I $D(X) K:$L(X)>60!($L(X)<3) X","description":{"fmId":"-1","fmType":"5","type":"typed-literal","datatype":"http://www.w3.org/1999/02/22-rdf-syntax-ns#XMLLiteral","value":"This is another name for this perioperative occurrence category."}}],"fmql":{"OP":"DESCRIBE TYPE","TYPE":"136_53","TYPELABEL":"SYNONYM"}}