{"count": "0", "description": {"datatype": "http://www.w3.org/1999/02/22-rdf-syntax-ns#XMLLiteral", "fmType": "5", "fmId": "-1", "value": "This file should not be added to or deleted from.  It determines the\ractions that are to be taken based on the nature of an order or change to\ran order.\r \rPer VHA Directive 2005-044, this file has been \"locked down\" by Data \rStandardization (DS).  The file definition (i.e. data dictionary) shall \rnot be modified.  All additions, changes and deletions to entries in the \rfile shall be done by Enterprise Reference Terminology (ERT) using the \rMaster File Server (MFS), provided by Common Services (CS).   Creating \rand/or editing locally defined fields in the file are not permitted.  Use \rof locally defined fields that were created prior to VHA Directive \r2005-044 shall not be supported.\r \rThe Orders Domain has approved editing of the following fields in this\rfile:\r - PRINT CHART COPY (#.12)\r - PRINT DAILY SUMMARY (#.13)\r - PRINT WORK COPY (#.15)\r - INCLUDE IN ACTIVE ORDERS (#.16)\rThis may be accomplished via the option \"Print Parameters for Nature of \rOrder\" [ORCL NATURE], on the \"Print/Report Parameters\" [OR PARAM PRINTS] \rmenu.", "type": "typed-literal"}, "fields": [{"type": "2", "location": " ", "flags": "NJ4,0", "number": ".001", "name": "number"}, {"index": "B", "name": "name", "number": ".01", "flags": "RF", "location": "0;1", "type": "4", "description": {"datatype": "http://www.w3.org/1999/02/22-rdf-syntax-ns#XMLLiteral", "fmType": "5", "fmId": "-1", "value": "This is the name of the Nature of Order.", "type": "typed-literal"}}, {"index": "C", "name": "code", "number": ".02", "flags": "RF", "location": "0;2", "type": "4", "description": {"datatype": "http://www.w3.org/1999/02/22-rdf-syntax-ns#XMLLiteral", "fmType": "5", "fmId": "-1", "value": "This is a single character abbreviation that is used in HL7 messages\rbetween CPRS and the ancillary packages.", "type": "typed-literal"}}, {"index": "AC", "name": "noninteractive", "description": {"datatype": "http://www.w3.org/1999/02/22-rdf-syntax-ns#XMLLiteral", "fmType": "5", "fmId": "-1", "value": "This field identifies this entry for interactive or non-interactive\ruse.", "type": "typed-literal"}, "number": ".03", "flags": "S", "location": "0;3", "type": "3", "details": "0:INTERACTIVE;1:NON-INTERACTIVE;"}, {"name": "inactive", "description": {"datatype": "http://www.w3.org/1999/02/22-rdf-syntax-ns#XMLLiteral", "fmType": "5", "fmId": "-1", "value": "This field is used to inactivate a nature of order.", "type": "typed-literal"}, "number": ".04", "flags": "S", "details": "0:ACTIVE;1:INACTIVE;", "type": "3", "location": "0;4"}, {"name": "front_backdoor", "description": {"datatype": "http://www.w3.org/1999/02/22-rdf-syntax-ns#XMLLiteral", "fmType": "5", "fmId": "-1", "value": "This field is used to identify entries that are used during an OE/RR\rdialog (frontdoor), and entries that are used by ancillary services\r(backdoor).", "type": "typed-literal"}, "number": ".05", "flags": "S", "details": "F:frontdoor;B:backdoor;X:both;", "type": "3", "location": "0;5"}, {"name": "dc_only", "description": {"datatype": "http://www.w3.org/1999/02/22-rdf-syntax-ns#XMLLiteral", "fmType": "5", "fmId": "-1", "value": "This is a flag that determines if this nature is to be used only when\rdiscontinuing an order.", "type": "typed-literal"}, "number": ".06", "flags": "S", "details": "1:YES;0:NO;", "type": "3", "location": "0;6"}, {"name": "create_action", "description": {"datatype": "http://www.w3.org/1999/02/22-rdf-syntax-ns#XMLLiteral", "fmType": "5", "fmId": "-1", "value": "This field determines if an entry will be created in the Order Action\rmultiple for this order; if not, then only a status update will occur.", "type": "typed-literal"}, "number": ".11", "flags": "S", "details": "0:NO;1:YES;", "type": "3", "location": "1;1"}, {"name": "print_chart_copy", "description": {"datatype": "http://www.w3.org/1999/02/22-rdf-syntax-ns#XMLLiteral", "fmType": "5", "fmId": "-1", "value": "This field determines if this entry/action should generate a Chart copy.", "type": "typed-literal"}, "number": ".12", "flags": "S", "details": "0:NO;1:YES;", "type": "3", "location": "1;2"}, {"name": "print_daily_summary", "description": {"datatype": "http://www.w3.org/1999/02/22-rdf-syntax-ns#XMLLiteral", "fmType": "5", "fmId": "-1", "value": "This field determines if this entry/action should appear on the\rDaily Order Summary.", "type": "typed-literal"}, "number": ".13", "flags": "S", "details": "0:NO;1:YES;", "type": "3", "location": "1;3"}, {"name": "default_signature_status", "description": {"datatype": "http://www.w3.org/1999/02/22-rdf-syntax-ns#XMLLiteral", "fmType": "5", "fmId": "-1", "value": "This is the signature status that will be assigned to an order having this\rnature; if a signature is not applicable, this field should be null.", "type": "typed-literal"}, "number": ".14", "flags": "S", "details": "0:ON CHART w/written orders;1:ELECTRONIC;2:NOT SIGNED;3:NOT REQUIRED;4:ON CHART w/printed orders;5:NOT REQUIRED due to cancel;6:SERVICE CORRECTION to signed order;", "type": "3", "location": "1;4"}, {"name": "print_work_copy", "description": {"datatype": "http://www.w3.org/1999/02/22-rdf-syntax-ns#XMLLiteral", "fmType": "5", "fmId": "-1", "value": "This field determines if this entry/action should generate a Work Copy.", "type": "typed-literal"}, "number": ".15", "flags": "S", "details": "0:NO;1:YES;", "type": "3", "location": "1;5"}, {"name": "include_in_active_orders", "description": {"datatype": "http://www.w3.org/1999/02/22-rdf-syntax-ns#XMLLiteral", "fmType": "5", "fmId": "-1", "value": "This determines if orders dc'd with this nature are included in the Active\rOrders list; if so, they will be shown for the number of hours specified\rby the Active Orders Context Hours parameter, as with other dc'd orders.", "type": "typed-literal"}, "number": ".16", "flags": "S", "details": "1:YES;0:NO;", "type": "3", "location": "1;6"}, {"name": "master_entry_for_vuid", "description": {"datatype": "http://www.w3.org/1999/02/22-rdf-syntax-ns#XMLLiteral", "fmType": "5", "fmId": "-1", "value": "This field identifies the Master entry for a VUID associated with a \rTerm/Concept.", "type": "typed-literal"}, "number": "99.98", "flags": "RSI", "details": "1:YES;0:NO;", "type": "3", "location": "VUID;2"}, {"index": "AVUID", "name": "vuid", "number": "99.99", "flags": "RFXI", "location": "VUID;1", "type": "4", "description": {"datatype": "http://www.w3.org/1999/02/22-rdf-syntax-ns#XMLLiteral", "fmType": "5", "fmId": "-1", "value": "VHA Unique ID (VUID). A unique meaningless integer assigned to reference \rterms VHA wide.", "type": "typed-literal"}}, {"name": "effective_date_time", "description": {"datatype": "http://www.w3.org/1999/02/22-rdf-syntax-ns#XMLLiteral", "fmType": "5", "fmId": "-1", "value": "Describes the pair Status and Effective Date/Time for each reference term.", "type": "typed-literal"}, "number": "99.991", "flags": "100.0299DA", "details": "100.0299", "type": "9", "location": "TERMSTATUS;0"}], "fmql": {"TYPELABEL": "NATURE OF ORDER", "TYPE": "100_02", "OP": "DESCRIBE TYPE"}, "number": "100.02", "location": "^ORD(100.02,", "name": "NATURE OF ORDER"}