{"count": "0", "description": {"datatype": "http://www.w3.org/1999/02/22-rdf-syntax-ns#XMLLiteral", "fmType": "5", "fmId": "-1", "value": "This file contains information regarding the surgery waiting list for\reach surgical specialty.  Patients entered into this file will later\rbe moved into the Surgery file at the point that a request for surgery\ris made.", "type": "typed-literal"}, "fields": [{"index": "B", "name": "surgical_specialty", "description": {"datatype": "http://www.w3.org/1999/02/22-rdf-syntax-ns#XMLLiteral", "fmType": "5", "fmId": "-1", "value": "This is the name of the Surgical Specialty.  All entries in the Waiting\rList file have an associated Surgical Specialty.\r ", "type": "typed-literal"}, "number": ".01", "flags": "R*P137.45'", "location": "0;1", "type": "7", "details": "137.45"}, {"name": "patient", "description": {"datatype": "http://www.w3.org/1999/02/22-rdf-syntax-ns#XMLLiteral", "fmType": "5", "fmId": "-1", "value": "This is the name of the patient.\r ", "type": "typed-literal"}, "number": "1", "flags": "133.801IP", "details": "133.801", "type": "9", "location": "1;0"}], "fmql": {"TYPELABEL": "SURGERY WAITING LIST", "TYPE": "133_8", "OP": "DESCRIBE TYPE"}, "number": "133.8", "location": "^SRO(133.8,", "name": "SURGERY WAITING LIST"}