{"name":"ADVERSE REACTION ASSESSMENT","number":"120.86","location":"^GMR(120.86,","description":{"fmId":"-1","fmType":"5","type":"typed-literal","datatype":"http://www.w3.org/1999/02/22-rdf-syntax-ns#XMLLiteral","value":"This file is a listing of all the patients who have been asked about\rallergies/adverse reactions. It contains a pointer to File 2 (PATIENT), a\rflag to indicate if the patient has or does not have an Allergy/Adverse\rReaction, the person making the assessment and the date/time of the\rassessment."},"version":"4.0","vpackage":"ADVERSE REACTION TRACKING","fields":[{"number":".01","flags":"RP2'X","name":"NAME","location":"0;1","index":"B","type":"7","details":"2","inputTransform":"S DINUM=X","description":{"fmId":"-1","fmType":"5","type":"typed-literal","datatype":"http://www.w3.org/1999/02/22-rdf-syntax-ns#XMLLiteral","value":"This is the patient who has been asked about allergies/adverse reactions."}},{"number":"1","flags":"S","name":"REACTION ASSESSMENT","location":"0;2","type":"3","details":"1:Yes;0:No;","description":{"fmId":"-1","fmType":"5","type":"typed-literal","datatype":"http://www.w3.org/1999/02/22-rdf-syntax-ns#XMLLiteral","value":"This field indicates if the patient has a reaction on file or not."}},{"number":"2","flags":"P200'","name":"ASSESSING USER","location":"0;3","type":"7","details":"200","description":{"fmId":"-1","fmType":"5","type":"typed-literal","datatype":"http://www.w3.org/1999/02/22-rdf-syntax-ns#XMLLiteral","value":"This field contains the name of the user who made the last reaction\rassessment for this patient."}},{"number":"3","flags":"D","name":"ASSESSMENT DATE/TIME","location":"0;4","type":"1","inputTransform":"S %DT=\"ESTXR\" D ^%DT S X=Y K:Y<1 X","description":{"fmId":"-1","fmType":"5","type":"typed-literal","datatype":"http://www.w3.org/1999/02/22-rdf-syntax-ns#XMLLiteral","value":"This field contains the date/time of the last reaction assessment for\rthis patient."}}],"fmql":{"OP":"DESCRIBE TYPE","TYPE":"120_86","TYPELABEL":"ADVERSE REACTION ASSESSMENT"}}