{"fields": [{"index": "B", "name": "primary_delivery_system", "description": {"datatype": "http://www.w3.org/1999/02/22-rdf-syntax-ns#XMLLiteral", "fmType": "5", "fmId": "-1", "value": "This field points to the Dietetic Report Categories for the Primary\rDelivery System.", "type": "typed-literal"}, "number": ".01", "flags": "M*P117.4'", "location": "0;1", "type": "7", "details": "117.4"}], "fmql": {"TYPELABEL": "PRIMARY DELIVERY SYSTEM", "TYPE": "117_313", "OP": "DESCRIBE TYPE"}, "name": "PRIMARY DELIVERY SYSTEM", "parent": "117.3", "number": "117.313"}