{"fields": [{"name": "food_item", "description": {"datatype": "http://www.w3.org/1999/02/22-rdf-syntax-ns#XMLLiteral", "fmType": "5", "fmId": "-1", "value": "This is the food item selected from the Food Nutrient file.", "type": "typed-literal"}, "number": ".01", "flags": "MP112'X", "details": "112", "type": "7", "location": "0;1"}, {"description": {"datatype": "http://www.w3.org/1999/02/22-rdf-syntax-ns#XMLLiteral", "fmType": "5", "fmId": "-1", "value": "This is the amount of the food item. If grams were selected as\rthe units type, then the amount is in grams. If common units\rwere selected, the amount is in terms of those common units.", "type": "typed-literal"}, "number": "1", "flags": "NJ9,3", "location": "0;2", "type": "2", "name": "amount"}], "fmql": {"TYPELABEL": "FOOD ITEM", "TYPE": "112_63", "OP": "DESCRIBE TYPE"}, "name": "FOOD ITEM", "parent": "112.62", "number": "112.63"}