{"fields": [{"index": "B", "name": "required_fields_for_scheduling", "description": {"datatype": "http://www.w3.org/1999/02/22-rdf-syntax-ns#XMLLiteral", "fmType": "5", "fmId": "-1", "value": "This is the name of a field which must have information entered prior\rto scheduling.  If this field does not have the information entered,\rscheduling will be prohibited.  \r ", "type": "typed-literal"}, "number": ".01", "flags": "M*P130'X", "location": "0;1", "type": "7", "details": "130"}, {"description": {"datatype": "http://www.w3.org/1999/02/22-rdf-syntax-ns#XMLLiteral", "fmType": "5", "fmId": "-1", "value": "This contains any comments related to why this field was included as a\rrequirement for scheduling.\r ", "type": "typed-literal"}, "number": "1", "flags": "133.281", "location": "1;0", "type": "5", "name": "comments"}], "fmql": {"TYPELABEL": "REQUIRED FIELDS FOR SCHEDULING", "TYPE": "133_028", "OP": "DESCRIBE TYPE"}, "name": "REQUIRED FIELDS FOR SCHEDULING", "parent": "133", "number": "133.028"}