{"name":"EXTERNAL/EXTRACT ROUTINE","number":"142.11","parent":"142.1","fields":[{"number":".01","flags":"MF","name":"EXTERNAL/EXTRACT ROUTINE","location":"0;1","index":"B","type":"4","inputTransform":"K:$L(X)>40!($L(X)<3) X","description":{"fmId":"-1","fmType":"5","type":"typed-literal","datatype":"http://www.w3.org/1999/02/22-rdf-syntax-ns#XMLLiteral","value":"This is the entry point and routine to be called by the Health Summary \rcomponent print routine to extract report data.  This entry point may be in \rthe Health Summary namespace or an external call with an associated Database \rIntegration Agreement.  Enter the line label, followed by a semi-colon, \rfollowed by the routine name (e.g., MAIN;GMTSLRCE)"}}],"fmql":{"OP":"DESCRIBE TYPE","TYPE":"142_11","TYPELABEL":"EXTERNAL/EXTRACT ROUTINE"}}