{"count": "0", "description": {"datatype": "http://www.w3.org/1999/02/22-rdf-syntax-ns#XMLLiteral", "fmType": "5", "fmId": "-1", "value": "This file contains a list of Supplemental Feeding Sites and associated\rparameters. A Supplemental Feeding Site prepares orders for a \rgroup of wards for which it is responsible.", "type": "typed-literal"}, "fields": [{"index": "B", "name": "name", "number": ".01", "flags": "RF", "location": "0;1", "type": "4", "description": {"datatype": "http://www.w3.org/1999/02/22-rdf-syntax-ns#XMLLiteral", "fmType": "5", "fmId": "-1", "value": "This field contains the name of the Supplemental Feeding Site. It is\rresponsible for the assembly and delivery of supplemental feedings\rto a group of Dietetic Wards.", "type": "typed-literal"}}, {"index": "C", "name": "short_name", "number": "1", "flags": "F", "location": "0;2", "type": "4", "description": {"datatype": "http://www.w3.org/1999/02/22-rdf-syntax-ns#XMLLiteral", "fmType": "5", "fmId": "-1", "value": "This field contains a short 6-character name to be used on various\rreports.", "type": "typed-literal"}}, {"name": "production_facility", "description": {"datatype": "http://www.w3.org/1999/02/22-rdf-syntax-ns#XMLLiteral", "fmType": "5", "fmId": "-1", "value": "This field indicates the production facility that is responsible for\rpreparing the food used in the supplemental feedings distributed by\rthis site.", "type": "typed-literal"}, "number": "2", "flags": "RP119.71'", "details": "119.71", "type": "7", "location": "0;3"}, {"name": "separate_supp_fdg_labels", "description": {"datatype": "http://www.w3.org/1999/02/22-rdf-syntax-ns#XMLLiteral", "fmType": "5", "fmId": "-1", "value": "This field, if answered YES, indicates that each supplemental\rfeeding item should be on an individual label rather than having\rall items on the item.", "type": "typed-literal"}, "number": "20", "flags": "S", "details": "Y:YES;N:NO;", "type": "3", "location": "0;4"}, {"name": "ingredients_on_ward_lists", "description": {"datatype": "http://www.w3.org/1999/02/22-rdf-syntax-ns#XMLLiteral", "fmType": "5", "fmId": "-1", "value": "This field, if answered YES, will result in the Ward Supplemental\rFeeding lists printing the consolidated ingredient requirements\rfollowing each ward.", "type": "typed-literal"}, "number": "21", "flags": "S", "details": "Y:YES;N:NO;", "type": "3", "location": "0;5"}, {"name": "inactive", "description": {"datatype": "http://www.w3.org/1999/02/22-rdf-syntax-ns#XMLLiteral", "fmType": "5", "fmId": "-1", "value": "This field, if answered YES, will prohibit\rfurther selection of this entry.", "type": "typed-literal"}, "number": "99", "flags": "S", "details": "Y:YES;N:NO;", "type": "3", "location": "I;1"}], "fmql": {"TYPELABEL": "SUPPLEMENTAL FEEDING SITE", "TYPE": "119_74", "OP": "DESCRIBE TYPE"}, "number": "119.74", "location": "^FH(119.74,", "name": "SUPPLEMENTAL FEEDING SITE"}