{"count": "0", "description": {"datatype": "http://www.w3.org/1999/02/22-rdf-syntax-ns#XMLLiteral", "fmType": "5", "fmId": "-1", "value": "This file contains perioperative occurrence categories used within the\rDHCP Surgery package.  All perioperative occurrences entered must be\rgrouped into one of the categories contained in this file.  The fields in\rthis file are restricted so that entries cannot be altered.\r ", "type": "typed-literal"}, "fields": [{"index": "B", "name": "occurrence_category", "number": ".01", "flags": "RFI", "location": "0;1", "type": "4", "description": {"datatype": "http://www.w3.org/1999/02/22-rdf-syntax-ns#XMLLiteral", "fmType": "5", "fmId": "-1", "value": "This field contains the name of the perioperative occurrence category to\rbe used when categorizing surgical and anesthesia perioperative\roccurrences.", "type": "typed-literal"}}, {"name": "inactive", "description": {"datatype": "http://www.w3.org/1999/02/22-rdf-syntax-ns#XMLLiteral", "fmType": "5", "fmId": "-1", "value": "If this perioperative occurrence category is no longer used, enter YES to\rflag this category as INACTIVE.", "type": "typed-literal"}, "number": "1", "flags": "SI", "details": "1:YES;0:NO;", "type": "3", "location": "0;2"}, {"description": {"datatype": "http://www.w3.org/1999/02/22-rdf-syntax-ns#XMLLiteral", "fmType": "5", "fmId": "-1", "value": "This is a description used to further define the perioperative occurrence\rtype.", "type": "typed-literal"}, "number": "2", "flags": "136.52", "location": "1;0", "type": "5", "name": "description"}, {"name": "synonym", "description": {"datatype": "http://www.w3.org/1999/02/22-rdf-syntax-ns#XMLLiteral", "fmType": "5", "fmId": "-1", "value": "This is another name for this perioperative occurrence category.", "type": "typed-literal"}, "number": "3", "flags": "136.53", "details": "136.53", "type": "9", "location": "2;0"}, {"name": "intraoperative_allowed", "description": {"datatype": "http://www.w3.org/1999/02/22-rdf-syntax-ns#XMLLiteral", "fmType": "5", "fmId": "-1", "value": "If this occurrence category may be associated with an intraoperative\roccurrence, enter YES.", "type": "typed-literal"}, "number": "4", "flags": "SI", "details": "1:YES;0:NO;", "type": "3", "location": "0;3"}, {"name": "cardiac_only", "description": {"datatype": "http://www.w3.org/1999/02/22-rdf-syntax-ns#XMLLiteral", "fmType": "5", "fmId": "-1", "value": "If this occurrence category may be associated with a cardiac assessed case\ronly, enter YES.", "type": "typed-literal"}, "number": "5", "flags": "S", "details": "Y:YES;N:NO;", "type": "3", "location": "0;4"}], "fmql": {"TYPELABEL": "PERIOPERATIVE OCCURRENCE CATEGORY", "TYPE": "136_5", "OP": "DESCRIBE TYPE"}, "number": "136.5", "location": "^SRO(136.5,", "name": "PERIOPERATIVE OCCURRENCE CATEGORY"}