{"name":"ETHNICITY","number":"10.2","location":"^DIC(10.2,","count":"4","lastIEN":"4","description":{"fmId":"-1","fmType":"5","type":"typed-literal","datatype":"http://www.w3.org/1999/02/22-rdf-syntax-ns#XMLLiteral","value":"This file contains the list of valid ethnicities.  The allowable entries\rare maintained by VA Central Office and, as such, alteration and/or\raddition of entries is not allowed."},"applicationGroups":"VA","version":"5.3","vpackage":"DG","fields":[{"number":".01","flags":"RF","name":"NAME","location":"0;1","index":"B","type":"4","inputTransform":"K:$L(X)>30!($L(X)<3)!'(X'?1P.E) X","description":{"fmId":"-1","fmType":"5","type":"typed-literal","datatype":"http://www.w3.org/1999/02/22-rdf-syntax-ns#XMLLiteral","value":"This field contains the name of an ethnicity as selectable during\renter/edit of patient data information.\r \rThese entries are maintained by VA Central Office and entry/edit of \rentries is not allowed."}},{"number":"2","flags":"F","name":"ABBREVIATION","location":"0;2","index":"C","type":"4","inputTransform":"K:$L(X)>5!($L(X)<1) X","description":{"fmId":"-1","fmType":"5","type":"typed-literal","datatype":"http://www.w3.org/1999/02/22-rdf-syntax-ns#XMLLiteral","value":"This field contains the abbreviation for this ethnicity entry.  This may\rappear on various outputs where there is insufficient room to print the\rentire name of the ethnicity."}},{"number":"3","flags":"RF","name":"HL7 VALUE","location":"0;3","index":"AHL7","type":"4","inputTransform":"K:$L(X)>10!($L(X)<1) X","description":{"fmId":"-1","fmType":"5","type":"typed-literal","datatype":"http://www.w3.org/1999/02/22-rdf-syntax-ns#XMLLiteral","value":"The HL7 representation of this ethnicity"}},{"number":"4","flags":"F","name":"CDC VALUE","location":"0;4","type":"4","inputTransform":"K:$L(X)>6!($L(X)<6)!'(X?4N1\"-\"1N) X","description":{"fmId":"-1","fmType":"5","type":"typed-literal","datatype":"http://www.w3.org/1999/02/22-rdf-syntax-ns#XMLLiteral","value":"CDC representation of this ethnicity"}},{"number":"5","flags":"RF","name":"PTF VALUE","location":"0;5","type":"4","inputTransform":"K:$L(X)>1!($L(X)<1) X","description":{"fmId":"-1","fmType":"5","type":"typed-literal","datatype":"http://www.w3.org/1999/02/22-rdf-syntax-ns#XMLLiteral","value":"PTF representation of this ethnicity"}},{"number":"100","flags":"10.21","name":"SYNONYM","location":".01;0","type":"9","details":"10.21"},{"number":"200","flags":"S","name":"INACTIVE","location":".02;1","type":"3","details":"1:YES;","description":{"fmId":"-1","fmType":"5","type":"typed-literal","datatype":"http://www.w3.org/1999/02/22-rdf-syntax-ns#XMLLiteral","value":"This field is used to denote that this ethnicity value is no longer \ractive."}},{"number":"202","flags":"D","name":"INACTIVATION DATE","location":".02;2","type":"1","inputTransform":"S %DT=\"EX\" D ^%DT S X=Y K:X<1 X","description":{"fmId":"-1","fmType":"5","type":"typed-literal","datatype":"http://www.w3.org/1999/02/22-rdf-syntax-ns#XMLLiteral","value":"Date that this ethnicity became inactive"}}],"fmql":{"OP":"DESCRIBE TYPE","TYPE":"10_2","TYPELABEL":"ETHNICITY"}}