{"fields": [{"index": "B", "name": "mas_movement_type", "description": {"datatype": "http://www.w3.org/1999/02/22-rdf-syntax-ns#XMLLiteral", "fmType": "5", "fmId": "-1", "value": "Movement Type(s) more completely define the trigger event for this rule,\rto allow for different rules on various types of MAS events.  For\rexample, to define a rule for cancelling orders when a patient dies\renter the movement types DEATH and DEATH WITH AUTOPSY; a movement type\rmay only be used in one active rule, so omit these types when creating\rother Discharge rules.", "type": "typed-literal"}, "number": ".01", "flags": "M*P405.2'", "location": "0;1", "type": "7", "details": "405.2"}], "fmql": {"TYPELABEL": "MAS MOVEMENT TYPES", "TYPE": "100_63", "OP": "DESCRIBE TYPE"}, "name": "MAS MOVEMENT TYPES", "parent": "100.6", "number": "100.63"}