{"fields": [{"index": "B", "name": "monitors", "number": ".01", "flags": "F", "location": "0;1", "type": "4", "description": {"datatype": "http://www.w3.org/1999/02/22-rdf-syntax-ns#XMLLiteral", "fmType": "5", "fmId": "-1", "value": "This field contains Performance Monitors occurring during\rthis admission.", "type": "typed-literal"}}, {"index": "AC", "name": "date_time", "number": "1", "flags": "RD", "location": "0;2", "type": "1", "description": {"datatype": "http://www.w3.org/1999/02/22-rdf-syntax-ns#XMLLiteral", "fmType": "5", "fmId": "-1", "value": "|TAB|This is the date/time the monitor was entered.", "type": "typed-literal"}}, {"description": {"datatype": "http://www.w3.org/1999/02/22-rdf-syntax-ns#XMLLiteral", "fmType": "5", "fmId": "-1", "value": "This is a comment entered by the person clearing the monitor.\rIt should reflect the action taken.", "type": "typed-literal"}, "number": "2", "flags": "F", "location": "0;3", "type": "4", "name": "comment"}, {"name": "cleared_by", "description": {"datatype": "http://www.w3.org/1999/02/22-rdf-syntax-ns#XMLLiteral", "fmType": "5", "fmId": "-1", "value": "This is a pointer to the person clearing the monitor.", "type": "typed-literal"}, "number": "3", "flags": "P200'", "details": "200", "type": "7", "location": "0;4"}, {"description": {"datatype": "http://www.w3.org/1999/02/22-rdf-syntax-ns#XMLLiteral", "fmType": "5", "fmId": "-1", "value": "This is the date/time the monitor was cleared.", "type": "typed-literal"}, "number": "5", "flags": "D", "location": "0;5", "type": "1", "name": "date_time_cleared"}, {"description": {"datatype": "http://www.w3.org/1999/02/22-rdf-syntax-ns#XMLLiteral", "fmType": "5", "fmId": "-1", "value": "This is a value of a specific monitor.", "type": "typed-literal"}, "number": "6", "flags": "NJ9,3", "location": "0;6", "type": "2", "name": "monitor_value"}], "fmql": {"TYPELABEL": "Monitors", "TYPE": "115_11", "OP": "DESCRIBE TYPE"}, "name": "Monitors", "parent": "115.01", "number": "115.11"}