{"count": "0", "description": {"datatype": "http://www.w3.org/1999/02/22-rdf-syntax-ns#XMLLiteral", "fmType": "5", "fmId": "-1", "value": "This file contains entries relating to required reviews for\reach dietitian response for a ward or group of wards. It can\ralso be used to record personal or non-patient related\rentries.", "type": "typed-literal"}, "fields": [{"index": "B", "name": "dietitian", "description": {"datatype": "http://www.w3.org/1999/02/22-rdf-syntax-ns#XMLLiteral", "fmType": "5", "fmId": "-1", "value": "This field is a pointer to the Dietitian in File 200.", "type": "typed-literal"}, "number": ".01", "flags": "RP200'X", "location": "0;1", "type": "7", "details": "200"}, {"name": "item", "description": {"datatype": "http://www.w3.org/1999/02/22-rdf-syntax-ns#XMLLiteral", "fmType": "5", "fmId": "-1", "value": "This field contains a free-text description of the item requiring action.", "type": "typed-literal"}, "number": "1", "flags": "119.01D", "details": "119.01", "type": "9", "location": "I;0"}], "fmql": {"TYPELABEL": "DIETITIAN TICKLER FILE", "TYPE": "119", "OP": "DESCRIBE TYPE"}, "number": "119", "location": "^FH(119,", "name": "DIETITIAN TICKLER FILE"}