{"name":"SERVICE POINT","number":"119.72","location":"^FH(119.72,","description":{"fmId":"-1","fmType":"5","type":"typed-literal","datatype":"http://www.w3.org/1999/02/22-rdf-syntax-ns#XMLLiteral","value":"This file is a list of Service Points and associated parameters.\rA Service Point is a tray assembly line or cafeteria where bulk\rfood from a Production Facility is served."},"version":"5.5","vpackage":"DIETETICS","fields":[{"number":".01","flags":"RF","name":"NAME","location":"0;1","index":"B","type":"4","inputTransform":"K:$L(X)>30!($L(X)<3)!'(X'?1P.E) X","description":{"fmId":"-1","fmType":"5","type":"typed-literal","datatype":"http://www.w3.org/1999/02/22-rdf-syntax-ns#XMLLiteral","value":"This is the name of the Service Point. It is either a tray assembly\rline or a cafeteria. It provides food to a group of wards."}},{"number":".5","flags":"RF","name":"SHORT NAME","location":"0;4","index":"C","type":"4","inputTransform":"K:X[\"\"\"\"!($A(X)=45) X I $D(X) K:$L(X)>6!($L(X)<1) X","description":{"fmId":"-1","fmType":"5","type":"typed-literal","datatype":"http://www.w3.org/1999/02/22-rdf-syntax-ns#XMLLiteral","value":"This is a 6-character short-name to be used on various production\rreports."}},{"number":"1","flags":"RS","name":"TYPE","location":"0;2","type":"3","details":"C:CAFETERIA;T:TRAY LINE;","description":{"fmId":"-1","fmType":"5","type":"typed-literal","datatype":"http://www.w3.org/1999/02/22-rdf-syntax-ns#XMLLiteral","value":"This indicates whether the Service Point is a Tray assembly point or\ra Cafeteria."}},{"number":"2","flags":"RP119.71'","name":"PRODUCTION FACILITY","location":"0;3","type":"7","details":"119.71","description":{"fmId":"-1","fmType":"5","type":"typed-literal","datatype":"http://www.w3.org/1999/02/22-rdf-syntax-ns#XMLLiteral","value":"This field indicates the Production Facility responsible for preparing\rthe food served by this Service Point."}},{"number":"10","flags":"119.721P","name":"ADDITIONAL MEALS","location":"B;0","type":"9","details":"119.721","description":{"fmId":"-1","fmType":"5","type":"typed-literal","datatype":"http://www.w3.org/1999/02/22-rdf-syntax-ns#XMLLiteral","value":"This multiple represents the number of additional meals, over\rand above the forecast or inpatient census, which are to be\rproduced for each meal for each day of the week."}},{"number":"11","flags":"119.7211P","name":"PRODUCTION DIET PERCENTAGE","location":"A;0","type":"9","details":"119.7211","description":{"fmId":"-1","fmType":"5","type":"typed-literal","datatype":"http://www.w3.org/1999/02/22-rdf-syntax-ns#XMLLiteral","value":"This multiple contains the percentage of the total census\rrepresented by each production diet for each day of the\rweek."}},{"number":"99","flags":"S","name":"INACTIVE?","location":"I;1","type":"3","details":"Y:YES;N:NO;","description":{"fmId":"-1","fmType":"5","type":"typed-literal","datatype":"http://www.w3.org/1999/02/22-rdf-syntax-ns#XMLLiteral","value":"This field, if answered YES, will prohibit\rfurther selection of this entry."}},{"number":"200","flags":"119.722DA","name":"CENSUS DATE","location":"C;0","type":"9","details":"119.722","description":{"fmId":"-1","fmType":"5","type":"typed-literal","datatype":"http://www.w3.org/1999/02/22-rdf-syntax-ns#XMLLiteral","value":"This field contains the date for which various census forecast data\ris available."}}],"fmql":{"OP":"DESCRIBE TYPE","TYPE":"119_72","TYPELABEL":"SERVICE POINT"}}