{"fields": [{"index": "B", "name": "edit_history", "number": ".01", "flags": "D", "location": "0;1", "type": "1", "description": {"datatype": "http://www.w3.org/1999/02/22-rdf-syntax-ns#XMLLiteral", "fmType": "5", "fmId": "-1", "value": "Tracks the entering and editing of rules.", "type": "typed-literal"}}, {"name": "who_entered_edited", "description": {"datatype": "http://www.w3.org/1999/02/22-rdf-syntax-ns#XMLLiteral", "fmType": "5", "fmId": "-1", "value": "Name of person who added or edited this rule", "type": "typed-literal"}, "number": "1", "flags": "P200'", "details": "200", "type": "7", "location": "0;2"}, {"name": "action", "description": {"datatype": "http://www.w3.org/1999/02/22-rdf-syntax-ns#XMLLiteral", "fmType": "5", "fmId": "-1", "value": "What action was taken on the rule?", "type": "typed-literal"}, "number": "2", "flags": "S", "details": "N:NEW;E:EDIT;", "type": "3", "location": "0;3"}], "fmql": {"TYPELABEL": "EDIT HISTORY", "TYPE": "100_681", "OP": "DESCRIBE TYPE"}, "name": "EDIT HISTORY", "parent": "100.6", "number": "100.681"}