{"name":"INTRAOPERATIVE OCCURRENCES","number":"130.13","parent":"130","fields":[{"number":".01","flags":"MFX","name":"INTRAOPERATIVE OCCURRENCES","location":"0;1","type":"4","inputTransform":"K:$L(X)>40!($L(X)<3)!($E(X,1,5)[\"NONE\")!($E(X,1,5)[\"None\")!($E(X,1,5)[\"none\") X","description":{"fmId":"-1","fmType":"5","type":"typed-literal","datatype":"http://www.w3.org/1999/02/22-rdf-syntax-ns#XMLLiteral","value":"This is the name of the intraoperative occurrence.  If no\roccurrences exist, this field should be left blank.  Do not\renter 'NONE'.  It will not be accepted.\r "}},{"number":".05","flags":"S","name":"OUTCOME TO DATE","location":"0;6","type":"3","details":"U:UNRESOLVED;I:IMPROVED;D:DEATH;W:WORSE;","description":{"fmId":"-1","fmType":"5","type":"typed-literal","datatype":"http://www.w3.org/1999/02/22-rdf-syntax-ns#XMLLiteral","value":"This is the code corresponding to the outcome of this intraoperative\roccurrence.\r "}},{"number":"1","flags":"130.21","name":"OCCURRENCE COMMENTS","location":"1;0","type":"5","description":{"fmId":"-1","fmType":"5","type":"typed-literal","datatype":"http://www.w3.org/1999/02/22-rdf-syntax-ns#XMLLiteral","value":"These are comments related to this intraoperative occurrence.\r "}},{"number":"2","flags":"F","name":"TREATMENT INSTITUTED","location":"2;1","type":"4","inputTransform":"K:$L(X)>40!($L(X)<1) X","description":{"fmId":"-1","fmType":"5","type":"typed-literal","datatype":"http://www.w3.org/1999/02/22-rdf-syntax-ns#XMLLiteral","value":"This is descriptive information related to the type of treatment\rinstituted as a result of this occurrence.\r "}},{"number":"3","flags":"R*P136.5'","name":"OCCURRENCE CATEGORY","location":"0;2","type":"7","details":"136.5","inputTransform":"S DIC(\"S\")=\"I '$P(^(0),U,2),$P(^(0),U,3)\" D ^DIC K DIC S DIC=DIE,X=+Y K:Y<0 X","description":{"fmId":"-1","fmType":"5","type":"typed-literal","datatype":"http://www.w3.org/1999/02/22-rdf-syntax-ns#XMLLiteral","value":"This is the name of the category in which this occurrence will be grouped.\rThe category should be entered for all occurrences and will be used for\rSurgery Central Office Reporting Needs.\r "}},{"number":"4","flags":"*P80'X","name":"ICD DIAGNOSIS CODE","location":"0;3","type":"7","details":"80","inputTransform":"S DIC(\"S\")=\"I $$ACTIV^SROICD($S($D(SRTN):SRTN,$D(DA(1)):DA(1),1:\"\"\"\"),+Y)\" D ^DIC K DIC S DIC=DIE,X=+Y K:Y<0 X","description":{"fmId":"-1","fmType":"5","type":"typed-literal","datatype":"http://www.w3.org/1999/02/22-rdf-syntax-ns#XMLLiteral","value":"If the occurrence entered does not fit in any of the predefined\rcategories, it must have an ICD Diagnosis code entered.\r "}}],"fmql":{"OP":"DESCRIBE TYPE","TYPE":"130_13","TYPELABEL":"INTRAOPERATIVE OCCURRENCES"}}