{"name":"PERIOPERATIVE OCCURRENCE CATEGORY","number":"136.5","location":"^SRO(136.5,","count":"39","lastIEN":"39","description":{"fmId":"-1","fmType":"5","type":"typed-literal","datatype":"http://www.w3.org/1999/02/22-rdf-syntax-ns#XMLLiteral","value":"This file contains perioperative occurrence categories used within the\rDHCP Surgery package.  All perioperative occurrences entered must be\rgrouped into one of the categories contained in this file.  The fields in\rthis file are restricted so that entries cannot be altered.\r "},"version":"3.0","vpackage":"SR","fields":[{"number":".01","flags":"RFI","name":"OCCURRENCE CATEGORY","location":"0;1","index":"B","type":"4","inputTransform":"K:$L(X)>60!($L(X)<3)!'(X'?1P.E) X","description":{"fmId":"-1","fmType":"5","type":"typed-literal","datatype":"http://www.w3.org/1999/02/22-rdf-syntax-ns#XMLLiteral","value":"This field contains the name of the perioperative occurrence category to\rbe used when categorizing surgical and anesthesia perioperative\roccurrences."}},{"number":"1","flags":"SI","name":"INACTIVE?","location":"0;2","type":"3","details":"1:YES;0:NO;","description":{"fmId":"-1","fmType":"5","type":"typed-literal","datatype":"http://www.w3.org/1999/02/22-rdf-syntax-ns#XMLLiteral","value":"If this perioperative occurrence category is no longer used, enter YES to\rflag this category as INACTIVE."}},{"number":"2","flags":"136.52","name":"DESCRIPTION","location":"1;0","type":"5","description":{"fmId":"-1","fmType":"5","type":"typed-literal","datatype":"http://www.w3.org/1999/02/22-rdf-syntax-ns#XMLLiteral","value":"This is a description used to further define the perioperative occurrence\rtype."}},{"number":"3","flags":"136.53","name":"SYNONYM","location":"2;0","type":"9","details":"136.53","description":{"fmId":"-1","fmType":"5","type":"typed-literal","datatype":"http://www.w3.org/1999/02/22-rdf-syntax-ns#XMLLiteral","value":"This is another name for this perioperative occurrence category."}},{"number":"4","flags":"SI","name":"INTRAOPERATIVE ALLOWED","location":"0;3","type":"3","details":"1:YES;0:NO;","description":{"fmId":"-1","fmType":"5","type":"typed-literal","datatype":"http://www.w3.org/1999/02/22-rdf-syntax-ns#XMLLiteral","value":"If this occurrence category may be associated with an intraoperative\roccurrence, enter YES."}},{"number":"5","flags":"S","name":"CARDIAC ONLY","location":"0;4","type":"3","details":"Y:YES;N:NO;","description":{"fmId":"-1","fmType":"5","type":"typed-literal","datatype":"http://www.w3.org/1999/02/22-rdf-syntax-ns#XMLLiteral","value":"If this occurrence category may be associated with a cardiac assessed case\ronly, enter YES."}}],"fmql":{"OP":"DESCRIBE TYPE","TYPE":"136_5","TYPELABEL":"PERIOPERATIVE OCCURRENCE CATEGORY"}}