{"fields": [{"name": "or_scrub_support", "description": {"datatype": "http://www.w3.org/1999/02/22-rdf-syntax-ns#XMLLiteral", "fmType": "5", "fmId": "-1", "value": "This is the name of the person assuming scrub role responsibilities.\rAlthough optional, this information will appear on the Nurse\rIntraoperative Report if entered.\r ", "type": "typed-literal"}, "number": ".01", "flags": "*P200'X", "details": "200", "type": "7", "location": "0;1"}, {"name": "time_on", "description": {"datatype": "http://www.w3.org/1999/02/22-rdf-syntax-ns#XMLLiteral", "fmType": "5", "fmId": "-1", "value": "This is the date/time that this person's responsibilities for scrub\rsupport began.  Both date and time must be entered.", "type": "typed-literal"}, "number": "1", "flags": "130.37DA", "details": "130.37", "type": "9", "location": "1;0"}, {"name": "status", "description": {"datatype": "http://www.w3.org/1999/02/22-rdf-syntax-ns#XMLLiteral", "fmType": "5", "fmId": "-1", "value": "This is the code corresponding to the educational preparation of\rthe person assuming scrub role responsibilities.", "type": "typed-literal"}, "number": "3", "flags": "S", "details": "O:ORIENTEE;F:FULLY TRAINED;", "type": "3", "location": "0;3"}], "fmql": {"TYPELABEL": "OR SCRUB SUPPORT", "TYPE": "130_36", "OP": "DESCRIBE TYPE"}, "name": "OR SCRUB SUPPORT", "parent": "130", "number": "130.36"}