{"name":"GMR TEXT","number":"124.3","location":"^GMR(124.3,","description":{"fmId":"-1","fmType":"5","type":"typed-literal","datatype":"http://www.w3.org/1999/02/22-rdf-syntax-ns#XMLLiteral","value":"File that stores the selected patient data for a prime document."},"version":"3.0","fields":[{"number":".01","flags":"R*P124.2'","name":"TEXT BLOCK","location":"0;1","index":"B","type":"7","details":"124.2","inputTransform":"S DIC(\"S\")=\"I $P(^(0),U,4)>0,$D(^GMRD(124.25,$P(^GMRD(124.2,+Y,0),U,4),0)),$P(^(0),U)=\"\"PRIME DOCUMENT\"\"\" D ^DIC K DIC S DIC=DIE,X=+Y K:Y<0 X","description":{"fmId":"-1","fmType":"5","type":"typed-literal","datatype":"http://www.w3.org/1999/02/22-rdf-syntax-ns#XMLLiteral","value":"The topic/lead frame associated with the information."}},{"number":".02","flags":"RP2'","name":"PATIENT","location":"0;2","index":"C","type":"7","details":"2","description":{"fmId":"-1","fmType":"5","type":"typed-literal","datatype":"http://www.w3.org/1999/02/22-rdf-syntax-ns#XMLLiteral","value":"The patient associated with the filed information."}},{"number":".03","flags":"RD","name":"DATE CREATED","location":"0;3","index":"D","type":"1","inputTransform":"S %DT=\"ETXR\" D ^%DT S X=Y K:Y<1 X","description":{"fmId":"-1","fmType":"5","type":"typed-literal","datatype":"http://www.w3.org/1999/02/22-rdf-syntax-ns#XMLLiteral","value":"The date/time this text was created."}},{"number":"1","flags":"124.31PA","name":"SELECTION","location":"1;0","type":"9","details":"124.31","description":{"fmId":"-1","fmType":"5","type":"typed-literal","datatype":"http://www.w3.org/1999/02/22-rdf-syntax-ns#XMLLiteral","value":"A record of all AGGREGATE TERMs selected, and any FREE TEXT entered for this TEXT BLOCK."}},{"number":"3","flags":"RP200'","name":"AUTHOR","location":"0;5","type":"7","details":"200","description":{"fmId":"-1","fmType":"5","type":"typed-literal","datatype":"http://www.w3.org/1999/02/22-rdf-syntax-ns#XMLLiteral","value":"User who created the text."}},{"number":"5","flags":"S","name":"ENTERED IN ERROR","location":"5;1","type":"3","details":"1:YES;","description":{"fmId":"-1","fmType":"5","type":"typed-literal","datatype":"http://www.w3.org/1999/02/22-rdf-syntax-ns#XMLLiteral","value":"Flag to designate if a text block has been entered in error."}},{"number":"5.1","flags":"DI","name":"DATE ENTERED IN ERROR","location":"5;2","type":"1","inputTransform":"S %DT=\"ETXR\" D ^%DT S X=Y K:Y<1 X","description":{"fmId":"-1","fmType":"5","type":"typed-literal","datatype":"http://www.w3.org/1999/02/22-rdf-syntax-ns#XMLLiteral","value":"Date that this text was flagged as being in error."}},{"number":"5.2","flags":"P200'I","name":"USER ENTERING IN ERROR","location":"5;3","type":"7","details":"200","description":{"fmId":"-1","fmType":"5","type":"typed-literal","datatype":"http://www.w3.org/1999/02/22-rdf-syntax-ns#XMLLiteral","value":"User that flagged the text as entered in error."}},{"number":"6","flags":"RD","name":"DATE LAST UPDATED","location":"0;6","index":"AUPDT","type":"1","inputTransform":"S %DT=\"ESTXR\" D ^%DT S X=Y K:Y<1 X","description":{"fmId":"-1","fmType":"5","type":"typed-literal","datatype":"http://www.w3.org/1999/02/22-rdf-syntax-ns#XMLLiteral","value":"This field contains the date/time this GMR Text entry was last updated.\rThe data in this field is triggered from the Audit Trail multiple and\rDate Created field and cannot be changed via FileMan."}}],"fmql":{"OP":"DESCRIBE TYPE","TYPE":"124_3","TYPELABEL":"GMR TEXT"}}