{"name":"PROBLEM LIST SITE PARAMETERS","number":"125.99","location":"^GMPL(125.99,","count":"1","lastIEN":"1","description":{"fmId":"-1","fmType":"5","type":"typed-literal","datatype":"http://www.w3.org/1999/02/22-rdf-syntax-ns#XMLLiteral","value":"This file controls the behavior of the Problem List application for each\rsite where it is installed.\r  \rThere should be only one entry in this file!!"},"version":"2.0","fields":[{"number":".001","flags":"NJ1,0","name":"NUMBER","type":"6","computation":"K:+X'=X!(X>1)!(X<1)!(X?.E1\".\"1N.N) X","description":{"fmId":"-1","fmType":"5","type":"typed-literal","datatype":"http://www.w3.org/1999/02/22-rdf-syntax-ns#XMLLiteral","value":"This is the internal number of this file entry."}},{"number":".01","flags":"RF","name":"NAME","location":"0;1","index":"B","type":"4","inputTransform":"K:$L(X)>30!(X?.N)!($L(X)<3)!'(X'?1P.E) X","description":{"fmId":"-1","fmType":"5","type":"typed-literal","datatype":"http://www.w3.org/1999/02/22-rdf-syntax-ns#XMLLiteral","value":"This is the name of the site, commonly HOSPITAL or VAMC."}},{"number":"1","flags":"S","name":"VERIFY TRANSCRIBED PROBLEMS","location":"0;2","type":"3","details":"1:YES;0:NO;","description":{"fmId":"-1","fmType":"5","type":"typed-literal","datatype":"http://www.w3.org/1999/02/22-rdf-syntax-ns#XMLLiteral","value":"This is a toggle which determines whether the PL application will\rflag entries made by a non-clinical user, and allow for subsequent\rconfirmation of the entry by a clinician."}},{"number":"2","flags":"S","name":"PROMPT FOR CHART COPY","location":"0;3","type":"3","details":"1:YES, ASK;0:NO, DON'T ASK;","description":{"fmId":"-1","fmType":"5","type":"typed-literal","datatype":"http://www.w3.org/1999/02/22-rdf-syntax-ns#XMLLiteral","value":"This is a toggle which determines whether the PL application will\rprompt the user to print a new chartable copy of the patient's list\rwhen exiting the application or changing patients, if the current\rpatient's list has been modified."}},{"number":"3","flags":"S","name":"USE CLINICAL LEXICON","location":"0;4","type":"3","details":"1:YES;0:NO;","description":{"fmId":"-1","fmType":"5","type":"typed-literal","datatype":"http://www.w3.org/1999/02/22-rdf-syntax-ns#XMLLiteral","value":"This is a toggle which determines whether the PL application will\rallow the user to search the Clinical Lexicon when adding or editing\ra problem; if a term is selected from the CL Utility, the standardized\rtext will be displayed on the problem list, otherwise the text entered\rby the user to search on will be displayed.  Problems which are taken\rfrom the CLU may already be coded to ICD9, and this code is returned \rto the PL application if available.  Duplicate problems can be screened\rout, and searches by problem performed when this link to the CLU exists.\r   \rIf this flag is set to NO, the user will be prompted for his/her free\rtext description of the problem only, when adding or editing a problem.\rNo search will be performed at that time on the CLU, and no link made\rfrom the problem to an entry in the CLU."}},{"number":"4","flags":"S","name":"DISPLAY ORDER","location":"0;5","type":"3","details":"C:CHRONOLOGICAL;R:REVERSE-CHRONOLOGICAL;","description":{"fmId":"-1","fmType":"5","type":"typed-literal","datatype":"http://www.w3.org/1999/02/22-rdf-syntax-ns#XMLLiteral","value":"This flag allows each site to control how the problem list is displayed,\rwhether chronologically or reverse-chronologically by date recorded.\rThis ordering will be the same both onscreen and on the printed copy.\rWhen new problems are added to a patient's list, they will be added as the\rmost recent problems, i.e. at the top of the list if reverse-chronological\ror at the bottom if chronological."}},{"number":"6","flags":"S","name":"SCREEN DUPLICATE ENTRIES","location":"0;6","type":"3","details":"1:YES;","description":{"fmId":"-1","fmType":"5","type":"typed-literal","datatype":"http://www.w3.org/1999/02/22-rdf-syntax-ns#XMLLiteral","value":"If YES is entered in this field duplicate problems (those having the same \rICD9 code) will NOT be added to the problem list.  The primary purpose of\rthis field in to screen entries added via the scannable encounter form."}}],"fmql":{"OP":"DESCRIBE TYPE","TYPE":"125_99","TYPELABEL":"PROBLEM LIST SITE PARAMETERS"}}