{"name":"HEALTH SUMMARY USER PREFERENCES","number":"142.98","location":"^GMT(142.98,","version":"2.7","vpackage":"GMTS","fields":[{"number":".01","flags":"RP200'","name":"USER","location":"0;1","index":"B","type":"7","details":"200","inputTransform":"K:$$ACTIVE^XUSER(+($G(X)))=0 X S:$D(X) DINUM=X"},{"number":"10","flags":"S","name":"HEALTH SUMMARY LIST BUILD","location":"1;1","type":"3","details":"0:OVERWRITE;1:APPEND;","description":{"fmId":"-1","fmType":"5","type":"typed-literal","datatype":"http://www.w3.org/1999/02/22-rdf-syntax-ns#XMLLiteral","value":"This field determines how the list of Health Summary Types for the CPRS GUI \rreport tab is to be organized (APPEND or OVERWRITE) for user selection.  \rThere are three major classes of Health Summary types, National (remote data \rview), user defined and system defined.  User and system Health Summary \rTypes are defined in the Kernel Parameters file.  Append creates a single \rlist, removing duplicates, and keeps the National Health Summary types group \rtogether.  Overwrite stops building the list once a single group of Health\rSummary Types (User or System) is added to the list."}},{"number":"11","flags":"F","name":"HEALTH SUMMARY LIST PRIORITY","location":"1;2","type":"4","inputTransform":"K:$L(X)>40!($L(X)<3) X","description":{"fmId":"-1","fmType":"5","type":"typed-literal","datatype":"http://www.w3.org/1999/02/22-rdf-syntax-ns#XMLLiteral","value":"There are three major classes of Health Summary types, National (remote data\rview), user defined and system defined.  This field provides order in which \rthese groups of Health Summary Types are added to the Health Summary Types \rlist for the CPRS GUI reports tab. "}}],"fmql":{"OP":"DESCRIBE TYPE","TYPE":"142_98","TYPELABEL":"HEALTH SUMMARY USER PREFERENCES"}}