{"fields": [{"description": {"datatype": "http://www.w3.org/1999/02/22-rdf-syntax-ns#XMLLiteral", "fmType": "5", "fmId": "-1", "value": "This is the day number for which meals will be entered.", "type": "typed-literal"}, "number": ".01", "flags": "MRNJ2,0X", "location": "0;1", "type": "2", "name": "day_number"}, {"name": "meal_number", "description": {"datatype": "http://www.w3.org/1999/02/22-rdf-syntax-ns#XMLLiteral", "fmType": "5", "fmId": "-1", "value": "This is the meal number for which food items will be entered.\rIt is merely a sequence number and individual meals, such as\rbreakfast, noon, and evening are not referenced as such since\rmeals may be snack times, or other eating times.", "type": "typed-literal"}, "number": "1", "flags": "112.62", "details": "112.62", "type": "9", "location": "1;0"}], "fmql": {"TYPELABEL": "DAY NUMBER", "TYPE": "112_61", "OP": "DESCRIBE TYPE"}, "name": "DAY NUMBER", "parent": "112.6", "number": "112.61"}