{"name":"ACTIVITY","number":"100.25","parent":"100.2","fields":[{"number":".01","flags":"D","name":"DATE/TIME OF ACTIVITY","location":"0;1","index":"B","type":"1","inputTransform":"S %DT=\"ESTXR\" D ^%DT S X=Y K:Y<1 X","description":{"fmId":"-1","fmType":"5","type":"typed-literal","datatype":"http://www.w3.org/1999/02/22-rdf-syntax-ns#XMLLiteral","value":"This is the actual date and time that the activity occurred."}},{"number":"2","flags":"RS","name":"TYPE OF EVENT ACTIVITY","location":"0;2","type":"3","details":"NW:NEW;ED:EDITED;RE:REENTERED;MN:MANUALLY RELEASED;LP:LAPSED;DL:DELETED;CA:CANCELLED;","description":{"fmId":"-1","fmType":"5","type":"typed-literal","datatype":"http://www.w3.org/1999/02/22-rdf-syntax-ns#XMLLiteral","value":"This field is a code indicating the type of activity that occurred.  This \rmay be new, edited, re-entered, manually released, deleted or cancelled.\r \rAn event may also be \"lapsed\" if it stays unprocessed beyond the time\rframe defined by the \"Lapse in #Days\" field of the OE/RR RELEASE EVENTS\rfile #100.5 for this event."}},{"number":"3","flags":"P200'","name":"USER","location":"0;3","type":"7","details":"200","description":{"fmId":"-1","fmType":"5","type":"typed-literal","datatype":"http://www.w3.org/1999/02/22-rdf-syntax-ns#XMLLiteral","value":"This field is the user who entered or modified the activity."}},{"number":"4","flags":"S","name":"EVENT TYPE","location":"0;4","type":"3","details":"A:ADMISSION;T:TRANSFER;D:DISCHARGE;O:O.R.;S:SPECIALTY CHANGE;","description":{"fmId":"-1","fmType":"5","type":"typed-literal","datatype":"http://www.w3.org/1999/02/22-rdf-syntax-ns#XMLLiteral","value":"This field is the type of event that was processed.  This could be \radmission, discharge, transfer, O.R. (surgery), or specialty change."}},{"number":"5","flags":"P405.2'","name":"MAS MOVEMENT TYPE","location":"0;5","type":"7","details":"405.2","description":{"fmId":"-1","fmType":"5","type":"typed-literal","datatype":"http://www.w3.org/1999/02/22-rdf-syntax-ns#XMLLiteral","value":"This field is the MAS Movement Type of the activity that was processed, if\rit was an MAS patient movement."}},{"number":"6","flags":"P45.7'","name":"TREATING SPECIALTY","location":"0;6","type":"7","details":"45.7","description":{"fmId":"-1","fmType":"5","type":"typed-literal","datatype":"http://www.w3.org/1999/02/22-rdf-syntax-ns#XMLLiteral","value":"This field is the treating specialty associated with this activity, if it\ris an MAS patient movement."}},{"number":"7","flags":"P42'","name":"WARD LOCATION","location":"0;7","type":"7","details":"42","description":{"fmId":"-1","fmType":"5","type":"typed-literal","datatype":"http://www.w3.org/1999/02/22-rdf-syntax-ns#XMLLiteral","value":"This field is the ward location associated with this activity, if it is an\rMAS patient movement."}}],"fmql":{"OP":"DESCRIBE TYPE","TYPE":"100_25","TYPELABEL":"ACTIVITY"}}