{"name":"ANNUAL REPORT","number":"117.3","location":"^FH(117.3,","description":{"fmId":"-1","fmType":"5","type":"typed-literal","datatype":"http://www.w3.org/1999/02/22-rdf-syntax-ns#XMLLiteral","value":"The Annual Dietetic Report is designed to facilitate data gathering\rand to eliminate information that has been discontinued or deemed\rirrelevant.  The report will be compiled manually and submitted to\rCentral office Dietetics through regular mail."},"version":"5.5","vpackage":"DIETETICS","fields":[{"number":".01","flags":"RDX","name":"QTR/YR","location":"0;1","index":"B","type":"1","inputTransform":"S %DT=\"E\" D ^%DT S X=$E(Y,1,5)_\"00\" K:Y<1!($E(Y,4,5)>4)!($E(Y,2,3)<1) X I $D(X) S DINUM=X","description":{"fmId":"-1","fmType":"5","type":"typed-literal","datatype":"http://www.w3.org/1999/02/22-rdf-syntax-ns#XMLLiteral","value":"This field contains the Qtr/Yr of the Annual Report entry."}},{"number":"2","flags":"NJ1,0","name":"REGION #","location":"0;3","type":"2","inputTransform":"K:+X'=X!(X>7)!(X<1)!(X?.E1\".\"1N.N) X","description":{"fmId":"-1","fmType":"5","type":"typed-literal","datatype":"http://www.w3.org/1999/02/22-rdf-syntax-ns#XMLLiteral","value":"This field contains the region number of the facility."}},{"number":"3","flags":"S","name":"MULTI DIVISION FACILITY?","location":"0;4","type":"3","details":"Y:YES;N:NO;","description":{"fmId":"-1","fmType":"5","type":"typed-literal","datatype":"http://www.w3.org/1999/02/22-rdf-syntax-ns#XMLLiteral","value":"This field contains a Y or N if the facility is multi division."}},{"number":"4","flags":"NJ1,0","name":"RPM CLASSIFICATION","location":"0;5","type":"2","inputTransform":"K:+X'=X!(X>6)!(X<1)!(X?.E1\".\"1N.N) X","description":{"fmId":"-1","fmType":"5","type":"typed-literal","datatype":"http://www.w3.org/1999/02/22-rdf-syntax-ns#XMLLiteral","value":"This field contains the RPM Classification which is number 1-6 used to\rclassify facilities by size, function, and specialty programs for\rresource allocation purposes."}},{"number":"5","flags":"NJ1,0X","name":"COMPLEXITY LEVEL","location":"0;6","type":"2","inputTransform":"K:+X'=X!(X>4)!(X<1)!(X?.E1\".\"1N.N) X","description":{"fmId":"-1","fmType":"5","type":"typed-literal","datatype":"http://www.w3.org/1999/02/22-rdf-syntax-ns#XMLLiteral","value":"This field contains the Complexity Level which is number 1-4\rthat is determined by VACO criteria concerning size and complexity\rand upon which grade structure is based."}},{"number":"6","flags":"S","name":"VA SPON DIETETIC INTERNSHIP","location":"0;7","type":"3","details":"Y:YES;N:NO;","description":{"fmId":"-1","fmType":"5","type":"typed-literal","datatype":"http://www.w3.org/1999/02/22-rdf-syntax-ns#XMLLiteral","value":"This field contains Y or N if there are VA Sponsored Dietetic\rInternships."}},{"number":"7","flags":"S","name":"AFFILIATED AP4?","location":"0;8","type":"3","details":"Y:YES;N:NO;","description":{"fmId":"-1","fmType":"5","type":"typed-literal","datatype":"http://www.w3.org/1999/02/22-rdf-syntax-ns#XMLLiteral","value":"This field contains Y or N if there is Affiliated AP4."}},{"number":"8","flags":"S","name":"AFFILIATED DIETETIC INTERN?","location":"0;9","type":"3","details":"Y:YES;N:NO;","description":{"fmId":"-1","fmType":"5","type":"typed-literal","datatype":"http://www.w3.org/1999/02/22-rdf-syntax-ns#XMLLiteral","value":"This field contains Y or N if there is Affiliated Dietetic Internship."}},{"number":"9","flags":"S","name":"AFFILIATED CUP?","location":"0;10","type":"3","details":"Y:YES;N:NO;","description":{"fmId":"-1","fmType":"5","type":"typed-literal","datatype":"http://www.w3.org/1999/02/22-rdf-syntax-ns#XMLLiteral","value":"This field contains Y or N if there is Affiliated Cup."}},{"number":"10","flags":"S","name":"VA SPONSORED AP4?","location":"0;11","type":"3","details":"Y:YES;N:NO;","description":{"fmId":"-1","fmType":"5","type":"typed-literal","datatype":"http://www.w3.org/1999/02/22-rdf-syntax-ns#XMLLiteral","value":"This field contain Y or N if there is VA Sponsored AP4."}},{"number":"11","flags":"S","name":"AFFILIATED DIETETIC TECH?","location":"0;12","type":"3","details":"Y:YES;N:NO;","description":{"fmId":"-1","fmType":"5","type":"typed-literal","datatype":"http://www.w3.org/1999/02/22-rdf-syntax-ns#XMLLiteral","value":"This field contain Y or N if there is Affiliated Dietetic Technicians."}},{"number":"12","flags":"117.312P","name":"SPECIALIZED MEDICAL PROGRAMS","location":"SPEC;0","type":"9","details":"117.312","description":{"fmId":"-1","fmType":"5","type":"typed-literal","datatype":"http://www.w3.org/1999/02/22-rdf-syntax-ns#XMLLiteral","value":"This multiple contains the categories of the Specialized Medical\rPrograms."}},{"number":"13","flags":"117.313P","name":"PRIMARY DELIVERY SYSTEM","location":"DELV;0","type":"9","details":"117.313","description":{"fmId":"-1","fmType":"5","type":"typed-literal","datatype":"http://www.w3.org/1999/02/22-rdf-syntax-ns#XMLLiteral","value":"This multiple contains the categories of the Primary Delivery System."}},{"number":"15","flags":"NJ4,0","name":"BEDSIDE TRAY","location":"0;14","type":"2","inputTransform":"K:+X'=X!(X>9999)!(X<0)!(X?.E1\".\"1N.N) X","description":{"fmId":"-1","fmType":"5","type":"typed-literal","datatype":"http://www.w3.org/1999/02/22-rdf-syntax-ns#XMLLiteral","value":"This field contains the number of Bedside Tray Service."}},{"number":"16","flags":"NJ4,0","name":"CAFETERIA","location":"0;15","type":"2","inputTransform":"K:+X'=X!(X>9999)!(X<0)!(X?.E1\".\"1N.N) X","description":{"fmId":"-1","fmType":"5","type":"typed-literal","datatype":"http://www.w3.org/1999/02/22-rdf-syntax-ns#XMLLiteral","value":"This field contains the number of Cafeteria Service."}},{"number":"17","flags":"NJ4,0","name":"DINING ROOM TRAY","location":"0;16","type":"2","inputTransform":"K:+X'=X!(X>9999)!(X<0)!(X?.E1\".\"1N.N) X","description":{"fmId":"-1","fmType":"5","type":"typed-literal","datatype":"http://www.w3.org/1999/02/22-rdf-syntax-ns#XMLLiteral","value":"This field contains number of trays delivered to patients' table\rin a dining Area."}},{"number":"21","flags":"NJ9,0","name":"OUTPATIENTS VISIT HOSP","location":"1;1","type":"2","inputTransform":"K:+X'=X!(X>999999999)!(X<0)!(X?.E1\".\"1N.N) X","description":{"fmId":"-1","fmType":"5","type":"typed-literal","datatype":"http://www.w3.org/1999/02/22-rdf-syntax-ns#XMLLiteral","value":"This field contains the number of Inpatients being treated."}},{"number":"23","flags":"NJ1,0","name":"NUMBER OF SATELLITES","location":"1;3","type":"2","inputTransform":"K:+X'=X!(X>5)!(X<0)!(X?.E1\".\"1N.N) X","description":{"fmId":"-1","fmType":"5","type":"typed-literal","datatype":"http://www.w3.org/1999/02/22-rdf-syntax-ns#XMLLiteral","value":"This field contains the number of Outpatients that visited the Satellite\rClinics."}},{"number":"25","flags":"117.325","name":"SATELLITE LOC","location":"CLIN;0","type":"9","details":"117.325","description":{"fmId":"-1","fmType":"5","type":"typed-literal","datatype":"http://www.w3.org/1999/02/22-rdf-syntax-ns#XMLLiteral","value":"This multiple contains the Locations of the Satellite Clinics and\rthe number of Outpatients that visited them."}},{"number":"26","flags":"NJ9,0","name":"TOTAL MEALS SERVED","location":"1;5","type":"2","inputTransform":"K:+X'=X!(X>999999999)!(X<0)!(X?.E1\".\"1N.N) X","description":{"fmId":"-1","fmType":"5","type":"typed-literal","datatype":"http://www.w3.org/1999/02/22-rdf-syntax-ns#XMLLiteral","value":"The Total Meals Served calculated."}},{"number":"27","flags":"NJ7,3","name":"TOTAL DAILY FTEE","location":"1;6","type":"2","inputTransform":"K:+X'=X!(X>999)!(X<0)!(X?.E1\".\"4N.N) X","description":{"fmId":"-1","fmType":"5","type":"typed-literal","datatype":"http://www.w3.org/1999/02/22-rdf-syntax-ns#XMLLiteral","value":"This field contains the count of all personnel assigned to the Dietetic\rService and includes full-time and part-time employees."}},{"number":"28","flags":"NJ7,3","name":"CLINICAL FTEE","location":"1;7","type":"2","inputTransform":"K:+X'=X!(X>999)!(X<0)!(X?.E1\".\"4N.N) X","description":{"fmId":"-1","fmType":"5","type":"typed-literal","datatype":"http://www.w3.org/1999/02/22-rdf-syntax-ns#XMLLiteral","value":"This field contains the FTEE of the Clinical Dietitians\rand Clinical Technicians who work with the Clinical\rDietitians in patient care activities."}},{"number":"29","flags":"NJ7,3","name":"ADMINISTRATIVE FTEE","location":"1;8","type":"2","inputTransform":"K:+X'=X!(X>999)!(X<0)!(X?.E1\".\"4N.N) X","description":{"fmId":"-1","fmType":"5","type":"typed-literal","datatype":"http://www.w3.org/1999/02/22-rdf-syntax-ns#XMLLiteral","value":"This field contains the FTEE of the Chief and Assistant Chief of\rthe Dietetic Service, Chief of the Administrative Section, Chief\rClinical Section, Administrative dietitians, internship,\reducation and staff development dietitians and any QA dietitians."}},{"number":"30","flags":"NJ7,3","name":"SUPPORT STAFF FTEE","location":"1;9","type":"2","inputTransform":"K:+X'=X!(X>999)!(X<0)!(X?.E1\".\"4N.N) X","description":{"fmId":"-1","fmType":"5","type":"typed-literal","datatype":"http://www.w3.org/1999/02/22-rdf-syntax-ns#XMLLiteral","value":"This field contains the FTEE of all secretaries, clerk-typists,\rcost accountants and administrative technicians; it does not\rinclude the diet communications personnel."}},{"number":"31","flags":"NJ7,3","name":"SUPERVISORY FTEE","location":"1;10","type":"2","inputTransform":"K:+X'=X!(X>999)!(X<0)!(X?.E1\".\"4N.N) X","description":{"fmId":"-1","fmType":"5","type":"typed-literal","datatype":"http://www.w3.org/1999/02/22-rdf-syntax-ns#XMLLiteral","value":"This field contains the FTEE of all the supervisory cooks and the\rsupervisory food service workers."}},{"number":"31.5","flags":"D","name":"MODIFIED DIET SNAPSHOT DATE","location":"1;12","type":"1","inputTransform":"S %DT=\"E\" D ^%DT S X=Y K:Y<1 X","description":{"fmId":"-1","fmType":"5","type":"typed-literal","datatype":"http://www.w3.org/1999/02/22-rdf-syntax-ns#XMLLiteral","value":"This field contains the Modified Diet Snapshot date for building the\rlist of dates in Tabulating the total Modified Diet and calculating\rthe average of a week for each quarter."}},{"number":"31.6","flags":"NJ6,2","name":"UNS/INT HOURS","location":"1;13","type":"2","inputTransform":"K:+X'=X!(X>999)!(X<0)!(X?.E1\".\"3N.N) X","description":{"fmId":"-1","fmType":"5","type":"typed-literal","datatype":"http://www.w3.org/1999/02/22-rdf-syntax-ns#XMLLiteral","value":"This field contains both the number of unscheduled hours and\rintermittent hours worked by measured personnel."}},{"number":"32","flags":"117.332","name":"TOTAL COST PER DIEM","location":"COST;0","type":"9","details":"117.332","description":{"fmId":"-1","fmType":"5","type":"typed-literal","datatype":"http://www.w3.org/1999/02/22-rdf-syntax-ns#XMLLiteral","value":"This multiple contains the Cost Per Diem and Cost Per Meal."}},{"number":"38","flags":"117.338P","name":"DIETETIC EQUIPMENT","location":"EQUI;0","type":"9","details":"117.338","description":{"fmId":"-1","fmType":"5","type":"typed-literal","datatype":"http://www.w3.org/1999/02/22-rdf-syntax-ns#XMLLiteral","value":"This multiple contains the Dietetic Equipment available."}},{"number":"39","flags":"NJ9,0","name":"TOTAL CMR EQUIPMENT INV COST","location":"3;1","type":"2","inputTransform":"K:+X'=X!(X>999999999)!(X<0)!(X?.E1\".\"1N.N) X","description":{"fmId":"-1","fmType":"5","type":"typed-literal","datatype":"http://www.w3.org/1999/02/22-rdf-syntax-ns#XMLLiteral","value":"This field is the total Consolidated Memorandum Report (CMR) Equipment\rinventory Cost."}},{"number":"40","flags":"D","name":"NUTRITIVE ANALYSIS DATE","location":"3;2","type":"1","inputTransform":"S %DT=\"E\" D ^%DT S X=Y K:Y<1 X","description":{"fmId":"-1","fmType":"5","type":"typed-literal","datatype":"http://www.w3.org/1999/02/22-rdf-syntax-ns#XMLLiteral","value":"This field contains the date the Nutritive Analysis Average for\rone week regular menu was taken."}},{"number":"41","flags":"NJ4,0","name":"CALORIES","location":"3;3","type":"2","inputTransform":"K:+X'=X!(X>9999)!(X<0)!(X?.E1\".\"1N.N) X","description":{"fmId":"-1","fmType":"5","type":"typed-literal","datatype":"http://www.w3.org/1999/02/22-rdf-syntax-ns#XMLLiteral","value":"This field contains the amount of Calories taken from the Nutritive\rAverage of one week regular menu."}},{"number":"42","flags":"NJ2,0","name":"% CHO","location":"3;4","type":"2","inputTransform":"K:+X'=X!(X>99)!(X<0)!(X?.E1\".\"1N.N) X","description":{"fmId":"-1","fmType":"5","type":"typed-literal","datatype":"http://www.w3.org/1999/02/22-rdf-syntax-ns#XMLLiteral","value":"This field contains the percentage Carbohydrates taken from the\rNutritive Analysis Average of one week regular menu."}},{"number":"43","flags":"NJ2,0","name":"% PRO","location":"3;5","type":"2","inputTransform":"K:+X'=X!(X>99)!(X<0)!(X?.E1\".\"1N.N) X","description":{"fmId":"-1","fmType":"5","type":"typed-literal","datatype":"http://www.w3.org/1999/02/22-rdf-syntax-ns#XMLLiteral","value":"This field contains the percentage Protein taken from the Nutritive\rAnalysis Average of one week regular menu."}},{"number":"44","flags":"NJ2,0","name":"% FAT","location":"3;6","type":"2","inputTransform":"K:+X'=X!(X>99)!(X<0)!(X?.E1\".\"1N.N) X","description":{"fmId":"-1","fmType":"5","type":"typed-literal","datatype":"http://www.w3.org/1999/02/22-rdf-syntax-ns#XMLLiteral","value":"This field contains the percentage Fat taken from the Nutritive\rAnalysis Average of one week regular menu."}},{"number":"45","flags":"NJ3,0","name":"MG CHOL","location":"3;7","type":"2","inputTransform":"K:+X'=X!(X>999)!(X<0)!(X?.E1\".\"1N.N) X","description":{"fmId":"-1","fmType":"5","type":"typed-literal","datatype":"http://www.w3.org/1999/02/22-rdf-syntax-ns#XMLLiteral","value":"This field contains the milligrams Cholesterol taken from the Nutritive\rAnalysis Average of one week regular menu."}},{"number":"46","flags":"NJ5,0","name":"MG NA","location":"3;8","type":"2","inputTransform":"K:+X'=X!(X>99999)!(X<0)!(X?.E1\".\"1N.N) X","description":{"fmId":"-1","fmType":"5","type":"typed-literal","datatype":"http://www.w3.org/1999/02/22-rdf-syntax-ns#XMLLiteral","value":"This field contains the milligrams Sodium taken from Nutritive\rAnalysis Average."}},{"number":"47","flags":"NJ2,0","name":"STAFF CERT DIAB ED (CDE)","location":"1;14","type":"2","inputTransform":"K:+X'=X!(X>99)!(X<0)!(X?.E1\".\"1N.N) X","description":{"fmId":"-1","fmType":"5","type":"typed-literal","datatype":"http://www.w3.org/1999/02/22-rdf-syntax-ns#XMLLiteral","value":"This field contains the number of the Specialty Staff Certified Diabetes\rEducators (CDE) at your facility."}},{"number":"48","flags":"NJ2,0","name":"STAFF CERT IN NUTR SUPP","location":"1;15","type":"2","inputTransform":"K:+X'=X!(X>99)!(X<0)!(X?.E1\".\"1N.N) X","description":{"fmId":"-1","fmType":"5","type":"typed-literal","datatype":"http://www.w3.org/1999/02/22-rdf-syntax-ns#XMLLiteral","value":"This field contains the number of Specialty Staff Certified in Nutrition\rSupport at your facility."}},{"number":"49","flags":"NJ2,0","name":"STAFF REG CLIN DIE TECH","location":"1;16","type":"2","inputTransform":"K:+X'=X!(X>99)!(X<0)!(X?.E1\".\"1N.N) X","description":{"fmId":"-1","fmType":"5","type":"typed-literal","datatype":"http://www.w3.org/1999/02/22-rdf-syntax-ns#XMLLiteral","value":"This field contains the number of Specialty Staff Registered\rClinical Dietetic Technicians at your facility."}},{"number":"50","flags":"NJ2,0","name":"STAFF W/CLIN PRIVILEGES","location":"1;17","type":"2","inputTransform":"K:+X'=X!(X>99)!(X<0)!(X?.E1\".\"1N.N) X","description":{"fmId":"-1","fmType":"5","type":"typed-literal","datatype":"http://www.w3.org/1999/02/22-rdf-syntax-ns#XMLLiteral","value":"This field contains the number of Specialty Staff with Clinical\rPrivileges (not scope of practice)."}},{"number":"51","flags":"S","name":"DO YOU USE COOK CHILL FOODS?","location":"0;21","type":"3","details":"Y:YES;N:NO;","description":{"fmId":"-1","fmType":"5","type":"typed-literal","datatype":"http://www.w3.org/1999/02/22-rdf-syntax-ns#XMLLiteral","value":"This field contains a Y or N on whether the Dietitians use Cook\rChill Foods."}},{"number":"52","flags":"S","name":"SELECT 1 OR 2","location":"0;22","type":"3","details":"1:LESS AND EQUAL 25% OF MENU ITEMS;2:GREATER THAN 25% OF MENU ITEMS;","description":{"fmId":"-1","fmType":"5","type":"typed-literal","datatype":"http://www.w3.org/1999/02/22-rdf-syntax-ns#XMLLiteral","value":"This field will be asked if the Dietitians use Cook Chill Foods.\rIt contains a 1 for less and equal to 25% of menu items cook\rchilled or a 2 for greater than 25% of menu items cook chilled."}},{"number":"53","flags":"S","name":"FUNDED NUTRITION RESEARCH?","location":"0;23","type":"3","details":"Y:YES;N:NO;","description":{"fmId":"-1","fmType":"5","type":"typed-literal","datatype":"http://www.w3.org/1999/02/22-rdf-syntax-ns#XMLLiteral","value":"This field contains a Y or N on whether the Dietitians have\rFunded Nutrition Research."}},{"number":"54","flags":"NJ4,1","name":"ASSIGNED CLINICAL FTEE","location":"0;24","type":"2","inputTransform":"K:+X'=X!(X>99.9)!(X<0)!(X?.E1\".\"2N.N) X","description":{"fmId":"-1","fmType":"5","type":"typed-literal","datatype":"http://www.w3.org/1999/02/22-rdf-syntax-ns#XMLLiteral","value":"This field contains the Assigned Clinical FTEE on the Funded\rNutrition Research."}},{"number":"55","flags":"S","name":"UNFUNDED NUTRITION RESEARCH?","location":"0;25","type":"3","details":"Y:YES;N:NO;","description":{"fmId":"-1","fmType":"5","type":"typed-literal","datatype":"http://www.w3.org/1999/02/22-rdf-syntax-ns#XMLLiteral","value":"This field contains a Y or a N on whether the Dietitians have\rUnfunded Nutrition Research."}},{"number":"56","flags":"117.356S","name":"AREAS OF RESEARCH","location":"AREA;0","type":"9","details":"117.356","description":{"fmId":"-1","fmType":"5","type":"typed-literal","datatype":"http://www.w3.org/1999/02/22-rdf-syntax-ns#XMLLiteral","value":"This multiple contains a list of Areas of Research under the\rUnfunded Nutrition Research."}},{"number":"57","flags":"NJ5,1","name":"ASSIGNED TOTAL CLINICAL FTEE","location":"0;26","type":"2","inputTransform":"K:+X'=X!(X>999.9)!(X<0)!(X?.E1\".\"2N.N) X","description":{"fmId":"-1","fmType":"5","type":"typed-literal","datatype":"http://www.w3.org/1999/02/22-rdf-syntax-ns#XMLLiteral","value":"This field contains the Assigned Total Clinical FTEE of the\rtotal of all the Areas of Research selected under the Unfunded\rNutrition Research."}},{"number":"58","flags":"117.358","name":"OLD SURVEY - APPETIZING","location":"APP;0","type":"9","details":"117.358","description":{"fmId":"-1","fmType":"5","type":"typed-literal","datatype":"http://www.w3.org/1999/02/22-rdf-syntax-ns#XMLLiteral","value":"This multiple contains the numbers surveyed in regards to the five\rratings, Very Good, Good, Average, Fair, and Poor, for question one\rof the Dietetic Survey on whether the food looked attractive, appetizing."}},{"number":"59","flags":"117.359","name":"OLD SURVEY - TASTE","location":"TAS;0","type":"9","details":"117.359","description":{"fmId":"-1","fmType":"5","type":"typed-literal","datatype":"http://www.w3.org/1999/02/22-rdf-syntax-ns#XMLLiteral","value":"This multiple contains the numbers surveyed in regards to the five\rratings, Very Good, Good, Average, Fair, and Poor, for question two\rof the Dietetic Survey on whether the food tastes good."}},{"number":"60","flags":"117.31","name":"OLD SURVEY - TEMPERATURE","location":"TEM;0","type":"9","details":"117.31","description":{"fmId":"-1","fmType":"5","type":"typed-literal","datatype":"http://www.w3.org/1999/02/22-rdf-syntax-ns#XMLLiteral","value":"This multiple contains the numbers surveyed in regards to the five\rratings, Very Good, Good, Average, Fair, and Poor, for question three\rof the Dietetic Survey on the temperature of the food."}},{"number":"61","flags":"117.361","name":"OLD SURVEY - VARIETY","location":"VAR;0","type":"9","details":"117.361","description":{"fmId":"-1","fmType":"5","type":"typed-literal","datatype":"http://www.w3.org/1999/02/22-rdf-syntax-ns#XMLLiteral","value":"This multiple contains the numbers surveyed in regards to the five\rratings, Very Good, Good, Average, Fair, and Poor, for question\rfour of the Dietetic Survey on the variety of foods served."}},{"number":"62","flags":"117.362","name":"OLD SURVEY - CLEANLINESS","location":"CLN;0","type":"9","details":"117.362","description":{"fmId":"-1","fmType":"5","type":"typed-literal","datatype":"http://www.w3.org/1999/02/22-rdf-syntax-ns#XMLLiteral","value":"This multiple contains the numbers surveyed in regards to the five\rratings, Very Good, Good, Average, Fair, and Poor, for question five\rof the Dietetic Survey on whether the dishes, cups, and utensils\rwere clean."}},{"number":"63","flags":"117.363","name":"OLD SURVEY - COURTEOUS","location":"CRS;0","type":"9","details":"117.363","description":{"fmId":"-1","fmType":"5","type":"typed-literal","datatype":"http://www.w3.org/1999/02/22-rdf-syntax-ns#XMLLiteral","value":"This multiple contains the number surveyed in regards to the five\rratings, Very Good, Good, Average, Fair, and Poor, for question\rsix of the Dietetic Survey on whether the Dietetic Service staff\rwere courteous."}},{"number":"64","flags":"117.364","name":"OLD SURVEY - TIME","location":"TIM;0","type":"9","details":"117.364","description":{"fmId":"-1","fmType":"5","type":"typed-literal","datatype":"http://www.w3.org/1999/02/22-rdf-syntax-ns#XMLLiteral","value":"This multiple contains the numbers surveyed in regards to the five\rratings, Very Good, Good, Average, Fair, and Poor, for question seven\rof the Dietetic Survey on whether there was adequate time to eat."}},{"number":"65","flags":"117.365","name":"OLD SURVEY - INFO","location":"INF;0","type":"9","details":"117.365","description":{"fmId":"-1","fmType":"5","type":"typed-literal","datatype":"http://www.w3.org/1999/02/22-rdf-syntax-ns#XMLLiteral","value":"This multiple contains the numbers surveyed in regards to the five\rratings, Very Good, Good, Average, Fair, and Poor, for question eight\rof the Dietetic Survey on the diet information given by the\rdietitian/dietetic technician."}},{"number":"66","flags":"117.366","name":"OLD SURVEY - OVERALL","location":"OVA;0","type":"9","details":"117.366","description":{"fmId":"-1","fmType":"5","type":"typed-literal","datatype":"http://www.w3.org/1999/02/22-rdf-syntax-ns#XMLLiteral","value":"This multiple contains the numbers surveyed in regards to the five\rratings, Very Good, Good, Average, Fair, and Poor, for question nine\rof the Dietetic Survey on the overall quality of the food service."}},{"number":"70","flags":"117.37","name":"APPETIZING","location":"Q1AP;0","type":"9","details":"117.37","description":{"fmId":"-1","fmType":"5","type":"typed-literal","datatype":"http://www.w3.org/1999/02/22-rdf-syntax-ns#XMLLiteral","value":"This multiple contains the numbers surveyed in regard to the five\rratings, Excellent, Very Good, Good, Fair and Unacceptable for question #1\rof the Dietetic Survey on whether the food looked appealing and appetizing."}},{"number":"71","flags":"117.371","name":"FOODS PREFERRED","location":"Q2FP;0","type":"9","details":"117.371","description":{"fmId":"-1","fmType":"5","type":"typed-literal","datatype":"http://www.w3.org/1999/02/22-rdf-syntax-ns#XMLLiteral","value":"This multiple contains the numbers surveyed in regard to the five\rratings, Excellent, Very Good, Good, Fair and Unacceptable for question #2\rof the Dietetic Survey on whether the meals include preferred foods."}},{"number":"72","flags":"117.372","name":"HOT ENOUGH","location":"Q3HF;0","type":"9","details":"117.372","description":{"fmId":"-1","fmType":"5","type":"typed-literal","datatype":"http://www.w3.org/1999/02/22-rdf-syntax-ns#XMLLiteral","value":"This multiple contains the numbers surveyed in regard to the five\rratings, Excellent, Very Good, Good, Fair and Unacceptable for question #3\rof the Dietetic Survey on whether the food was hot enough."}},{"number":"73","flags":"117.373","name":"COLD ENOUGH","location":"Q4CF;0","type":"9","details":"117.373","description":{"fmId":"-1","fmType":"5","type":"typed-literal","datatype":"http://www.w3.org/1999/02/22-rdf-syntax-ns#XMLLiteral","value":"This multiple contains the numbers surveyed in regard to the five\rratings, Excellent, Very Good, Good, Fair and Unacceptable for\rquestion #4 of the Dietetic Survey on whether items such as juice,\rmilk and desserts were cold enough."}},{"number":"74","flags":"117.374","name":"COURTEOUS","location":"Q5CR;0","type":"9","details":"117.374","description":{"fmId":"-1","fmType":"5","type":"typed-literal","datatype":"http://www.w3.org/1999/02/22-rdf-syntax-ns#XMLLiteral","value":"This multiple contains the numbers surveyed in regard to the five ratings,\rExcellent, Very Good, Good, Fair and Unacceptable for question #5 of the\rDietetic Survey on whether NF&S employees were polite."}},{"number":"75","flags":"117.375","name":"PREFERENCES DISCUSSED","location":"Q6PD;0","type":"9","details":"117.375","description":{"fmId":"-1","fmType":"5","type":"typed-literal","datatype":"http://www.w3.org/1999/02/22-rdf-syntax-ns#XMLLiteral","value":"This multiple contains the numbers surveyed in regard to the five ratings,\rExcellent, Very Good, Good, Fair and Unacceptable for question #6 of the\rDietetic Survey on whether patient's food likes and dislikes are discussed."}},{"number":"76","flags":"117.376","name":"TIMELINESS","location":"Q7TI;0","type":"9","details":"117.376","description":{"fmId":"-1","fmType":"5","type":"typed-literal","datatype":"http://www.w3.org/1999/02/22-rdf-syntax-ns#XMLLiteral","value":"This multiple contains the numbers surveyed in regard to the five ratings,\rExcellent, Very Good, Good, Fair and Unacceptable for question #7 of the\rDietetic Survey on whether meals are served about the same time each day."}},{"number":"77","flags":"117.377","name":"ENOUGH TIME","location":"Q8ET;0","type":"9","details":"117.377","description":{"fmId":"-1","fmType":"5","type":"typed-literal","datatype":"http://www.w3.org/1999/02/22-rdf-syntax-ns#XMLLiteral","value":"This multiple contains the numbers surveyed in regard to the five\rratings, Excellent, Very Good, Good, Fair and Unacceptable for question #8\rof the Dietetic Survey on whether the patient had enough time to eat."}},{"number":"78","flags":"117.378","name":"NUTRITIONAL INFO","location":"Q9NI;0","type":"9","details":"117.378","description":{"fmId":"-1","fmType":"5","type":"typed-literal","datatype":"http://www.w3.org/1999/02/22-rdf-syntax-ns#XMLLiteral","value":"This multiple contains the numbers surveyed in regard to the five ratings,\rExcellent, Very Good, Good, Fair and Unacceptable for question #9 of the\rDietetic Survey on whether the patient received nutritional information \ror an individual diet plan."}},{"number":"79","flags":"117.379","name":"OVERALL","location":"Q10V;0","type":"9","details":"117.379","description":{"fmId":"-1","fmType":"5","type":"typed-literal","datatype":"http://www.w3.org/1999/02/22-rdf-syntax-ns#XMLLiteral","value":"This multiple contains the numbers surveyed in regard to the five ratings,\rExcellent, Very Good, Good, Fair and Unacceptable for question #10 of the\rDietetic Survey on the overall quality of the N&FS."}}],"fmql":{"OP":"DESCRIBE TYPE","TYPE":"117_3","TYPELABEL":"ANNUAL REPORT"}}