{"name":"CENSUS DATE","number":"119.722","parent":"119.72","fields":[{"number":".01","flags":"DX","name":"CENSUS DATE","location":"0;1","type":"1","inputTransform":"S %DT=\"EX\" D ^%DT S X=Y K:Y<1 X I $D(X) S DINUM=X","description":{"fmId":"-1","fmType":"5","type":"typed-literal","datatype":"http://www.w3.org/1999/02/22-rdf-syntax-ns#XMLLiteral","value":"This is the date for which the forecast census and actual census\rare tabulated."}},{"number":"1","flags":"NJ4,0","name":"FORECAST CENSUS","location":"0;2","type":"2","inputTransform":"K:+X'=X!(X>5000)!(X<0)!(X?.E1\".\"1N.N) X","description":{"fmId":"-1","fmType":"5","type":"typed-literal","datatype":"http://www.w3.org/1999/02/22-rdf-syntax-ns#XMLLiteral","value":"This is the calculated forecast census for wards served by this\rService Point. It should be noted that some of these wards may\rhave only a small percentage of their patients served by the\rService Point."}},{"number":"2","flags":"NJ4,0","name":"ACTUAL CENSUS","location":"0;3","type":"2","inputTransform":"K:+X'=X!(X>5000)!(X<0)!(X?.E1\".\"1N.N) X","description":{"fmId":"-1","fmType":"5","type":"typed-literal","datatype":"http://www.w3.org/1999/02/22-rdf-syntax-ns#XMLLiteral","value":"This field contains the actual census of the wards served by this\rService Point based upon the MAS ward census values."}},{"number":"3","flags":"NJ4,0","name":"CORRECTED FORECAST","location":"0;4","type":"2","inputTransform":"K:+X'=X!(X>5000)!(X<0)!(X?.E1\".\"1N.N) X","description":{"fmId":"-1","fmType":"5","type":"typed-literal","datatype":"http://www.w3.org/1999/02/22-rdf-syntax-ns#XMLLiteral","value":"This field contains the corrected forecast which is the forecast\rcensus corrected by applying the various percentages for tray,\rcafeteria, and dining room utilization."}},{"number":"5","flags":"D","name":"DATE OF LAST FORECAST","location":"0;5","type":"1","inputTransform":"S %DT=\"EX\" D ^%DT S X=Y K:Y<1 X","description":{"fmId":"-1","fmType":"5","type":"typed-literal","datatype":"http://www.w3.org/1999/02/22-rdf-syntax-ns#XMLLiteral","value":"This is the date on which the last forecast was made for this\rcensus date."}}],"fmql":{"OP":"DESCRIBE TYPE","TYPE":"119_722","TYPELABEL":"CENSUS DATE"}}