{"count": "0", "applicationGroups": "VA", "description": {"datatype": "http://www.w3.org/1999/02/22-rdf-syntax-ns#XMLLiteral", "fmType": "5", "fmId": "-1", "value": "This file contains the list of valid collection methods for race and \rethnicity.  The allowable entries are maintained by VA Central Office and,\ras such, alteration and/or addition of entries is not allowed.", "type": "typed-literal"}, "fields": [{"index": "B", "name": "name", "number": ".01", "flags": "RF", "location": "0;1", "type": "4", "description": {"datatype": "http://www.w3.org/1999/02/22-rdf-syntax-ns#XMLLiteral", "fmType": "5", "fmId": "-1", "value": "This field contains the name of a collection method used to obtain a value\rfor race and ethnicity during enter/edit of patient data information.\r \rThese entries are maintained by VA Central Office and entry/edit of\rentries is not allowed.", "type": "typed-literal"}}, {"index": "C", "name": "abbreviation", "number": ".02", "flags": "F", "location": "0;2", "type": "4", "description": {"datatype": "http://www.w3.org/1999/02/22-rdf-syntax-ns#XMLLiteral", "fmType": "5", "fmId": "-1", "value": "This field contains the abbreviation for this collection method entry.  \rThis may appear on various outputs where there is insufficient room to\rprint the entire name of the collection method.", "type": "typed-literal"}}, {"index": "AHL7", "name": "hl7_value", "number": ".03", "flags": "RF", "location": "0;3", "type": "4", "description": {"datatype": "http://www.w3.org/1999/02/22-rdf-syntax-ns#XMLLiteral", "fmType": "5", "fmId": "-1", "value": "HL7 representation of this collection method", "type": "typed-literal"}}, {"description": {"datatype": "http://www.w3.org/1999/02/22-rdf-syntax-ns#XMLLiteral", "fmType": "5", "fmId": "-1", "value": "PTF representation of this collection method", "type": "typed-literal"}, "number": ".05", "flags": "RF", "location": "0;5", "type": "4", "name": "ptf_value"}], "fmql": {"TYPELABEL": "RACE AND ETHNICITY COLLECTION METHOD", "TYPE": "10_3", "OP": "DESCRIBE TYPE"}, "number": "10.3", "location": "^DIC(10.3,", "name": "RACE AND ETHNICITY COLLECTION METHOD"}