{"name":"PRIMARY DELIVERY SYSTEM","number":"117.313","parent":"117.3","fields":[{"number":".01","flags":"M*P117.4'","name":"PRIMARY DELIVERY SYSTEM","location":"0;1","index":"B","type":"7","details":"117.4","inputTransform":"S DIC(\"S\")=\"I $P(^(0),U,2)=\"\"D\"\"\" D ^DIC K DIC S DIC=DIE,X=+Y K:Y<0 X","description":{"fmId":"-1","fmType":"5","type":"typed-literal","datatype":"http://www.w3.org/1999/02/22-rdf-syntax-ns#XMLLiteral","value":"This field points to the Dietetic Report Categories for the Primary\rDelivery System."}}],"fmql":{"OP":"DESCRIBE TYPE","TYPE":"117_313","TYPELABEL":"PRIMARY DELIVERY SYSTEM"}}