{"name":"CPRS QUERY EDIT CONTROL","number":"102.23","location":"^ORD(102.23,","count":"15","lastIEN":"15","description":{"fmId":"-1","fmType":"5","type":"typed-literal","datatype":"http://www.w3.org/1999/02/22-rdf-syntax-ns#XMLLiteral","value":"This file contains a list of graphical editors that are available within \rthe CPRS query tool for editing constraints."},"version":"3.0","vpackage":"OR","fields":[{"number":".001","flags":"NJ2,0","name":"NUMBER","type":"6","computation":"K:+X'=X!(X>99)!(X<1)!(X?.E1\".\"1N.N) X","description":{"fmId":"-1","fmType":"5","type":"typed-literal","datatype":"http://www.w3.org/1999/02/22-rdf-syntax-ns#XMLLiteral","value":"This is the integer constant by which the specific editor is identified\rby the client software."}},{"number":".01","flags":"RFI","name":"NAME","location":"0;1","index":"B","type":"4","inputTransform":"K:$L(X)>30!(X?.N)!($L(X)<3)!'(X'?1P.E) X","description":{"fmId":"-1","fmType":"5","type":"typed-literal","datatype":"http://www.w3.org/1999/02/22-rdf-syntax-ns#XMLLiteral","value":"The is the human-readable name of the editor."}}],"fmql":{"OP":"DESCRIBE TYPE","TYPE":"102_23","TYPELABEL":"CPRS QUERY EDIT CONTROL"}}