{"count": "0", "description": {"datatype": "http://www.w3.org/1999/02/22-rdf-syntax-ns#XMLLiteral", "fmType": "5", "fmId": "-1", "value": "This file is pointed to by the ATTENDING CODE field in the SURGERY\rfile (#130). It contains the codes representing the highest level of\rresident supervision provided by the attending staff surgeon. \r \rSites should NOT make additional entries to this file and should NOT\rmodify existing entries in this file.", "type": "typed-literal"}, "fields": [{"description": {"datatype": "http://www.w3.org/1999/02/22-rdf-syntax-ns#XMLLiteral", "fmType": "5", "fmId": "-1", "value": "This is the attending code name briefly describing the highest level \rof resident supervision provided by the attending staff surgeon.", "type": "typed-literal"}, "number": ".01", "flags": "RF", "location": "0;1", "type": "4", "name": "attending_code_name"}, {"index": "C", "name": "code", "number": "1", "flags": "F", "location": "0;2", "type": "4", "description": {"datatype": "http://www.w3.org/1999/02/22-rdf-syntax-ns#XMLLiteral", "fmType": "5", "fmId": "-1", "value": "This is the code representing the highest level of resident supervision\rprovided by the attending staff surgeon.", "type": "typed-literal"}}, {"type": "5", "location": "1;0", "flags": "132.92", "number": "2", "name": "description"}, {"name": "inactive", "description": {"datatype": "http://www.w3.org/1999/02/22-rdf-syntax-ns#XMLLiteral", "fmType": "5", "fmId": "-1", "value": "This field flags this attending code as inactive.", "type": "typed-literal"}, "number": "3", "flags": "S", "details": "1:YES;", "type": "3", "location": "0;3"}], "fmql": {"TYPELABEL": "ATTENDING CODES", "TYPE": "132_9", "OP": "DESCRIBE TYPE"}, "number": "132.9", "location": "^SRO(132.9,", "name": "ATTENDING CODES"}