{"fields": [{"index": "B", "name": "associated_mas_ward", "description": {"datatype": "http://www.w3.org/1999/02/22-rdf-syntax-ns#XMLLiteral", "fmType": "5", "fmId": "-1", "value": "This field indicates that (a) on admission, a patient with no room-bed,\rbut assigned to this MAS ward, will be considered to be on this Dietetic\rWard.\r(b) For forecasting purposes, the census of this MAS ward will be used\rin calculating the forecasted census for this Dietetic ward.", "type": "typed-literal"}, "number": ".01", "flags": "MP42'X", "location": "0;1", "type": "7", "details": "42"}], "fmql": {"TYPELABEL": "ASSOCIATED MAS WARD", "TYPE": "119_63", "OP": "DESCRIBE TYPE"}, "name": "ASSOCIATED MAS WARD", "parent": "119.6", "number": "119.63"}