{"count": "0", "description": {"datatype": "http://www.w3.org/1999/02/22-rdf-syntax-ns#XMLLiteral", "fmType": "5", "fmId": "-1", "value": "This file contains the various dietetic encounters entered\rby dietetics personnel. It includes patient-related events,\rsuch as diet instructions, as well as non-patient-related\revents such as talks to the community.", "type": "typed-literal"}, "fields": [{"index": "B", "name": "number", "number": ".01", "flags": "RNJ9,0X", "location": "0;1", "type": "2", "description": {"datatype": "http://www.w3.org/1999/02/22-rdf-syntax-ns#XMLLiteral", "fmType": "5", "fmId": "-1", "value": "This field contains a sequential number assigned to the encounter\rand has no meaning.", "type": "typed-literal"}}, {"index": "AT", "name": "date_time_of_encounter", "number": "1", "flags": "RD", "location": "0;2", "type": "1", "description": {"datatype": "http://www.w3.org/1999/02/22-rdf-syntax-ns#XMLLiteral", "fmType": "5", "fmId": "-1", "value": "This field contains the date and time at which the dietetic encounter\rtook place.", "type": "typed-literal"}}, {"name": "clinician", "description": {"datatype": "http://www.w3.org/1999/02/22-rdf-syntax-ns#XMLLiteral", "fmType": "5", "fmId": "-1", "value": "This field contains a pointer to the clinician who provided the\rservice during the encounter.", "type": "typed-literal"}, "number": "2", "flags": "RP200'", "details": "200", "type": "7", "location": "0;3"}, {"name": "encounter_type", "description": {"datatype": "http://www.w3.org/1999/02/22-rdf-syntax-ns#XMLLiteral", "fmType": "5", "fmId": "-1", "value": "This field contains a pointer to the Encounter Type file (115.6)\rindicating the type of encounter.", "type": "typed-literal"}, "number": "3", "flags": "RP115.6'", "details": "115.6", "type": "7", "location": "0;4"}, {"name": "event_location", "description": {"datatype": "http://www.w3.org/1999/02/22-rdf-syntax-ns#XMLLiteral", "fmType": "5", "fmId": "-1", "value": "This optional field contains a pointer to the Hospital Location\rfile (44) indicating where the encounter took place.", "type": "typed-literal"}, "number": "4", "flags": "P44'", "details": "44", "type": "7", "location": "0;5"}, {"name": "initial_followup", "description": {"datatype": "http://www.w3.org/1999/02/22-rdf-syntax-ns#XMLLiteral", "fmType": "5", "fmId": "-1", "value": "This field indicates whether the encounter was an initial one\rof this type or a follow-up.", "type": "typed-literal"}, "number": "5", "flags": "S", "details": "I:INITIAL;F:FOLLOWUP;", "type": "3", "location": "0;7"}, {"description": {"datatype": "http://www.w3.org/1999/02/22-rdf-syntax-ns#XMLLiteral", "fmType": "5", "fmId": "-1", "value": "This field contains the number of time units earned by this\rencounter.", "type": "typed-literal"}, "number": "6", "flags": "NJ3,0", "location": "0;8", "type": "2", "name": "time_units"}, {"name": "group_individual", "description": {"datatype": "http://www.w3.org/1999/02/22-rdf-syntax-ns#XMLLiteral", "fmType": "5", "fmId": "-1", "value": "This field indicates whether the encounter was a group one or\ran encounter with a single individual.", "type": "typed-literal"}, "number": "7", "flags": "S", "details": "G:GROUP;I:INDIVIDUAL;", "type": "3", "location": "0;9"}, {"description": {"datatype": "http://www.w3.org/1999/02/22-rdf-syntax-ns#XMLLiteral", "fmType": "5", "fmId": "-1", "value": "This field contains the total number of persons involved,\rincluding any collaterals.", "type": "typed-literal"}, "number": "8", "flags": "NJ4,0", "location": "0;10", "type": "2", "name": "group_size"}, {"description": {"datatype": "http://www.w3.org/1999/02/22-rdf-syntax-ns#XMLLiteral", "fmType": "5", "fmId": "-1", "value": "This field may contain a short comment concerning the event.", "type": "typed-literal"}, "number": "10", "flags": "F", "location": "0;11", "type": "4", "name": "event_comment"}, {"index": "CO", "name": "communications_office", "number": "11", "flags": "RP119.73'", "location": "0;6", "type": "7", "details": "119.73"}, {"name": "patient", "description": {"datatype": "http://www.w3.org/1999/02/22-rdf-syntax-ns#XMLLiteral", "fmType": "5", "fmId": "-1", "value": "This field is a multiple containing data relating to patients\rinvolved in the encounter.", "type": "typed-literal"}, "number": "20", "flags": "115.701PA", "details": "115.701", "type": "9", "location": "P;0"}, {"name": "entering_clerk", "description": {"datatype": "http://www.w3.org/1999/02/22-rdf-syntax-ns#XMLLiteral", "fmType": "5", "fmId": "-1", "value": "This field is a pointer indicating the person making the\rencounter entry.", "type": "typed-literal"}, "number": "101", "flags": "RP200'", "details": "200", "type": "7", "location": "0;13"}, {"description": {"datatype": "http://www.w3.org/1999/02/22-rdf-syntax-ns#XMLLiteral", "fmType": "5", "fmId": "-1", "value": "This field contains the date/time the encounter was actually\rentered.", "type": "typed-literal"}, "number": "102", "flags": "RD", "location": "0;14", "type": "1", "name": "date_time_entered"}, {"description": {"datatype": "http://www.w3.org/1999/02/22-rdf-syntax-ns#XMLLiteral", "fmType": "5", "fmId": "-1", "value": "This is the date/time that the encounter was last reviewed.", "type": "typed-literal"}, "number": "103", "flags": "D", "location": "0;15", "type": "1", "name": "last_review_date_time"}, {"name": "review_clerk", "description": {"datatype": "http://www.w3.org/1999/02/22-rdf-syntax-ns#XMLLiteral", "fmType": "5", "fmId": "-1", "value": "This is a pointer to File 200 of the person entering the review.", "type": "typed-literal"}, "number": "104", "flags": "P200'", "details": "200", "type": "7", "location": "0;16"}], "fmql": {"TYPELABEL": "DIETETIC ENCOUNTERS", "TYPE": "115_7", "OP": "DESCRIBE TYPE"}, "number": "115.7", "location": "^FHEN(", "name": "DIETETIC ENCOUNTERS"}