{"count": "0", "description": {"datatype": "http://www.w3.org/1999/02/22-rdf-syntax-ns#XMLLiteral", "fmType": "5", "fmId": "-1", "value": "This file holds an audit trail of all changes made to the Problem\rList entries including the old and new values, who made the change,\rand why.  Each entry here represents a single change to one problem.", "type": "typed-literal"}, "fields": [{"index": "B", "name": "problem", "description": {"datatype": "http://www.w3.org/1999/02/22-rdf-syntax-ns#XMLLiteral", "fmType": "5", "fmId": "-1", "value": "This is the problem for which a change is being recorded.", "type": "typed-literal"}, "number": ".01", "flags": "RP9000011'", "location": "0;1", "type": "7", "details": "9000011"}, {"description": {"datatype": "http://www.w3.org/1999/02/22-rdf-syntax-ns#XMLLiteral", "fmType": "5", "fmId": "-1", "value": "This is the number of the field for which a change is being recorded.", "type": "typed-literal"}, "number": "1", "flags": "RNJ9,4", "location": "0;2", "type": "2", "name": "field_number"}, {"description": {"datatype": "http://www.w3.org/1999/02/22-rdf-syntax-ns#XMLLiteral", "fmType": "5", "fmId": "-1", "value": "This is the date and time that this data was changed.", "type": "typed-literal"}, "number": "2", "flags": "RD", "location": "0;3", "type": "1", "name": "date_time_modified"}, {"name": "who_modified", "description": {"datatype": "http://www.w3.org/1999/02/22-rdf-syntax-ns#XMLLiteral", "fmType": "5", "fmId": "-1", "value": "This is the user who actually made the change to this data; the current\ruser's DUZ is stuffed in here.", "type": "typed-literal"}, "number": "3", "flags": "P200'", "details": "200", "type": "7", "location": "0;4"}, {"description": {"datatype": "http://www.w3.org/1999/02/22-rdf-syntax-ns#XMLLiteral", "fmType": "5", "fmId": "-1", "value": "This is the original value as stored in the Problem file global\r(internal format).", "type": "typed-literal"}, "number": "4", "flags": "F", "location": "0;5", "type": "4", "name": "old_value"}, {"description": {"datatype": "http://www.w3.org/1999/02/22-rdf-syntax-ns#XMLLiteral", "fmType": "5", "fmId": "-1", "value": "This is the new value now stored in the Problem file global (internal\rformat).", "type": "typed-literal"}, "number": "5", "flags": "F", "location": "0;6", "type": "4", "name": "new_value"}, {"description": {"datatype": "http://www.w3.org/1999/02/22-rdf-syntax-ns#XMLLiteral", "fmType": "5", "fmId": "-1", "value": "This is the description of why the change was made, if known.", "type": "typed-literal"}, "number": "6", "flags": "F", "location": "0;7", "type": "4", "name": "reason_for_change"}, {"name": "requesting_provider", "description": {"datatype": "http://www.w3.org/1999/02/22-rdf-syntax-ns#XMLLiteral", "fmType": "5", "fmId": "-1", "value": "This is the provider who either changed this data, or directed it to be\rchanged.", "type": "typed-literal"}, "number": "7", "flags": "P200'", "details": "200", "type": "7", "location": "0;8"}, {"description": {"datatype": "http://www.w3.org/1999/02/22-rdf-syntax-ns#XMLLiteral", "fmType": "5", "fmId": "-1", "value": "This is the entire problem entry (internal format) as it existed prior\rto changing this data.", "type": "typed-literal"}, "number": "10", "flags": "F", "location": "1;1", "type": "4", "name": "old_problem_entry"}], "fmql": {"TYPELABEL": "PROBLEM LIST AUDIT", "TYPE": "125_8", "OP": "DESCRIBE TYPE"}, "number": "125.8", "location": "^GMPL(125.8,", "name": "PROBLEM LIST AUDIT"}