{"name":"GMRA DOCUMENT","number":"120.87","location":"^GMRD(120.87,","count":"1","lastIEN":"1","description":{"fmId":"-1","fmType":"5","type":"typed-literal","datatype":"http://www.w3.org/1999/02/22-rdf-syntax-ns#XMLLiteral","value":"This file contains the name and text of documents that can be displayed\rto the user (e.g., ART Reference Card text)."},"version":"4.0","vpackage":"ADVERSE REACTION TRACKING","fields":[{"number":".01","flags":"RF","name":"NAME","location":"0;1","index":"B","type":"4","inputTransform":"K:$L(X)>30!(X?.N)!($L(X)<3)!'(X'?1P.E) X","description":{"fmId":"-1","fmType":"5","type":"typed-literal","datatype":"http://www.w3.org/1999/02/22-rdf-syntax-ns#XMLLiteral","value":"This field contains the name of the document to be displayed."}},{"number":"1","flags":"120.871","name":"TEXT","location":"1;0","type":"5","description":{"fmId":"-1","fmType":"5","type":"typed-literal","datatype":"http://www.w3.org/1999/02/22-rdf-syntax-ns#XMLLiteral","value":"This field contains the text of the document."}}],"fmql":{"OP":"DESCRIBE TYPE","TYPE":"120_87","TYPELABEL":"GMRA DOCUMENT"}}