{"fields": [{"index": "B", "name": "logical_name", "number": ".01", "flags": "MF", "location": "0;1", "type": "4", "description": {"datatype": "http://www.w3.org/1999/02/22-rdf-syntax-ns#XMLLiteral", "fmType": "5", "fmId": "-1", "value": "This is the name by which controls can refer to each other.", "type": "typed-literal"}}, {"name": "item", "number": "2", "flags": "P101.41'", "details": "101.41", "type": "7", "location": "0;2"}, {"index": "AC", "name": "create_sequence", "number": "3", "flags": "NJ2,0", "location": "0;3", "type": "2"}, {"name": "control_type", "number": "4", "flags": "S", "details": "0:Label;1:Button;2:Edit;3:Memo;4:ListBox;5:SimpleCombo;6:DropDownList;7:LongCombo;", "type": "3", "location": "0;4"}, {"type": "4", "location": "0;5", "flags": "F", "number": "5", "name": "label"}, {"type": "4", "location": "0;6", "flags": "F", "number": "6", "name": "beside"}, {"type": "4", "location": "0;7", "flags": "F", "number": "7", "name": "below"}, {"type": "2", "location": "0;8", "flags": "NJ6,4", "number": "8", "name": "width"}, {"type": "4", "location": "0;9", "flags": "F", "number": "9", "name": "left_control"}, {"type": "4", "location": "0;10", "flags": "F", "number": "10", "name": "right_control"}, {"type": "2", "location": "0;11", "flags": "NJ2,0", "number": "11", "name": "height"}, {"type": "4", "location": "0;12", "flags": "F", "number": "12", "name": "upper_control"}, {"type": "4", "location": "0;13", "flags": "F", "number": "13", "name": "lower_control"}, {"type": "2", "location": "0;14", "flags": "NJ2,0", "number": "14", "name": "tab_sequence"}], "fmql": {"TYPELABEL": "CONTROLS", "TYPE": "101_415", "OP": "DESCRIBE TYPE"}, "name": "CONTROLS", "parent": "101.41", "number": "101.415"}