{"count": "0", "description": {"datatype": "http://www.w3.org/1999/02/22-rdf-syntax-ns#XMLLiteral", "fmType": "5", "fmId": "-1", "value": "This file contains information specific to the General Medical Record -\rVitals/Measurements orders.", "type": "typed-literal"}, "fields": [{"index": "B", "name": "name", "description": {"datatype": "http://www.w3.org/1999/02/22-rdf-syntax-ns#XMLLiteral", "fmType": "5", "fmId": "-1", "value": "This field is a pointer to the OE/RR ORDERS file (#100).  This record \rcontains detailed information about the order it points to.", "type": "typed-literal"}, "number": ".01", "flags": "R*P100'X", "location": "0;1", "type": "7", "details": "100"}, {"description": {"datatype": "http://www.w3.org/1999/02/22-rdf-syntax-ns#XMLLiteral", "fmType": "5", "fmId": "-1", "value": "This field represents the frequency of administration of this order.", "type": "typed-literal"}, "number": "1", "flags": "RF", "location": "0;2", "type": "4", "name": "administration_schedule"}, {"description": {"datatype": "http://www.w3.org/1999/02/22-rdf-syntax-ns#XMLLiteral", "fmType": "5", "fmId": "-1", "value": "This field reflects the times of the day that the requested vitals should be\rtaken.  Use military time (24 hour clock) when entering these times, \rseparating each time with a '-'.  Be sure that the times are in ascending\rorder, i.e., 06-14-22 or 0600-1400-2200.  All times must be the same length,\reither 2 or 4 digits.", "type": "typed-literal"}, "number": "2", "flags": "FX", "location": "0;3", "type": "4", "name": "administration_times"}, {"description": {"datatype": "http://www.w3.org/1999/02/22-rdf-syntax-ns#XMLLiteral", "fmType": "5", "fmId": "-1", "value": "This field reflects the number of minutes between each vital measurement\rreading.", "type": "typed-literal"}, "number": "3", "flags": "FX", "location": "0;4", "type": "4", "name": "frequency"}, {"description": {"datatype": "http://www.w3.org/1999/02/22-rdf-syntax-ns#XMLLiteral", "fmType": "5", "fmId": "-1", "value": "This field contains any additional information regarding this order.", "type": "typed-literal"}, "number": "10", "flags": "F", "location": "O;1", "type": "4", "name": "other_information"}], "fmql": {"TYPELABEL": "GMRV ORDERS", "TYPE": "120_55", "OP": "DESCRIBE TYPE"}, "number": "120.55", "location": "^GMR(120.55,", "name": "GMRV ORDERS"}