{"fields": [{"index": "B", "name": "reactions", "description": {"datatype": "http://www.w3.org/1999/02/22-rdf-syntax-ns#XMLLiteral", "fmType": "5", "fmId": "-1", "value": "One sign/symptom observed for this reaction.", "type": "typed-literal"}, "number": ".01", "flags": "MP120.83'", "location": "0;1", "type": "7", "details": "120.83"}, {"description": {"datatype": "http://www.w3.org/1999/02/22-rdf-syntax-ns#XMLLiteral", "fmType": "5", "fmId": "-1", "value": "If this sign/symptom cannot be found in the Sign/Symptoms (120.83) file,\rthen the free text of what the user typed in will be here, and the\rsigns/symptoms of OTHER REACTION will be the value of the REACTIONS field.", "type": "typed-literal"}, "number": "1", "flags": "F", "location": "0;2", "type": "4", "name": "other_reaction"}, {"name": "entered_by", "description": {"datatype": "http://www.w3.org/1999/02/22-rdf-syntax-ns#XMLLiteral", "fmType": "5", "fmId": "-1", "value": "The person who entered this reaction into the system.", "type": "typed-literal"}, "number": "2", "flags": "P200'", "details": "200", "type": "7", "location": "0;3"}], "fmql": {"TYPELABEL": "REACTIONS", "TYPE": "120_8502", "OP": "DESCRIBE TYPE"}, "name": "REACTIONS", "parent": "120.85", "number": "120.8502"}