{"fields": [{"index": "B", "name": "results_date_time", "number": ".01", "flags": "D", "location": "0;1", "type": "1"}, {"type": "4", "location": "0;2", "flags": "F", "number": "1", "name": "wbc_test_name"}, {"type": "2", "location": "0;3", "flags": "NJ9,3X", "number": "2", "name": "wbc_result"}, {"type": "4", "location": "0;4", "flags": "F", "number": "3", "name": "anc_test_name"}, {"type": "2", "location": "0;5", "flags": "NJ9,3", "number": "4", "name": "anc_result"}], "fmql": {"TYPELABEL": "LAB RESULTS", "TYPE": "100_518", "OP": "DESCRIBE TYPE"}, "name": "LAB RESULTS", "parent": "100.05", "number": "100.518"}