{"count": "0", "description": {"datatype": "http://www.w3.org/1999/02/22-rdf-syntax-ns#XMLLiteral", "fmType": "5", "fmId": "-1", "value": "This file contains a list of types of dietetic encounters,\ror events, which are used to account for many of the professional\ractivities of dietetic personnel.", "type": "typed-literal"}, "fields": [{"index": "B", "name": "name", "number": ".01", "flags": "RF", "location": "0;1", "type": "4", "description": {"datatype": "http://www.w3.org/1999/02/22-rdf-syntax-ns#XMLLiteral", "fmType": "5", "fmId": "-1", "value": "This is the text of the name of the encounter type.", "type": "typed-literal"}}, {"description": {"datatype": "http://www.w3.org/1999/02/22-rdf-syntax-ns#XMLLiteral", "fmType": "5", "fmId": "-1", "value": "This is the time units for an initial encounter of this type.", "type": "typed-literal"}, "number": "2", "flags": "NJ3,0", "location": "0;3", "type": "2", "name": "initial_time"}, {"description": {"datatype": "http://www.w3.org/1999/02/22-rdf-syntax-ns#XMLLiteral", "fmType": "5", "fmId": "-1", "value": "This value, if defined, is the time units for a follow-up\rencounter of this type.", "type": "typed-literal"}, "number": "3", "flags": "NJ3,0", "location": "0;4", "type": "2", "name": "followup_time"}, {"name": "ask_event_location", "description": {"datatype": "http://www.w3.org/1999/02/22-rdf-syntax-ns#XMLLiteral", "fmType": "5", "fmId": "-1", "value": "This field, if YES, means that the event location will be asked\rwhenever an encounter of this type is entered into the\rEncounter file (115.7).", "type": "typed-literal"}, "number": "4", "flags": "S", "details": "Y:YES;N:NO;", "type": "3", "location": "0;5"}, {"name": "individual_group_both", "description": {"datatype": "http://www.w3.org/1999/02/22-rdf-syntax-ns#XMLLiteral", "fmType": "5", "fmId": "-1", "value": "This field indicates whether the encounter type is an individual one,\ra group one, or can be both.", "type": "typed-literal"}, "number": "5", "flags": "S", "details": "I:INDIVIDUAL;G:GROUP;B:BOTH;", "type": "3", "location": "0;6"}, {"name": "ask_patient_names", "description": {"datatype": "http://www.w3.org/1999/02/22-rdf-syntax-ns#XMLLiteral", "fmType": "5", "fmId": "-1", "value": "This field, if answered YES, means that the clinician will be\rprompted for patient names when an encounter of this type\ris entered into the Encounter file (115.7).", "type": "typed-literal"}, "number": "6", "flags": "S", "details": "Y:YES;N:NO;", "type": "3", "location": "0;7"}, {"name": "ask__collaterals", "description": {"datatype": "http://www.w3.org/1999/02/22-rdf-syntax-ns#XMLLiteral", "fmType": "5", "fmId": "-1", "value": "This field, if answered YES, means that the clinician will be\rprompted for the number of collaterals associated with each\rpatient when an encounter of this type is entered into the\rEncounter file (115.7).", "type": "typed-literal"}, "number": "7", "flags": "S", "details": "Y:YES;N:NO;", "type": "3", "location": "0;8"}, {"name": "ask_for_patient_comment", "description": {"datatype": "http://www.w3.org/1999/02/22-rdf-syntax-ns#XMLLiteral", "fmType": "5", "fmId": "-1", "value": "This field, if answered YES, means that the clinician will be\rprompted for a comment to be associated with each patient\rwhen an encounter of this type is entered into the\rEncounter file (115.7).", "type": "typed-literal"}, "number": "8", "flags": "S", "details": "Y:YES;N:NO;", "type": "3", "location": "0;9"}, {"name": "category", "description": {"datatype": "http://www.w3.org/1999/02/22-rdf-syntax-ns#XMLLiteral", "fmType": "5", "fmId": "-1", "value": "The is the category of the Encounter Type.", "type": "typed-literal"}, "number": "10", "flags": "S", "details": "S:Screening;A:Assessment;E:Pat. Education;C:Community;N:Nutrition Inv.;F:Food Svc.;X:Administrative;", "type": "3", "location": "0;2"}, {"name": "inactive", "description": {"datatype": "http://www.w3.org/1999/02/22-rdf-syntax-ns#XMLLiteral", "fmType": "5", "fmId": "-1", "value": "This field, when answered YES, will prohibit further\rselection of this encounter type by dietetic personnel.", "type": "typed-literal"}, "number": "99", "flags": "S", "details": "Y:YES;N:NO;", "type": "3", "location": "I;1"}, {"index": "AX", "name": "ident_number", "number": "101", "flags": "NJ2,0", "location": "0;10", "type": "2", "description": {"datatype": "http://www.w3.org/1999/02/22-rdf-syntax-ns#XMLLiteral", "fmType": "5", "fmId": "-1", "value": "This field is pre-set for some encounter types to uniquely\ridentify them for tabulation and other purposes. The number has\rno meaning.", "type": "typed-literal"}}], "fmql": {"TYPELABEL": "ENCOUNTER TYPES", "TYPE": "115_6", "OP": "DESCRIBE TYPE"}, "number": "115.6", "location": "^FH(115.6,", "name": "ENCOUNTER TYPES"}