{"fields": [{"name": "related_pointer", "description": {"datatype": "http://www.w3.org/1999/02/22-rdf-syntax-ns#XMLLiteral", "fmType": "5", "fmId": "-1", "value": "This field is used as a reference pointer to the other related entries in\rthis file.  Related entries are those entries that corresponded to the\rsame segment, but are at different HL7 sequence locations.", "type": "typed-literal"}, "number": ".01", "flags": "RIMP133.2X", "details": "133.2", "type": "7", "location": "0;1"}], "fmql": {"TYPELABEL": "RELATED POINTER", "TYPE": "133_29", "OP": "DESCRIBE TYPE"}, "name": "RELATED POINTER", "parent": "133.2", "number": "133.29"}