{"name":"REPLACEMENT FLUID TYPE","number":"130.04","parent":"130","fields":[{"number":".01","flags":"*P133.7'","name":"REPLACEMENT FLUID TYPE","location":"0;1","type":"7","details":"133.7","inputTransform":"S DIC(\"S\")=\"I '$P(^(0),U,2)\" D ^DIC K DIC S DIC=DIE,X=+Y K:Y<0 X","description":{"fmId":"-1","fmType":"5","type":"typed-literal","datatype":"http://www.w3.org/1999/02/22-rdf-syntax-ns#XMLLiteral","value":"This is the type of replacement fluid given intravascularly during the\roperative procedure.\r \rEach unique blood product should be entered separately.  This field is\rconsidered optional, but is a significant element of the Nurse's \rIntraoperative Report.  The definition of this field may vary according\rto local policy."}},{"number":"1","flags":"NJ6,0","name":"QTY OF FLUID (ml)","location":"0;2","type":"2","inputTransform":"K:+X'=X!(X>100000)!(X<0)!(X?.E1\".\"1N.N) X","description":{"fmId":"-1","fmType":"5","type":"typed-literal","datatype":"http://www.w3.org/1999/02/22-rdf-syntax-ns#XMLLiteral","value":"This is the number of milliliters of replacement fluid given to the\rpatient intravascularly during the operative procedure.\r "}},{"number":"3","flags":"F","name":"SOURCE ID","location":"0;4","type":"4","inputTransform":"K:$L(X)>30!($L(X)<2) X","description":{"fmId":"-1","fmType":"5","type":"typed-literal","datatype":"http://www.w3.org/1999/02/22-rdf-syntax-ns#XMLLiteral","value":"This is the unique identification number or code provided by the\rsupplier of this replacement fluid.  Although optional, this \rinformation may be useful in documentation of this case.\r "}},{"number":"4","flags":"F","name":"VA IDENT","location":"0;5","type":"4","inputTransform":"K:$L(X)>30!($L(X)<2) X","description":{"fmId":"-1","fmType":"5","type":"typed-literal","datatype":"http://www.w3.org/1999/02/22-rdf-syntax-ns#XMLLiteral","value":"This is the unique identification characters assigned by the local\rblood bank for type specific blood components."}},{"number":"5","flags":"130.12","name":"REPLACEMENT FLUID COMMENTS","location":"1;0","type":"5","description":{"fmId":"-1","fmType":"5","type":"typed-literal","datatype":"http://www.w3.org/1999/02/22-rdf-syntax-ns#XMLLiteral","value":"These are comments related to this specific fluid type.  This\rinformation will be used in documentation of the case.\r "}}],"fmql":{"OP":"DESCRIBE TYPE","TYPE":"130_04","TYPELABEL":"REPLACEMENT FLUID TYPE"}}