{"name":"QUALIFIER","number":"120.505","parent":"120.5","fields":[{"number":".01","flags":"M*P120.52'X","name":"QUALIFIER","location":"0;1","index":"B","type":"7","details":"120.52","inputTransform":"S DIC(\"S\")=\"I $$EN1^GMVFUT0(Y,DA)\" D ^DIC K DIC S DIC=DIE,X=+Y K:Y<0 X","description":{"fmId":"-1","fmType":"5","type":"typed-literal","datatype":"http://www.w3.org/1999/02/22-rdf-syntax-ns#XMLLiteral","value":"This field contains the name of the qualifier associated with\rthis measurement."}}],"fmql":{"OP":"DESCRIBE TYPE","TYPE":"120_505","TYPELABEL":"QUALIFIER"}}