{"name":"UPDATE USER CLASSES W/O NOTIFS","number":"123.59","parent":"123.5","fields":[{"number":".01","flags":"M*P8930'","name":"UPDATE USER CLASS W/O NOTIFS","location":"0;1","index":"B","type":"7","details":"8930","inputTransform":"S DIC(\"S\")=\"I $P(^(0),\"\"^\"\",3)\" D ^DIC K DIC S DIC=DIE,X=+Y K:Y<0 X","description":{"fmId":"-1","fmType":"5","type":"typed-literal","datatype":"http://www.w3.org/1999/02/22-rdf-syntax-ns#XMLLiteral","value":"This field will allow all members of the selected ASU User Class to\rperform full update actions on consults directed to this service."}}],"fmql":{"OP":"DESCRIBE TYPE","TYPE":"123_59","TYPELABEL":"UPDATE USER CLASSES W/O NOTIFS"}}