{"fields": [{"index": "B", "name": "iv_site", "number": ".01", "flags": "RFX", "location": "0;1", "type": "4", "description": {"datatype": "http://www.w3.org/1999/02/22-rdf-syntax-ns#XMLLiteral", "fmType": "5", "fmId": "-1", "value": "This field contains the IV's location such as LEFT HAND, RIGHT HAND and LEFT\rARM, etc.  The user is allowed to select from the IV SITE file (#126.7) by\rentering a number or a combination of numbers.  The software then transforms\rthe number(s) into text.", "type": "typed-literal"}}, {"name": "maintenance_date_time", "description": {"datatype": "http://www.w3.org/1999/02/22-rdf-syntax-ns#XMLLiteral", "fmType": "5", "fmId": "-1", "value": "This multiple stores the DATE/TIME the IV infusion was performed along with\rthe specific tasks associated with the maintenance.", "type": "typed-literal"}, "number": "1", "flags": "126.41DA", "details": "126.41", "type": "9", "location": "1;0"}], "fmql": {"TYPELABEL": "IV MAINTENANCE", "TYPE": "126_04", "OP": "DESCRIBE TYPE"}, "name": "IV MAINTENANCE", "parent": "126", "number": "126.04"}