{"name":"OPERATING ROOM TYPE","number":"134","location":"^SRO(134,","count":"13","lastIEN":"13","description":{"fmId":"-1","fmType":"5","type":"typed-literal","datatype":"http://www.w3.org/1999/02/22-rdf-syntax-ns#XMLLiteral","value":"This file contains information regarding the types of operating rooms.\rIt is pointed to by the TYPE field in the Operating Room file.  The\rOperating Room Type file is distributed with pre-supplied entries. \rSites should NOT make additions to it."},"version":"3","fields":[{"number":".01","flags":"RFI","name":"NAME","location":"0;1","index":"B","type":"4","inputTransform":"K:$L(X)>30!(X?.N)!($L(X)<3)!'(X'?1P.E) X","description":{"fmId":"-1","fmType":"5","type":"typed-literal","datatype":"http://www.w3.org/1999/02/22-rdf-syntax-ns#XMLLiteral","value":"This is the name of the Operating Room Type.  Entries in this file\rshould not be modified locally !!\r "}},{"number":"1","flags":"FI","name":"CODE","location":"0;2","type":"4","inputTransform":"K:$L(X)>3!($L(X)<2) X","description":{"fmId":"-1","fmType":"5","type":"typed-literal","datatype":"http://www.w3.org/1999/02/22-rdf-syntax-ns#XMLLiteral","value":"This is the code corresponding to the Operating Room Type.  This\rinformation is standard nationally and should not be modified\rlocally.\r "}},{"number":"2","flags":"134.01","name":"DESCRIPTION","location":"1;0","type":"5","description":{"fmId":"-1","fmType":"5","type":"typed-literal","datatype":"http://www.w3.org/1999/02/22-rdf-syntax-ns#XMLLiteral","value":"This is the description of the operating room type.\r "}}],"fmql":{"OP":"DESCRIBE TYPE","TYPE":"134","TYPELABEL":"OPERATING ROOM TYPE"}}