{"name":"SUBSCRIBERS","number":"101.0775","parent":"101","fields":[{"number":".01","flags":"M*P101","name":"SUBSCRIBERS","location":"0;1","index":"B","type":"7","details":"101","inputTransform":"S DIC(\"S\")=\"I $P(^(0),U,4)=\"\"S\"\"\" D ^DIC K DIC S DIC=DIE,X=+Y K:Y<0 X","description":{"fmId":"-1","fmType":"5","type":"typed-literal","datatype":"http://www.w3.org/1999/02/22-rdf-syntax-ns#XMLLiteral","value":"This contains Protocols of Type, Subscribers, who are subscribing to this Event\rDrivers."}}],"fmql":{"OP":"DESCRIBE TYPE","TYPE":"101_0775","TYPELABEL":"SUBSCRIBERS"}}