{"name":"DIETITIAN TICKLER FILE","number":"119","location":"^FH(119,","description":{"fmId":"-1","fmType":"5","type":"typed-literal","datatype":"http://www.w3.org/1999/02/22-rdf-syntax-ns#XMLLiteral","value":"This file contains entries relating to required reviews for\reach dietitian response for a ward or group of wards. It can\ralso be used to record personal or non-patient related\rentries."},"version":"5.5","vpackage":"DIETETICS","fields":[{"number":".01","flags":"RP200'X","name":"DIETITIAN","location":"0;1","index":"B","type":"7","details":"200","inputTransform":"I $D(X) S DINUM=X","description":{"fmId":"-1","fmType":"5","type":"typed-literal","datatype":"http://www.w3.org/1999/02/22-rdf-syntax-ns#XMLLiteral","value":"This field is a pointer to the Dietitian in File 200."}},{"number":"1","flags":"119.01D","name":"ITEM","location":"I;0","type":"9","details":"119.01","description":{"fmId":"-1","fmType":"5","type":"typed-literal","datatype":"http://www.w3.org/1999/02/22-rdf-syntax-ns#XMLLiteral","value":"This field contains a free-text description of the item requiring action."}}],"fmql":{"OP":"DESCRIBE TYPE","TYPE":"119","TYPELABEL":"DIETITIAN TICKLER FILE"}}