{"name":"COMPONENTS","number":"101.431","parent":"101.43","fields":[{"number":".01","flags":"MF","name":"NAME","location":"0;1","index":"B","type":"4","inputTransform":"K:$L(X)>60!($L(X)<1) X","description":{"fmId":"-1","fmType":"5","type":"typed-literal","datatype":"http://www.w3.org/1999/02/22-rdf-syntax-ns#XMLLiteral","value":"This is the name of a component of this orderable item."}},{"number":"2","flags":"F","name":"ID","location":"0;2","index":"AID","type":"4","inputTransform":"K:$L(X)>20!($L(X)<1) X","description":{"fmId":"-1","fmType":"5","type":"typed-literal","datatype":"http://www.w3.org/1999/02/22-rdf-syntax-ns#XMLLiteral","value":"This is an identifier for this component, created from the 6-piece coded\rformat passed in the Orderable Items update message from each package.\rIt should be stored in the form of \"package code;99XXX\" where XXX \rindicates the package table originating this item (i.e. RAP, LRT, etc.)."}},{"number":"3","flags":"F","name":"CODE","location":"0;3","type":"4","inputTransform":"K:$L(X)>10!($L(X)<1) X","description":{"fmId":"-1","fmType":"5","type":"typed-literal","datatype":"http://www.w3.org/1999/02/22-rdf-syntax-ns#XMLLiteral","value":"This is the code assigned to this item by the authoritative package from a\rnational standard coding system such as CPT or SNOMED."}},{"number":"4","flags":"S","name":"CODING SYSTEM","location":"0;4","type":"3","details":"NDF:NATIONAL DRUG FILE;CPT4:CPT4;NLT:NATIONAL LAB TEST FILE;","description":{"fmId":"-1","fmType":"5","type":"typed-literal","datatype":"http://www.w3.org/1999/02/22-rdf-syntax-ns#XMLLiteral","value":"This is the system used to generate the code assigned in field 3."}}],"fmql":{"OP":"DESCRIBE TYPE","TYPE":"101_431","TYPELABEL":"COMPONENTS"}}