{"name":"SURGICAL SPECIALTY","number":"131.82","parent":"131.8","fields":[{"number":".01","flags":"MP137.45'X","name":"SURGICAL SPECIALTY","location":"0;1","type":"7","details":"137.45","description":{"fmId":"-1","fmType":"5","type":"typed-literal","datatype":"http://www.w3.org/1999/02/22-rdf-syntax-ns#XMLLiteral","value":"This is the name of the Surgical Specialty.\r "}},{"number":"1","flags":"DXO","name":"START TIME","location":"0;2","type":"1","inputTransform":"S X=$E(DA(1),4,5)_\"/\"_$E(DA(1),6,7)_\"/\"_$E(DA(1),2,3)_\"@\"_X,%DT=\"ETXR\" D ^%DT S X=Y K:Y<1 X","description":{"fmId":"-1","fmType":"5","type":"typed-literal","datatype":"http://www.w3.org/1999/02/22-rdf-syntax-ns#XMLLiteral","value":"This is the time of day that this Surgical Specialty begins functioning\ron this date.  Any time entered prior to the start time will be considered\rovertime.\r "}},{"number":"2","flags":"DOX","name":"END TIME","location":"0;3","type":"1","inputTransform":"S X=$E(DA(1),4,5)_\"/\"_$E(DA(1),6,7)_\"/\"_$E(DA(1),2,3)_\"@\"_X,%DT=\"ETXR\" D ^%DT S X=Y K:Y<1 X","description":{"fmId":"-1","fmType":"5","type":"typed-literal","datatype":"http://www.w3.org/1999/02/22-rdf-syntax-ns#XMLLiteral","value":"This is the time of day that this Surgical Specialty stops functioning.\rAny time worked after this time will be considered overtime.\r "}},{"number":"3","flags":"S","name":"INACTIVE (Y/N)","location":"0;4","type":"3","details":"Y:YES;N:NO;","description":{"fmId":"-1","fmType":"5","type":"typed-literal","datatype":"http://www.w3.org/1999/02/22-rdf-syntax-ns#XMLLiteral","value":"This flags the surgical specialty if it is inactive on this particular\rdate.\r "}}],"fmql":{"OP":"DESCRIBE TYPE","TYPE":"131_82","TYPELABEL":"SURGICAL SPECIALTY"}}