{"fields": [{"name": "prin_procedure_cpt_modifier", "description": {"datatype": "http://www.w3.org/1999/02/22-rdf-syntax-ns#XMLLiteral", "fmType": "5", "fmId": "-1", "value": "This is a procedural coding modifier used to indicate that the \rprincipal procedure performed has been altered by some specific\rcircumstance but not changed in its definition or code.", "type": "typed-literal"}, "number": ".01", "flags": "M*P81.3'O", "details": "81.3", "type": "7", "location": "0;1"}], "fmql": {"TYPELABEL": "PRIN PROCEDURE CPT MODIFIERS", "TYPE": "136_01", "OP": "DESCRIBE TYPE"}, "name": "PRIN PROCEDURE CPT MODIFIERS", "parent": "136", "number": "136.01"}