{"fields": [{"index": "B", "name": "vital_type", "description": {"datatype": "http://www.w3.org/1999/02/22-rdf-syntax-ns#XMLLiteral", "fmType": "5", "fmId": "-1", "value": "This field screens the vital measurement quality field in the GMRV VITAL \rMEASUREMENT file (#120.5).", "type": "typed-literal"}, "number": ".01", "flags": "MRP120.51'", "location": "0;1", "type": "7", "details": "120.51"}, {"description": {"datatype": "http://www.w3.org/1999/02/22-rdf-syntax-ns#XMLLiteral", "fmType": "5", "fmId": "-1", "value": "This field indicates the minimum number of characteristics that can\rbe selected for a patient for this category for this vital type.", "type": "typed-literal"}, "number": ".03", "flags": "NJ2,0", "location": "0;3", "type": "2", "name": "maximum_entries"}, {"description": {"datatype": "http://www.w3.org/1999/02/22-rdf-syntax-ns#XMLLiteral", "fmType": "5", "fmId": "-1", "value": "This field contains the order in which this category of characteristics\rwill display on reports for this category for this vital type.", "type": "typed-literal"}, "number": ".05", "flags": "NJ2,0", "location": "0;5", "type": "2", "name": "print_order"}, {"description": {"datatype": "http://www.w3.org/1999/02/22-rdf-syntax-ns#XMLLiteral", "fmType": "5", "fmId": "-1", "value": "This field contains the order in which this category for this vital type\rwill be entered/edited in the Vitals/Measurements edit options.", "type": "typed-literal"}, "number": ".06", "flags": "NJ2,0", "location": "0;6", "type": "2", "name": "edit_order"}, {"name": "default_qualifier", "description": {"datatype": "http://www.w3.org/1999/02/22-rdf-syntax-ns#XMLLiteral", "fmType": "5", "fmId": "-1", "value": "This field will denote the default qualifier to be used if the user\rdoes not specify one during data entry.", "type": "typed-literal"}, "number": ".07", "flags": "*P120.52'X", "details": "120.52", "type": "7", "location": "0;7"}], "fmql": {"TYPELABEL": "VITAL TYPE", "TYPE": "120_531", "OP": "DESCRIBE TYPE"}, "name": "VITAL TYPE", "parent": "120.53", "number": "120.531"}