{"fields": [{"name": "or_circ_support", "description": {"datatype": "http://www.w3.org/1999/02/22-rdf-syntax-ns#XMLLiteral", "fmType": "5", "fmId": "-1", "value": "This is the person with the circulating role responsibilities.  This\rinformation will appear on the Nurse Intraoperative Report.\r ", "type": "typed-literal"}, "number": ".01", "flags": "*P200'", "details": "200", "type": "7", "location": "0;1"}, {"name": "time_on", "description": {"datatype": "http://www.w3.org/1999/02/22-rdf-syntax-ns#XMLLiteral", "fmType": "5", "fmId": "-1", "value": "This is the date and time that this person's circulating role\rresponsibilities began.  (Both date and time should be entered).\r ", "type": "typed-literal"}, "number": "2", "flags": "130.29DA", "details": "130.29", "type": "9", "location": "1;0"}, {"name": "status", "description": {"datatype": "http://www.w3.org/1999/02/22-rdf-syntax-ns#XMLLiteral", "fmType": "5", "fmId": "-1", "value": "Enter the code corresponding to the educational preparation of the\rregistered nurse assuming circulating role responsibilities.", "type": "typed-literal"}, "number": "3", "flags": "SX", "details": "O:ORIENTEE;F:FULLY TRAINED;", "type": "3", "location": "0;3"}], "fmql": {"TYPELABEL": "OR CIRC SUPPORT", "TYPE": "130_28", "OP": "DESCRIBE TYPE"}, "name": "OR CIRC SUPPORT", "parent": "130", "number": "130.28"}