{"name":"VSIT SITE CODES","number":"150.2","location":"^VSIT(150.2,","count":"247","lastIEN":"247","description":{"fmId":"-1","fmType":"5","type":"typed-literal","datatype":"http://www.w3.org/1999/02/22-rdf-syntax-ns#XMLLiteral","value":"This file list VHA facilities and their site code."},"version":"2.0","vpackage":"VISIT TRACKING","fields":[{"number":".01","flags":"RF","name":"NAME","location":"0;1","index":"B","type":"4","inputTransform":"K:$L(X)>30!($L(X)<3)!'(X'?1P.E) X"},{"number":".02","flags":"RF","name":"CODE","location":"0;2","index":"D","type":"4","inputTransform":"K:$L(X)>4!($L(X)<3)!'(X?1U2UN!(X=\"TEST\")) X","description":{"fmId":"-1","fmType":"5","type":"typed-literal","datatype":"http://www.w3.org/1999/02/22-rdf-syntax-ns#XMLLiteral","value":"This is the unique site code."}},{"number":".03","flags":"RS","name":"SELECTABLE FLAG","location":"0;3","type":"3","details":"1:SELECTABLE;0:NON-SELECTABLE;","description":{"fmId":"-1","fmType":"5","type":"typed-literal","datatype":"http://www.w3.org/1999/02/22-rdf-syntax-ns#XMLLiteral","value":"This flag determines whether or not an entry may be viewed."}}],"fmql":{"OP":"DESCRIBE TYPE","TYPE":"150_2","TYPELABEL":"VSIT SITE CODES"}}