{"name":"INCLUDED LOCATIONS","number":"100.511","parent":"100.5","fields":[{"number":".01","flags":"M*P42'","name":"INCLUDED LOCATIONS","location":"0;1","index":"B","type":"7","details":"42","inputTransform":"S DIC(\"S\")=\"I $G(^ORD(100.5,$G(DA(1),DA),1))!('$G(^ORD(100.5,$G(DA(1),DA),1))&'$$INUSE^OREV1(\"\"LOC\"\"))\" D ^DIC K DIC S DIC=DIE,X=+Y K:Y<0 X","description":{"fmId":"-1","fmType":"5","type":"typed-literal","datatype":"http://www.w3.org/1999/02/22-rdf-syntax-ns#XMLLiteral","value":"This is a ward location that can satisfy this event; if defined, then\rthe patient's new location must match one in this list for any delayed\rorders to be released.  A location may only be included in one active\rdelay event at a time.\r \rIf this event also has treating specialties defined then both the\rlocation and the treating specialty must match for orders to be\rreleased."}}],"fmql":{"OP":"DESCRIBE TYPE","TYPE":"100_511","TYPELABEL":"INCLUDED LOCATIONS"}}