{"name":"PROBLEM LIST AUDIT","number":"125.8","location":"^GMPL(125.8,","description":{"fmId":"-1","fmType":"5","type":"typed-literal","datatype":"http://www.w3.org/1999/02/22-rdf-syntax-ns#XMLLiteral","value":"This file holds an audit trail of all changes made to the Problem\rList entries including the old and new values, who made the change,\rand why.  Each entry here represents a single change to one problem."},"version":"2.0","fields":[{"number":".01","flags":"RP9000011'","name":"PROBLEM","location":"0;1","index":"B","type":"7","details":"9000011","description":{"fmId":"-1","fmType":"5","type":"typed-literal","datatype":"http://www.w3.org/1999/02/22-rdf-syntax-ns#XMLLiteral","value":"This is the problem for which a change is being recorded."}},{"number":"1","flags":"RNJ9,4","name":"FIELD NUMBER","location":"0;2","type":"2","inputTransform":"K:+X'=X!(X>9999.9999)!(X<.01)!(X?.E1\".\"5N.N) X","description":{"fmId":"-1","fmType":"5","type":"typed-literal","datatype":"http://www.w3.org/1999/02/22-rdf-syntax-ns#XMLLiteral","value":"This is the number of the field for which a change is being recorded."}},{"number":"2","flags":"RD","name":"DATE/TIME MODIFIED","location":"0;3","type":"1","inputTransform":"S %DT=\"ESTXR\" D ^%DT S X=Y K:Y<1 X","description":{"fmId":"-1","fmType":"5","type":"typed-literal","datatype":"http://www.w3.org/1999/02/22-rdf-syntax-ns#XMLLiteral","value":"This is the date and time that this data was changed."}},{"number":"3","flags":"P200'","name":"WHO MODIFIED","location":"0;4","type":"7","details":"200","description":{"fmId":"-1","fmType":"5","type":"typed-literal","datatype":"http://www.w3.org/1999/02/22-rdf-syntax-ns#XMLLiteral","value":"This is the user who actually made the change to this data; the current\ruser's DUZ is stuffed in here."}},{"number":"4","flags":"F","name":"OLD VALUE","location":"0;5","type":"4","inputTransform":"K:$L(X)>15!($L(X)<1) X","description":{"fmId":"-1","fmType":"5","type":"typed-literal","datatype":"http://www.w3.org/1999/02/22-rdf-syntax-ns#XMLLiteral","value":"This is the original value as stored in the Problem file global\r(internal format)."}},{"number":"5","flags":"F","name":"NEW VALUE","location":"0;6","type":"4","inputTransform":"K:$L(X)>15!($L(X)<1) X","description":{"fmId":"-1","fmType":"5","type":"typed-literal","datatype":"http://www.w3.org/1999/02/22-rdf-syntax-ns#XMLLiteral","value":"This is the new value now stored in the Problem file global (internal\rformat)."}},{"number":"6","flags":"F","name":"REASON FOR CHANGE","location":"0;7","type":"4","inputTransform":"K:$L(X)>25!($L(X)<3) X","description":{"fmId":"-1","fmType":"5","type":"typed-literal","datatype":"http://www.w3.org/1999/02/22-rdf-syntax-ns#XMLLiteral","value":"This is the description of why the change was made, if known."}},{"number":"7","flags":"P200'","name":"REQUESTING PROVIDER","location":"0;8","type":"7","details":"200","description":{"fmId":"-1","fmType":"5","type":"typed-literal","datatype":"http://www.w3.org/1999/02/22-rdf-syntax-ns#XMLLiteral","value":"This is the provider who either changed this data, or directed it to be\rchanged."}},{"number":"10","flags":"F","name":"OLD PROBLEM ENTRY","location":"1;1","type":"4","inputTransform":"K:$L(X)>150!($L(X)<1) X","description":{"fmId":"-1","fmType":"5","type":"typed-literal","datatype":"http://www.w3.org/1999/02/22-rdf-syntax-ns#XMLLiteral","value":"This is the entire problem entry (internal format) as it existed prior\rto changing this data."}}],"fmql":{"OP":"DESCRIBE TYPE","TYPE":"125_8","TYPELABEL":"PROBLEM LIST AUDIT"}}