{"fields": [{"index": "B", "name": "autolink", "description": {"datatype": "http://www.w3.org/1999/02/22-rdf-syntax-ns#XMLLiteral", "fmType": "5", "fmId": "-1", "value": "Links for automatic patient addition/removal based on ADT movements and\rCLINIC enrollments.", "type": "typed-literal"}, "number": ".01", "flags": "V", "location": "0;1", "type": "8", "details": "42;405.4;200;45.7;44"}, {"name": "primary_or_attending", "description": {"datatype": "http://www.w3.org/1999/02/22-rdf-syntax-ns#XMLLiteral", "fmType": "5", "fmId": "-1", "value": "This field will determine how the Autolinks for Providers will work. If the\rfield is set to;\r\r\"P\" - Primary:  The autolink will add patients to the list that have the\rpointed to provider assigned to them thru the MAS options as PROVIDER.\r\r\"A\" - Attending:  The autolink will add patients to the list that have the\rpointed to provider assigned to them thru the MAS options as ATTENDING\rPHYSICIAN.\r\r\"B\" - Both:  The autolink will add patients to the list that have the pointed\rto provider assigned to them thru the MAS options as  'PROVIDER' and those\rpatients that have the pointed to provider assigned to them as ATTENDING\rPHYSICIAN.", "type": "typed-literal"}, "number": "1", "flags": "*S", "details": "P:primary;A:attending;B:both;", "type": "3", "location": "0;2"}], "fmql": {"TYPELABEL": "AUTOLINK", "TYPE": "100_213", "OP": "DESCRIBE TYPE"}, "name": "AUTOLINK", "parent": "100.21", "number": "100.213"}