{"name":"ADMINISTRATIVE UPDATE TEAMS","number":"123.58","parent":"123.5","fields":[{"number":".01","flags":"MP100.21'","name":"ADMINISTRATIVE UPDATE TEAM","location":"0;1","index":"B","type":"7","details":"100.21","description":{"fmId":"-1","fmType":"5","type":"typed-literal","datatype":"http://www.w3.org/1999/02/22-rdf-syntax-ns#XMLLiteral","value":"This field allows team lists from the OE/RR LIST (#100.21) file to be\rentered. All provider/users of the teams will have administrative update\rauthority for requests directed to this service."}},{"number":".02","flags":"S","name":"NOTIFICATION RECIPIENTS","location":"0;2","type":"3","details":"0:NO;1:YES;","description":{"fmId":"-1","fmType":"5","type":"typed-literal","datatype":"http://www.w3.org/1999/02/22-rdf-syntax-ns#XMLLiteral","value":"This field, if set to YES will include the users on the specified team in\rthe list of notification recipients for this service."}}],"fmql":{"OP":"DESCRIBE TYPE","TYPE":"123_58","TYPELABEL":"ADMINISTRATIVE UPDATE TEAMS"}}