{"fields": [{"index": "B", "name": "child", "description": {"datatype": "http://www.w3.org/1999/02/22-rdf-syntax-ns#XMLLiteral", "fmType": "5", "fmId": "-1", "value": "An aggregate term that is under this frame/document.", "type": "typed-literal"}, "number": ".01", "flags": "M*P124.2", "location": "0;1", "type": "7", "details": "124.2"}, {"description": {"datatype": "http://www.w3.org/1999/02/22-rdf-syntax-ns#XMLLiteral", "fmType": "5", "fmId": "-1", "value": "The data in this field is triggered in from the ACHTXT xref on the Child\r(#.01) field, of the Children multiple.  This field is uneditable, and \rshould be invisible to the users.  No cross-referencing is allowed for\rthis field.", "type": "typed-literal"}, "number": "1", "flags": "RFI", "location": "0;2", "type": "4", "name": "child_text"}, {"name": "child_type", "description": {"datatype": "http://www.w3.org/1999/02/22-rdf-syntax-ns#XMLLiteral", "fmType": "5", "fmId": "-1", "value": "This field contains the type of term for this child.  This field is needed\ras an identifier when transferring data from one system to another.", "type": "typed-literal"}, "number": "2", "flags": "RSI", "details": "2:FRAME;3:TERM;", "type": "3", "location": "0;3"}, {"description": {"datatype": "http://www.w3.org/1999/02/22-rdf-syntax-ns#XMLLiteral", "fmType": "5", "fmId": "-1", "value": "This field contains the package reference for this child.  This field is\rneeded as an identifier when transferring data from one system to another.", "type": "typed-literal"}, "number": "3", "flags": "RFI", "location": "0;4", "type": "4", "name": "child_package"}, {"description": {"datatype": "http://www.w3.org/1999/02/22-rdf-syntax-ns#XMLLiteral", "fmType": "5", "fmId": "-1", "value": "This field contains the node identifier for this child.  This field is\rneeded for transferring data from one system to another.", "type": "typed-literal"}, "number": "4", "flags": "RNJ5,0I", "location": "0;5", "type": "2", "name": "child_node_id"}, {"name": "delete_flag", "description": {"datatype": "http://www.w3.org/1999/02/22-rdf-syntax-ns#XMLLiteral", "fmType": "5", "fmId": "-1", "value": "A flag to track whether a site has removed this term from its care plan or\rnot.  A flag was used so that site configured changes are not lost from\rversion to version.", "type": "typed-literal"}, "number": "5", "flags": "S", "details": "0:NO;1:YES;", "type": "3", "location": "0;6"}, {"description": {"datatype": "http://www.w3.org/1999/02/22-rdf-syntax-ns#XMLLiteral", "fmType": "5", "fmId": "-1", "value": "This field contains data indicating the order this child is displayed\rin this frame.", "type": "typed-literal"}, "number": "6", "flags": "NJ4,0", "location": "0;7", "type": "2", "name": "display_order"}], "fmql": {"TYPELABEL": "CHILDREN", "TYPE": "124_21", "OP": "DESCRIBE TYPE"}, "name": "CHILDREN", "parent": "124.2", "number": "124.21"}