{"name":"MEDICATIONS","number":"130.33","parent":"130","fields":[{"number":".01","flags":"*P50'X","name":"MEDICATIONS","location":"0;1","type":"7","details":"50","inputTransform":"S DIC(\"S\")=\"I $$SCR^SROMED(1,\"\"\"\")\",D=\"B^C\" D MIX^DIC1 K DIC S DIC=$G(DIE),X=+Y K:Y<0 X","description":{"fmId":"-1","fmType":"5","type":"typed-literal","datatype":"http://www.w3.org/1999/02/22-rdf-syntax-ns#XMLLiteral","value":"This is the name of the medication (generic or proprietary).\rMore than one medication may be entered for each case.\r "}},{"number":"1","flags":"130.34DA","name":"TIME ADM","location":"1;0","type":"9","details":"130.34","description":{"fmId":"-1","fmType":"5","type":"typed-literal","datatype":"http://www.w3.org/1999/02/22-rdf-syntax-ns#XMLLiteral","value":"This is information related to the administration of the medication.\r "}}],"fmql":{"OP":"DESCRIBE TYPE","TYPE":"130_33","TYPELABEL":"MEDICATIONS"}}