{"name":"TUBEFEEDING","number":"115.04","parent":"115.01","fields":[{"number":".01","flags":"D","name":"TUBEFEEDING","location":"0;1","type":"1","inputTransform":"S %DT=\"ETXR\" D ^%DT S X=Y K:Y<1 X","description":{"fmId":"-1","fmType":"5","type":"typed-literal","datatype":"http://www.w3.org/1999/02/22-rdf-syntax-ns#XMLLiteral","value":"This field contains the date/time the tubefeeding was ordered\rand will be effective."}},{"number":"3","flags":"115.1P","name":"TF PRODUCT","location":"P;0","type":"9","details":"115.1","description":{"fmId":"-1","fmType":"5","type":"typed-literal","datatype":"http://www.w3.org/1999/02/22-rdf-syntax-ns#XMLLiteral","value":"This multiple contains the tubefeeding products selected."}},{"number":"4","flags":"F","name":"COMMENT","location":"0;5","type":"4","inputTransform":"K:$L(X)>160!($L(X)<1) X","description":{"fmId":"-1","fmType":"5","type":"typed-literal","datatype":"http://www.w3.org/1999/02/22-rdf-syntax-ns#XMLLiteral","value":"This field contains any free-text comment entered at time\rof order entry."}},{"number":"6","flags":"NJ5,0","name":"TOTAL ML'S","location":"0;6","type":"2","inputTransform":"K:+X'=X!(X>10000)!(X<0)!(X?.E1\".\"1N.N) X","description":{"fmId":"-1","fmType":"5","type":"typed-literal","datatype":"http://www.w3.org/1999/02/22-rdf-syntax-ns#XMLLiteral","value":"This field contains the total daily ml's administered of\rthe prepared (diluted) product."}},{"number":"7","flags":"NJ5,0","name":"TOTAL KCALS/DAY","location":"0;7","type":"2","inputTransform":"K:+X'=X!(X>10000)!(X<0)!(X?.E1\".\"1N.N) X","description":{"fmId":"-1","fmType":"5","type":"typed-literal","datatype":"http://www.w3.org/1999/02/22-rdf-syntax-ns#XMLLiteral","value":"This field contains the total Kilocalories per day provided\rby the tubefeeding."}},{"number":"10","flags":"RP200'","name":"ENTERING CLERK","location":"0;10","type":"7","details":"200","description":{"fmId":"-1","fmType":"5","type":"typed-literal","datatype":"http://www.w3.org/1999/02/22-rdf-syntax-ns#XMLLiteral","value":"This field contains the user entering the tubefeeding order\rand is automatically captured at time of entry."}},{"number":"11","flags":"D","name":"CANCELLATION DATE/TIME","location":"0;11","type":"1","inputTransform":"S %DT=\"ETXR\" D ^%DT S X=Y K:Y<1 X","description":{"fmId":"-1","fmType":"5","type":"typed-literal","datatype":"http://www.w3.org/1999/02/22-rdf-syntax-ns#XMLLiteral","value":"This field contains the date/time the tubefeeding order\rwas cancelled."}},{"number":"12","flags":"P200'","name":"CANCELLING CLERK","location":"0;12","type":"7","details":"200","description":{"fmId":"-1","fmType":"5","type":"typed-literal","datatype":"http://www.w3.org/1999/02/22-rdf-syntax-ns#XMLLiteral","value":"This field contains the user who cancelled the order and is\rcaptured automatically at time of cancellation."}},{"number":"13","flags":"P100","name":"OE/RR ORDER","location":"0;14","type":"7","details":"100","description":{"fmId":"-1","fmType":"5","type":"typed-literal","datatype":"http://www.w3.org/1999/02/22-rdf-syntax-ns#XMLLiteral","value":"This field contains a pointer to the OE/RR file order corresponding\rto this order."}},{"number":"14","flags":"D","name":"LAST REVIEW DATE/TIME","location":"0;15","type":"1","inputTransform":"S %DT=\"ESTXR\" D ^%DT S X=Y K:Y<1 X","description":{"fmId":"-1","fmType":"5","type":"typed-literal","datatype":"http://www.w3.org/1999/02/22-rdf-syntax-ns#XMLLiteral","value":"This is the date/time that the Tubefeeding order was last reviewed.\rFurther reviews are based upon this last review date/time."}},{"number":"15","flags":"P200'","name":"REVIEW CLERK","location":"0;16","type":"7","details":"200","description":{"fmId":"-1","fmType":"5","type":"typed-literal","datatype":"http://www.w3.org/1999/02/22-rdf-syntax-ns#XMLLiteral","value":"This is a pointer to File 200 of the person entering the review."}}],"fmql":{"OP":"DESCRIBE TYPE","TYPE":"115_04","TYPELABEL":"TUBEFEEDING"}}