{"count": "0", "description": {"datatype": "http://www.w3.org/1999/02/22-rdf-syntax-ns#XMLLiteral", "fmType": "5", "fmId": "-1", "value": "This file contains all the data for an Observed Drug reaction.", "type": "typed-literal"}, "fields": [{"index": "B", "name": "date_time_of_event", "number": ".01", "flags": "RDX", "location": "0;1", "type": "1", "description": {"datatype": "http://www.w3.org/1999/02/22-rdf-syntax-ns#XMLLiteral", "fmType": "5", "fmId": "-1", "value": "The date/time that this observed reaction occurred.", "type": "typed-literal"}}, {"index": "D", "name": "patient", "description": {"datatype": "http://www.w3.org/1999/02/22-rdf-syntax-ns#XMLLiteral", "fmType": "5", "fmId": "-1", "value": "This field is the patient to whom this observed reaction occurred.\rThis field is a pointer to the Patient file.", "type": "typed-literal"}, "number": ".02", "flags": "R*P2'", "location": "0;2", "type": "7", "details": "2"}, {"index": "C", "name": "related_reaction", "description": {"datatype": "http://www.w3.org/1999/02/22-rdf-syntax-ns#XMLLiteral", "fmType": "5", "fmId": "-1", "value": "This is the related reaction in the Patient Allergies (120.8) file for\rthis event.", "type": "typed-literal"}, "number": ".03", "flags": "R*P120.8'O", "location": "0;15", "type": "7", "details": "120.8"}, {"name": "observer", "description": {"datatype": "http://www.w3.org/1999/02/22-rdf-syntax-ns#XMLLiteral", "fmType": "5", "fmId": "-1", "value": "This field is the person who witnessed this reaction.", "type": "typed-literal"}, "number": ".5", "flags": "P200'", "details": "200", "type": "7", "location": "0;13"}, {"index": "ARDT", "name": "date_reported", "number": "1.1", "flags": "D", "location": "0;18", "type": "1", "description": {"datatype": "http://www.w3.org/1999/02/22-rdf-syntax-ns#XMLLiteral", "fmType": "5", "fmId": "-1", "value": "This field is to track when a report is entered into this file.", "type": "typed-literal"}}, {"name": "reporting_user", "description": {"datatype": "http://www.w3.org/1999/02/22-rdf-syntax-ns#XMLLiteral", "fmType": "5", "fmId": "-1", "value": "This field is used to track the user who entered the reaction.  It is a\rpointer to File 200.", "type": "typed-literal"}, "number": "1.2", "flags": "P200'", "details": "200", "type": "7", "location": "0;19"}, {"name": "reactions", "description": {"datatype": "http://www.w3.org/1999/02/22-rdf-syntax-ns#XMLLiteral", "fmType": "5", "fmId": "-1", "value": "A list of signs/symptoms observed for this reaction.", "type": "typed-literal"}, "number": "2", "flags": "120.8502P", "details": "120.8502", "type": "9", "location": "2;0"}, {"name": "suspected_agent", "description": {"datatype": "http://www.w3.org/1999/02/22-rdf-syntax-ns#XMLLiteral", "fmType": "5", "fmId": "-1", "value": "A list of suspected agents for this observed reaction.", "type": "typed-literal"}, "number": "3", "flags": "120.8503", "details": "120.8503", "type": "9", "location": "3;0"}, {"name": "relevant_test_lab_data", "description": {"datatype": "http://www.w3.org/1999/02/22-rdf-syntax-ns#XMLLiteral", "fmType": "5", "fmId": "-1", "value": "A list of all the relevant test/lab data for this observed reaction.", "type": "typed-literal"}, "number": "4", "flags": "120.8504", "details": "120.8504", "type": "9", "location": "4;0"}, {"name": "question_1", "description": {"datatype": "http://www.w3.org/1999/02/22-rdf-syntax-ns#XMLLiteral", "fmType": "5", "fmId": "-1", "value": "This field indicates whether or not a patient has died from this reaction.", "type": "typed-literal"}, "number": "5", "flags": "S", "details": "y:YES;n:NO;", "type": "3", "location": "0;3"}, {"name": "question_2", "description": {"datatype": "http://www.w3.org/1999/02/22-rdf-syntax-ns#XMLLiteral", "fmType": "5", "fmId": "-1", "value": "This field indicates whether or not a patient was treated with a RX drug\rfor this reaction.", "type": "typed-literal"}, "number": "6", "flags": "S", "details": "y:YES;n:NO;", "type": "3", "location": "0;4"}, {"name": "question_3", "description": {"datatype": "http://www.w3.org/1999/02/22-rdf-syntax-ns#XMLLiteral", "fmType": "5", "fmId": "-1", "value": "This field indicates whether or not the reaction caused a life threatening\rillness.", "type": "typed-literal"}, "number": "7", "flags": "S", "details": "y:YES;n:NO;", "type": "3", "location": "0;5"}, {"name": "question_4", "description": {"datatype": "http://www.w3.org/1999/02/22-rdf-syntax-ns#XMLLiteral", "fmType": "5", "fmId": "-1", "value": "This field indicates whether or not the patient had to visit a doctor or\ran ER because of this reaction.", "type": "typed-literal"}, "number": "8", "flags": "S", "details": "y:YES;n:NO;", "type": "3", "location": "0;6"}, {"name": "question_5", "description": {"datatype": "http://www.w3.org/1999/02/22-rdf-syntax-ns#XMLLiteral", "fmType": "5", "fmId": "-1", "value": "This field indicates whether this reaction required hospitalization.", "type": "typed-literal"}, "number": "9", "flags": "S", "details": "y:YES;n:NO;", "type": "3", "location": "0;7"}, {"description": {"datatype": "http://www.w3.org/1999/02/22-rdf-syntax-ns#XMLLiteral", "fmType": "5", "fmId": "-1", "value": "This field shows the number of days the patient was hospitalized because\rof the reaction.", "type": "typed-literal"}, "number": "9.1", "flags": "NJ6,0", "location": "0;8", "type": "2", "name": "no_day_hospitalized"}, {"name": "question_6", "description": {"datatype": "http://www.w3.org/1999/02/22-rdf-syntax-ns#XMLLiteral", "fmType": "5", "fmId": "-1", "value": "This field indicates if the patient had a prolonged hospitalization\rbecause of the reaction.", "type": "typed-literal"}, "number": "10", "flags": "S", "details": "y:YES;n:NO;", "type": "3", "location": "0;9"}, {"name": "question_7", "description": {"datatype": "http://www.w3.org/1999/02/22-rdf-syntax-ns#XMLLiteral", "fmType": "5", "fmId": "-1", "value": "This field indicates whether or not the patient had some sort of\rpermanent disability as a result of this reaction.", "type": "typed-literal"}, "number": "11", "flags": "S", "details": "y:YES;n:NO;", "type": "3", "location": "0;10"}, {"name": "question_8", "description": {"datatype": "http://www.w3.org/1999/02/22-rdf-syntax-ns#XMLLiteral", "fmType": "5", "fmId": "-1", "value": "This field indicates whether the patient recovered from any illness that\rmay have resulted from the reaction.", "type": "typed-literal"}, "number": "12", "flags": "S", "details": "y:YES;n:NO;", "type": "3", "location": "0;11"}, {"name": "question_9", "description": {"datatype": "http://www.w3.org/1999/02/22-rdf-syntax-ns#XMLLiteral", "fmType": "5", "fmId": "-1", "value": "This field is to find out if the observed reaction was a Congenital Anomaly.", "type": "typed-literal"}, "number": "12.1", "flags": "S", "details": "y:YES;n:NO;", "type": "3", "location": "0;16"}, {"name": "question_10", "description": {"datatype": "http://www.w3.org/1999/02/22-rdf-syntax-ns#XMLLiteral", "fmType": "5", "fmId": "-1", "value": "This field is to find out if this event required any intervention.", "type": "typed-literal"}, "number": "12.2", "flags": "S", "details": "y:YES;n:NO;", "type": "3", "location": "0;17"}, {"name": "concomitant_drugs", "description": {"datatype": "http://www.w3.org/1999/02/22-rdf-syntax-ns#XMLLiteral", "fmType": "5", "fmId": "-1", "value": "A list of all drugs that may have been taken at the time of the reaction.", "type": "typed-literal"}, "number": "13", "flags": "120.8513", "details": "120.8513", "type": "9", "location": "13;0"}, {"description": {"datatype": "http://www.w3.org/1999/02/22-rdf-syntax-ns#XMLLiteral", "fmType": "5", "fmId": "-1", "value": "This field contains any other related event history for this reaction.", "type": "typed-literal"}, "number": "14", "flags": "120.8514", "location": "14;0", "type": "5", "name": "other_related_history"}, {"name": "severity", "description": {"datatype": "http://www.w3.org/1999/02/22-rdf-syntax-ns#XMLLiteral", "fmType": "5", "fmId": "-1", "value": "This field indicates the severity of this reaction.", "type": "typed-literal"}, "number": "14.5", "flags": "S", "details": "1:MILD;2:MODERATE;3:SEVERE;", "type": "3", "location": "0;14"}, {"description": {"datatype": "http://www.w3.org/1999/02/22-rdf-syntax-ns#XMLLiteral", "fmType": "5", "fmId": "-1", "value": "This field contains the date the doctor was notified of this reaction.", "type": "typed-literal"}, "number": "22", "flags": "DX", "location": "0;12", "type": "1", "name": "date_md_notified"}, {"name": "fda_question_1", "description": {"datatype": "http://www.w3.org/1999/02/22-rdf-syntax-ns#XMLLiteral", "fmType": "5", "fmId": "-1", "value": "This field determines if the reaction is considered serious.", "type": "typed-literal"}, "number": "23", "flags": "S", "details": "y:YES;n:NO;", "type": "3", "location": "PTC1;1"}, {"name": "fda_question_2", "description": {"datatype": "http://www.w3.org/1999/02/22-rdf-syntax-ns#XMLLiteral", "fmType": "5", "fmId": "-1", "value": "This question determines whether this reaction is related to a new drug.", "type": "typed-literal"}, "number": "24", "flags": "S", "details": "y:YES;n:NO;", "type": "3", "location": "PTC1;2"}, {"name": "fda_question_3", "description": {"datatype": "http://www.w3.org/1999/02/22-rdf-syntax-ns#XMLLiteral", "fmType": "5", "fmId": "-1", "value": "This question determines whether this reaction was an unexpected reaction\rfor this drug.", "type": "typed-literal"}, "number": "25", "flags": "S", "details": "y:YES;n:NO;", "type": "3", "location": "PTC1;3"}, {"name": "fda_question_4", "description": {"datatype": "http://www.w3.org/1999/02/22-rdf-syntax-ns#XMLLiteral", "fmType": "5", "fmId": "-1", "value": "This question determines whether this reaction is related to a\rtherapeutic failure of the drug.", "type": "typed-literal"}, "number": "26", "flags": "S", "details": "y:YES;n:NO;", "type": "3", "location": "PTC1;4"}, {"name": "fda_question_5", "description": {"datatype": "http://www.w3.org/1999/02/22-rdf-syntax-ns#XMLLiteral", "fmType": "5", "fmId": "-1", "value": "This field is to track if the reaction was a dose related reaction.", "type": "typed-literal"}, "number": "26.1", "flags": "S", "details": "y:YES;n:NO;", "type": "3", "location": "PTC1;13"}, {"description": {"datatype": "http://www.w3.org/1999/02/22-rdf-syntax-ns#XMLLiteral", "fmType": "5", "fmId": "-1", "value": "This field contains the date on which the FDA was sent the ADR report.", "type": "typed-literal"}, "number": "27", "flags": "DX", "location": "PTC1;5", "type": "1", "name": "date_reported_to_fda"}, {"description": {"datatype": "http://www.w3.org/1999/02/22-rdf-syntax-ns#XMLLiteral", "fmType": "5", "fmId": "-1", "value": "This field is the date the patient had given his consent to have the\rreaction reported to the manufacturer.", "type": "typed-literal"}, "number": "28", "flags": "DX", "location": "PTC1;6", "type": "1", "name": "date_of_patient_consent_to_mfr"}, {"description": {"datatype": "http://www.w3.org/1999/02/22-rdf-syntax-ns#XMLLiteral", "fmType": "5", "fmId": "-1", "value": " This is the date when the report was sent to the manufacturer.", "type": "typed-literal"}, "number": "29", "flags": "DX", "location": "PTC1;7", "type": "1", "name": "date_sent_to_mfr"}, {"description": {"datatype": "http://www.w3.org/1999/02/22-rdf-syntax-ns#XMLLiteral", "fmType": "5", "fmId": "-1", "value": "This is the date when the report was sent to the regional offices.", "type": "typed-literal"}, "number": "30", "flags": "DX", "location": "PTC1;8", "type": "1", "name": "date_sent_to_rcpm"}, {"description": {"datatype": "http://www.w3.org/1999/02/22-rdf-syntax-ns#XMLLiteral", "fmType": "5", "fmId": "-1", "value": "This field is the date when the report was sent to the VAERS.", "type": "typed-literal"}, "number": "31", "flags": "DX", "location": "PTC1;9", "type": "1", "name": "date_sent_to_vaers"}, {"name": "pt_action_fda_report", "description": {"datatype": "http://www.w3.org/1999/02/22-rdf-syntax-ns#XMLLiteral", "fmType": "5", "fmId": "-1", "value": "This field indicates if the P&T committee determined whether to send\rthe report to FDA.", "type": "typed-literal"}, "number": "31.1", "flags": "S", "details": "y:YES;n:NO;", "type": "3", "location": "PTC1;10"}, {"name": "pt_action_mfr_report", "description": {"datatype": "http://www.w3.org/1999/02/22-rdf-syntax-ns#XMLLiteral", "fmType": "5", "fmId": "-1", "value": "This field tells if the P&T committee determined whether to send the report to\rthe manufacturer.", "type": "typed-literal"}, "number": "31.2", "flags": "S", "details": "y:YES;n:NO;", "type": "3", "location": "PTC1;11"}, {"name": "pt_action_rcpm_report", "description": {"datatype": "http://www.w3.org/1999/02/22-rdf-syntax-ns#XMLLiteral", "fmType": "5", "fmId": "-1", "value": "This field determines whether or not the P&T committee will send the\rreport to the regional offices.", "type": "typed-literal"}, "number": "31.3", "flags": "S", "details": "y:YES;n:NO;", "type": "3", "location": "PTC1;12"}, {"name": "pt_addendum", "description": {"datatype": "http://www.w3.org/1999/02/22-rdf-syntax-ns#XMLLiteral", "fmType": "5", "fmId": "-1", "value": "List of comments made by the P&T committee.", "type": "typed-literal"}, "number": "31.5", "flags": "120.85315D", "details": "120.85315", "type": "9", "location": "PTC2;0"}, {"description": {"datatype": "http://www.w3.org/1999/02/22-rdf-syntax-ns#XMLLiteral", "fmType": "5", "fmId": "-1", "value": "This field contains the name of the person filling out the reports.", "type": "typed-literal"}, "number": "43", "flags": "FX", "location": "RPT;1", "type": "4", "name": "reporter_name"}, {"description": {"datatype": "http://www.w3.org/1999/02/22-rdf-syntax-ns#XMLLiteral", "fmType": "5", "fmId": "-1", "value": "Line one of the address of the person filling out the report.", "type": "typed-literal"}, "number": "44", "flags": "F", "location": "RPT;2", "type": "4", "name": "reporter_address1"}, {"description": {"datatype": "http://www.w3.org/1999/02/22-rdf-syntax-ns#XMLLiteral", "fmType": "5", "fmId": "-1", "value": "Line two of the address of the person filling out the report.", "type": "typed-literal"}, "number": "45", "flags": "F", "location": "RPT;3", "type": "4", "name": "reporter_address2"}, {"description": {"datatype": "http://www.w3.org/1999/02/22-rdf-syntax-ns#XMLLiteral", "fmType": "5", "fmId": "-1", "value": "Line three of the address of the person filling out the report.", "type": "typed-literal"}, "number": "46", "flags": "F", "location": "RPT;4", "type": "4", "name": "reporter_address3"}, {"description": {"datatype": "http://www.w3.org/1999/02/22-rdf-syntax-ns#XMLLiteral", "fmType": "5", "fmId": "-1", "value": "The city where the person lives who is filling out the report.", "type": "typed-literal"}, "number": "47", "flags": "F", "location": "RPT;5", "type": "4", "name": "reporter_city"}, {"name": "reporter_state", "description": {"datatype": "http://www.w3.org/1999/02/22-rdf-syntax-ns#XMLLiteral", "fmType": "5", "fmId": "-1", "value": "The state where the reporter resides.", "type": "typed-literal"}, "number": "48", "flags": "P5'", "details": "5", "type": "7", "location": "RPT;6"}, {"description": {"datatype": "http://www.w3.org/1999/02/22-rdf-syntax-ns#XMLLiteral", "fmType": "5", "fmId": "-1", "value": "This is the zip code of the person filling out the report.", "type": "typed-literal"}, "number": "49", "flags": "F", "location": "RPT;7", "type": "4", "name": "reporter_zip"}, {"description": {"datatype": "http://www.w3.org/1999/02/22-rdf-syntax-ns#XMLLiteral", "fmType": "5", "fmId": "-1", "value": "This is the phone number of the person who is filling out the report.", "type": "typed-literal"}, "number": "50", "flags": "F", "location": "RPT;8", "type": "4", "name": "reporter_phone"}, {"name": "rpt_question_1", "description": {"datatype": "http://www.w3.org/1999/02/22-rdf-syntax-ns#XMLLiteral", "fmType": "5", "fmId": "-1", "value": "This field determines if the reporter is a health care provider.", "type": "typed-literal"}, "number": "51", "flags": "S", "details": "y:YES;n:NO;", "type": "3", "location": "RPT;9"}, {"name": "rpt_question_2", "description": {"datatype": "http://www.w3.org/1999/02/22-rdf-syntax-ns#XMLLiteral", "fmType": "5", "fmId": "-1", "value": "This field determines if the reporter wants to permit the FDA to inform the manufacturer of his identity.", "type": "typed-literal"}, "number": "52", "flags": "S", "details": "y:YES;n:NO;", "type": "3", "location": "RPT;10"}, {"description": {"datatype": "http://www.w3.org/1999/02/22-rdf-syntax-ns#XMLLiteral", "fmType": "5", "fmId": "-1", "value": "This field contains the reporter's current occupation.", "type": "typed-literal"}, "number": "52.1", "flags": "F", "location": "RPT;11", "type": "4", "name": "occupation"}, {"description": {"datatype": "http://www.w3.org/1999/02/22-rdf-syntax-ns#XMLLiteral", "fmType": "5", "fmId": "-1", "value": "This field is the name of the manufacturer of the reactant.", "type": "typed-literal"}, "number": "53", "flags": "FX", "location": "MFR1;1", "type": "4", "name": "manufacturer_name"}, {"description": {"datatype": "http://www.w3.org/1999/02/22-rdf-syntax-ns#XMLLiteral", "fmType": "5", "fmId": "-1", "value": "This is address line one for the manufacturer.", "type": "typed-literal"}, "number": "54", "flags": "F", "location": "MFR1;2", "type": "4", "name": "mfr_address_1"}, {"description": {"datatype": "http://www.w3.org/1999/02/22-rdf-syntax-ns#XMLLiteral", "fmType": "5", "fmId": "-1", "value": "This is address line two for the manufacturer.", "type": "typed-literal"}, "number": "55", "flags": "F", "location": "MFR1;3", "type": "4", "name": "mfr_address_2"}, {"description": {"datatype": "http://www.w3.org/1999/02/22-rdf-syntax-ns#XMLLiteral", "fmType": "5", "fmId": "-1", "value": "This is address line three for the manufacturer.", "type": "typed-literal"}, "number": "56", "flags": "F", "location": "MFR1;4", "type": "4", "name": "mfr_address_3"}, {"description": {"datatype": "http://www.w3.org/1999/02/22-rdf-syntax-ns#XMLLiteral", "fmType": "5", "fmId": "-1", "value": "This is the city of the manufacturer.", "type": "typed-literal"}, "number": "57", "flags": "F", "location": "MFR1;5", "type": "4", "name": "mfr_city"}, {"name": "mfr_state", "description": {"datatype": "http://www.w3.org/1999/02/22-rdf-syntax-ns#XMLLiteral", "fmType": "5", "fmId": "-1", "value": "This is the state where the manufacturer is located.", "type": "typed-literal"}, "number": "58", "flags": "P5'", "details": "5", "type": "7", "location": "MFR1;6"}, {"description": {"datatype": "http://www.w3.org/1999/02/22-rdf-syntax-ns#XMLLiteral", "fmType": "5", "fmId": "-1", "value": "This is the Zip Code of the manufacturer.", "type": "typed-literal"}, "number": "59", "flags": "F", "location": "MFR1;7", "type": "4", "name": "mfr_zip"}, {"description": {"datatype": "http://www.w3.org/1999/02/22-rdf-syntax-ns#XMLLiteral", "fmType": "5", "fmId": "-1", "value": "This is the IND/NDA # for support drug for the manufacturer.", "type": "typed-literal"}, "number": "60", "flags": "F", "location": "MFR2;1", "type": "4", "name": "ind_nda__for_support_drug"}, {"description": {"datatype": "http://www.w3.org/1999/02/22-rdf-syntax-ns#XMLLiteral", "fmType": "5", "fmId": "-1", "value": "This is the control number used by the manufacturer.", "type": "typed-literal"}, "number": "61", "flags": "F", "location": "MFR2;2", "type": "4", "name": "mfr_control_"}, {"description": {"datatype": "http://www.w3.org/1999/02/22-rdf-syntax-ns#XMLLiteral", "fmType": "5", "fmId": "-1", "value": "This is the date the report was received by the manufacturer.", "type": "typed-literal"}, "number": "62", "flags": "DX", "location": "MFR2;3", "type": "1", "name": "date_received_by_mfr"}, {"name": "report_source", "description": {"datatype": "http://www.w3.org/1999/02/22-rdf-syntax-ns#XMLLiteral", "fmType": "5", "fmId": "-1", "value": "This is the source of the report.", "type": "typed-literal"}, "number": "63", "flags": "120.8563S", "details": "120.8563", "type": "9", "location": "63;0"}, {"name": "15_day_report", "description": {"datatype": "http://www.w3.org/1999/02/22-rdf-syntax-ns#XMLLiteral", "fmType": "5", "fmId": "-1", "value": "This field is to determine if the 15 Day Report has been completed.", "type": "typed-literal"}, "number": "64", "flags": "S", "details": "y:YES;n:NO;", "type": "3", "location": "MFR2;4"}, {"name": "report_type", "description": {"datatype": "http://www.w3.org/1999/02/22-rdf-syntax-ns#XMLLiteral", "fmType": "5", "fmId": "-1", "value": "This is the type of report issued.", "type": "typed-literal"}, "number": "65", "flags": "S", "details": "i:INITIAL;f:FOLLOWUP;", "type": "3", "location": "MFR2;5"}], "fmql": {"TYPELABEL": "ADVERSE REACTION REPORTING", "TYPE": "120_85", "OP": "DESCRIBE TYPE"}, "number": "120.85", "location": "^GMR(120.85,", "name": "ADVERSE REACTION REPORTING"}