{"name":"DIVISION/SITE MEDICAL SERVICE","number":"123.92","parent":"123.9","fields":[{"number":".01","flags":"P123.5","name":"DIVISION/SITE MEDICAL SERVICE","location":"0;1","index":"B","type":"7","details":"123.5","description":{"fmId":"-1","fmType":"5","type":"typed-literal","datatype":"http://www.w3.org/1999/02/22-rdf-syntax-ns#XMLLiteral","value":"This is the name of the Medical Services at the sites or divisions. These\rcan be entered as, for example, West Division Medicine, or Bonham\rMedicine, in the case of a multiple division or multiple site,\rrespectively."}}],"fmql":{"OP":"DESCRIBE TYPE","TYPE":"123_92","TYPELABEL":"DIVISION/SITE MEDICAL SERVICE"}}