{"name":"CONSULTS PARAMETERS FILE","number":"123.9","location":"^GMR(123.9,","count":"1","lastIEN":"1","version":"3.0","vpackage":"GMRC","fields":[{"number":".01","flags":"RP4'","name":"SITE NAME","location":"0;1","index":"B","type":"7","details":"4","description":{"fmId":"-1","fmType":"5","type":"typed-literal","datatype":"http://www.w3.org/1999/02/22-rdf-syntax-ns#XMLLiteral","value":"This is the name of the Hospital site. It should be the same as that found\rin the INSTITUTION File."}},{"number":"1","flags":"S","name":"MULTI-DIVISION/MULTI-SITE","location":"0;2","type":"3","details":"0:NO;1:YES;","description":{"fmId":"-1","fmType":"5","type":"typed-literal","datatype":"http://www.w3.org/1999/02/22-rdf-syntax-ns#XMLLiteral","value":"This is a parameter for determining if a site has multiple divisions,\rmultiple  sites, or neither. If there are multiple divisions or\rsites, Consults will prompt for the site or division that\rthe medical service is in."}},{"number":"2","flags":"123.92P","name":"DIVISION/SITE MEDICAL SERVICE","location":"123;0","type":"9","details":"123.92","description":{"fmId":"-1","fmType":"5","type":"typed-literal","datatype":"http://www.w3.org/1999/02/22-rdf-syntax-ns#XMLLiteral","value":"In a hospital that supports multiple divisions/sites, this field will allow\rall of the hospitals divisions/sites medical services to be entered. It is\rrecommended that the divisions/sites medical services be prefixed with an\ridentifier for the division/site, i.e., 'WACO MEDICINE'. If the hospital\rhas a '1' in the Multi-Division/Site parameter field, then when a site\renters the medicine package interface, the Division/Site Medical service\rto use will be asked for, i.e., 'ENTER DIVISION/SITE MEDICAL SERVICE: \rWACO MEDICINE' is the prompt/response."}},{"number":"3","flags":"S","name":"USE CPRS 513 PRINT TEMPLATES?","location":"0;3","type":"3","details":"0:NO;1:YES;","description":{"fmId":"-1","fmType":"5","type":"typed-literal","datatype":"http://www.w3.org/1999/02/22-rdf-syntax-ns#XMLLiteral","value":"If a site used OE/RR 2.5 print templates to print Form 513 in Consult/Request\rTracking V 2.5 wants to continue using these templates in version 3.0, \r entering a 'Y' here will cause Form 513 to use the fields defined in\rCPRS print templates. If a site wishes to use the generic Form 513\rprint routine provided with Consult/Request Tracking V 3.0,\renter a 'N' in this field."}},{"number":"4","flags":"S","name":"ASK FOR SIGNIFICANT FINDINGS?","location":"0;4","type":"3","details":"0:NO;1:YES;","description":{"fmId":"-1","fmType":"5","type":"typed-literal","datatype":"http://www.w3.org/1999/02/22-rdf-syntax-ns#XMLLiteral","value":"This field sets a parameter that is checked when TIU results are entered\rfor a consult request. If this parameter is set to 1 ('YES') then the\rperson entering the result is asked if the result is a significant\rfinding. If this parameter is set to 0 ('NO'), then the entering clinician\rwill see no prompt asking whether this is a significant finding."}},{"number":"99","flags":"123.99P","name":"GMRCR PROTOCOL","location":"99;0","type":"9","details":"123.99"},{"number":"999","flags":"123.9999","name":"PRE-V3 ACTION IENS FROM 123.1","location":"OLD;0","type":"9","details":"123.9999"}],"fmql":{"OP":"DESCRIBE TYPE","TYPE":"123_9","TYPELABEL":"CONSULTS PARAMETERS FILE"}}