{"count": "0", "description": {"datatype": "http://www.w3.org/1999/02/22-rdf-syntax-ns#XMLLiteral", "fmType": "5", "fmId": "-1", "value": "This file contains all recipes necessary to build meals. Each\rrecipe consists of basic data concerning the recipe, various\ringredients, and may also contain 'embedded' recipes.", "type": "typed-literal"}, "fields": [{"index": "B", "name": "name", "number": ".01", "flags": "RF", "location": "0;1", "type": "4", "description": {"datatype": "http://www.w3.org/1999/02/22-rdf-syntax-ns#XMLLiteral", "fmType": "5", "fmId": "-1", "value": "This is the name of the recipe. A recipe is anything served and\rmay consist of a single ingredient which requires no\rpreparation.", "type": "typed-literal"}}, {"name": "ingredient", "description": {"datatype": "http://www.w3.org/1999/02/22-rdf-syntax-ns#XMLLiteral", "fmType": "5", "fmId": "-1", "value": "This multiple contains the ingredients used in the recipe.", "type": "typed-literal"}, "number": "1", "flags": "114.01PA", "details": "114.01", "type": "9", "location": "I;0"}, {"name": "embedded_recipe", "description": {"datatype": "http://www.w3.org/1999/02/22-rdf-syntax-ns#XMLLiteral", "fmType": "5", "fmId": "-1", "value": "This field contains recipes which are 'embedded' in this recipe.\rFor example, a hot roast beef sandwich might contain bread\ras an ingredient but roast beef as an embedded recipe and\rperhaps even brown gravy as another embedded recipe.", "type": "typed-literal"}, "number": "1.5", "flags": "114.03PA", "details": "114.03", "type": "9", "location": "R;0"}, {"description": {"datatype": "http://www.w3.org/1999/02/22-rdf-syntax-ns#XMLLiteral", "fmType": "5", "fmId": "-1", "value": "This is the yield, in terms of number of portions, of the\rrecipe. It should be within a factor of 10 of the normal quantity\rneeded and need not be 100.", "type": "typed-literal"}, "number": "2", "flags": "RNJ4,0", "location": "0;2", "type": "2", "name": "number_of_portions"}, {"description": {"datatype": "http://www.w3.org/1999/02/22-rdf-syntax-ns#XMLLiteral", "fmType": "5", "fmId": "-1", "value": "This is a short description of the portion size, e.g., 3-oz. or\r1 each. Size must be a number followed by OZ, EACH or FLOZ.", "type": "typed-literal"}, "number": "3", "flags": "RFX", "location": "0;3", "type": "4", "name": "portion_size"}, {"description": {"datatype": "http://www.w3.org/1999/02/22-rdf-syntax-ns#XMLLiteral", "fmType": "5", "fmId": "-1", "value": "This field indicates the amount of preparation time this\rrecipe will require.", "type": "typed-literal"}, "number": "4", "flags": "F", "location": "0;4", "type": "4", "name": "preparation_time"}, {"name": "equipment", "description": {"datatype": "http://www.w3.org/1999/02/22-rdf-syntax-ns#XMLLiteral", "fmType": "5", "fmId": "-1", "value": "This multiple is used to indicate the various types of equipment\rnecessary to produce this recipe.", "type": "typed-literal"}, "number": "5", "flags": "114.05P", "details": "114.05", "type": "9", "location": "E;0"}, {"name": "serving_utensil", "description": {"datatype": "http://www.w3.org/1999/02/22-rdf-syntax-ns#XMLLiteral", "fmType": "5", "fmId": "-1", "value": "This field indicates the primary serving utensil which will be\rrequired by tray line personnel or cafeteria line personnel.", "type": "typed-literal"}, "number": "6", "flags": "P114.3'", "details": "114.3", "type": "7", "location": "0;6"}, {"name": "default_category", "description": {"datatype": "http://www.w3.org/1999/02/22-rdf-syntax-ns#XMLLiteral", "fmType": "5", "fmId": "-1", "value": "This is the primary category of the recipe. Selection does not\rprohibit the use of the recipe in other ways (e.g., a 'salad'\rbeing used for dessert) but does influence the printing order\rof the recipe in various lists.", "type": "typed-literal"}, "number": "7", "flags": "RP114.1'", "details": "114.1", "type": "7", "location": "0;7"}, {"index": "C", "name": "synonym", "number": "8", "flags": "F", "location": "0;9", "type": "4", "description": {"datatype": "http://www.w3.org/1999/02/22-rdf-syntax-ns#XMLLiteral", "fmType": "5", "fmId": "-1", "value": "This field may contain a synonym, or alternate name, for the\rrecipe.", "type": "typed-literal"}}, {"description": {"datatype": "http://www.w3.org/1999/02/22-rdf-syntax-ns#XMLLiteral", "fmType": "5", "fmId": "-1", "value": "This field contains the number of days in advance that the recipe\rmust be prepared. It need be answered only when non-zero, that is,\rwhen the recipe is prepared in advance of the serving day.", "type": "typed-literal"}, "number": "9", "flags": "NJ1,0", "location": "0;10", "type": "2", "name": "_days_preprep"}, {"name": "print_recipe", "description": {"datatype": "http://www.w3.org/1999/02/22-rdf-syntax-ns#XMLLiteral", "fmType": "5", "fmId": "-1", "value": "This field, when answered NO, will inhibit the printing of the\rrecipe even when such printing is requested as part of the\rproduction summary. It is generally used to inhibit printing\rof one-ingredient recipes or those which require no\rpreparation.", "type": "typed-literal"}, "number": "10", "flags": "SO", "details": "Y:YES;N:NO;", "type": "3", "location": "0;8"}, {"name": "preprep_state", "description": {"datatype": "http://www.w3.org/1999/02/22-rdf-syntax-ns#XMLLiteral", "fmType": "5", "fmId": "-1", "value": "This field indicates the state of the recipe, i.e., whether\ra canned item, dehydrated, partially prepared, ready-to-serve,\retc.", "type": "typed-literal"}, "number": "11", "flags": "S", "details": "M:MIX;D:DEHYDRATED;F:FROZEN;C:CANNED;X:CONCENTRATED;S:SCRATCH;I:IND/R-T-S;P:PARTIALLY PREP;R:R-T-S;", "type": "3", "location": "0;11"}, {"name": "preparation_area", "description": {"datatype": "http://www.w3.org/1999/02/22-rdf-syntax-ns#XMLLiteral", "fmType": "5", "fmId": "-1", "value": "This field indicates the preparation area of the kitchen where\rthe recipe would normally be prepared.", "type": "typed-literal"}, "number": "12", "flags": "P114.2'", "details": "114.2", "type": "7", "location": "0;12"}, {"description": {"datatype": "http://www.w3.org/1999/02/22-rdf-syntax-ns#XMLLiteral", "fmType": "5", "fmId": "-1", "value": "This field contains the directions for the preparation of\rthe recipe. References to absolute quantities of an\ringredient should not be made since the recipe will normally\rbe printed in an 'adjusted' form -- that is, the number of\rportions will be adjusted and hence the individual ingredient\ramounts will vary from those entered for the yield of the\rrecipe.", "type": "typed-literal"}, "number": "20", "flags": "114.02", "location": "X;0", "type": "5", "name": "directions"}, {"name": "inactive", "description": {"datatype": "http://www.w3.org/1999/02/22-rdf-syntax-ns#XMLLiteral", "fmType": "5", "fmId": "-1", "value": "This field, if answered YES, will prohibit\rfurther selection of this entry.", "type": "typed-literal"}, "number": "99", "flags": "S", "details": "Y:YES;N:NO;", "type": "3", "location": "Z;1"}, {"description": {"datatype": "http://www.w3.org/1999/02/22-rdf-syntax-ns#XMLLiteral", "fmType": "5", "fmId": "-1", "value": "This field contains the cost per portion of the recipe based upon\rthe current prices shown in the Ingredient file (113).", "type": "typed-literal"}, "number": "101", "flags": "NJ6,3", "location": "0;13", "type": "2", "name": "cost_portion"}, {"name": "associated_nutrient_analysis", "description": {"datatype": "http://www.w3.org/1999/02/22-rdf-syntax-ns#XMLLiteral", "fmType": "5", "fmId": "-1", "value": "This is a pointer to the Nutrient file (112) and contains the\rnutrient analysis of this recipe.", "type": "typed-literal"}, "number": "102", "flags": "P112'", "details": "112", "type": "7", "location": "0;14"}, {"name": "diabetic_exchange", "description": {"datatype": "http://www.w3.org/1999/02/22-rdf-syntax-ns#XMLLiteral", "fmType": "5", "fmId": "-1", "value": "This multiple contains the Diabetic exchanges associated with this\rrecipe.  It is use to handle the Diabetic calculated diets.", "type": "typed-literal"}, "number": "103", "flags": "114.0103P", "details": "114.0103", "type": "9", "location": "DBX;0"}], "fmql": {"TYPELABEL": "RECIPE", "TYPE": "114", "OP": "DESCRIBE TYPE"}, "number": "114", "location": "^FH(114,", "name": "RECIPE"}