{"name":"DIET PATTERNS","number":"111.1","location":"^FH(111.1,","description":{"fmId":"-1","fmType":"5","type":"typed-literal","datatype":"http://www.w3.org/1999/02/22-rdf-syntax-ns#XMLLiteral","value":"This file contains diet patterns.  The entries for a specific pattern\rrepresent changes from the production diet for this particular pattern."},"version":"5.5","vpackage":"DIETETICS","fields":[{"number":".01","flags":"RF","name":"NAME","location":"0;1","index":"B","type":"4","inputTransform":"K:$L(X)>70!($L(X)<3)!'(X'?1P.E) X","description":{"fmId":"-1","fmType":"5","type":"typed-literal","datatype":"http://www.w3.org/1999/02/22-rdf-syntax-ns#XMLLiteral","value":"This field contains the names of the diet or the diet modification ordered."}},{"number":"1","flags":"P111'","name":"DIET1","location":"0;2","type":"7","details":"111","description":{"fmId":"-1","fmType":"5","type":"typed-literal","datatype":"http://www.w3.org/1999/02/22-rdf-syntax-ns#XMLLiteral","value":"This is the first diet modification selected from the Diets (111)\rfile."}},{"number":"2","flags":"P111'","name":"DIET2","location":"0;3","type":"7","details":"111","description":{"fmId":"-1","fmType":"5","type":"typed-literal","datatype":"http://www.w3.org/1999/02/22-rdf-syntax-ns#XMLLiteral","value":"This is the second diet modification selected from the Diets (111)\rfile."}},{"number":"3","flags":"P111'","name":"DIET3","location":"0;4","type":"7","details":"111","description":{"fmId":"-1","fmType":"5","type":"typed-literal","datatype":"http://www.w3.org/1999/02/22-rdf-syntax-ns#XMLLiteral","value":"This is the third diet modification selected from the Diets (111)\rfile."}},{"number":"4","flags":"P111'","name":"DIET4","location":"0;5","type":"7","details":"111","description":{"fmId":"-1","fmType":"5","type":"typed-literal","datatype":"http://www.w3.org/1999/02/22-rdf-syntax-ns#XMLLiteral","value":"This is the fourth diet modification selected from the Diets (111)\rfile."}},{"number":"5","flags":"P111'","name":"DIET5","location":"0;6","type":"7","details":"111","description":{"fmId":"-1","fmType":"5","type":"typed-literal","datatype":"http://www.w3.org/1999/02/22-rdf-syntax-ns#XMLLiteral","value":"This is the fifth diet modification selected from the Diets (111)\rfile."}},{"number":"10","flags":"P116.2'","name":"PRODUCTION DIET","location":"0;7","type":"7","details":"116.2","description":{"fmId":"-1","fmType":"5","type":"typed-literal","datatype":"http://www.w3.org/1999/02/22-rdf-syntax-ns#XMLLiteral","value":"This is a pointer to the Production Diet (116.2) file and is the\routcome of the 'diet recoding' algorithm which is based upon the\rdiet modifications selected.  It is not present for NPO types of\rorders."}},{"number":"15","flags":"111.115P","name":"BREAKFAST MODIFICATIONS","location":"B;0","type":"9","details":"111.115","description":{"fmId":"-1","fmType":"5","type":"typed-literal","datatype":"http://www.w3.org/1999/02/22-rdf-syntax-ns#XMLLiteral","value":"This multiple contains all the breakfast Recipe Categories selected\rand their quantities."}},{"number":"15.5","flags":"111.11P","name":"ASSOCIATED STANDING ORDERS (B)","location":"BS;0","type":"9","details":"111.11","description":{"fmId":"-1","fmType":"5","type":"typed-literal","datatype":"http://www.w3.org/1999/02/22-rdf-syntax-ns#XMLLiteral","value":"This multiple contains all the Standing Orders selected from file\r118.3 for breakfast."}},{"number":"16","flags":"111.116P","name":"NOON MODIFICATIONS","location":"N;0","type":"9","details":"111.116","description":{"fmId":"-1","fmType":"5","type":"typed-literal","datatype":"http://www.w3.org/1999/02/22-rdf-syntax-ns#XMLLiteral","value":"This multiple contains all the noon Recipe Categories selected\rand their quantities."}},{"number":"16.5","flags":"111.12P","name":"ASSOCIATED STANDING ORDERS (N)","location":"NS;0","type":"9","details":"111.12","description":{"fmId":"-1","fmType":"5","type":"typed-literal","datatype":"http://www.w3.org/1999/02/22-rdf-syntax-ns#XMLLiteral","value":"This multiple contains all the Standing Orders selected from file 118.3\rfor noon."}},{"number":"17","flags":"111.117P","name":"EVENING MODIFICATIONS","location":"E;0","type":"9","details":"111.117","description":{"fmId":"-1","fmType":"5","type":"typed-literal","datatype":"http://www.w3.org/1999/02/22-rdf-syntax-ns#XMLLiteral","value":"This multiple contains all the evening Recipe Categories selected\rand their quantities."}},{"number":"17.5","flags":"111.13P","name":"ASSOCIATED STANDING ORDERS (E)","location":"ES;0","type":"9","details":"111.13","description":{"fmId":"-1","fmType":"5","type":"typed-literal","datatype":"http://www.w3.org/1999/02/22-rdf-syntax-ns#XMLLiteral","value":"This multiple contains all the Standing Orders selected from file\r118.3 for evening."}},{"number":"18","flags":"*P118.1'","name":"ASSOCIATED SF MENU","location":"0;8","type":"7","details":"118.1","inputTransform":"S DIC(\"S\")=\"I Y'=1\" D ^DIC K DIC S DIC=DIE,X=+Y K:Y<0 X","description":{"fmId":"-1","fmType":"5","type":"typed-literal","datatype":"http://www.w3.org/1999/02/22-rdf-syntax-ns#XMLLiteral","value":"This field will contain the Supplemental Feeding Menu, from file 118.1,\rthat will be added to the patient's supplemental feeding entry when\rthis diet or diet modification is ordered for the patient."}},{"number":"19","flags":"111.119P","name":"DIET RESTRICTION","location":"RES;0","type":"9","details":"111.119","description":{"fmId":"-1","fmType":"5","type":"typed-literal","datatype":"http://www.w3.org/1999/02/22-rdf-syntax-ns#XMLLiteral","value":"This multiple contains all the Diet restrictions associated to the\rDiet modification."}},{"number":"99","flags":"S","name":"INACTIVE?","location":"I;1","type":"3","details":"Y:YES;N:NO;","description":{"fmId":"-1","fmType":"5","type":"typed-literal","datatype":"http://www.w3.org/1999/02/22-rdf-syntax-ns#XMLLiteral","value":"This field, if answered YES, will prohibit\rfurther selection of this entry."}}],"fmql":{"OP":"DESCRIBE TYPE","TYPE":"111_1","TYPELABEL":"DIET PATTERNS"}}