{"fields": [{"description": {"datatype": "http://www.w3.org/1999/02/22-rdf-syntax-ns#XMLLiteral", "fmType": "5", "fmId": "-1", "value": "This is the name of a occurrence encountered postoperatively.\rIf there are no occurrences, this field should be left blank.\r'NONE' will not be accepted.\r ", "type": "typed-literal"}, "number": ".01", "flags": "MFX", "location": "0;1", "type": "4", "name": "postop_occurrence"}, {"name": "outcome_to_date", "description": {"datatype": "http://www.w3.org/1999/02/22-rdf-syntax-ns#XMLLiteral", "fmType": "5", "fmId": "-1", "value": "This is the code corresponding to the outcome of this postoperative\roccurrence.\r ", "type": "typed-literal"}, "number": ".05", "flags": "S", "details": "U:UNRESOLVED;I:IMPROVED;D:DEATH;W:WORSE;", "type": "3", "location": "0;6"}, {"description": {"datatype": "http://www.w3.org/1999/02/22-rdf-syntax-ns#XMLLiteral", "fmType": "5", "fmId": "-1", "value": "This is the date that this postoperative occurrence was noted in the\rpatient's record.\r ", "type": "typed-literal"}, "number": "2", "flags": "DX", "location": "0;7", "type": "1", "name": "date_comp_noted"}, {"description": {"datatype": "http://www.w3.org/1999/02/22-rdf-syntax-ns#XMLLiteral", "fmType": "5", "fmId": "-1", "value": "This is descriptive information about the treatment instituted as a\rresult of this occurrence.\r ", "type": "typed-literal"}, "number": "3", "flags": "F", "location": "2;1", "type": "4", "name": "treatment_instituted"}, {"description": {"datatype": "http://www.w3.org/1999/02/22-rdf-syntax-ns#XMLLiteral", "fmType": "5", "fmId": "-1", "value": "These are comments about this postoperative occurrence.\r ", "type": "typed-literal"}, "number": "4", "flags": "130.224", "location": "1;0", "type": "5", "name": "occurrence_comments"}, {"name": "occurrence_category", "description": {"datatype": "http://www.w3.org/1999/02/22-rdf-syntax-ns#XMLLiteral", "fmType": "5", "fmId": "-1", "value": "This is the name of the category in which this occurrence may\rbe grouped.  It should be entered for all occurrences and will\rbe used by Surgery Central Office for reporting needs.\r ", "type": "typed-literal"}, "number": "5", "flags": "R*P136.5'X", "details": "136.5", "type": "7", "location": "0;2"}, {"name": "icd_diagnosis_code", "description": {"datatype": "http://www.w3.org/1999/02/22-rdf-syntax-ns#XMLLiteral", "fmType": "5", "fmId": "-1", "value": "If the occurrence entered does not fit in any of the predefined\rcategories, an ICD Diagnosis Code must be entered.\r ", "type": "typed-literal"}, "number": "6", "flags": "*P80'X", "details": "80", "type": "7", "location": "0;3"}, {"name": "sepsis_category", "description": {"datatype": "http://www.w3.org/1999/02/22-rdf-syntax-ns#XMLLiteral", "fmType": "5", "fmId": "-1", "value": "Definition Revised (2007):\rThe body's response to insult can be documented as one of two levels \rwith the successive level building on the previous level. You should \ronly document the highest level identified using the criteria below. \r \r1. Sepsis: Sepsis is the systemic response to infection. Report this \rvariable if the patient has clinical signs and symptoms of SIRS. SIRS \ris a widespread inflammatory response to a variety of severe clinical\rinsults. This syndrome is clinically recognized by the presence of two \ror more of the following:\r   - Temp >38 degrees C or <36 degrees C\r   - HR >90 bpm\r   - RR >20 breaths/min or PaCO2 <32 mmHg(<4.3 kPa)\r   - WBC >12,000 cell/mm3, <4000 cells/mm3, or >10% immature (band) \r     forms\r   - Anion gap acidosis: this is defined by either:\r      [Na + K] - [Cl + HCO3 (or serum CO2)]. If this number is \r      greater than 16, then an anion gap acidosis is present.\r     or\r      Na - [Cl + HCO3 (or serum CO2)]. If this number is greater\r      than 12, then an anion gap acidosis is present.\r \r and one of the following:\r   - positive blood culture\r   - clinical documentation of purulence at any site thought to be \r     causative\r \r2. Severe Sepsis/Septic Shock: Sepsis is considered severe when it is \rassociated with organ and/or circulatory dysfunction. Report this \rvariable if the patient has the clinical signs and symptoms of SIRS or \rsepsis AND documented organ and/or circulatory dysfunction. Examples of\rorgan dysfunction include: oliguria, acute alteration in mental status,\racute respiratory distress. Examples of circulatory dysfunction \rinclude: hypotension, requirement of inotropic or vasopressor agents.", "type": "typed-literal"}, "number": "7", "flags": "*S", "details": "1:SIRS;2:SEPSIS;3:SEPTIC SHOCK;", "type": "3", "location": "0;4"}, {"name": "cpb_status", "description": {"datatype": "http://www.w3.org/1999/02/22-rdf-syntax-ns#XMLLiteral", "fmType": "5", "fmId": "-1", "value": "Definition Revised (2006):\rIndicate the CPB status if the patient underwent a repeat operation on\rthe heart after the patient had left the operating room from the initial\roperation and within current hospitalization or within 30 days of the\rinitial operation. (Do NOT submit a separate second form for this second\rcardiac procedure if it occurs within 30 days post-operatively.) \rIndicate the one appropriate response:\r \rNone - no repeat cardiac surgical procedure post-operatively during \r      index hospitalization or within 30 days of initial operation.\rOn-bypass - patient underwent a repeat cardiac surgical procedure \r      utilizing CPB.\rOff-bypass - patient underwent a repeat cardiac surgical procedure \r      not utilizing CPB.", "type": "typed-literal"}, "number": "8", "flags": "S", "details": "0:None;1:On-bypass;2:Off-bypass;", "type": "3", "location": "0;5"}], "fmql": {"TYPELABEL": "POSTOP OCCURRENCE", "TYPE": "130_22", "OP": "DESCRIBE TYPE"}, "name": "POSTOP OCCURRENCE", "parent": "130", "number": "130.22"}