{"count": "0", "description": {"datatype": "http://www.w3.org/1999/02/22-rdf-syntax-ns#XMLLiteral", "fmType": "5", "fmId": "-1", "value": "Contains a listing of allergies from which user can select.\r \rPer VHA directive XXX, this file has been \"locked down\" by Data\rStandardization (DS).  The file definition (i.e. data dictionary) shall\rnot be modified.  All additions, changes and deletions to entries in the\rfile shall be done by Enterprise Reference Terminology (ERT) using the\rMaster File Server (MFS), provided by Common Services (CS).  Creating\rand/or editing locally defined fields in the file are not permitted.  Use\rof locally defined fields that were created prior to VHA Directive XXX\rshall not be supported.", "type": "typed-literal"}, "fields": [{"index": "B", "name": "name", "number": ".01", "flags": "RFX", "location": "0;1", "type": "4", "description": {"datatype": "http://www.w3.org/1999/02/22-rdf-syntax-ns#XMLLiteral", "fmType": "5", "fmId": "-1", "value": "The name of the allergy/adverse reaction.", "type": "typed-literal"}}, {"index": "C", "name": "allergy_type", "number": "1", "flags": "RFXO", "location": "0;2", "type": "4", "description": {"datatype": "http://www.w3.org/1999/02/22-rdf-syntax-ns#XMLLiteral", "fmType": "5", "fmId": "-1", "value": "This field contains the type(s) for this allergy/adverse reaction .  The\ruser can enter the type(s) separated by commas, or the following codes:\rD=Drug, F=Food, O=Other.  If codes are used, do not use commas to separate\rmultiple codes.  Examples of valid entries are:  DRUG or DRUG, FOOD or D\ror DF or OTHER.", "type": "typed-literal"}}, {"name": "national_allergy", "description": {"datatype": "http://www.w3.org/1999/02/22-rdf-syntax-ns#XMLLiteral", "fmType": "5", "fmId": "-1", "value": "Indicates whether this allergy was distributed with the national release\ror is a locally added allergy.", "type": "typed-literal"}, "number": "2", "flags": "SX", "details": "1:NATIONAL ALLERGY;", "type": "3", "location": "0;3"}, {"name": "synonym", "description": {"datatype": "http://www.w3.org/1999/02/22-rdf-syntax-ns#XMLLiteral", "fmType": "5", "fmId": "-1", "value": "A list of synonyms that can also be used to look up this allergy.", "type": "typed-literal"}, "number": "3", "flags": "120.823", "details": "120.823", "type": "9", "location": "3;0"}, {"name": "drug_ingredients", "description": {"datatype": "http://www.w3.org/1999/02/22-rdf-syntax-ns#XMLLiteral", "fmType": "5", "fmId": "-1", "value": "List of drug ingredients that comprise this particular allergy.", "type": "typed-literal"}, "number": "4", "flags": "120.824P", "details": "120.824", "type": "9", "location": "ING;0"}, {"name": "va_drug_classes", "description": {"datatype": "http://www.w3.org/1999/02/22-rdf-syntax-ns#XMLLiteral", "fmType": "5", "fmId": "-1", "value": "List of VA Drug classes that comprise this reactant.", "type": "typed-literal"}, "number": "5", "flags": "120.8205P", "details": "120.8205", "type": "9", "location": "CLASS;0"}, {"name": "master_entry_for_vuid", "description": {"datatype": "http://www.w3.org/1999/02/22-rdf-syntax-ns#XMLLiteral", "fmType": "5", "fmId": "-1", "value": "This field identifies the Master entry for a VUID associated\rwith a Term/Concept.", "type": "typed-literal"}, "number": "99.98", "flags": "RSI", "details": "1:YES;0:NO;", "type": "3", "location": "VUID;2"}, {"index": "AVUID", "name": "vuid", "number": "99.99", "flags": "RFXI", "location": "VUID;1", "type": "4", "description": {"datatype": "http://www.w3.org/1999/02/22-rdf-syntax-ns#XMLLiteral", "fmType": "5", "fmId": "-1", "value": "VHA Unique ID (VUID).  A unique meaningless integer\rassigned to reference terms VHA wide.", "type": "typed-literal"}}, {"name": "effective_date_time", "description": {"datatype": "http://www.w3.org/1999/02/22-rdf-syntax-ns#XMLLiteral", "fmType": "5", "fmId": "-1", "value": "Describes the pair Status and Effective Date/Time for each reference\rterm.", "type": "typed-literal"}, "number": "99.991", "flags": "120.8299D", "details": "120.8299", "type": "9", "location": "TERMSTATUS;0"}], "fmql": {"TYPELABEL": "GMR ALLERGIES", "TYPE": "120_82", "OP": "DESCRIBE TYPE"}, "number": "120.82", "location": "^GMRD(120.82,", "name": "GMR ALLERGIES"}