{"name":"IRRIGATION","number":"133.6","location":"^SRO(133.6,","count":"16","lastIEN":"16","description":{"fmId":"-1","fmType":"5","type":"typed-literal","datatype":"http://www.w3.org/1999/02/22-rdf-syntax-ns#XMLLiteral","value":"This file contains irrigation solutions used during the operative\rprocedure.  It is pointed to by the IRRIGATION sub-file in the\rSurgery file.  The Irrigation file is distributed with pre-supplied\rentries, however additions may be made at each site."},"version":"3","fields":[{"number":".01","flags":"RF","name":"NAME","location":"0;1","index":"B","type":"4","inputTransform":"K:$L(X)>30!($L(X)<3)!'(X'?1P.E) X","description":{"fmId":"-1","fmType":"5","type":"typed-literal","datatype":"http://www.w3.org/1999/02/22-rdf-syntax-ns#XMLLiteral","value":"This is the name of the solution used for irrigation during the\roperative procedure.\r "}},{"number":"1","flags":"F","name":"ABBREVIATION","location":"0;2","index":"C","type":"4","inputTransform":"K:X[\"\"\"\"!($A(X)=45) X I $D(X) K:$L(X)>5!($L(X)<1) X","description":{"fmId":"-1","fmType":"5","type":"typed-literal","datatype":"http://www.w3.org/1999/02/22-rdf-syntax-ns#XMLLiteral","value":"This is the Abbreviation of the name of the irrigation solution.\r "}},{"number":"10","flags":"S","name":"INACTIVE?","location":"0;3","type":"3","details":"1:YES;","description":{"fmId":"-1","fmType":"5","type":"typed-literal","datatype":"http://www.w3.org/1999/02/22-rdf-syntax-ns#XMLLiteral","value":"Enter 'YES' to make this entry inactive and to prevent its selection and\ruse by users of the Surgery Package."}}],"fmql":{"OP":"DESCRIBE TYPE","TYPE":"133_6","TYPELABEL":"IRRIGATION"}}