{"count": "0", "description": {"datatype": "http://www.w3.org/1999/02/22-rdf-syntax-ns#XMLLiteral", "fmType": "5", "fmId": "-1", "value": "This file captures flowsheet data in support of the the Anticoagulation \rManagement Program (AMP), which is a Joint Commission National Patient\rSafety Goal initiative to use a standardized process for the management of\rtheir patients on extended anticoagulation therapy.\r \rAMP runs as a Windows Application from the CPRS Tools menu, and assists \rClinicians with the expeditious documentation of visits to Anticoagulation\rClinics.", "type": "typed-literal"}, "fields": [{"index": "B", "name": "patient", "description": {"datatype": "http://www.w3.org/1999/02/22-rdf-syntax-ns#XMLLiteral", "fmType": "5", "fmId": "-1", "value": "Patient DFN from file 2", "type": "typed-literal"}, "number": ".01", "flags": "P2X", "location": "0;1", "type": "7", "details": "2"}, {"description": {"datatype": "http://www.w3.org/1999/02/22-rdf-syntax-ns#XMLLiteral", "fmType": "5", "fmId": "-1", "value": "Stores the INR GOAL RANGE set by the user in the ANTICOAGULATOR.  \rContains a free text range, like: 2.0-3.0", "type": "typed-literal"}, "number": "1", "flags": "F", "location": "0;2", "type": "4", "name": "goal_inr"}, {"description": {"datatype": "http://www.w3.org/1999/02/22-rdf-syntax-ns#XMLLiteral", "fmType": "5", "fmId": "-1", "value": "Stores indication set in the Anticoagulator and ICD9 code for the \rindication.\rExample: A Flutter=427.32", "type": "typed-literal"}, "number": "2", "flags": "F", "location": "0;3", "type": "4", "name": "indication"}, {"index": "L", "name": "next_lab", "number": "3", "flags": "D", "location": "0;4", "type": "1", "description": {"datatype": "http://www.w3.org/1999/02/22-rdf-syntax-ns#XMLLiteral", "fmType": "5", "fmId": "-1", "value": "Fileman date of the next scheduled INR draw.", "type": "typed-literal"}}, {"description": {"datatype": "http://www.w3.org/1999/02/22-rdf-syntax-ns#XMLLiteral", "fmType": "5", "fmId": "-1", "value": "Date patient was started in Anticoagulation clinic; in free text format \r(request from the field); contains whatever the operator entered.\rexample: 09/26/08\rexample: unknown", "type": "typed-literal"}, "number": "4", "flags": "F", "location": "0;5", "type": "4", "name": "start_date"}, {"description": {"datatype": "http://www.w3.org/1999/02/22-rdf-syntax-ns#XMLLiteral", "fmType": "5", "fmId": "-1", "value": "Date patient was stopped OR expected to be stopped from needing followup\rin Anticoagulation clinic; in free text format\r(request from the field); contains whatever the operator entered.\rexample: 09/26/08\rexample: indefinite", "type": "typed-literal"}, "number": "5", "flags": "F", "location": "0;6", "type": "4", "name": "stop_date"}, {"description": {"datatype": "http://www.w3.org/1999/02/22-rdf-syntax-ns#XMLLiteral", "fmType": "5", "fmId": "-1", "value": "Expected length of time patient will be followed in Anticoagulation \rclinic.\rExample: 6 months", "type": "typed-literal"}, "number": "6", "flags": "F", "location": "0;7", "type": "4", "name": "duration"}, {"description": {"datatype": "http://www.w3.org/1999/02/22-rdf-syntax-ns#XMLLiteral", "fmType": "5", "fmId": "-1", "value": "Word processing set of special instrections inputted into the\rAnticoagulator.\rVisible in the Anticoagulator and in the Header of the flow sheet on the \rREPORTS tab.", "type": "typed-literal"}, "number": "7", "flags": "103.07", "location": "1;0", "type": "5", "name": "special_instructions"}, {"description": {"datatype": "http://www.w3.org/1999/02/22-rdf-syntax-ns#XMLLiteral", "fmType": "5", "fmId": "-1", "value": "Word processing set of risk factors inputted into the Anticoagulator.  \rVisible in the Anticoagulator and in the Header of the flow sheet on the \rREPORTS tab.", "type": "typed-literal"}, "number": "8", "flags": "103.08", "location": "2;0", "type": "5", "name": "risk_factors"}, {"name": "signed_agreement", "description": {"datatype": "http://www.w3.org/1999/02/22-rdf-syntax-ns#XMLLiteral", "fmType": "5", "fmId": "-1", "value": "Stores if patient has a signed agreement\rY=yes; N or \"\"=No.", "type": "typed-literal"}, "number": "9", "flags": "S", "details": "Y:yes;N:no;", "type": "3", "location": "0;8"}, {"description": {"datatype": "http://www.w3.org/1999/02/22-rdf-syntax-ns#XMLLiteral", "fmType": "5", "fmId": "-1", "value": "Free text entry for date of orientation classs.", "type": "typed-literal"}, "number": "10", "flags": "F", "location": "0;9", "type": "4", "name": "orientation"}, {"name": "fs_date", "number": "11", "flags": "103.011DA", "details": "103.011", "type": "9", "location": "3;0"}, {"name": "complexity", "description": {"datatype": "http://www.w3.org/1999/02/22-rdf-syntax-ns#XMLLiteral", "fmType": "5", "fmId": "-1", "value": "INDICATES IF PATIENT IS CURRENTLY COMPLEX, STANDARD OR INACTIVE", "type": "typed-literal"}, "number": "15", "flags": "S", "details": "0:STANDARD PT;1:COMPLEX PT;2:INACTIVE PT;", "type": "3", "location": "0;10"}, {"name": "msgphone", "description": {"datatype": "http://www.w3.org/1999/02/22-rdf-syntax-ns#XMLLiteral", "fmType": "5", "fmId": "-1", "value": "PT PRIVACY ISSUE; indicates if pt approved leaving of msg on phone \ranswering machine.", "type": "typed-literal"}, "number": "25", "flags": "S", "details": "0:NOT ASKED;1:NO MSGS;2:OK MSG;", "type": "3", "location": "0;11"}, {"description": {"datatype": "http://www.w3.org/1999/02/22-rdf-syntax-ns#XMLLiteral", "fmType": "5", "fmId": "-1", "value": "If patient allows leaving of anticoagulation messages with others at \rhis/her phone number, this indicates WHO is allowed to receive the \rmessages.", "type": "typed-literal"}, "number": "35", "flags": "103.035", "location": "4;0", "type": "5", "name": "msg_with"}, {"name": "am_meds", "number": "45", "flags": "S", "details": "0:PM MEDS;1:AM MEDS;2:UNKNOWN;", "type": "3", "location": "0;12"}, {"description": {"datatype": "http://www.w3.org/1999/02/22-rdf-syntax-ns#XMLLiteral", "fmType": "5", "fmId": "-1", "value": "Indicates if this entry is complete (\"SAVE\") or incomplete (\"TEMPSAVE\").", "type": "typed-literal"}, "number": "55", "flags": "F", "location": "0;13", "type": "4", "name": "save_status"}, {"name": "fee_basis", "description": {"datatype": "http://www.w3.org/1999/02/22-rdf-syntax-ns#XMLLiteral", "fmType": "5", "fmId": "-1", "value": " \r****Not in use for export version; here for legacy systems*****\r \rRECORDS IF FEE BASIS IS AUTHORIZED AND IF PRIMARY OR SECONDARY STATUS", "type": "typed-literal"}, "number": "60", "flags": "S", "details": "0:NO;1:PRIMARY;2:SECONDARY;", "type": "3", "location": "0;14"}, {"description": {"datatype": "http://www.w3.org/1999/02/22-rdf-syntax-ns#XMLLiteral", "fmType": "5", "fmId": "-1", "value": "****Not in use for export version; here for legacy systems*****\r \rDATE WHICH FEE BASIS QUALIFICATION EXPIRES AND NEEDS TO BE REASSESSED.", "type": "typed-literal"}, "number": "65", "flags": "D", "location": "0;15", "type": "1", "name": "fee_basis_expiration"}, {"description": {"datatype": "http://www.w3.org/1999/02/22-rdf-syntax-ns#XMLLiteral", "fmType": "5", "fmId": "-1", "value": "****Not in use for export version; here for legacy systems*****\r \rPERSON WHO EVALUATED PATIENT FOR FEE BASIS", "type": "typed-literal"}, "number": "70", "flags": "F", "location": "0;16", "type": "4", "name": "fee_basis_evaluated_by"}, {"description": {"datatype": "http://www.w3.org/1999/02/22-rdf-syntax-ns#XMLLiteral", "fmType": "5", "fmId": "-1", "value": "*****Note in use for exported version*******************\r \rexpiration date for outside lab agreement.", "type": "typed-literal"}, "number": "75", "flags": "D", "location": "0;17", "type": "1", "name": "outside_lab"}, {"description": {"datatype": "http://www.w3.org/1999/02/22-rdf-syntax-ns#XMLLiteral", "fmType": "5", "fmId": "-1", "value": "If reminder is set; this is the first date it will begin to appear when \rthe Anticoagulator is accessed.  It is only viewable in the \rAnticoagulator.", "type": "typed-literal"}, "number": "80", "flags": "D", "location": "0;18", "type": "1", "name": "reminder_date"}, {"description": {"datatype": "http://www.w3.org/1999/02/22-rdf-syntax-ns#XMLLiteral", "fmType": "5", "fmId": "-1", "value": "Free text item to remind person who is accessing the Anticoagulator on a \rspecific patient that something needs to be done.  Will only appear at or \rafter the reminder date (field 80).\rexample: \"CBC due\"", "type": "typed-literal"}, "number": "85", "flags": "103.085", "location": "5;0", "type": "5", "name": "reminder"}, {"name": "lock", "description": {"datatype": "http://www.w3.org/1999/02/22-rdf-syntax-ns#XMLLiteral", "fmType": "5", "fmId": "-1", "value": "IF 1; CHART IS IN USE BY SOMEONE ELSE.", "type": "typed-literal"}, "number": "90", "flags": "S", "details": "0:OPEN;1:LOCKED;", "type": "3", "location": "0;19"}, {"name": "next_day_callback", "description": {"datatype": "http://www.w3.org/1999/02/22-rdf-syntax-ns#XMLLiteral", "fmType": "5", "fmId": "-1", "value": "This Boolean field indicates whether the Clinician should wait until the \rday after the next INR Draw to call the patient.", "type": "typed-literal"}, "number": "91", "flags": "S", "details": "0:NO;1:YES;", "type": "3", "location": "0;20"}, {"description": {"datatype": "http://www.w3.org/1999/02/22-rdf-syntax-ns#XMLLiteral", "fmType": "5", "fmId": "-1", "value": "Indicates days the patient does not want lab drawn. Represented by a \rstring, example: 135 means Mon,Wed,Friday", "type": "typed-literal"}, "number": "95", "flags": "F", "location": "6;1", "type": "4", "name": "restrict_lab_draws"}, {"index": "CL", "name": "clinic", "description": {"datatype": "http://www.w3.org/1999/02/22-rdf-syntax-ns#XMLLiteral", "fmType": "5", "fmId": "-1", "value": "Clinic which is currently following the patient.\r \rClinic determines many of the parameters which will determine the \rbehavior of the Anticoagulation Management Application (e.g., Team \rList membership, Letterhead values, Visit locations for PCE, etc.).\rIf clinic is missing, it will be assigned when the user files the first \rflowsheet entry.", "type": "typed-literal"}, "number": "101", "flags": "*P44'", "location": "6;2", "type": "7", "details": "44"}, {"name": "cmplx", "description": {"datatype": "http://www.w3.org/1999/02/22-rdf-syntax-ns#XMLLiteral", "fmType": "5", "fmId": "-1", "value": "THIS FIELD IS NOT IN USE AT THIS TIME.", "type": "typed-literal"}, "number": "102", "flags": "P100.21'", "details": "100.21", "type": "7", "location": "6;3"}, {"description": {"datatype": "http://www.w3.org/1999/02/22-rdf-syntax-ns#XMLLiteral", "fmType": "5", "fmId": "-1", "value": "Outside HCT lab value, entered by the pharmacist through the GUI, is \rstored here in the following format:\rvalue | DATE \rdate is not in fileman format\rexample: 21.6|9/19/2008", "type": "typed-literal"}, "number": "110", "flags": "F", "location": "6;4", "type": "4", "name": "outside_hct"}, {"name": "eligible_for_lmwh_bridging", "description": {"datatype": "http://www.w3.org/1999/02/22-rdf-syntax-ns#XMLLiteral", "fmType": "5", "fmId": "-1", "value": "Please indicate whether the patient is eligible for perioperative Low\rMolecular Weight Heparin bridging.", "type": "typed-literal"}, "number": "111", "flags": "S", "details": "1:YES;0:NO;", "type": "3", "location": "6;5"}, {"type": "5", "location": "7;0", "flags": "103.0112", "number": "112", "name": "bridging_comments"}], "fmql": {"TYPELABEL": "ORAM FLOWSHEET", "TYPE": "103", "OP": "DESCRIBE TYPE"}, "number": "103", "location": "^ORAM(103,", "name": "ORAM FLOWSHEET"}