{"name":"RELIGION","number":"13","location":"^DIC(13,","count":"84","lastIEN":"153","description":{"fmId":"-1","fmType":"5","type":"typed-literal","datatype":"http://www.w3.org/1999/02/22-rdf-syntax-ns#XMLLiteral","value":"The RELIGION file currently contains 84 entries.  These entries are\rdetermined by VACO MAS.  This file should not be added to nor should\rentries in it be altered or deleted by the facility.  Entry, edit\ror deletion of these entries could have severe negative affects on the\rperformance of the MAS module."},"applicationGroups":"VA","version":"5.3","vpackage":"DG","fields":[{"number":".01","flags":"RF","name":"NAME","location":"0;1","index":"B","type":"4","inputTransform":"K:X[\"\"\"\"!(X'?.ANP)!(X<0) X I $D(X) K:$L(X)>30!($L(X)<3) X","description":{"fmId":"-1","fmType":"5","type":"typed-literal","datatype":"http://www.w3.org/1999/02/22-rdf-syntax-ns#XMLLiteral","value":"This field contains the name of the religion as it will appear to users at\rthe time of selection in the registration module.  This name will appear\rin various reports and options throughout DHCP.  This field should not\rbe altered."}},{"number":"1","flags":"F","name":"ABBREVIATION","location":"0;2","type":"4","inputTransform":"K:$L(X)>10!($L(X)<1) X","description":{"fmId":"-1","fmType":"5","type":"typed-literal","datatype":"http://www.w3.org/1999/02/22-rdf-syntax-ns#XMLLiteral","value":"This field contains an abbreviation for this religion.  This abbreviation\rwill appear on outputs or displays where there in insufficient room for\rthe full name of the religion.  This field should not be altered at the\rsite level."}},{"number":"2","flags":"S","name":"CLASSIFICATION","location":"0;3","type":"3","details":"1:CATHOLIC;2:PROTESTANT;3:JEWISH;4:ORTHODOX;5:OTHER;","description":{"fmId":"-1","fmType":"5","type":"typed-literal","datatype":"http://www.w3.org/1999/02/22-rdf-syntax-ns#XMLLiteral","value":"This field should contain the classification of the religion (whether\rit be Catholic, Protestant, Jewish, Orthodox, or something other than\rwhat is listed.  This field is distributed by the MAS module and should\rnot be altered in any way."}},{"number":"3","flags":"NJ2,0","name":"CODE","location":"0;4","index":"C","type":"2","inputTransform":"K:+X'=X!(X>99)!(X<0)!(X?.E1\".\"1N.N) X","description":{"fmId":"-1","fmType":"5","type":"typed-literal","datatype":"http://www.w3.org/1999/02/22-rdf-syntax-ns#XMLLiteral","value":"This field contains the numeric code for this particular religion.  This\rcode is transmitted to Austin with various DHCP packages.  It must NOT\rbe altered in any way as this could cause severe negative impacts on \rvarious DHCP modules and could cause rejected records to be returned from\rAustin."}},{"number":"100","flags":"13.01","name":"SYNONYM","location":".01;0","type":"9","details":"13.01","description":{"fmId":"-1","fmType":"5","type":"typed-literal","datatype":"http://www.w3.org/1999/02/22-rdf-syntax-ns#XMLLiteral","value":"This multiple contains all of the alternative names by which this religion\rmay be selected by the user."}}],"fmql":{"OP":"DESCRIBE TYPE","TYPE":"13","TYPELABEL":"RELIGION"}}