{"count": "0", "description": {"datatype": "http://www.w3.org/1999/02/22-rdf-syntax-ns#XMLLiteral", "fmType": "5", "fmId": "-1", "value": "This is a list of the common standing orders (often called add-ons\ror specials) which may be ordered for a patient. It may include\rsuch things as 'double portions' or preferences such as 'no fish.'", "type": "typed-literal"}, "fields": [{"index": "B", "name": "name", "number": ".01", "flags": "RF", "location": "0;1", "type": "4", "description": {"datatype": "http://www.w3.org/1999/02/22-rdf-syntax-ns#XMLLiteral", "fmType": "5", "fmId": "-1", "value": "This field contains the name of a standing order. It may be\rsuch things as 'double portions', 'extra coffee', or even\rpreferences such as 'no fish.'", "type": "typed-literal"}}, {"name": "label", "description": {"datatype": "http://www.w3.org/1999/02/22-rdf-syntax-ns#XMLLiteral", "fmType": "5", "fmId": "-1", "value": "This field specifies whether the label should be printed or not for this\rorder.", "type": "typed-literal"}, "number": "1", "flags": "S", "details": "Y:YES;N:NO;", "type": "3", "location": "0;2"}, {"name": "inactive", "description": {"datatype": "http://www.w3.org/1999/02/22-rdf-syntax-ns#XMLLiteral", "fmType": "5", "fmId": "-1", "value": "This field, if answered YES, will prohibit further selection of\rthis standing order by ward or dietetic personnel.", "type": "typed-literal"}, "number": "99", "flags": "SX", "details": "Y:YES;N:NO;", "type": "3", "location": "I;1"}], "fmql": {"TYPELABEL": "STANDING ORDERS", "TYPE": "118_3", "OP": "DESCRIBE TYPE"}, "number": "118.3", "location": "^FH(118.3,", "name": "STANDING ORDERS"}