{"fields": [{"index": "B", "name": "division", "description": {"datatype": "http://www.w3.org/1999/02/22-rdf-syntax-ns#XMLLiteral", "fmType": "5", "fmId": "-1", "value": "This is the site the parameters are defined for.", "type": "typed-literal"}, "number": ".01", "flags": "RP104'", "location": "0;1", "type": "7", "details": "104"}, {"description": {"datatype": "http://www.w3.org/1999/02/22-rdf-syntax-ns#XMLLiteral", "fmType": "5", "fmId": "-1", "value": "The number of historical days to display on the isolation report. Answer \rmust be in days (365 = 12 mos or 1 year; 28 = 4 weeks; 90 = quarter).", "type": "typed-literal"}, "number": "1", "flags": "NJ5,0", "location": "0;2", "type": "2", "name": "historical_days"}], "fmql": {"TYPELABEL": "DIVISION", "TYPE": "104_22", "OP": "DESCRIBE TYPE"}, "name": "DIVISION", "parent": "104.2", "number": "104.22"}