{"fields": [{"index": "B", "name": "set", "number": ".01", "flags": "MF", "location": "0;1", "type": "4", "description": {"datatype": "http://www.w3.org/1999/02/22-rdf-syntax-ns#XMLLiteral", "fmType": "5", "fmId": "-1", "value": "This is the name of a set to which this orderable item belongs.", "type": "typed-literal"}}, {"name": "qo_only", "description": {"datatype": "http://www.w3.org/1999/02/22-rdf-syntax-ns#XMLLiteral", "fmType": "5", "fmId": "-1", "value": "This field determines if the item may be ordered via the regular order\rdialog for this Set, or only via predefined quick orders.", "type": "typed-literal"}, "number": "2", "flags": "S", "details": "1:YES;", "type": "3", "location": "0;2"}], "fmql": {"TYPELABEL": "SET MEMBERSHIP", "TYPE": "101_439", "OP": "DESCRIBE TYPE"}, "name": "SET MEMBERSHIP", "parent": "101.43", "number": "101.439"}