{"fields": [{"index": "B", "name": "tubefeeding_product", "description": {"datatype": "http://www.w3.org/1999/02/22-rdf-syntax-ns#XMLLiteral", "fmType": "5", "fmId": "-1", "value": "This multiple stores the tubefeeding product(s) for the recurring meal.", "type": "typed-literal"}, "number": ".01", "flags": "MP118.2'", "location": "0;1", "type": "7", "details": "118.2"}, {"name": "strength", "description": {"datatype": "http://www.w3.org/1999/02/22-rdf-syntax-ns#XMLLiteral", "fmType": "5", "fmId": "-1", "value": "This field stores the strength of the tubefeeding for the recurring meal.", "type": "typed-literal"}, "number": "1", "flags": "S", "details": "1:1/4;2:1/2;3:3/4;4:FULL;", "type": "3", "location": "0;2"}, {"description": {"datatype": "http://www.w3.org/1999/02/22-rdf-syntax-ns#XMLLiteral", "fmType": "5", "fmId": "-1", "value": "This field stores the quantity of the tubefeeding for the recurring meal.", "type": "typed-literal"}, "number": "2", "flags": "F", "location": "0;3", "type": "4", "name": "quantity"}, {"description": {"datatype": "http://www.w3.org/1999/02/22-rdf-syntax-ns#XMLLiteral", "fmType": "5", "fmId": "-1", "value": "This field stores the product ml's per day of this tubefeeding product\rfor the recurring meal.", "type": "typed-literal"}, "number": "3", "flags": "NJ4,0", "location": "0;4", "type": "2", "name": "product_mls_day"}, {"description": {"datatype": "http://www.w3.org/1999/02/22-rdf-syntax-ns#XMLLiteral", "fmType": "5", "fmId": "-1", "value": "This field stores the water ml's per day of this tubefeeding product\rfor the recurring meal.", "type": "typed-literal"}, "number": "4", "flags": "NJ4,0", "location": "0;5", "type": "2", "name": "water_mls_day"}, {"description": {"datatype": "http://www.w3.org/1999/02/22-rdf-syntax-ns#XMLLiteral", "fmType": "5", "fmId": "-1", "value": "This field stores the kcals per day of this tubefeeding product\rfor the recurring meal.", "type": "typed-literal"}, "number": "5", "flags": "NJ4,0", "location": "0;6", "type": "2", "name": "kcals_day"}], "fmql": {"TYPELABEL": "TUBEFEEDING PRODUCT", "TYPE": "115_1619", "OP": "DESCRIBE TYPE"}, "name": "TUBEFEEDING PRODUCT", "parent": "115.016", "number": "115.1619"}