{"fields": [{"description": {"datatype": "http://www.w3.org/1999/02/22-rdf-syntax-ns#XMLLiteral", "fmType": "5", "fmId": "-1", "value": "This is the date/time that this person's scrub role responsibilities\rbegan.  Both the date and time must be entered.", "type": "typed-literal"}, "number": ".01", "flags": "DOX", "location": "0;1", "type": "1", "name": "time_on"}, {"description": {"datatype": "http://www.w3.org/1999/02/22-rdf-syntax-ns#XMLLiteral", "fmType": "5", "fmId": "-1", "value": "This is the date and time that this person's scrub role responsibilities\rended.  Times entered without a date will be converted to the date\rof operation at that time.", "type": "typed-literal"}, "number": "1", "flags": "DX", "location": "0;2", "type": "1", "name": "time_off"}, {"name": "reason_for_relief", "description": {"datatype": "http://www.w3.org/1999/02/22-rdf-syntax-ns#XMLLiteral", "fmType": "5", "fmId": "-1", "value": "This is the reason why this person was relieved of his or her scrub\rrole responsibilities prior to the end of this case.  Although optional,\rthis information may be useful in documentation of the case.\r ", "type": "typed-literal"}, "number": "2", "flags": "S", "details": "P:PERSONAL;S:SHIFT CHANGE;A:ADMINISTRATIVE;", "type": "3", "location": "0;3"}, {"description": {"datatype": "http://www.w3.org/1999/02/22-rdf-syntax-ns#XMLLiteral", "fmType": "5", "fmId": "-1", "value": "This information is used in documenting this person's scrub support\rresponsibilities.\r ", "type": "typed-literal"}, "number": "3", "flags": "130.38", "location": "1;0", "type": "5", "name": "comment"}], "fmql": {"TYPELABEL": "TIME ON", "TYPE": "130_37", "OP": "DESCRIBE TYPE"}, "name": "TIME ON", "parent": "130.36", "number": "130.37"}