{"name":"REACTIONS","number":"120.8502","parent":"120.85","fields":[{"number":".01","flags":"MP120.83'","name":"REACTIONS","location":"0;1","index":"B","type":"7","details":"120.83","description":{"fmId":"-1","fmType":"5","type":"typed-literal","datatype":"http://www.w3.org/1999/02/22-rdf-syntax-ns#XMLLiteral","value":"One sign/symptom observed for this reaction."}},{"number":"1","flags":"F","name":"OTHER REACTION","location":"0;2","type":"4","inputTransform":"K:$L(X)>30!($L(X)<3) X","description":{"fmId":"-1","fmType":"5","type":"typed-literal","datatype":"http://www.w3.org/1999/02/22-rdf-syntax-ns#XMLLiteral","value":"If this sign/symptom cannot be found in the Sign/Symptoms (120.83) file,\rthen the free text of what the user typed in will be here, and the\rsigns/symptoms of OTHER REACTION will be the value of the REACTIONS field."}},{"number":"2","flags":"P200'","name":"ENTERED BY","location":"0;3","type":"7","details":"200","description":{"fmId":"-1","fmType":"5","type":"typed-literal","datatype":"http://www.w3.org/1999/02/22-rdf-syntax-ns#XMLLiteral","value":"The person who entered this reaction into the system."}}],"fmql":{"OP":"DESCRIBE TYPE","TYPE":"120_8502","TYPELABEL":"REACTIONS"}}