{"name":"STRUCTURE","number":"142.01","parent":"142","fields":[{"number":".01","flags":"MRNJ8,3XO","name":"SUMMARY ORDER","location":"0;1","index":"B","type":"2","inputTransform":"K:+X'=X!(X>9999.999)!(X<.001)!(X'?1.4N.E) X S:$D(X) DINUM=X","description":{"fmId":"-1","fmType":"5","type":"typed-literal","datatype":"http://www.w3.org/1999/02/22-rdf-syntax-ns#XMLLiteral","value":"This is the sequence in which each successive component is to appear\rwithin the health summary.  By default, it will be an integer number,\rbeginning with five, and incremented by five, so as to allow insertion\rof new components as necessary."}},{"number":"1","flags":"RP142.1'","name":"COMPONENT NAME","location":"0;2","index":"C","type":"7","details":"142.1","description":{"fmId":"-1","fmType":"5","type":"typed-literal","datatype":"http://www.w3.org/1999/02/22-rdf-syntax-ns#XMLLiteral","value":"This is the name of the next health summary component to be included in\rthe report (e.g., SURGERY REPORTS, or CHEMISTRY & HEMATOLOGY).  Valid\rabbreviations (e.g., SR or CH) or partial names may also be entered."}},{"number":"2","flags":"NJ5,0","name":"OCCURRENCE LIMIT","location":"0;3","type":"2","inputTransform":"K:+X'=X!(X>99999)!(X<1)!(X?.E1\".\"1N.N) X","description":{"fmId":"-1","fmType":"5","type":"typed-literal","datatype":"http://www.w3.org/1999/02/22-rdf-syntax-ns#XMLLiteral","value":"This is an integer number describing the number of occurrences (e.g., lab\rorders, surgeries, radiology procedures, etc.) to be reported by the\rcomponent.  For example, if 5 is entered the component will only present\rthe five most recent occurrences.  If no limit is entered, the component\rwill report as many occurrences as may be found within the specified\rtime interval."}},{"number":"3","flags":"FX","name":"TIME LIMIT","location":"0;4","type":"4","inputTransform":"S X=$$UP^XLFSTR(X) K:$L(X)>5!($L(X)<1)!'((X?1N.N1U)!(X?1N.N1\"D\")!(X?1N.N1\"W\")!(X?1N.N1\"M\")!(X?1N.N1\"Y\")) X","description":{"fmId":"-1","fmType":"5","type":"typed-literal","datatype":"http://www.w3.org/1999/02/22-rdf-syntax-ns#XMLLiteral","value":"This is a code describing how far back the component should search for a\rgiven patient's data.  It will be a number, followed by the letter D for\rdays, W for weeks, M for months or Y for years (e.g., 30D would denote the\rpast 30 days' patient data should be included in the component).  If no\rlimit is indicated, the component assumes an indefinite time interval.\rExceptions are the Outpatient, Unit Dose and Intravenous Pharmacy\rcomponents, which will show active orders only when no time limit is\rentered."}},{"number":"4","flags":"142.14VA","name":"SELECTION ITEM","location":"1;0","type":"9","details":"142.14","description":{"fmId":"-1","fmType":"5","type":"typed-literal","datatype":"http://www.w3.org/1999/02/22-rdf-syntax-ns#XMLLiteral","value":"If the component allows selection of specific items, they will be selected\rhere.  Component examples are Lab Tests Selected, Lab Cumulatives\rSelected, Radiology Impressions Selected, and Vital Signs Selected.\r \rYou will be asked to enter selection items such as Lab Tests, Radiology\rProcedures, Vital Sign Types, Measurement Panel, Clinical\rReminder/Maintenance, Health Factor, depending on the component.\rFactor, depending on the component."}},{"number":"5","flags":"F","name":"HEADER NAME","location":"0;5","type":"4","inputTransform":"K:X[\"\"\"\"!($A(X)=45) X I $D(X) K:$L(X)>20!($L(X)<2) X","description":{"fmId":"-1","fmType":"5","type":"typed-literal","datatype":"http://www.w3.org/1999/02/22-rdf-syntax-ns#XMLLiteral","value":"This is the name that will appear in both menus and headers within this\rHealth Summary type.  (e.g., if you are setting up the LAB SELECTED\rCUMULATIVE component, and would like it to include the tests from a Chem 7,\ryou might enter Chem 7)."}},{"number":"6","flags":"S","name":"HOSPITAL LOCATION DISPLAYED","location":"0;6","type":"3","details":"Y:yes;N:no;","description":{"fmId":"-1","fmType":"5","type":"typed-literal","datatype":"http://www.w3.org/1999/02/22-rdf-syntax-ns#XMLLiteral","value":"This field controls whether or not the hospital location abbreviation will\rbe displayed in any components where hospital location applies (e.g., PCE\rOutpatient Encounters, PCE Outpatient Diagnosis). The text displayed is\robtained from the Hospital Location file."}},{"number":"7","flags":"S","name":"ICD TEXT DISPLAYED","location":"0;7","type":"3","details":"L:long text;S:short text;C:code only;T:text only;N:none;","description":{"fmId":"-1","fmType":"5","type":"typed-literal","datatype":"http://www.w3.org/1999/02/22-rdf-syntax-ns#XMLLiteral","value":"This field controls hows ICD text is displayed in components where ICD\rText applies (e.g., PCE Outpatient Encounters, PCE Outpatient Diagnosis\rand Problem List All). The applicable component display/print can be\rcustomized to include ICD Text in the following format: code and long\rdescription, code and short description, code only, long description only\ror nothing. This control is independent of whether provider narrative is\rdisplayed -- either or both may be specified."}},{"number":"8","flags":"S","name":"PROVIDER NARRATIVE DISPLAYED","location":"0;8","type":"3","details":"Y:yes;N:no;","description":{"fmId":"-1","fmType":"5","type":"typed-literal","datatype":"http://www.w3.org/1999/02/22-rdf-syntax-ns#XMLLiteral","value":"This field controls whether provider narrative is displayed or not. It\rapplies to components where provider narrative is applicable (e.g., PCE\rOutpatient Encounters, PCE Outpatient Diagnosis, Problem List All). This\rcontrol is independent of whether or not ICD text is displayed -- either\ror both may be specified. If not specified, provider narrative will be\rdisplayed by default."}},{"number":"9","flags":"S","name":"CPT MODIFIERS DISPLAYED","location":"0;9","type":"3","details":"Y:YES;N:NO;","description":{"fmId":"-1","fmType":"5","type":"typed-literal","datatype":"http://www.w3.org/1999/02/22-rdf-syntax-ns#XMLLiteral","value":"This field controls whether CPT Modifiers are displayed or not. It applies to \rcomponents where CPT Modifiers are applicable (e.g. surgical components) This \rcontrol is independent of whether or not CPT text is displayed.  If not \rspecified, CPT Modifiers will be displayed by default."}}],"fmql":{"OP":"DESCRIBE TYPE","TYPE":"142_01","TYPELABEL":"STRUCTURE"}}