{"name":"REASON ENTERED IN ERROR","number":"120.506","parent":"120.5","fields":[{"number":".01","flags":"MS","name":"REASON ENTERED IN ERROR","location":"0;1","type":"3","details":"1:INCORRECT DATE/TIME;2:INCORRECT READING;3:INCORRECT PATIENT;4:INVALID RECORD;","description":{"fmId":"-1","fmType":"5","type":"typed-literal","datatype":"http://www.w3.org/1999/02/22-rdf-syntax-ns#XMLLiteral","value":"This field records the reason for entering the data in error."}}],"fmql":{"OP":"DESCRIBE TYPE","TYPE":"120_506","TYPELABEL":"REASON ENTERED IN ERROR"}}