{"name":"QUICK ORDER","number":"101.441","parent":"101.44","fields":[{"number":".01","flags":"MP101.41'","name":"QUICK ORDER","location":"0;1","index":"C","type":"7","details":"101.41","description":{"fmId":"-1","fmType":"5","type":"typed-literal","datatype":"http://www.w3.org/1999/02/22-rdf-syntax-ns#XMLLiteral","value":"This points to a quick order in the Order Dialog file (101.41)."}},{"number":"2","flags":"F","name":"DISPLAY TEXT","location":"0;2","type":"4","inputTransform":"K:$L(X)>132!($L(X)<1) X","description":{"fmId":"-1","fmType":"5","type":"typed-literal","datatype":"http://www.w3.org/1999/02/22-rdf-syntax-ns#XMLLiteral","value":"This contains the text to display in the view list."}}],"fmql":{"OP":"DESCRIBE TYPE","TYPE":"101_441","TYPELABEL":"QUICK ORDER"}}