{"name":"IRRIGATION","number":"130.08","parent":"130","fields":[{"number":".01","flags":"*P133.6'","name":"IRRIGATION","location":"0;1","type":"7","details":"133.6","inputTransform":"S DIC(\"S\")=\"I '$P(^(0),U,3)\" D ^DIC K DIC S DIC=DIE,X=+Y K:Y<0 X","description":{"fmId":"-1","fmType":"5","type":"typed-literal","datatype":"http://www.w3.org/1999/02/22-rdf-syntax-ns#XMLLiteral","value":"This is the type of solution used for irrigation during the operative\rprocedure.  If entered, this information appears on the Nurse \rIntraoperative Report.\r "}},{"number":"1","flags":"130.39DA","name":"TIME","location":"1;0","type":"9","details":"130.39","description":{"fmId":"-1","fmType":"5","type":"typed-literal","datatype":"http://www.w3.org/1999/02/22-rdf-syntax-ns#XMLLiteral","value":"This is information related to the time that the irrigation solution\rwas utilized.\r "}}],"fmql":{"OP":"DESCRIBE TYPE","TYPE":"130_08","TYPELABEL":"IRRIGATION"}}