{"name":"ORDERABLE ITEMS","number":"101.43","location":"^ORD(101.43,","count":"1688","lastIEN":"1688","description":{"fmId":"-1","fmType":"5","type":"typed-literal","datatype":"http://www.w3.org/1999/02/22-rdf-syntax-ns#XMLLiteral","value":"This file contains the orderable items for use within OE/RR."},"version":"3.0","vpackage":"OR","fields":[{"number":".01","flags":"RFX","name":"NAME","location":"0;1","index":"B","type":"4","inputTransform":"K:$L(X)>63!($L(X)<2)!($$CHKNAM^ORUTL(X,\";\")) X","description":{"fmId":"-1","fmType":"5","type":"typed-literal","datatype":"http://www.w3.org/1999/02/22-rdf-syntax-ns#XMLLiteral","value":"This is the name of this item that will be used for displaying and searching."}},{"number":".1","flags":"D","name":"INACTIVATED","location":".1;1","type":"1","inputTransform":"S %DT=\"ESTX\" D ^%DT S X=Y K:Y<1 X","description":{"fmId":"-1","fmType":"5","type":"typed-literal","datatype":"http://www.w3.org/1999/02/22-rdf-syntax-ns#XMLLiteral","value":"This is a date and time for inactivating this item.  If this field has a\rvalue, this item will not ba available to select for ordering after this\rdate."}},{"number":".91","flags":"S","name":"NOTIFY ON ORDER","location":".9;1","type":"3","details":"1:YES;0:NO;","description":{"fmId":"-1","fmType":"5","type":"typed-literal","datatype":"http://www.w3.org/1999/02/22-rdf-syntax-ns#XMLLiteral","value":"This field is a flag to determine if a notification should be generated\rwhenever an order for this item is placed."}},{"number":".92","flags":"S","name":"NOTIFY WHEN RESULTED","location":".9;2","type":"3","details":"1:YES;0:NO;","description":{"fmId":"-1","fmType":"5","type":"typed-literal","datatype":"http://www.w3.org/1999/02/22-rdf-syntax-ns#XMLLiteral","value":"This field is a flag to determine if a notification should be sent when\rresults are posted for an order for this item."}},{"number":"1","flags":"101.432A","name":"SYNONYMS","location":"2;0","type":"9","details":"101.432","description":{"fmId":"-1","fmType":"5","type":"typed-literal","datatype":"http://www.w3.org/1999/02/22-rdf-syntax-ns#XMLLiteral","value":"This multiple contains synonyms for this orderable item, used when\rsearching the file."}},{"number":"1.1","flags":"RF","name":"PACKAGE NAME","location":"0;8","type":"4","inputTransform":"K:$L(X)>63!($L(X)<3) X","description":{"fmId":"-1","fmType":"5","type":"typed-literal","datatype":"http://www.w3.org/1999/02/22-rdf-syntax-ns#XMLLiteral","value":"This is the name of this item as defined by the filling service."}},{"number":"2","flags":"RF","name":"ID","location":"0;2","index":"ID","type":"4","inputTransform":"K:$L(X)>30!($L(X)<3) X","description":{"fmId":"-1","fmType":"5","type":"typed-literal","datatype":"http://www.w3.org/1999/02/22-rdf-syntax-ns#XMLLiteral","value":"This is a unique identifier for this item, created from the primary key\rpassed in the Orderable Items update message from each package; it will\rbe in the form of \"package code;99XXX\" where XXX indicates the package\rtable originating this item (i.e. RAP, LRT, etc)."}},{"number":"3","flags":"F","name":"CODE","location":"0;3","type":"4","inputTransform":"K:$L(X)>10!($L(X)<1) X","description":{"fmId":"-1","fmType":"5","type":"typed-literal","datatype":"http://www.w3.org/1999/02/22-rdf-syntax-ns#XMLLiteral","value":"This is the code assigned to this item by the authoritative package,\rfrom a national standard coding system such as CPT or SNOMED."}},{"number":"4","flags":"S","name":"CODING SYSTEM","location":"0;4","type":"3","details":"NDF:NATIONAL DRUG FILE;CPT4:CPT4;NLT:NATIONAL LAB TEST FILE;","description":{"fmId":"-1","fmType":"5","type":"typed-literal","datatype":"http://www.w3.org/1999/02/22-rdf-syntax-ns#XMLLiteral","value":"This is the system used to generate the code assigned in field 3."}},{"number":"5","flags":"P100.98'","name":"DISPLAY GROUP","location":"0;5","type":"7","details":"100.98","description":{"fmId":"-1","fmType":"5","type":"typed-literal","datatype":"http://www.w3.org/1999/02/22-rdf-syntax-ns#XMLLiteral","value":"This is the display group that this item is a menber of; this field is\rused for a variety of purposes such as narrowing a search for an item,\rsorting and grouping orders, and passing the order to the service\rfor filling."}},{"number":"6","flags":"NJ10,2","name":"COST","location":"0;6","type":"2","inputTransform":"S:X[\"$\" X=$P(X,\"$\",2) K:X'?.N.1\".\".2N!(X>9999999.99)!(X<0) X","description":{"fmId":"-1","fmType":"5","type":"typed-literal","datatype":"http://www.w3.org/1999/02/22-rdf-syntax-ns#XMLLiteral","value":"This is the [approximate] cost of filling an order for this item."}},{"number":"7","flags":"S","name":"AUTHORIZATION","location":"0;7","type":"3","details":"0:NO SIGNATURE REQUIRED;1:PHYSICIAN;2:SPECIALIST;3:SERVICE CHIEF;4:COSIGNATURE;","description":{"fmId":"-1","fmType":"5","type":"typed-literal","datatype":"http://www.w3.org/1999/02/22-rdf-syntax-ns#XMLLiteral","value":"This field is used to identify the level of authentication necessary to\rrelease an order for this item; it will be replaced by the Clinical\rAuthorization and Subscription Utility (CASU) when it becomes available."}},{"number":"8","flags":"101.438","name":"ORDER MESSAGE","location":"8;0","type":"5","description":{"fmId":"-1","fmType":"5","type":"typed-literal","datatype":"http://www.w3.org/1999/02/22-rdf-syntax-ns#XMLLiteral","value":"This field contains text that is to be displayed to the user whenever\rthis item is selected to be ordered."}},{"number":"9","flags":"101.439A","name":"SET MEMBERSHIP","location":"9;0","type":"9","details":"101.439","description":{"fmId":"-1","fmType":"5","type":"typed-literal","datatype":"http://www.w3.org/1999/02/22-rdf-syntax-ns#XMLLiteral","value":"This field contains the names of sets to which this orderable item belongs.\rWhen a set name is entered here, a cross-reference of the format \"S.name\"\ris created, allowing rapid lookups on this file."}},{"number":"10","flags":"101.431A","name":"COMPONENTS","location":"10;0","type":"9","details":"101.431","description":{"fmId":"-1","fmType":"5","type":"typed-literal","datatype":"http://www.w3.org/1999/02/22-rdf-syntax-ns#XMLLiteral","value":"This multiple contains the components of this orderable item, i.e. drug\ringredients or tests in a lab panel."}},{"number":"50.1","flags":"S","name":"INPATIENT MED","location":"PS;1","type":"3","details":"0:NO;1:YES;2:YES-IV;","description":{"fmId":"-1","fmType":"5","type":"typed-literal","datatype":"http://www.w3.org/1999/02/22-rdf-syntax-ns#XMLLiteral","value":"This field indicates if this drug is selectable for an inpatient med order."}},{"number":"50.2","flags":"S","name":"OUTPATIENT MED","location":"PS;2","type":"3","details":"1:YES;0:NO;","description":{"fmId":"-1","fmType":"5","type":"typed-literal","datatype":"http://www.w3.org/1999/02/22-rdf-syntax-ns#XMLLiteral","value":"This field indicates if this drug is selectable for an outpatient med order."}},{"number":"50.3","flags":"S","name":"IV BASE","location":"PS;3","type":"3","details":"1:YES;0:NO;","description":{"fmId":"-1","fmType":"5","type":"typed-literal","datatype":"http://www.w3.org/1999/02/22-rdf-syntax-ns#XMLLiteral","value":"This field indicates if this drug is selectable as a base for an IV Fluid\rorder."}},{"number":"50.4","flags":"S","name":"IV ADDITIVE","location":"PS;4","type":"3","details":"1:YES;0:NO;","description":{"fmId":"-1","fmType":"5","type":"typed-literal","datatype":"http://www.w3.org/1999/02/22-rdf-syntax-ns#XMLLiteral","value":"This field indicates if this drug is selectable as an additive for an IV\rFluid order."}},{"number":"50.5","flags":"S","name":"SUPPLY","location":"PS;5","type":"3","details":"1:YES;0:NO;","description":{"fmId":"-1","fmType":"5","type":"typed-literal","datatype":"http://www.w3.org/1999/02/22-rdf-syntax-ns#XMLLiteral","value":"This field indicates if this item is selectable for a medication supply\rorder."}},{"number":"50.6","flags":"S","name":"NON-FORMULARY","location":"PS;6","type":"3","details":"1:YES;0:NO;","description":{"fmId":"-1","fmType":"5","type":"typed-literal","datatype":"http://www.w3.org/1999/02/22-rdf-syntax-ns#XMLLiteral","value":"This field indicates if this item is available in the local formulary."}},{"number":"50.7","flags":"S","name":"NON-VA MEDS","location":"PS;7","type":"3","details":"1:YES;0:NO;","description":{"fmId":"-1","fmType":"5","type":"typed-literal","datatype":"http://www.w3.org/1999/02/22-rdf-syntax-ns#XMLLiteral","value":"This field indicates if this drug is selectable for a non-VA med order."}},{"number":"60.1","flags":"F","name":"SPECIMEN","location":"LR;1","type":"4","inputTransform":"K:$L(X)>100!($L(X)<1) X","description":{"fmId":"-1","fmType":"5","type":"typed-literal","datatype":"http://www.w3.org/1999/02/22-rdf-syntax-ns#XMLLiteral","value":"This is the specimen to be collected for this test; it is in the 6-piece\rHL7 format, where the first 3 pieces are the code, name, and system of\rthe SNOMED code for this specimen, and the last 3 pieces are similarly\rfrom the local Site/Specimen file."}},{"number":"60.2","flags":"S","name":"CAN LAB COLLECT","location":"LR;2","type":"3","details":"1:YES;0:NO;","description":{"fmId":"-1","fmType":"5","type":"typed-literal","datatype":"http://www.w3.org/1999/02/22-rdf-syntax-ns#XMLLiteral","value":"This identifies which specimens the lab phlebotomy team can collect."}},{"number":"60.3","flags":"NJ2,0","name":"SEQUENCE","location":"LR;3","type":"2","inputTransform":"K:+X'=X!(X>99)!(X<1)!(X?.E1\".\"1N.N) X","description":{"fmId":"-1","fmType":"5","type":"typed-literal","datatype":"http://www.w3.org/1999/02/22-rdf-syntax-ns#XMLLiteral","value":"This field indicates the order in which specimens are presented for\rselection, the first being the most often selected and the default."}},{"number":"60.4","flags":"NJ3,0","name":"MAX ORDER FREQUENCY","location":"LR;4","type":"2","inputTransform":"K:+X'=X!(X>120)!(X<1)!(X?.E1\".\"1N.N) X","description":{"fmId":"-1","fmType":"5","type":"typed-literal","datatype":"http://www.w3.org/1999/02/22-rdf-syntax-ns#XMLLiteral","value":"This is used to control how often this item may be ordered within a given\rtime period.  This item may be ordered only once within the number of days\rspecified in this field."}},{"number":"60.5","flags":"NJ2,0","name":"DAILY ORDER MAX","location":"LR;5","type":"2","inputTransform":"K:+X'=X!(X>50)!(X<1)!(X?.E1\".\"1N.N) X","description":{"fmId":"-1","fmType":"5","type":"typed-literal","datatype":"http://www.w3.org/1999/02/22-rdf-syntax-ns#XMLLiteral","value":"This is the number of times within a given day that this item may be\rordered."}},{"number":"60.6","flags":"S","name":"LAB SECTION","location":"LR;6","type":"3","details":"CH:CHEMISTRY;MI:MICROBIOLOGY;BB:BLOOD BANK;EM:ELECTRON MICROSCOPY;SP:SURGICAL PATHOLOGY;AU:AUTOPSY;CY:CYTOLOGY;","description":{"fmId":"-1","fmType":"5","type":"typed-literal","datatype":"http://www.w3.org/1999/02/22-rdf-syntax-ns#XMLLiteral","value":"This is the lab section to which orders for this test and sample will be\rsent."}},{"number":"60.7","flags":"S","name":"TYPE","location":"LR;7","type":"3","details":"I:input;O:output;B:both;N:neither;","description":{"fmId":"-1","fmType":"5","type":"typed-literal","datatype":"http://www.w3.org/1999/02/22-rdf-syntax-ns#XMLLiteral","value":"This field indicates if this item may be selected when ordering a lab\rtest, and/or if it is included in this file for results reporting only."}},{"number":"71.1","flags":"F","name":"CONTRAST MEDIA","location":"RA;1","type":"4","inputTransform":"K:$L(X)>7!($L(X)<1) X","description":{"fmId":"-1","fmType":"5","type":"typed-literal","datatype":"http://www.w3.org/1999/02/22-rdf-syntax-ns#XMLLiteral","value":"This field indicates what contrast media, if any, is used by this\rradiologic procedure where:\r \r      I = Ionic Iodinated\r      N = Non-ionic Iodinated\r      L = Gadolinium\r      C = Cholecystographic\r      G = Gastrografin\r      B = Barium\r      M = Unspecified contrast media\r \rThis value may consist of as many of these flags as are appropriate for\rthis procedure; if empty, no contrast media is assumed.  This field is \rused primarily for Order Checking."}},{"number":"71.2","flags":"S","name":"PROCEDURE TYPE","location":"RA;2","type":"3","details":"B:BROAD;D:DETAILED;S:SERIES;P:PARENT;","description":{"fmId":"-1","fmType":"5","type":"typed-literal","datatype":"http://www.w3.org/1999/02/22-rdf-syntax-ns#XMLLiteral","value":"This field identifies the procedure type for this orderable item whether\rbroad or detailed, a series or parent exam."}},{"number":"71.3","flags":"S","name":"IMAGING TYPE","location":"RA;3","type":"3","details":"RAD:RADIOLOGY;CT:CT SCAN;MRI:MAGNETIC RESONANCE IMAGING;ANI:ANGIO/NEURO/INTERVENTIONAL;CARD:CARDIOLOGY STUDIES;NM:NUCLEAR MEDICINE;US:ULTRASOUND;VAS:VASCULAR LAB;MAM:MAMMOGRAPHY;","description":{"fmId":"-1","fmType":"5","type":"typed-literal","datatype":"http://www.w3.org/1999/02/22-rdf-syntax-ns#XMLLiteral","value":"This is the imaging type of this radiology procedure."}},{"number":"71.4","flags":"S","name":"COMMON PROCEDURE","location":"RA;4","type":"3","details":"1:YES;0:NO;","description":{"fmId":"-1","fmType":"5","type":"typed-literal","datatype":"http://www.w3.org/1999/02/22-rdf-syntax-ns#XMLLiteral","value":"This field indicates that this procedure is commonly ordered from\rRadiology, and is an entry in the Radiology Common Procedures file;\rthe number stored here is the sequence number for display."}},{"number":"111.1","flags":"S","name":"DIET TYPE","location":"FH;1","type":"3","details":"D:DIET;T:TUBEFEEDING PRODUCT;","description":{"fmId":"-1","fmType":"5","type":"typed-literal","datatype":"http://www.w3.org/1999/02/22-rdf-syntax-ns#XMLLiteral","value":"This field identifies the diet type associated with this orderable item,\rif the order is for a diet modification or a tubefeeding product."}},{"number":"111.2","flags":"NJ2,0","name":"PRECEDENCE","location":"FH;2","type":"2","inputTransform":"K:+X'=X!(X>99)!(X<1)!(X?.E1\".\"1N.N) X","description":{"fmId":"-1","fmType":"5","type":"typed-literal","datatype":"http://www.w3.org/1999/02/22-rdf-syntax-ns#XMLLiteral","value":"This field is used to avoid conflicting diet modifications; items with\rthe same precedence number may not be selected together."}},{"number":"111.3","flags":"S","name":"ASK EXPIRATION DATE?","location":"FH;3","type":"3","details":"Y:YES;N:NO;","description":{"fmId":"-1","fmType":"5","type":"typed-literal","datatype":"http://www.w3.org/1999/02/22-rdf-syntax-ns#XMLLiteral","value":"This is a flag that determines if a stop date should be prompted for\rwhen placing an order for this diet."}},{"number":"123.1","flags":"S","name":"SERVICE USAGE","location":"CS;1","type":"3","details":"1:GROUPER ONLY;2:TRACKING ONLY;","description":{"fmId":"-1","fmType":"5","type":"typed-literal","datatype":"http://www.w3.org/1999/02/22-rdf-syntax-ns#XMLLiteral","value":"This field contains the usage of this consult service; a value here\rindicates that this service may NOT be selectable for ordering.  Services\rwith a 1 are used for grouping purposes only, and a 2 indicates that\ronly service personnel may order or forward consults to this service."}},{"number":"6001","flags":"S","name":"BLOOD COMPONENT","location":"VB;1","type":"3","details":"1:YES;0:NO;"},{"number":"6002","flags":"S","name":"DIAGNOSTIC TEST","location":"VB;2","type":"3","details":"0:NO;1:YES;2:TAS;"}],"fmql":{"OP":"DESCRIBE TYPE","TYPE":"101_43","TYPELABEL":"ORDERABLE ITEMS"}}