{"count": "0", "description": {"datatype": "http://www.w3.org/1999/02/22-rdf-syntax-ns#XMLLiteral", "fmType": "5", "fmId": "-1", "value": "The Surgery Site Parameter file contains elements to the Surgery package\rthat may be specific to each individual site.", "type": "typed-literal"}, "fields": [{"index": "B", "name": "site", "description": {"datatype": "http://www.w3.org/1999/02/22-rdf-syntax-ns#XMLLiteral", "fmType": "5", "fmId": "-1", "value": "This is the institution responsible for the Surgery service.  If the\rfacility is multi-divisional, there will be more than one entry in\rthis file.\r ", "type": "typed-literal"}, "number": ".01", "flags": "RP4'", "location": "0;1", "type": "7", "details": "4"}, {"description": {"datatype": "http://www.w3.org/1999/02/22-rdf-syntax-ns#XMLLiteral", "fmType": "5", "fmId": "-1", "value": "This is the mail code for the Anesthesia service.  It will be used to\rflag Anesthesiologists on the Anesthesia AMIS.\r ", "type": "typed-literal"}, "number": "3", "flags": "F", "location": "0;4", "type": "4", "name": "mail_code_for_anesthesia"}, {"name": "cancel_ivs", "description": {"datatype": "http://www.w3.org/1999/02/22-rdf-syntax-ns#XMLLiteral", "fmType": "5", "fmId": "-1", "value": "This field indicates the site's preference to allow or not allow current\rIV orders for a patient to be cancelled when a surgical or non-OR\rprocedure begins. If this field is set to NOT CANCEL, IV orders will not\rbe cancelled. If this field is set to CANCEL, upon entering the anesthesia\rcare start time for a case, the user will be prompted to cancel or not \rcancel current IV orders if not more than 24 hours have passed since the\rstart of the operation or procedure.", "type": "typed-literal"}, "number": "6", "flags": "S", "details": "0:NOT CANCEL;1:CANCEL;", "type": "3", "location": "0;7"}, {"description": {"datatype": "http://www.w3.org/1999/02/22-rdf-syntax-ns#XMLLiteral", "fmType": "5", "fmId": "-1", "value": "This is the name of the Chief of Surgery.  The name will be displayed\ron management reports.\r ", "type": "typed-literal"}, "number": "9", "flags": "F", "location": "0;10", "type": "4", "name": "chiefs_name"}, {"description": {"datatype": "http://www.w3.org/1999/02/22-rdf-syntax-ns#XMLLiteral", "fmType": "5", "fmId": "-1", "value": "This is the number of days a case can be edited, after completion,\rwithout needing the Chief of Surgery's approval.\r ", "type": "typed-literal"}, "number": "10", "flags": "NJ3,0", "location": "0;11", "type": "2", "name": "lock_after_how_many_days"}, {"description": {"datatype": "http://www.w3.org/1999/02/22-rdf-syntax-ns#XMLLiteral", "fmType": "5", "fmId": "-1", "value": "This field is the time on the request cutoff day after which no requests\rcan be made for a date.  Your answer must be in a military time format\rwith leading zeros.  For example, a time of 7:00 AM MUST be entered in\rthe format 07:00.  The time 7:00 PM would be entered 19:00.", "type": "typed-literal"}, "number": "11", "flags": "FXO", "location": "0;2", "type": "4", "name": "request_deadline"}, {"name": "or_schedule_devices", "description": {"datatype": "http://www.w3.org/1999/02/22-rdf-syntax-ns#XMLLiteral", "fmType": "5", "fmId": "-1", "value": "This contains all devices which will be used when the Schedule of\rOperations is printed.\r ", "type": "typed-literal"}, "number": "12", "flags": "133.012", "details": "133.012", "type": "9", "location": "1;0"}, {"description": {"datatype": "http://www.w3.org/1999/02/22-rdf-syntax-ns#XMLLiteral", "fmType": "5", "fmId": "-1", "value": "This field contains the time of day at which the surgery schedule for the\rfollowing day is considered to be closed.  Any scheduled cases canceled\rafter this time will be included in computing the cancellation rate for the\rfacility.  The time entered in this field may be earlier than, but no later\rthan, 15:00.  Your answer must be in a military time format with leading\rzeros.  For example, a time of 9:00 AM MUST be entered in the format 09:00.\r15:00 is the default time for this field if no time is entered.\r  ", "type": "typed-literal"}, "number": "13", "flags": "FXO", "location": "0;12", "type": "4", "name": "schedule_close_time"}, {"description": {"datatype": "http://www.w3.org/1999/02/22-rdf-syntax-ns#XMLLiteral", "fmType": "5", "fmId": "-1", "value": "This field contains the current version number of the Surgery software.\r ", "type": "typed-literal"}, "number": "14", "flags": "FI", "location": "0;3", "type": "4", "name": "version_number"}, {"name": "cardiac_assessment_in_usey_n", "description": {"datatype": "http://www.w3.org/1999/02/22-rdf-syntax-ns#XMLLiteral", "fmType": "5", "fmId": "-1", "value": "This determines whether the Cardiac Risk Assessment Module is being used\rat this facility. If so, enter 'YES', if not enter 'NO'.", "type": "typed-literal"}, "number": "15", "flags": "S", "details": "Y:YES;N:NO;", "type": "3", "location": "0;5"}, {"description": {"datatype": "http://www.w3.org/1999/02/22-rdf-syntax-ns#XMLLiteral", "fmType": "5", "fmId": "-1", "value": "This field contains the date (month/year) of the latest VASQIP monthly\rcase workload report automatically tasked for transmission to the \rnational database.  This field is an uneditable field and is set\rautomatically when the monthly case workload report is transmitted by\rway of the nightly task process.", "type": "typed-literal"}, "number": "16", "flags": "DI", "location": "0;13", "type": "1", "name": "latest_case_workload_report"}, {"name": "ask_for_risk_preop_info", "description": {"datatype": "http://www.w3.org/1999/02/22-rdf-syntax-ns#XMLLiteral", "fmType": "5", "fmId": "-1", "value": "Enter YES if the user should be prompted for risk assessment preoperative\rinformation when entering a new case and when updating a requested or\rscheduled case.", "type": "typed-literal"}, "number": "17", "flags": "S", "details": "1:YES;0:NO;", "type": "3", "location": "0;14"}, {"name": "updates_to_pce", "description": {"datatype": "http://www.w3.org/1999/02/22-rdf-syntax-ns#XMLLiteral", "fmType": "5", "fmId": "-1", "value": "This indicates the site's preference for PCE updating.  If this field\rcontains O, PCE will be updated with outpatient case information only.  If\rthis field contains A, PCE will be updated information from all cases,\rboth inpatient and outpatient.  If this field contains N or is null, no\rPCE updating will occur.", "type": "typed-literal"}, "number": "18", "flags": "SI", "details": "O:OUTPATIENT ONLY;A:ALL CASES;N:PCE NOT UPDATED;", "type": "3", "location": "0;15"}, {"description": {"datatype": "http://www.w3.org/1999/02/22-rdf-syntax-ns#XMLLiteral", "fmType": "5", "fmId": "-1", "value": "This is the earliest date of operation for which surgical cases may be\rfiled with PCE.  Surgical cases or non-OR procedures performed before this\rdate will not be filed with PCE.  If no date is entered, this parameter\rwill be ignored.", "type": "typed-literal"}, "number": "18.5", "flags": "D", "location": "0;17", "type": "1", "name": "pce_update_activation_date"}, {"name": "ask_classification_questions", "description": {"datatype": "http://www.w3.org/1999/02/22-rdf-syntax-ns#XMLLiteral", "fmType": "5", "fmId": "-1", "value": "This field indicates whether the patient service connected classification\rquestions should be asked when entering a new case or when updating an\rexisting case.", "type": "typed-literal"}, "number": "19", "flags": "SI", "details": "1:YES;0:NO;", "type": "3", "location": "0;16"}, {"name": "request_cutoff_for_sunday", "description": {"datatype": "http://www.w3.org/1999/02/22-rdf-syntax-ns#XMLLiteral", "fmType": "5", "fmId": "-1", "value": " Enter the day of the week on which the request deadline occurs for\r Sunday scheduling.  Enter '0' if Sunday scheduling is not allowed.\r If no entry is made in this field, the package will assume the request\r cutoff day for Sunday is Saturday.", "type": "typed-literal"}, "number": "20", "flags": "S", "details": "0:SCHEDULING NOT ALLOWED;1:SATURDAY;2:FRIDAY;3:THURSDAY;4:WEDNESDAY;5:TUESDAY;6:MONDAY;", "type": "3", "location": "2;1"}, {"name": "request_cutoff_for_monday", "description": {"datatype": "http://www.w3.org/1999/02/22-rdf-syntax-ns#XMLLiteral", "fmType": "5", "fmId": "-1", "value": " Enter the day of the week on which the request deadline occurs for\r Monday scheduling.  Enter '0' if Monday scheduling is not allowed.\r If no entry is made in this field, the package will assume the request\r cutoff day for Monday is Sunday.", "type": "typed-literal"}, "number": "21", "flags": "S", "details": "0:SCHEDULING NOT ALLOWED;1:SUNDAY;2:SATURDAY;3:FRIDAY;4:THURSDAY;5:WEDNESDAY;6:TUESDAY;", "type": "3", "location": "2;2"}, {"name": "request_cutoff_for_tuesday", "description": {"datatype": "http://www.w3.org/1999/02/22-rdf-syntax-ns#XMLLiteral", "fmType": "5", "fmId": "-1", "value": " Enter the day of the week on which the request deadline occurs for\r Tuesday scheduling.  Enter '0' if Tuesday scheduling is not allowed.\r If no entry is made in this field, the package will assume the request\r cutoff day for Tuesday is Monday.", "type": "typed-literal"}, "number": "22", "flags": "S", "details": "0:SCHEDULING NOT ALLOWED;1:MONDAY;2:SUNDAY;3:SATURDAY;4:FRIDAY;5:THURSDAY;6:WEDNESDAY;", "type": "3", "location": "2;3"}, {"name": "request_cutoff_for_wednesday", "description": {"datatype": "http://www.w3.org/1999/02/22-rdf-syntax-ns#XMLLiteral", "fmType": "5", "fmId": "-1", "value": " Enter the day of the week on which the request deadline occurs for\r Wednesday scheduling.  Enter '0' if Wednesday scheduling is not allowed.\r If no entry is made in this field, the package will assume the request\r cutoff day for Wednesday is Tuesday", "type": "typed-literal"}, "number": "23", "flags": "S", "details": "0:SCHEDULING NOT ALLOWED;1:TUESDAY;2:MONDAY;3:SUNDAY;4:SATURDAY;5:FRIDAY;6:THURSDAY;", "type": "3", "location": "2;4"}, {"name": "request_cutoff_for_thursday", "description": {"datatype": "http://www.w3.org/1999/02/22-rdf-syntax-ns#XMLLiteral", "fmType": "5", "fmId": "-1", "value": " Enter the day of the week on which the request deadline occurs for\r Thursday scheduling.  Enter '0' if Thursday scheduling is not allowed.\r If no entry is made in this field, the package will assume the request\r cutoff day for Thursday is Wednesday.", "type": "typed-literal"}, "number": "24", "flags": "S", "details": "0:SCHEDULING NOT ALLOWED;1:WEDNESDAY;2:TUESDAY;3:MONDAY;4:SUNDAY;5:SATURDAY;6:FRIDAY;", "type": "3", "location": "2;5"}, {"name": "request_cutoff_for_friday", "description": {"datatype": "http://www.w3.org/1999/02/22-rdf-syntax-ns#XMLLiteral", "fmType": "5", "fmId": "-1", "value": "Enter the day of the week on which the request deadline occurs for\rFriday scheduling.  Enter '0' if Friday scheduling is not allowed.\rIf no entry is made in this field, the software will use Thursday\ras the request cutoff day for Friday.\r ", "type": "typed-literal"}, "number": "25", "flags": "S", "details": "0:SCHEDULING NOT ALLOWED;1:THURSDAY;2:WEDNESDAY;3:TUESDAY;4:MONDAY;5:SUNDAY;6:SATURDAY;", "type": "3", "location": "2;6"}, {"name": "request_cutoff_for_saturday", "description": {"datatype": "http://www.w3.org/1999/02/22-rdf-syntax-ns#XMLLiteral", "fmType": "5", "fmId": "-1", "value": " Enter the day of the week on which the request deadline occurs for\r Saturday scheduling.  Enter '0' if Saturday scheduling is not allowed.\r If no entry is made in this field, the package will assume the request\r cutoff day for Saturday is Friday.", "type": "typed-literal"}, "number": "26", "flags": "S", "details": "0:SCHEDULING NOT ALLOWED;1:FRIDAY;2:THURSDAY;3:WEDNESDAY;4:TUESDAY;5:MONDAY;6:SUNDAY;", "type": "3", "location": "2;7"}, {"name": "holiday_scheduling_allowed", "description": {"datatype": "http://www.w3.org/1999/02/22-rdf-syntax-ns#XMLLiteral", "fmType": "5", "fmId": "-1", "value": " These are the holidays on which the scheduling of surgical cases will be\r allowed.", "type": "typed-literal"}, "number": "27", "flags": "133.027P", "details": "133.027", "type": "9", "location": "3;0"}, {"name": "required_fields_for_scheduling", "description": {"datatype": "http://www.w3.org/1999/02/22-rdf-syntax-ns#XMLLiteral", "fmType": "5", "fmId": "-1", "value": "This contains the names of fields that must be entered prior to scheduling\ra requested procedure.\r ", "type": "typed-literal"}, "number": "28", "flags": "133.028P", "details": "133.028", "type": "9", "location": "4;0"}, {"name": "nurse_intraop_report", "description": {"datatype": "http://www.w3.org/1999/02/22-rdf-syntax-ns#XMLLiteral", "fmType": "5", "fmId": "-1", "value": "This determines the format of the Nurse Intraoperative Report.  Enter '1'\rif you want to list all field titles in the report regardless as to whether\rinformation has been entered for that field.  If you want a shorter report,\renter '0'.  This format will print only those fields that have information\rentered.  If nothing is entered for this parameter, the report will include\rall field titles.\r ", "type": "typed-literal"}, "number": "29", "flags": "S", "details": "0:PRINT TITLES WITH INFO ONLY;1:PRINT ALL FIELD TITLES;", "type": "3", "location": "0;6"}, {"name": "operation_report_format", "description": {"datatype": "http://www.w3.org/1999/02/22-rdf-syntax-ns#XMLLiteral", "fmType": "5", "fmId": "-1", "value": "This determines the format of the Operation Report.  If you want to \rdisplay all field titles on the report and 'N/A' for those fields that\rdo not have information entered, select format '1'.  If you only want\rto display field titles when information has been entered, select\rformat '0'.\r ", "type": "typed-literal"}, "number": "30", "flags": "S", "details": "1:PRINT ALL FIELD TITLES;0:PRINT TITLES WITH INFO ONLY;", "type": "3", "location": "0;8"}, {"description": {"datatype": "http://www.w3.org/1999/02/22-rdf-syntax-ns#XMLLiteral", "fmType": "5", "fmId": "-1", "value": "This field contains the text of the VASQIP 30-day follow-up letter to be\rprinted and mailed to the patient approximately 30 days following surgery.", "type": "typed-literal"}, "number": "31", "flags": "133.031", "location": "5;0", "type": "5", "name": "vasqip_30_day_followup_letter"}, {"description": {"datatype": "http://www.w3.org/1999/02/22-rdf-syntax-ns#XMLLiteral", "fmType": "5", "fmId": "-1", "value": "This field contains the latest fiscal quarter for which the Quarterly\rReport has been transmitted to the Surgical Service, Headquarters,\rnational database.", "type": "typed-literal"}, "number": "32", "flags": "FXOI", "location": "0;18", "type": "4", "name": "latest_quarterly_report"}, {"name": "surgical_residents_y_n", "description": {"datatype": "http://www.w3.org/1999/02/22-rdf-syntax-ns#XMLLiteral", "fmType": "5", "fmId": "-1", "value": "This field indicates whether surgery may be performed by residents at this\rfacility.  Enter NO if all surgeons at this facility are staff surgeons.\rIf this field is NO an attending surgeon will not be required by the PCE\rinterface and cases with no attend code will be counted as Level 0 (Staff\rAlone) on the Quarterly Report.", "type": "typed-literal"}, "number": "33", "flags": "S", "details": "0:NO;1:YES;", "type": "3", "location": "0;19"}, {"name": "hl7_v_15_compatible", "description": {"datatype": "http://www.w3.org/1999/02/22-rdf-syntax-ns#XMLLiteral", "fmType": "5", "fmId": "-1", "value": "If applications communicating with the Surgery HL7 interface must use the\rinterface designed for use with HL7 V. 1.5, enter YES.  Otherwise, enter\rNO or leave this field blank.", "type": "typed-literal"}, "number": "34", "flags": "S", "details": "1:YES;0:NO;", "type": "3", "location": "0;20"}, {"name": "inactive", "description": {"datatype": "http://www.w3.org/1999/02/22-rdf-syntax-ns#XMLLiteral", "fmType": "5", "fmId": "-1", "value": "Enter YES to make this SURGERY SITE inactive and to prevent its selection\rand use by Surgery users.", "type": "typed-literal"}, "number": "35", "flags": "S", "details": "1:YES;0:NO;", "type": "3", "location": "0;21"}, {"name": "cpt_copyright_notice_date", "number": "36", "flags": "133.036DA", "details": "133.036", "type": "9", "location": "6;0"}, {"name": "automated_case_cart_ordering", "description": {"datatype": "http://www.w3.org/1999/02/22-rdf-syntax-ns#XMLLiteral", "fmType": "5", "fmId": "-1", "value": "This indicates whether the CoreFLS interface for Surgery is in use at this\rfacility. If so, enter YES. Otherwise, enter NO or leave blank.", "type": "typed-literal"}, "number": "37", "flags": "S", "details": "Y:YES;N:NO;", "type": "3", "location": "0;22"}, {"name": "cpt_on_nurse_intraop", "description": {"datatype": "http://www.w3.org/1999/02/22-rdf-syntax-ns#XMLLiteral", "fmType": "5", "fmId": "-1", "value": "If this field is set to YES, INCLUDE CPT, the principal CPT code \rwill be required before electronic signature can be applied and the\rCPT code will be part of the report. If the field is null or set to\rNO, DO NOT INCLUDE CPT, the principal CPT code will not be required\rbefore electronic signature can be applied and the CPT code will not\rbe part of the report.", "type": "typed-literal"}, "number": "38", "flags": "S", "details": "0:NO, DO NOT INCLUDE CPT;1:YES, INCLUDE CPT;", "type": "3", "location": ".1;2"}, {"name": "icd9_on_nurse_intraop", "description": {"datatype": "http://www.w3.org/1999/02/22-rdf-syntax-ns#XMLLiteral", "fmType": "5", "fmId": "-1", "value": "If this field is set to YES, INCLUDE ICD-9, the principal diagnosis \rcode will be required before electronic signature can be applied and\rthe ICD-9 code will be part of the report.  If the field is null or\rset to NO, DO NOT INCLUDE ICD-9, the principal diagnosis code will \rnot be required before electronic signature can be applied.", "type": "typed-literal"}, "number": "39", "flags": "S", "details": "0:NO, DO NOT INCLUDE ICD-9;1:YES, INCLUDE ICD-9;", "type": "3", "location": ".1;3"}, {"name": "anesthesia_report_in_use", "description": {"datatype": "http://www.w3.org/1999/02/22-rdf-syntax-ns#XMLLiteral", "fmType": "5", "fmId": "-1", "value": "This YES/NO field determines if the Anesthesia Report should be \rcreated and electronically signed.  Only if this field is marked YES\rwill the functionality be invoked to create the Anesthesia Report \rfor a case in TIU.", "type": "typed-literal"}, "number": "40", "flags": "S", "details": "1:YES;0:NO;", "type": "3", "location": ".1;4"}, {"description": {"datatype": "http://www.w3.org/1999/02/22-rdf-syntax-ns#XMLLiteral", "fmType": "5", "fmId": "-1", "value": "This field contains the default blood type used during surgery.  If\ra certain type is used frequently, this field should be completed.", "type": "typed-literal"}, "number": "41", "flags": "FX", "location": "7;1", "type": "4", "name": "default_blood_component"}, {"name": "default_clinic_for_documents", "description": {"datatype": "http://www.w3.org/1999/02/22-rdf-syntax-ns#XMLLiteral", "fmType": "5", "fmId": "-1", "value": "This non-count clinic is the default clinic for this division. It will\rbe the location passed to TIU when Surgery documents are created if no\rother location can be identified.", "type": "typed-literal"}, "number": "42", "flags": "*P44'", "details": "44", "type": "7", "location": "0;23"}, {"name": "code_issue_mail_group", "description": {"datatype": "http://www.w3.org/1999/02/22-rdf-syntax-ns#XMLLiteral", "fmType": "5", "fmId": "-1", "value": "This is the name of the mail group that will receive all coding issue \rmessages sent by the Risk Assessment Nurse Reviewer. \rWhen the Non-Cardiac and Cardiac Risk Assessment option Alert Coder\rRegarding Coding Issues is used, a mail message is sent to the person \rthat coded the Surgery case and the mail group identified in this field.", "type": "typed-literal"}, "number": "43", "flags": "P3.8'", "details": "3.8", "type": "7", "location": "7;2"}, {"name": "kidney_transplants_assessed", "description": {"datatype": "http://www.w3.org/1999/02/22-rdf-syntax-ns#XMLLiteral", "fmType": "5", "fmId": "-1", "value": "This determines whether Kidney Transplants are performed and assessed\rat this facility. If so, enter 'YES', if not enter 'NO'. Answer YES \rif transplants are done at an affiliated non-VA medical center, but\rassessed by the Transplant Coordinator at this facility.", "type": "typed-literal"}, "number": "44", "flags": "S", "details": "Y:YES;N:NO;", "type": "3", "location": "8;1"}, {"name": "liver_transplants_assessed", "description": {"datatype": "http://www.w3.org/1999/02/22-rdf-syntax-ns#XMLLiteral", "fmType": "5", "fmId": "-1", "value": "This determines whether Liver Transplants are performed and assessed \rat this facility. If so, enter 'YES', if not enter 'NO'. Answer YES \rif transplants are done at an affiliated non-VA medical center, but\rassessed by the Transplant Coordinator at this facility.", "type": "typed-literal"}, "number": "45", "flags": "S", "details": "Y:YES;N:NO;", "type": "3", "location": "8;2"}, {"name": "lung_transplants_assessed", "description": {"datatype": "http://www.w3.org/1999/02/22-rdf-syntax-ns#XMLLiteral", "fmType": "5", "fmId": "-1", "value": "This determines whether Lung Transplants are performed and assessed \rat this facility. If so, enter 'YES', if not enter 'NO'. Answer YES \rif transplants are done at an affiliated non-VA medical center, but\rassessed by the Transplant Coordinator at this facility.", "type": "typed-literal"}, "number": "46", "flags": "S", "details": "Y:YES;N:NO;", "type": "3", "location": "8;3"}, {"name": "heart_transplants_assessed", "description": {"datatype": "http://www.w3.org/1999/02/22-rdf-syntax-ns#XMLLiteral", "fmType": "5", "fmId": "-1", "value": "This determines whether Heart Transplants are performed and assessed \rat this facility. If so, enter 'YES', if not enter 'NO'. Answer YES \rif transplants are done at an affiliated non-VA medical center, but\rassessed by the Transplant Coordinator at this facility.", "type": "typed-literal"}, "number": "47", "flags": "S", "details": "Y:YES;N:NO;", "type": "3", "location": "8;4"}], "fmql": {"TYPELABEL": "SURGERY SITE PARAMETERS", "TYPE": "133", "OP": "DESCRIBE TYPE"}, "number": "133", "location": "^SRO(133,", "name": "SURGERY SITE PARAMETERS"}