{"fields": [{"index": "B", "name": "etiology", "description": {"datatype": "http://www.w3.org/1999/02/22-rdf-syntax-ns#XMLLiteral", "fmType": "5", "fmId": "-1", "value": "For MI-subscripted tests, this defines the Etiology to search for.", "type": "typed-literal"}, "number": ".01", "flags": "MP61.2'", "location": "0;1", "type": "7", "details": "61.2"}, {"name": "antimicrobial_susceptibility", "number": "1", "flags": "104.191PA", "details": "104.191", "type": "9", "location": "1;0"}], "fmql": {"TYPELABEL": "ETIOLOGY", "TYPE": "104_109", "OP": "DESCRIBE TYPE"}, "name": "ETIOLOGY", "parent": "104.1", "number": "104.109"}