{"name":"RECIPE","number":"112.64","parent":"112.62","fields":[{"number":".01","flags":"MP114'X","name":"RECIPE","location":"0;1","type":"7","details":"114","inputTransform":"S:$D(X) DINUM=X","description":{"fmId":"-1","fmType":"5","type":"typed-literal","datatype":"http://www.w3.org/1999/02/22-rdf-syntax-ns#XMLLiteral","value":"This is the recipe selected from the Recipe file."}},{"number":"1","flags":"NJ6,1","name":"SERVING PORTION","location":"0;2","type":"2","inputTransform":"K:+X'=X!(X>9999)!(X<1)!(X?.E1\".\"2N.N) X","description":{"fmId":"-1","fmType":"5","type":"typed-literal","datatype":"http://www.w3.org/1999/02/22-rdf-syntax-ns#XMLLiteral","value":"This is the serving portion of the recipe."}}],"fmql":{"OP":"DESCRIBE TYPE","TYPE":"112_64","TYPELABEL":"RECIPE"}}