{"fields": [{"description": {"datatype": "http://www.w3.org/1999/02/22-rdf-syntax-ns#XMLLiteral", "fmType": "5", "fmId": "-1", "value": "This field is merely the sequence number of the Additional\rOrders entered and has no meaning beyond that.", "type": "typed-literal"}, "number": ".01", "flags": "RNJ5,0X", "location": "0;1", "type": "2", "name": "order_number"}, {"description": {"datatype": "http://www.w3.org/1999/02/22-rdf-syntax-ns#XMLLiteral", "fmType": "5", "fmId": "-1", "value": "This is the date/time the Additional Order was entered.", "type": "typed-literal"}, "number": "1", "flags": "RD", "location": "0;2", "type": "1", "name": "date_time_entered"}, {"description": {"datatype": "http://www.w3.org/1999/02/22-rdf-syntax-ns#XMLLiteral", "fmType": "5", "fmId": "-1", "value": "This is the text of the order.", "type": "typed-literal"}, "number": "2", "flags": "F", "location": "0;3", "type": "4", "name": "order"}, {"name": "clerk", "description": {"datatype": "http://www.w3.org/1999/02/22-rdf-syntax-ns#XMLLiteral", "fmType": "5", "fmId": "-1", "value": "This is the clerk entering the order and is automatically\rcaptured at time of entry.", "type": "typed-literal"}, "number": "3", "flags": "RP200'", "details": "200", "type": "7", "location": "0;4"}, {"name": "status", "description": {"datatype": "http://www.w3.org/1999/02/22-rdf-syntax-ns#XMLLiteral", "fmType": "5", "fmId": "-1", "value": "This is the status of the order. A saved order is one that has\rbeen responded to but continues to display as it may require\rfurther or on-going action.", "type": "typed-literal"}, "number": "4", "flags": "RS", "details": "A:ACTIVE;C:COMPLETE;S:SAVED;X:CANCELLED;", "type": "3", "location": "0;5"}, {"description": {"datatype": "http://www.w3.org/1999/02/22-rdf-syntax-ns#XMLLiteral", "fmType": "5", "fmId": "-1", "value": "This is the date/time that the order was completed or saved.", "type": "typed-literal"}, "number": "5", "flags": "D", "location": "0;6", "type": "1", "name": "date_time_cleared"}, {"name": "clerk_clearing", "description": {"datatype": "http://www.w3.org/1999/02/22-rdf-syntax-ns#XMLLiteral", "fmType": "5", "fmId": "-1", "value": "This is the dietetic person clearing the order and is\rautomatically captured at time of entry.", "type": "typed-literal"}, "number": "6", "flags": "P200'", "details": "200", "type": "7", "location": "0;7"}, {"name": "oe_rr_order", "description": {"datatype": "http://www.w3.org/1999/02/22-rdf-syntax-ns#XMLLiteral", "fmType": "5", "fmId": "-1", "value": "This field contains a pointer to the OE/RR file order corresponding\rto this order.", "type": "typed-literal"}, "number": "7", "flags": "P100", "details": "100", "type": "7", "location": "0;8"}], "fmql": {"TYPELABEL": "ADDITIONAL ORDERS", "TYPE": "115_06", "OP": "DESCRIBE TYPE"}, "name": "ADDITIONAL ORDERS", "parent": "115.01", "number": "115.06"}