{"count": "0", "description": {"datatype": "http://www.w3.org/1999/02/22-rdf-syntax-ns#XMLLiteral", "fmType": "5", "fmId": "-1", "value": "This file contains the information needed to define how to prompt for each\rorder, what values are acceptable, etc.", "type": "typed-literal"}, "fields": [{"description": {"datatype": "http://www.w3.org/1999/02/22-rdf-syntax-ns#XMLLiteral", "fmType": "5", "fmId": "-1", "value": "This is the name of the dialog; entries that were converted from the\rProtocol file will retain the same name.  Namespacing is not required,\rbut still encouraged.", "type": "typed-literal"}, "number": ".01", "flags": "RF", "location": "0;1", "type": "4", "name": "name"}, {"index": "C", "name": "display_text", "number": "2", "flags": "FX", "location": "0;2", "type": "4", "description": {"datatype": "http://www.w3.org/1999/02/22-rdf-syntax-ns#XMLLiteral", "fmType": "5", "fmId": "-1", "value": "The text of this dialog's name as it appears on a menu or subheader.", "type": "typed-literal"}}, {"description": {"datatype": "http://www.w3.org/1999/02/22-rdf-syntax-ns#XMLLiteral", "fmType": "5", "fmId": "-1", "value": "This field disables use of this dialog when it contains text.  The text\rshould be a short message explaining why use of this dialog has been\rdisabled, as it will be displayed if this dialog is selected.", "type": "typed-literal"}, "number": "3", "flags": "F", "location": "0;3", "type": "4", "name": "disable"}, {"name": "type", "description": {"datatype": "http://www.w3.org/1999/02/22-rdf-syntax-ns#XMLLiteral", "fmType": "5", "fmId": "-1", "value": "This field defines the type of order dialog to be processed.  Control\rwill be passed to the OE/RR Dialog Processor for dialog items; menu types\rare used for displaying and selecting dialog items.  Action types will only\rexecute the entry and exit actions, ignoring any items that may exist; these\rdialogs should not create entries in the Orders file.", "type": "typed-literal"}, "number": "4", "flags": "RS", "details": "P:prompt;D:dialog;Q:quick order;O:order set;M:menu;A:action;", "type": "3", "location": "0;4"}, {"name": "display_group", "description": {"datatype": "http://www.w3.org/1999/02/22-rdf-syntax-ns#XMLLiteral", "fmType": "5", "fmId": "-1", "value": "This field determines what display group this dialog has been defined for.\rIt will define which orderable items are selectable with this dialog,\ras well as what service to send the order to when it is complete.", "type": "typed-literal"}, "number": "5", "flags": "P100.98'", "details": "100.98", "type": "7", "location": "0;5"}, {"name": "signature_required", "description": {"datatype": "http://www.w3.org/1999/02/22-rdf-syntax-ns#XMLLiteral", "fmType": "5", "fmId": "-1", "value": "This field indicates what signature will be required for orders created by\rthis dialog, to be considered complete and ready to release to the service\rfor action.  If this flag is set to NO and the dialog contains a prompt\rfor item(s) from the Orderable Item file, the order created may still\rrequire a signature if any of the items ordered are individually flagged\ras requiring a signature.", "type": "typed-literal"}, "number": "6", "flags": "S", "details": "0:NONE;1:ORELSE;2:ORES;", "type": "3", "location": "0;6"}, {"index": "APKG", "name": "package", "description": {"datatype": "http://www.w3.org/1999/02/22-rdf-syntax-ns#XMLLiteral", "fmType": "5", "fmId": "-1", "value": "This is the VISTA package that is intended to receive orders created by\rthis dialog; this is required for creating the HL7 messages to pass the\rorder.", "type": "typed-literal"}, "number": "7", "flags": "P9.4'", "location": "0;7", "type": "7", "details": "9.4"}, {"name": "verify_order", "description": {"datatype": "http://www.w3.org/1999/02/22-rdf-syntax-ns#XMLLiteral", "fmType": "5", "fmId": "-1", "value": "This field is a flag, which determines if the order created by this dialog\rwill be presented to the user for verification before saving in the Orders\rfile; for most quick orders, this flag should be set to 0 (no).", "type": "typed-literal"}, "number": "8", "flags": "S", "details": "1:YES;0:NO;", "type": "3", "location": "0;8"}, {"name": "ask_for_another_order", "description": {"datatype": "http://www.w3.org/1999/02/22-rdf-syntax-ns#XMLLiteral", "fmType": "5", "fmId": "-1", "value": "This field allows the user to add another order from this dialog, when the\rinitial order is accepted and placed; if set to YES, the user will be\rasked \"Add another <dialog display text> order?\" to allow for either\rexiting the processor or adding an additional order of the same type.\rThis field can also be set to YES-DON'T ASK to force the processor to\rautomatically drop into prompting for another order without asking first.", "type": "typed-literal"}, "number": "9", "flags": "S", "details": "0:NO;1:YES;2:YES-DON'T ASK;", "type": "3", "location": "0;9"}, {"name": "items", "description": {"datatype": "http://www.w3.org/1999/02/22-rdf-syntax-ns#XMLLiteral", "fmType": "5", "fmId": "-1", "value": "This field contains the components for dialogs:\r     Dialogs      -> prompts\r     Quick orders -> prompts (completed)\r     Order sets   -> dialogs or quick orders\r     Menus        -> dialogs, quick orders, or order sets", "type": "typed-literal"}, "number": "10", "flags": "101.412IA", "details": "101.412", "type": "9", "location": "10;0"}, {"name": "data_type", "description": {"datatype": "http://www.w3.org/1999/02/22-rdf-syntax-ns#XMLLiteral", "fmType": "5", "fmId": "-1", "value": "This is the type of data being prompted for; this field is used to define\ra call to the reader (^DIR) in most cases.", "type": "typed-literal"}, "number": "11", "flags": "S", "details": "D:date/time;R:free text date/time;F:free text;N:numeric;S:set of codes;Y:yes/no;P:pointer;W:word processing;", "type": "3", "location": "1;1"}, {"description": {"datatype": "http://www.w3.org/1999/02/22-rdf-syntax-ns#XMLLiteral", "fmType": "5", "fmId": "-1", "value": "This is a parameter that may be used to further specify the data type.\rThe string stored here should be appropriate for the second ^-piece of\rDIR(0) when used with the data type field.", "type": "typed-literal"}, "number": "12", "flags": "F", "location": "1;2", "type": "4", "name": "domain"}, {"description": {"datatype": "http://www.w3.org/1999/02/22-rdf-syntax-ns#XMLLiteral", "fmType": "5", "fmId": "-1", "value": "This field may contain a single word identifier which will be\rstored with the user response in the Orders file #100, where it\rwill be indexed for quick reference to certain values in the\rorder dialog.  The following are some examples of values\rcurrently in use:\r \r   START      -> Start date/time\r   STOP       -> Stop date/time\r   SCHEDULE   -> Administration Schedule\r   ORDERABLE  -> Orderable Item\r   DRUG       -> Dispense Drug\r   CANCEL     -> Cancel Future Orders flag\r   COMMENT    -> Word processing comments\r \rThese values must be unique among entries within an order dialog\rbut do not need to be unique across the entire file.  Be sure to\rcheck the IDs assigned to generic text entries to make sure that\rall IDs are unique.  In order to avoid potential problems it's\rrecommended that you use unique IDs for any local entries that you\rcreate.", "type": "typed-literal"}, "number": "13", "flags": "F", "location": "1;3", "type": "4", "name": "id"}, {"description": {"datatype": "http://www.w3.org/1999/02/22-rdf-syntax-ns#XMLLiteral", "fmType": "5", "fmId": "-1", "value": "This is MUMPS code that will be executed at the time of releasing an\rorder created with this dialog; dialog responses may be checked again\rhere before releasing the order to the service.", "type": "typed-literal"}, "number": "17", "flags": "K", "location": "7;E1,245", "type": "10", "name": "validation"}, {"description": {"datatype": "http://www.w3.org/1999/02/22-rdf-syntax-ns#XMLLiteral", "fmType": "5", "fmId": "-1", "value": "This is MUMPS code that will be executed when order ORIFN created by this\rdialog is about to be displayed; any string that should be appended to the\rorder text should be returned in Y.", "type": "typed-literal"}, "number": "19", "flags": "K", "location": "9;E1,245", "type": "10", "name": "additional_text"}, {"description": {"datatype": "http://www.w3.org/1999/02/22-rdf-syntax-ns#XMLLiteral", "fmType": "5", "fmId": "-1", "value": "This is a description of the dialog and its uses.", "type": "typed-literal"}, "number": "20", "flags": "101.411", "location": "2;0", "type": "5", "name": "description"}, {"name": "responses", "description": {"datatype": "http://www.w3.org/1999/02/22-rdf-syntax-ns#XMLLiteral", "fmType": "5", "fmId": "-1", "value": "This multiple contains any responses to prompts that have been pre-answered\rto create a quick order.", "type": "typed-literal"}, "number": "21", "flags": "101.416", "details": "101.416", "type": "9", "location": "6;0"}, {"description": {"datatype": "http://www.w3.org/1999/02/22-rdf-syntax-ns#XMLLiteral", "fmType": "5", "fmId": "-1", "value": "This is MUMPS code that will be executed at the top of a dialog, prior to\rthe execution of any prompts; it may perform functions such as listing\rthe recent Radiology exams before ordering a new one, or alerting the\ruser to an existing diet order before making a change.", "type": "typed-literal"}, "number": "30", "flags": "K", "location": "3;E1,245", "type": "10", "name": "entry_action"}, {"description": {"datatype": "http://www.w3.org/1999/02/22-rdf-syntax-ns#XMLLiteral", "fmType": "5", "fmId": "-1", "value": "This is MUMPS code that will be executed in the place of the Entry Action\rwhen creating quick orders for this dialog; variables may be set here\rinstead to bypass the usual dependence on specific patient values.", "type": "typed-literal"}, "number": "31", "flags": "K", "location": "3.1;E1,245", "type": "10", "name": "quick_setup"}, {"description": {"datatype": "http://www.w3.org/1999/02/22-rdf-syntax-ns#XMLLiteral", "fmType": "5", "fmId": "-1", "value": "This is MUMPS code that will be executed upon completion of processing the\rdialog; it is currently used only with dialog-type entries.", "type": "typed-literal"}, "number": "40", "flags": "K", "location": "4;E1,245", "type": "10", "name": "exit_action"}, {"name": "controls", "number": "50", "flags": "101.415A", "details": "101.415", "type": "9", "location": "50;0"}, {"description": {"datatype": "http://www.w3.org/1999/02/22-rdf-syntax-ns#XMLLiteral", "fmType": "5", "fmId": "-1", "value": "This is the width, in characters, for each column in a menu.  For example,\rto have 3 columns on an 80 character device, enter a width of 26.", "type": "typed-literal"}, "number": "51", "flags": "NJ3,0", "location": "5;1", "type": "2", "name": "column_width"}, {"description": {"datatype": "http://www.w3.org/1999/02/22-rdf-syntax-ns#XMLLiteral", "fmType": "5", "fmId": "-1", "value": "This field allows the width of item mnemonics to be varied; the default\rvalue is 5.", "type": "typed-literal"}, "number": "52", "flags": "NJ1,0", "location": "5;2", "type": "2", "name": "mnemonic_width"}, {"name": "path_switch", "description": {"datatype": "http://www.w3.org/1999/02/22-rdf-syntax-ns#XMLLiteral", "fmType": "5", "fmId": "-1", "value": "This switch allows the user, when traversing back UP the tree of menus and\ritems, to select a new path back down the tree.  In other words, the menu\ris redisplayed when returning to that menu's level in the tree and\rprocessing back down the tree is possible from that point.  If nothing is\rselected from the menu, the path continues back up the tree.", "type": "typed-literal"}, "number": "53", "flags": "S", "details": "1:YES;0:NO;", "type": "3", "location": "5;3"}, {"type": "4", "location": "5;4", "flags": "F", "number": "54", "name": "listbox_text"}, {"description": {"datatype": "http://www.w3.org/1999/02/22-rdf-syntax-ns#XMLLiteral", "fmType": "5", "fmId": "-1", "value": "This field tells the GUI DELPHI code which form to use to process the\rorder dialog.  Each number represents a unique form.  Following are some\rof the more common codes and their corresponding form in DELPHI.\r \r    Form Name     Windows Form ID\r    ---------     ---------------\r  OD_ACTIVITY           100\r  OD_ALLERGY            105\r  OD_CONSULT            110\r  OD_PROCEDURE          112\r  OD_DIET_TXT           115\r  OD_DIET               117\r  OD_LAB                120\r  OD_MEDINPT            130\r  OD_MEDS               135\r  OD_MEDOUTPT           140\r  OD_NURSING            150\r  OD_MISC               151\r  OD_GENERIC            152\r  OD_IMAGING            160\r  OD_VITALS             171 \r  OD_MEDIV              180\r  OD_TEXTONLY           999", "type": "typed-literal"}, "number": "55", "flags": "NJ4,0", "location": "5;5", "type": "2", "name": "window_form_id"}, {"name": "create_parent_order", "description": {"datatype": "http://www.w3.org/1999/02/22-rdf-syntax-ns#XMLLiteral", "fmType": "5", "fmId": "-1", "value": "This flag indicates whether a parent order should be created to group\rtogether all the orders created by this order set; this flag is only\rvalid with SET type order dialogs.  If this value is YES, a parent\rorder will be created, and only the parent will be presented on the\rorders list for display and action; NO will prevent a parent from being\rcreated and all orders will be created and displayed independently.", "type": "typed-literal"}, "number": "56", "flags": "S", "details": "1:YES;0:NO;", "type": "3", "location": "5;6"}, {"name": "display_subheader", "description": {"datatype": "http://www.w3.org/1999/02/22-rdf-syntax-ns#XMLLiteral", "fmType": "5", "fmId": "-1", "value": "This flag indicates whether a subheader is to be displayed for each order\rin this set as it is processed and placed; this flag is only valid with\rSET type order dialogs.", "type": "typed-literal"}, "number": "57", "flags": "S", "details": "1:YES;0:NO;", "type": "3", "location": "5;7"}, {"name": "autoaccept_quick_order", "description": {"datatype": "http://www.w3.org/1999/02/22-rdf-syntax-ns#XMLLiteral", "fmType": "5", "fmId": "-1", "value": "This can be set to yes for a quick order so that it can be placed simply\rby clicking on it in the GUI (no ordering dialog is displayed).", "type": "typed-literal"}, "number": "58", "flags": "S", "details": "1:YES;", "type": "3", "location": "5;8"}, {"description": {"datatype": "http://www.w3.org/1999/02/22-rdf-syntax-ns#XMLLiteral", "fmType": "5", "fmId": "-1", "value": "For menus, this contains the $H time the menu was last compiled for use\rwith the Unwinder utility (^XQOR).", "type": "typed-literal"}, "number": "99", "flags": "F", "location": "99;1", "type": "4", "name": "timestamp"}], "fmql": {"TYPELABEL": "ORDER DIALOG", "TYPE": "101_41", "OP": "DESCRIBE TYPE"}, "number": "101.41", "location": "^ORD(101.41,", "name": "ORDER DIALOG"}