{"count": "0", "description": {"datatype": "http://www.w3.org/1999/02/22-rdf-syntax-ns#XMLLiteral", "fmType": "5", "fmId": "-1", "value": "This file contains a list of IV infusion sites.  The ADP coordinator is \rallowed to configure the file.", "type": "typed-literal"}, "fields": [{"index": "B", "name": "iv_site", "number": ".01", "flags": "RF", "location": "0;1", "type": "4", "description": {"datatype": "http://www.w3.org/1999/02/22-rdf-syntax-ns#XMLLiteral", "fmType": "5", "fmId": "-1", "value": "This field contains the name of the IV infusion site.", "type": "typed-literal"}}], "fmql": {"TYPELABEL": "GMRY IV SITE", "TYPE": "126_7", "OP": "DESCRIBE TYPE"}, "number": "126.7", "location": "^GMRD(126.7,", "name": "GMRY IV SITE"}