{"name":"ANCILLARY DSS ID","number":"150.1","location":"^VSIT(150.1,","count":"15","lastIEN":"15","description":{"fmId":"-1","fmType":"5","type":"typed-literal","datatype":"http://www.w3.org/1999/02/22-rdf-syntax-ns#XMLLiteral","value":"This is a list of AMIS Reporting Codes for the DSS IDs (STOP CODE file\r#40.7) that are used by the ancillary packages that will be treated as\roccasion of service and not as primary encounters."},"version":"2.0","vpackage":"VSIT","fields":[{"number":".01","flags":"RNJ3,0X","name":"AMIS CODE","location":"0;1","index":"B","type":"2","inputTransform":"K:+X'=X!(X>999)!(X<1)!(X?.E1\".\"1N.N)!('$D(^DIC(40.7,\"C\",X))) X"}],"fmql":{"OP":"DESCRIBE TYPE","TYPE":"150_1","TYPELABEL":"ANCILLARY DSS ID"}}