{"name":"OE/RR LIST","number":"100.21","location":"^OR(100.21,","description":{"fmId":"-1","fmType":"5","type":"typed-literal","datatype":"http://www.w3.org/1999/02/22-rdf-syntax-ns#XMLLiteral","value":"This file contains data related to lists.  Generally these lists take the\rform of provider(s)/patients."},"version":"3.0","vpackage":"OR","fields":[{"number":".01","flags":"RFX","name":"NAME","location":"0;1","index":"B","type":"4","inputTransform":"K:$L(X)>30!(X?.N)!($L(X)<3)!'(X'?1P.E)!($D(^OR(100.21,\"B\",X))) X","description":{"fmId":"-1","fmType":"5","type":"typed-literal","datatype":"http://www.w3.org/1999/02/22-rdf-syntax-ns#XMLLiteral","value":"This is the name of the list being defined."}},{"number":".1","flags":"RF","name":"UPPER CASE","location":"0;3","index":"D","type":"4","inputTransform":"K:X[\"\"\"\"!($A(X)=45) X I $D(X) K:$L(X)>30!($L(X)<1) X","description":{"fmId":"-1","fmType":"5","type":"typed-literal","datatype":"http://www.w3.org/1999/02/22-rdf-syntax-ns#XMLLiteral","value":"This is the name of the list in upper case.  Used for look-up."}},{"number":"1","flags":"RS","name":"TYPE","location":"0;2","type":"3","details":"P:PERSONAL PATIENT;TA:TEAM PATIENT AUTOLINKED;TM:TEAM PATIENT MANUAL;MRAL:MANUAL REMOVAL/AUTOLINK ADDITION;","description":{"fmId":"-1","fmType":"5","type":"typed-literal","datatype":"http://www.w3.org/1999/02/22-rdf-syntax-ns#XMLLiteral","value":"This is the type of list being defined.  List type currently includes\rteam and personal.\ro  Team lists\r     o  TM - Manually maintained (addition and removal)\r     o  TA - Maintained by Autolinks for addition and removal of patients.\r     o  MRAL - Manual removal of patients from the list with Autolink\r        addition of patients to the list.\r \ro  Personal lists\r     o  P - Manually maintained (addition and removal)\r \r "}},{"number":"1.5","flags":"P3.5'","name":"DEVICE","location":"0;4","type":"7","details":"3.5","description":{"fmId":"-1","fmType":"5","type":"typed-literal","datatype":"http://www.w3.org/1999/02/22-rdf-syntax-ns#XMLLiteral","value":"Device from the DEVICE file linked to the list."}},{"number":"1.6","flags":"P200'I","name":"CREATOR","location":"0;5","type":"7","details":"200","description":{"fmId":"-1","fmType":"5","type":"typed-literal","datatype":"http://www.w3.org/1999/02/22-rdf-syntax-ns#XMLLiteral","value":"This is the IEN of the user who creates the Team List."}},{"number":"1.65","flags":"D","name":"CREATION D/T","location":"0;7","type":"1","inputTransform":"S %DT=\"EST\" D ^%DT S X=Y K:Y<1 X","description":{"fmId":"-1","fmType":"5","type":"typed-literal","datatype":"http://www.w3.org/1999/02/22-rdf-syntax-ns#XMLLiteral","value":"This field stores the date of creation of the list."}},{"number":"1.7","flags":"S","name":"SUBSCRIBE","location":"0;6","type":"3","details":"Y:YES;N:NO;","description":{"fmId":"-1","fmType":"5","type":"typed-literal","datatype":"http://www.w3.org/1999/02/22-rdf-syntax-ns#XMLLiteral","value":"This field stores either a Y or N (for YES or NO) entry and is used in\rCPRS to determine whether or not individual users will be allowed to add\ror remove themselves as members of the team list if it is of autolink\rtype."}},{"number":"2","flags":"100.212PA","name":"USER","location":"1;0","type":"9","details":"100.212","description":{"fmId":"-1","fmType":"5","type":"typed-literal","datatype":"http://www.w3.org/1999/02/22-rdf-syntax-ns#XMLLiteral","value":"These are the user(s) that belong to the list.  If the list is of type\rTEAM PATIENT or PERSONAL PATIENT, users on the list may receive clinical \rnotifications for patients also on the list."}},{"number":"3","flags":"100.213IAV","name":"AUTOLINK","location":"2;0","type":"9","details":"100.213","description":{"fmId":"-1","fmType":"5","type":"typed-literal","datatype":"http://www.w3.org/1999/02/22-rdf-syntax-ns#XMLLiteral","value":"This field is used to link the list with WARDs, ROOM-BEDs,\rPROVIDERs, TREATING SPECIALTYs, or CLINICs.  This field  \rpoints to the entry in the file where the link is to \roccur.  When ADT movement occur for patients, they are\radded to the appropriate OE/RR lists as identified by the\rAUTOLINK field (via \"AC\" cross-ref).\rLists with autolink providers are updated (patient added) when the PROVIDER\rlink matches the entry at the PRIMARY CARE PHYSICIAN or ATTENDING\rPHYSICIAN prompts."}},{"number":"10","flags":"100.2101AV","name":"MEMBER","location":"10;0","type":"9","details":"100.2101","description":{"fmId":"-1","fmType":"5","type":"typed-literal","datatype":"http://www.w3.org/1999/02/22-rdf-syntax-ns#XMLLiteral","value":"The list member is an item on the list.  The member for personal and team \rpatient lists is a patient (if list type is P or T, this field points to\rthe patient file.)"}},{"number":"11","flags":"RS","name":"VISIBILITY","location":"11;1","type":"3","details":"0:OWNER;1:ALLUSERS;","description":{"fmId":"-1","fmType":"5","type":"typed-literal","datatype":"http://www.w3.org/1999/02/22-rdf-syntax-ns#XMLLiteral","value":"This field is used as a means to control who can see this list and the \rpatients that are contained within it.  If it is set to 0, then only the \rowner can see it.  If it is set to 1, then everybody can see it. The \rdefault is owner only."}}],"fmql":{"OP":"DESCRIBE TYPE","TYPE":"100_21","TYPELABEL":"OE/RR LIST"}}