{"name":"OR3 PATIENTS TO CONVERT","number":"100.9903","parent":"100.99","fields":[{"number":".01","flags":"P2'X","name":"OR3 PATIENTS TO CONVERT","location":"0;1","index":"B","type":"7","details":"2","inputTransform":"S DINUM=X","description":{"fmId":"-1","fmType":"5","type":"typed-literal","datatype":"http://www.w3.org/1999/02/22-rdf-syntax-ns#XMLLiteral","value":"This multiple is maintained by the OE/RR version 3 orders conversion.  It\rwill keep a list of patients that have not yet been converted."}}],"fmql":{"OP":"DESCRIBE TYPE","TYPE":"100_9903","TYPELABEL":"OR3 PATIENTS TO CONVERT"}}