{"count": "0", "description": {"datatype": "http://www.w3.org/1999/02/22-rdf-syntax-ns#XMLLiteral", "fmType": "5", "fmId": "-1", "value": "This file contains information regarding the types of operating rooms.\rIt is pointed to by the TYPE field in the Operating Room file.  The\rOperating Room Type file is distributed with pre-supplied entries. \rSites should NOT make additions to it.", "type": "typed-literal"}, "fields": [{"index": "B", "name": "name", "number": ".01", "flags": "RFI", "location": "0;1", "type": "4", "description": {"datatype": "http://www.w3.org/1999/02/22-rdf-syntax-ns#XMLLiteral", "fmType": "5", "fmId": "-1", "value": "This is the name of the Operating Room Type.  Entries in this file\rshould not be modified locally !!\r ", "type": "typed-literal"}}, {"description": {"datatype": "http://www.w3.org/1999/02/22-rdf-syntax-ns#XMLLiteral", "fmType": "5", "fmId": "-1", "value": "This is the code corresponding to the Operating Room Type.  This\rinformation is standard nationally and should not be modified\rlocally.\r ", "type": "typed-literal"}, "number": "1", "flags": "FI", "location": "0;2", "type": "4", "name": "code"}, {"description": {"datatype": "http://www.w3.org/1999/02/22-rdf-syntax-ns#XMLLiteral", "fmType": "5", "fmId": "-1", "value": "This is the description of the operating room type.\r ", "type": "typed-literal"}, "number": "2", "flags": "134.01", "location": "1;0", "type": "5", "name": "description"}], "fmql": {"TYPELABEL": "OPERATING ROOM TYPE", "TYPE": "134", "OP": "DESCRIBE TYPE"}, "number": "134", "location": "^SRO(134,", "name": "OPERATING ROOM TYPE"}